unit_id,unit_name,district,weighting,mode,speed_mps,n_buildings,residents,n_unreachable,median_min,p25_min,p75_min,mean_min,share_over_15min,share_over_30min,low_population
Berlin,Berlin,,residents,S-Bahn,1.0,331872,3913644.0,0,21.6684,14.1924,33.7885,27.3085,0.7217,0.3077,False
Berlin,Berlin,,residents,S-Bahn,1.3,331872,3913644.0,0,16.668,10.9172,25.9911,21.0065,0.5672,0.1917,False
Berlin,Berlin,,residents,S-Bahn,1.4,331872,3913644.0,0,15.4775,10.1374,24.1346,19.5061,0.5196,0.165,False
Berlin,Berlin,,residents,U-Bahn,1.0,331872,3913644.0,0,20.7163,9.8429,52.6044,37.3295,0.5987,0.4017,False
Berlin,Berlin,,residents,U-Bahn,1.3,331872,3913644.0,0,15.9356,7.5715,40.4649,28.715,0.5174,0.3324,False
Berlin,Berlin,,residents,U-Bahn,1.4,331872,3913644.0,0,14.7974,7.0307,37.5746,26.6639,0.4958,0.3124,False
Berlin,Berlin,,residents,Tram,1.0,331872,3913644.0,0,42.9766,9.9503,102.9686,67.5962,0.6716,0.5578,False
Berlin,Berlin,,residents,Tram,1.3,331872,3913644.0,0,33.0589,7.6541,79.2066,51.997,0.6225,0.5173,False
Berlin,Berlin,,residents,Tram,1.4,331872,3913644.0,0,30.6976,7.1074,73.549,48.283,0.6098,0.5044,False
Berlin,Berlin,,residents,Bus,1.0,331872,3913644.0,0,4.6791,3.078,6.7519,5.3166,0.0156,0.0004,False
Berlin,Berlin,,residents,Bus,1.3,331872,3913644.0,0,3.5993,2.3677,5.1938,4.0897,0.0037,0.0001,False
Berlin,Berlin,,residents,Bus,1.4,331872,3913644.0,0,3.3422,2.1986,4.8228,3.7975,0.0024,0.0001,False
Berlin,Berlin,,residents,Regionalbahn,1.0,331872,3913644.0,0,49.9606,32.7593,73.6194,59.4383,0.9521,0.7857,False
Berlin,Berlin,,residents,Regionalbahn,1.3,331872,3913644.0,0,38.4312,25.1994,56.6303,45.7218,0.9121,0.6644,False
Berlin,Berlin,,residents,Regionalbahn,1.4,331872,3913644.0,0,35.6861,23.3995,52.5853,42.4559,0.8971,0.6215,False
Berlin,Berlin,,residents,S- or U-Bahn,1.0,331872,3913644.0,0,13.7043,8.5171,24.0213,19.356,0.4525,0.1774,False
Berlin,Berlin,,residents,S- or U-Bahn,1.3,331872,3913644.0,0,10.5418,6.5516,18.4779,14.8893,0.3314,0.1015,False
Berlin,Berlin,,residents,S- or U-Bahn,1.4,331872,3913644.0,0,9.7888,6.0837,17.158,13.8257,0.3007,0.084,False
011001,Tiergarten Süd,Mitte,residents,S-Bahn,1.0,685,16349.0,0,21.3981,18.2295,24.9139,21.3886,0.892,0.0679,False
011001,Tiergarten Süd,Mitte,residents,S-Bahn,1.3,685,16349.0,0,16.4601,14.0227,19.1646,16.4527,0.6433,0.0,False
011001,Tiergarten Süd,Mitte,residents,S-Bahn,1.4,685,16349.0,0,15.2844,13.0211,17.7957,15.2775,0.5363,0.0,False
011001,Tiergarten Süd,Mitte,residents,U-Bahn,1.0,685,16349.0,0,10.9112,8.07,13.0752,10.954,0.1542,0.0,False
011001,Tiergarten Süd,Mitte,residents,U-Bahn,1.3,685,16349.0,0,8.3932,6.2077,10.0578,8.4261,0.0401,0.0,False
011001,Tiergarten Süd,Mitte,residents,U-Bahn,1.4,685,16349.0,0,7.7937,5.7643,9.3394,7.8243,0.0219,0.0,False
011001,Tiergarten Süd,Mitte,residents,Tram,1.0,685,16349.0,0,46.561,41.8383,50.7123,45.8562,0.9999,0.9905,False
011001,Tiergarten Süd,Mitte,residents,Tram,1.3,685,16349.0,0,35.8161,32.1833,39.0095,35.274,0.9975,0.8603,False
011001,Tiergarten Süd,Mitte,residents,Tram,1.4,685,16349.0,0,33.2578,29.8845,36.2231,32.7544,0.9973,0.7381,False
011001,Tiergarten Süd,Mitte,residents,Bus,1.0,685,16349.0,0,3.8662,2.7649,5.6655,4.3875,0.0,0.0,False
011001,Tiergarten Süd,Mitte,residents,Bus,1.3,685,16349.0,0,2.974,2.1269,4.3581,3.375,0.0,0.0,False
011001,Tiergarten Süd,Mitte,residents,Bus,1.4,685,16349.0,0,2.7616,1.9749,4.0468,3.1339,0.0,0.0,False
011001,Tiergarten Süd,Mitte,residents,Regionalbahn,1.0,685,16349.0,0,25.4753,20.2389,33.6674,26.7248,0.9117,0.3413,False
011001,Tiergarten Süd,Mitte,residents,Regionalbahn,1.3,685,16349.0,0,19.5964,15.5684,25.898,20.5575,0.7669,0.1217,False
011001,Tiergarten Süd,Mitte,residents,Regionalbahn,1.4,685,16349.0,0,18.1967,14.4564,24.0481,19.0891,0.715,0.0609,False
011001,Tiergarten Süd,Mitte,residents,S- or U-Bahn,1.0,685,16349.0,0,10.8781,7.9961,12.956,10.8593,0.152,0.0,False
011001,Tiergarten Süd,Mitte,residents,S- or U-Bahn,1.3,685,16349.0,0,8.3678,6.1509,9.9662,8.3533,0.0337,0.0,False
011001,Tiergarten Süd,Mitte,residents,S- or U-Bahn,1.4,685,16349.0,0,7.7701,5.7115,9.2543,7.7566,0.0146,0.0,False
011002,Regierungsviertel,Mitte,residents,S-Bahn,1.0,461,13758.0,0,21.3554,13.2635,25.7425,19.3344,0.7135,0.0,False
011002,Regierungsviertel,Mitte,residents,S-Bahn,1.3,461,13758.0,0,16.4272,10.2027,19.8019,14.8726,0.5564,0.0,False
011002,Regierungsviertel,Mitte,residents,S-Bahn,1.4,461,13758.0,0,15.2538,9.4739,18.3875,13.8103,0.5196,0.0,False
011002,Regierungsviertel,Mitte,residents,U-Bahn,1.0,461,13758.0,0,5.772,4.4959,7.0524,5.8592,0.0,0.0,False
011002,Regierungsviertel,Mitte,residents,U-Bahn,1.3,461,13758.0,0,4.44,3.4584,5.4249,4.5071,0.0,0.0,False
011002,Regierungsviertel,Mitte,residents,U-Bahn,1.4,461,13758.0,0,4.1229,3.2114,5.0374,4.1852,0.0,0.0,False
011002,Regierungsviertel,Mitte,residents,Tram,1.0,461,13758.0,0,20.4789,17.8385,23.7527,19.7739,0.8541,0.0104,False
011002,Regierungsviertel,Mitte,residents,Tram,1.3,461,13758.0,0,15.753,13.7219,18.2713,15.2107,0.5859,0.0,False
011002,Regierungsviertel,Mitte,residents,Tram,1.4,461,13758.0,0,14.6278,12.7418,16.9662,14.1242,0.4631,0.0,False
011002,Regierungsviertel,Mitte,residents,Bus,1.0,461,13758.0,0,4.0001,3.047,4.8958,3.9217,0.0,0.0,False
011002,Regierungsviertel,Mitte,residents,Bus,1.3,461,13758.0,0,3.077,2.3438,3.766,3.0167,0.0,0.0,False
011002,Regierungsviertel,Mitte,residents,Bus,1.4,461,13758.0,0,2.8572,2.1764,3.497,2.8012,0.0,0.0,False
011002,Regierungsviertel,Mitte,residents,Regionalbahn,1.0,461,13758.0,0,24.3308,17.4327,29.5924,23.914,0.8651,0.2461,False
011002,Regierungsviertel,Mitte,residents,Regionalbahn,1.3,461,13758.0,0,18.716,13.4097,22.7634,18.3954,0.6846,0.0082,False
011002,Regierungsviertel,Mitte,residents,Regionalbahn,1.4,461,13758.0,0,17.3791,12.4519,21.1374,17.0814,0.6358,0.0025,False
011002,Regierungsviertel,Mitte,residents,S- or U-Bahn,1.0,461,13758.0,0,5.772,4.4959,7.0314,5.8365,0.0,0.0,False
011002,Regierungsviertel,Mitte,residents,S- or U-Bahn,1.3,461,13758.0,0,4.44,3.4584,5.4087,4.4896,0.0,0.0,False
011002,Regierungsviertel,Mitte,residents,S- or U-Bahn,1.4,461,13758.0,0,4.1229,3.2114,5.0224,4.1689,0.0,0.0,False
011003,Alexanderplatz,Mitte,residents,S-Bahn,1.0,2127,62409.0,0,13.4746,9.3472,18.0237,13.6051,0.4153,0.0,False
011003,Alexanderplatz,Mitte,residents,S-Bahn,1.3,2127,62409.0,0,10.3651,7.1901,13.8644,10.4654,0.1799,0.0,False
011003,Alexanderplatz,Mitte,residents,S-Bahn,1.4,2127,62409.0,0,9.6247,6.6766,12.8741,9.7179,0.1084,0.0,False
011003,Alexanderplatz,Mitte,residents,U-Bahn,1.0,2127,62409.0,0,7.0332,5.1979,9.3733,7.4455,0.0176,0.0,False
011003,Alexanderplatz,Mitte,residents,U-Bahn,1.3,2127,62409.0,0,5.4101,3.9983,7.2102,5.7273,0.0,0.0,False
011003,Alexanderplatz,Mitte,residents,U-Bahn,1.4,2127,62409.0,0,5.0237,3.7128,6.6952,5.3182,0.0,0.0,False
011003,Alexanderplatz,Mitte,residents,Tram,1.0,2127,62409.0,0,10.836,5.8078,25.4954,15.4775,0.4135,0.1592,False
011003,Alexanderplatz,Mitte,residents,Tram,1.3,2127,62409.0,0,8.3354,4.4676,19.6118,11.9058,0.3568,0.0096,False
011003,Alexanderplatz,Mitte,residents,Tram,1.4,2127,62409.0,0,7.74,4.1485,18.211,11.0553,0.3266,0.0,False
011003,Alexanderplatz,Mitte,residents,Bus,1.0,2127,62409.0,0,3.7509,2.78,5.1159,3.9906,0.0,0.0,False
011003,Alexanderplatz,Mitte,residents,Bus,1.3,2127,62409.0,0,2.8853,2.1384,3.9353,3.0697,0.0,0.0,False
011003,Alexanderplatz,Mitte,residents,Bus,1.4,2127,62409.0,0,2.6792,1.9857,3.6542,2.8504,0.0,0.0,False
011003,Alexanderplatz,Mitte,residents,Regionalbahn,1.0,2127,62409.0,0,32.4647,26.0578,40.2767,33.0461,0.9851,0.6078,False
011003,Alexanderplatz,Mitte,residents,Regionalbahn,1.3,2127,62409.0,0,24.9728,20.0444,30.9821,25.4201,0.9205,0.2883,False
011003,Alexanderplatz,Mitte,residents,Regionalbahn,1.4,2127,62409.0,0,23.1891,18.6127,28.7691,23.6044,0.8817,0.1971,False
011003,Alexanderplatz,Mitte,residents,S- or U-Bahn,1.0,2127,62409.0,0,6.607,4.791,8.5815,6.9832,0.0168,0.0,False
011003,Alexanderplatz,Mitte,residents,S- or U-Bahn,1.3,2127,62409.0,0,5.0823,3.6854,6.6012,5.3717,0.0,0.0,False
011003,Alexanderplatz,Mitte,residents,S- or U-Bahn,1.4,2127,62409.0,0,4.7193,3.4222,6.1297,4.988,0.0,0.0,False
011004,Brunnenstraße Süd,Mitte,residents,S-Bahn,1.0,1539,32786.0,0,17.2783,12.8515,21.5115,17.4265,0.6082,0.01,False
011004,Brunnenstraße Süd,Mitte,residents,S-Bahn,1.3,1539,32786.0,0,13.291,9.8857,16.5473,13.405,0.3621,0.0,False
011004,Brunnenstraße Süd,Mitte,residents,S-Bahn,1.4,1539,32786.0,0,12.3416,9.1796,15.3654,12.4475,0.2832,0.0,False
011004,Brunnenstraße Süd,Mitte,residents,U-Bahn,1.0,1539,32786.0,0,7.9049,5.5362,10.1698,7.8589,0.006,0.0,False
011004,Brunnenstraße Süd,Mitte,residents,U-Bahn,1.3,1539,32786.0,0,6.0807,4.2586,7.8229,6.0453,0.0,0.0,False
011004,Brunnenstraße Süd,Mitte,residents,U-Bahn,1.4,1539,32786.0,0,5.6464,3.9544,7.2641,5.6135,0.0,0.0,False
011004,Brunnenstraße Süd,Mitte,residents,Tram,1.0,1539,32786.0,0,6.4923,4.4589,9.6175,7.2587,0.0575,0.0,False
011004,Brunnenstraße Süd,Mitte,residents,Tram,1.3,1539,32786.0,0,4.994,3.4299,7.3981,5.5836,0.0001,0.0,False
011004,Brunnenstraße Süd,Mitte,residents,Tram,1.4,1539,32786.0,0,4.6373,3.1849,6.8696,5.1848,0.0,0.0,False
011004,Brunnenstraße Süd,Mitte,residents,Bus,1.0,1539,32786.0,0,4.971,3.5165,6.3794,4.9857,0.0,0.0,False
011004,Brunnenstraße Süd,Mitte,residents,Bus,1.3,1539,32786.0,0,3.8238,2.705,4.9072,3.8351,0.0,0.0,False
011004,Brunnenstraße Süd,Mitte,residents,Bus,1.4,1539,32786.0,0,3.5507,2.5118,4.5567,3.5612,0.0,0.0,False
011004,Brunnenstraße Süd,Mitte,residents,Regionalbahn,1.0,1539,32786.0,0,32.2764,28.6136,35.9911,32.4908,1.0,0.6643,False
011004,Brunnenstraße Süd,Mitte,residents,Regionalbahn,1.3,1539,32786.0,0,24.828,22.0104,27.6855,24.9929,1.0,0.1187,False
011004,Brunnenstraße Süd,Mitte,residents,Regionalbahn,1.4,1539,32786.0,0,23.0545,20.4383,25.708,23.2077,0.999,0.0275,False
011004,Brunnenstraße Süd,Mitte,residents,S- or U-Bahn,1.0,1539,32786.0,0,7.7629,5.5038,9.8038,7.6345,0.0007,0.0,False
011004,Brunnenstraße Süd,Mitte,residents,S- or U-Bahn,1.3,1539,32786.0,0,5.9715,4.2337,7.5414,5.8727,0.0,0.0,False
011004,Brunnenstraße Süd,Mitte,residents,S- or U-Bahn,1.4,1539,32786.0,0,5.545,3.9313,7.0027,5.4532,0.0,0.0,False
012005,Moabit West,Mitte,residents,S-Bahn,1.0,1638,47079.0,0,16.6982,12.618,20.1059,16.29,0.6181,0.0001,False
012005,Moabit West,Mitte,residents,S-Bahn,1.3,1638,47079.0,0,12.8448,9.7061,15.466,12.5307,0.2891,0.0,False
012005,Moabit West,Mitte,residents,S-Bahn,1.4,1638,47079.0,0,11.9273,9.0128,14.3613,11.6357,0.1921,0.0,False
012005,Moabit West,Mitte,residents,U-Bahn,1.0,1638,47079.0,0,12.1265,8.2953,16.8479,12.4584,0.3417,0.0,False
012005,Moabit West,Mitte,residents,U-Bahn,1.3,1638,47079.0,0,9.3281,6.381,12.9599,9.5834,0.1184,0.0,False
012005,Moabit West,Mitte,residents,U-Bahn,1.4,1638,47079.0,0,8.6618,5.9252,12.0342,8.8989,0.0691,0.0,False
012005,Moabit West,Mitte,residents,Tram,1.0,1638,47079.0,0,14.913,10.5771,19.1751,15.1463,0.4948,0.0159,False
012005,Moabit West,Mitte,residents,Tram,1.3,1638,47079.0,0,11.4715,8.1362,14.7501,11.651,0.2352,0.0,False
012005,Moabit West,Mitte,residents,Tram,1.4,1638,47079.0,0,10.6522,7.5551,13.6965,10.8188,0.1711,0.0,False
012005,Moabit West,Mitte,residents,Bus,1.0,1638,47079.0,0,4.3781,2.9573,6.1611,4.7087,0.0002,0.0,False
012005,Moabit West,Mitte,residents,Bus,1.3,1638,47079.0,0,3.3677,2.2748,4.7393,3.622,0.0,0.0,False
012005,Moabit West,Mitte,residents,Bus,1.4,1638,47079.0,0,3.1272,2.1123,4.4008,3.3633,0.0,0.0,False
012005,Moabit West,Mitte,residents,Regionalbahn,1.0,1638,47079.0,0,42.3222,38.7908,45.0367,41.6242,1.0,0.9662,False
012005,Moabit West,Mitte,residents,Regionalbahn,1.3,1638,47079.0,0,32.5556,29.8391,34.6436,32.0186,1.0,0.7325,False
012005,Moabit West,Mitte,residents,Regionalbahn,1.4,1638,47079.0,0,30.2302,27.7077,32.1691,29.7316,0.9989,0.5239,False
012005,Moabit West,Mitte,residents,S- or U-Bahn,1.0,1638,47079.0,0,10.66,7.4978,13.5686,10.7249,0.1647,0.0,False
012005,Moabit West,Mitte,residents,S- or U-Bahn,1.3,1638,47079.0,0,8.2,5.7675,10.4374,8.2499,0.0451,0.0,False
012005,Moabit West,Mitte,residents,S- or U-Bahn,1.4,1638,47079.0,0,7.6143,5.3555,9.6919,7.6606,0.0247,0.0,False
012006,Moabit Ost,Mitte,residents,S-Bahn,1.0,1361,43822.0,0,13.7331,10.1957,17.4228,13.6357,0.3976,0.0,False
012006,Moabit Ost,Mitte,residents,S-Bahn,1.3,1361,43822.0,0,10.5639,7.8428,13.4021,10.489,0.1292,0.0,False
012006,Moabit Ost,Mitte,residents,S-Bahn,1.4,1361,43822.0,0,9.8093,7.2826,12.4449,9.7398,0.0842,0.0,False
012006,Moabit Ost,Mitte,residents,U-Bahn,1.0,1361,43822.0,0,13.7705,9.9221,16.2331,13.2775,0.3895,0.0,False
012006,Moabit Ost,Mitte,residents,U-Bahn,1.3,1361,43822.0,0,10.5927,7.6324,12.487,10.2135,0.0862,0.0,False
012006,Moabit Ost,Mitte,residents,U-Bahn,1.4,1361,43822.0,0,9.8361,7.0872,11.595,9.4839,0.0424,0.0,False
012006,Moabit Ost,Mitte,residents,Tram,1.0,1361,43822.0,0,11.8494,7.5517,16.2884,12.2019,0.3093,0.0,False
012006,Moabit Ost,Mitte,residents,Tram,1.3,1361,43822.0,0,9.1149,5.809,12.5295,9.3861,0.1272,0.0,False
012006,Moabit Ost,Mitte,residents,Tram,1.4,1361,43822.0,0,8.4638,5.3941,11.6346,8.7157,0.0906,0.0,False
012006,Moabit Ost,Mitte,residents,Bus,1.0,1361,43822.0,0,4.0577,2.5793,5.4222,4.086,0.0,0.0,False
012006,Moabit Ost,Mitte,residents,Bus,1.3,1361,43822.0,0,3.1213,1.9841,4.1709,3.1431,0.0,0.0,False
012006,Moabit Ost,Mitte,residents,Bus,1.4,1361,43822.0,0,2.8984,1.8423,3.873,2.9186,0.0,0.0,False
012006,Moabit Ost,Mitte,residents,Regionalbahn,1.0,1361,43822.0,0,27.879,18.8478,35.2367,27.2961,0.8674,0.4339,False
012006,Moabit Ost,Mitte,residents,Regionalbahn,1.3,1361,43822.0,0,21.4454,14.4983,27.1051,20.997,0.7405,0.099,False
012006,Moabit Ost,Mitte,residents,Regionalbahn,1.4,1361,43822.0,0,19.9136,13.4627,25.1691,19.4972,0.7157,0.0552,False
012006,Moabit Ost,Mitte,residents,S- or U-Bahn,1.0,1361,43822.0,0,11.8679,8.2568,14.7151,11.5759,0.2242,0.0,False
012006,Moabit Ost,Mitte,residents,S- or U-Bahn,1.3,1361,43822.0,0,9.1292,6.3514,11.3193,8.9046,0.0505,0.0,False
012006,Moabit Ost,Mitte,residents,S- or U-Bahn,1.4,1361,43822.0,0,8.4771,5.8977,10.5108,8.2685,0.0209,0.0,False
013007,Osloer Straße,Mitte,residents,S-Bahn,1.0,1538,38539.0,0,13.7976,9.4542,18.6544,14.7625,0.4418,0.0263,False
013007,Osloer Straße,Mitte,residents,S-Bahn,1.3,1538,38539.0,0,10.6135,7.2724,14.3495,11.3558,0.2182,0.0,False
013007,Osloer Straße,Mitte,residents,S-Bahn,1.4,1538,38539.0,0,9.8554,6.753,13.3246,10.5446,0.1925,0.0,False
013007,Osloer Straße,Mitte,residents,U-Bahn,1.0,1538,38539.0,0,14.4169,9.8875,19.787,15.2833,0.4691,0.0093,False
013007,Osloer Straße,Mitte,residents,U-Bahn,1.3,1538,38539.0,0,11.0899,7.6057,15.2208,11.7564,0.2568,0.0,False
013007,Osloer Straße,Mitte,residents,U-Bahn,1.4,1538,38539.0,0,10.2978,7.0625,14.1336,10.9166,0.2216,0.0,False
013007,Osloer Straße,Mitte,residents,Tram,1.0,1538,38539.0,0,9.4192,6.3435,13.211,10.2116,0.1721,0.0,False
013007,Osloer Straße,Mitte,residents,Tram,1.3,1538,38539.0,0,7.2455,4.8796,10.1623,7.8551,0.0631,0.0,False
013007,Osloer Straße,Mitte,residents,Tram,1.4,1538,38539.0,0,6.728,4.5311,9.4364,7.294,0.0294,0.0,False
013007,Osloer Straße,Mitte,residents,Bus,1.0,1538,38539.0,0,5.2585,3.0974,7.7203,5.7209,0.0089,0.0,False
013007,Osloer Straße,Mitte,residents,Bus,1.3,1538,38539.0,0,4.045,2.3826,5.9387,4.4007,0.0,0.0,False
013007,Osloer Straße,Mitte,residents,Bus,1.4,1538,38539.0,0,3.7561,2.2124,5.5145,4.0863,0.0,0.0,False
013007,Osloer Straße,Mitte,residents,Regionalbahn,1.0,1538,38539.0,0,25.0378,16.7887,32.9665,24.9701,0.7843,0.3798,False
013007,Osloer Straße,Mitte,residents,Regionalbahn,1.3,1538,38539.0,0,19.2598,12.9143,25.3589,19.2078,0.6912,0.0667,False
013007,Osloer Straße,Mitte,residents,Regionalbahn,1.4,1538,38539.0,0,17.8841,11.9919,23.5475,17.8358,0.6409,0.0315,False
013007,Osloer Straße,Mitte,residents,S- or U-Bahn,1.0,1538,38539.0,0,10.673,7.9069,13.8325,10.8084,0.1787,0.0,False
013007,Osloer Straße,Mitte,residents,S- or U-Bahn,1.3,1538,38539.0,0,8.21,6.0823,10.6404,8.3142,0.0033,0.0,False
013007,Osloer Straße,Mitte,residents,S- or U-Bahn,1.4,1538,38539.0,0,7.6236,5.6478,9.8803,7.7203,0.0026,0.0,False
013008,Brunnenstraße Nord,Mitte,residents,S-Bahn,1.0,1131,40152.0,0,13.0472,9.1515,16.6328,13.0281,0.3588,0.0,False
013008,Brunnenstraße Nord,Mitte,residents,S-Bahn,1.3,1131,40152.0,0,10.0363,7.0396,12.7944,10.0216,0.1201,0.0,False
013008,Brunnenstraße Nord,Mitte,residents,S-Bahn,1.4,1131,40152.0,0,9.3194,6.5368,11.8806,9.3058,0.0516,0.0,False
013008,Brunnenstraße Nord,Mitte,residents,U-Bahn,1.0,1131,40152.0,0,9.1121,6.5053,12.4155,9.4321,0.1105,0.0,False
013008,Brunnenstraße Nord,Mitte,residents,U-Bahn,1.3,1131,40152.0,0,7.0093,5.0041,9.5504,7.2555,0.0016,0.0,False
013008,Brunnenstraße Nord,Mitte,residents,U-Bahn,1.4,1131,40152.0,0,6.5087,4.6466,8.8682,6.7372,0.0,0.0,False
013008,Brunnenstraße Nord,Mitte,residents,Tram,1.0,1131,40152.0,0,14.6196,8.4684,23.0216,15.3508,0.4847,0.005,False
013008,Brunnenstraße Nord,Mitte,residents,Tram,1.3,1131,40152.0,0,11.2458,6.5141,17.7089,11.8083,0.336,0.0,False
013008,Brunnenstraße Nord,Mitte,residents,Tram,1.4,1131,40152.0,0,10.4426,6.0488,16.444,10.9648,0.2893,0.0,False
013008,Brunnenstraße Nord,Mitte,residents,Bus,1.0,1131,40152.0,0,3.3642,2.2706,4.7748,3.7067,0.0,0.0,False
013008,Brunnenstraße Nord,Mitte,residents,Bus,1.3,1131,40152.0,0,2.5878,1.7466,3.6729,2.8513,0.0,0.0,False
013008,Brunnenstraße Nord,Mitte,residents,Bus,1.4,1131,40152.0,0,2.403,1.6218,3.4106,2.6476,0.0,0.0,False
013008,Brunnenstraße Nord,Mitte,residents,Regionalbahn,1.0,1131,40152.0,0,21.6689,15.633,27.2169,21.3815,0.7945,0.1425,False
013008,Brunnenstraße Nord,Mitte,residents,Regionalbahn,1.3,1131,40152.0,0,16.6683,12.0254,20.936,16.4473,0.5807,0.0022,False
013008,Brunnenstraße Nord,Mitte,residents,Regionalbahn,1.4,1131,40152.0,0,15.4778,11.1664,19.4406,15.2725,0.5253,0.0,False
013008,Brunnenstraße Nord,Mitte,residents,S- or U-Bahn,1.0,1131,40152.0,0,7.8148,5.6547,9.986,8.0886,0.038,0.0,False
013008,Brunnenstraße Nord,Mitte,residents,S- or U-Bahn,1.3,1131,40152.0,0,6.0114,4.3498,7.6815,6.222,0.0,0.0,False
013008,Brunnenstraße Nord,Mitte,residents,S- or U-Bahn,1.4,1131,40152.0,0,5.582,4.0391,7.1328,5.7776,0.0,0.0,False
014009,Parkviertel,Mitte,residents,S-Bahn,1.0,2077,46585.0,0,36.4852,29.0858,41.8026,35.7308,0.9973,0.7141,False
014009,Parkviertel,Mitte,residents,S-Bahn,1.3,2077,46585.0,0,28.0656,22.3737,32.1558,27.4852,0.9691,0.3838,False
014009,Parkviertel,Mitte,residents,S-Bahn,1.4,2077,46585.0,0,26.0609,20.7756,29.859,25.522,0.9474,0.24,False
014009,Parkviertel,Mitte,residents,U-Bahn,1.0,2077,46585.0,0,10.4282,6.9374,14.7762,11.6627,0.2409,0.0338,False
014009,Parkviertel,Mitte,residents,U-Bahn,1.3,2077,46585.0,0,8.0217,5.3364,11.3663,8.9713,0.0801,0.0165,False
014009,Parkviertel,Mitte,residents,U-Bahn,1.4,2077,46585.0,0,7.4487,4.9553,10.5545,8.3305,0.0688,0.0023,False
014009,Parkviertel,Mitte,residents,Tram,1.0,2077,46585.0,0,13.1737,7.2945,22.7447,16.8907,0.4293,0.165,False
014009,Parkviertel,Mitte,residents,Tram,1.3,2077,46585.0,0,10.1336,5.6111,17.4959,12.9928,0.3017,0.0691,False
014009,Parkviertel,Mitte,residents,Tram,1.4,2077,46585.0,0,9.4098,5.2103,16.2462,12.0648,0.2714,0.0586,False
014009,Parkviertel,Mitte,residents,Bus,1.0,2077,46585.0,0,4.6678,3.2495,6.3008,5.199,0.0216,0.0,False
014009,Parkviertel,Mitte,residents,Bus,1.3,2077,46585.0,0,3.5906,2.4997,4.8468,3.9992,0.0098,0.0,False
014009,Parkviertel,Mitte,residents,Bus,1.4,2077,46585.0,0,3.3341,2.3211,4.5006,3.7136,0.004,0.0,False
014009,Parkviertel,Mitte,residents,Regionalbahn,1.0,2077,46585.0,0,61.2916,55.0102,68.4093,62.4854,1.0,1.0,False
014009,Parkviertel,Mitte,residents,Regionalbahn,1.3,2077,46585.0,0,47.1474,42.3156,52.6225,48.0657,1.0,1.0,False
014009,Parkviertel,Mitte,residents,Regionalbahn,1.4,2077,46585.0,0,43.7797,39.293,48.8638,44.6324,1.0,0.9887,False
014009,Parkviertel,Mitte,residents,S- or U-Bahn,1.0,2077,46585.0,0,10.4282,6.9374,14.7762,11.6611,0.2409,0.0338,False
014009,Parkviertel,Mitte,residents,S- or U-Bahn,1.3,2077,46585.0,0,8.0217,5.3364,11.3663,8.9701,0.0801,0.0165,False
014009,Parkviertel,Mitte,residents,S- or U-Bahn,1.4,2077,46585.0,0,7.4487,4.9553,10.5545,8.3294,0.0688,0.0023,False
014010,Wedding Zentrum,Mitte,residents,S-Bahn,1.0,1579,56400.0,0,17.1606,13.5235,21.1606,17.3434,0.6545,0.0013,False
014010,Wedding Zentrum,Mitte,residents,S-Bahn,1.3,1579,56400.0,0,13.2005,10.4027,16.2774,13.3411,0.3508,0.0,False
014010,Wedding Zentrum,Mitte,residents,S-Bahn,1.4,1579,56400.0,0,12.2576,9.6596,15.1147,12.3882,0.2616,0.0,False
014010,Wedding Zentrum,Mitte,residents,U-Bahn,1.0,1579,56400.0,0,7.5746,5.2726,9.541,7.4442,0.0,0.0,False
014010,Wedding Zentrum,Mitte,residents,U-Bahn,1.3,1579,56400.0,0,5.8267,4.0559,7.3392,5.7263,0.0,0.0,False
014010,Wedding Zentrum,Mitte,residents,U-Bahn,1.4,1579,56400.0,0,5.4105,3.7662,6.815,5.3173,0.0,0.0,False
014010,Wedding Zentrum,Mitte,residents,Tram,1.0,1579,56400.0,0,14.0061,8.9898,18.4455,13.7935,0.439,0.0,False
014010,Wedding Zentrum,Mitte,residents,Tram,1.3,1579,56400.0,0,10.7739,6.9153,14.1888,10.6104,0.1935,0.0,False
014010,Wedding Zentrum,Mitte,residents,Tram,1.4,1579,56400.0,0,10.0043,6.4213,13.1753,9.8525,0.1356,0.0,False
014010,Wedding Zentrum,Mitte,residents,Bus,1.0,1579,56400.0,0,4.1848,2.8148,5.6916,4.3197,0.0,0.0,False
014010,Wedding Zentrum,Mitte,residents,Bus,1.3,1579,56400.0,0,3.2191,2.1652,4.3781,3.3229,0.0,0.0,False
014010,Wedding Zentrum,Mitte,residents,Bus,1.4,1579,56400.0,0,2.9892,2.0106,4.0654,3.0855,0.0,0.0,False
014010,Wedding Zentrum,Mitte,residents,Regionalbahn,1.0,1579,56400.0,0,39.2956,31.1241,43.7646,37.1182,1.0,0.7679,False
014010,Wedding Zentrum,Mitte,residents,Regionalbahn,1.3,1579,56400.0,0,30.2274,23.9416,33.665,28.5525,0.9555,0.5111,False
014010,Wedding Zentrum,Mitte,residents,Regionalbahn,1.4,1579,56400.0,0,28.0683,22.2315,31.2604,26.513,0.9336,0.3629,False
014010,Wedding Zentrum,Mitte,residents,S- or U-Bahn,1.0,1579,56400.0,0,7.5198,5.2726,9.372,7.3655,0.0,0.0,False
014010,Wedding Zentrum,Mitte,residents,S- or U-Bahn,1.3,1579,56400.0,0,5.7845,4.0559,7.2092,5.6658,0.0,0.0,False
014010,Wedding Zentrum,Mitte,residents,S- or U-Bahn,1.4,1579,56400.0,0,5.3713,3.7662,6.6943,5.2611,0.0,0.0,False
021001,Südliche  Friedrichstadt,Friedrichshain-Kreuzberg,residents,S-Bahn,1.0,864,41212.0,0,26.1017,15.3603,33.4678,24.3259,0.7545,0.3294,False
021001,Südliche  Friedrichstadt,Friedrichshain-Kreuzberg,residents,S-Bahn,1.3,864,41212.0,0,20.0783,11.8156,25.7444,18.7122,0.6639,0.0811,False
021001,Südliche  Friedrichstadt,Friedrichshain-Kreuzberg,residents,S-Bahn,1.4,864,41212.0,0,18.6441,10.9716,23.9056,17.3756,0.6311,0.0181,False
021001,Südliche  Friedrichstadt,Friedrichshain-Kreuzberg,residents,U-Bahn,1.0,864,41212.0,0,7.4593,5.3038,9.7574,7.5809,0.0048,0.0,False
021001,Südliche  Friedrichstadt,Friedrichshain-Kreuzberg,residents,U-Bahn,1.3,864,41212.0,0,5.7379,4.0798,7.5057,5.8314,0.0,0.0,False
021001,Südliche  Friedrichstadt,Friedrichshain-Kreuzberg,residents,U-Bahn,1.4,864,41212.0,0,5.3281,3.7884,6.9695,5.4149,0.0,0.0,False
021001,Südliche  Friedrichstadt,Friedrichshain-Kreuzberg,residents,Tram,1.0,864,41212.0,0,40.7548,35.3947,45.9298,40.2595,1.0,0.9049,False
021001,Südliche  Friedrichstadt,Friedrichshain-Kreuzberg,residents,Tram,1.3,864,41212.0,0,31.3499,27.2267,35.3306,30.9689,1.0,0.59,False
021001,Südliche  Friedrichstadt,Friedrichshain-Kreuzberg,residents,Tram,1.4,864,41212.0,0,29.1106,25.282,32.807,28.7568,1.0,0.4114,False
021001,Südliche  Friedrichstadt,Friedrichshain-Kreuzberg,residents,Bus,1.0,864,41212.0,0,3.9975,2.6475,5.4354,4.1301,0.0,0.0,False
021001,Südliche  Friedrichstadt,Friedrichshain-Kreuzberg,residents,Bus,1.3,864,41212.0,0,3.075,2.0365,4.181,3.177,0.0,0.0,False
021001,Südliche  Friedrichstadt,Friedrichshain-Kreuzberg,residents,Bus,1.4,864,41212.0,0,2.8553,1.8911,3.8824,2.95,0.0,0.0,False
021001,Südliche  Friedrichstadt,Friedrichshain-Kreuzberg,residents,Regionalbahn,1.0,864,41212.0,0,35.0468,24.0927,40.5916,32.4776,0.931,0.6435,False
021001,Südliche  Friedrichstadt,Friedrichshain-Kreuzberg,residents,Regionalbahn,1.3,864,41212.0,0,26.9591,18.5328,31.2243,24.9827,0.8694,0.3361,False
021001,Südliche  Friedrichstadt,Friedrichshain-Kreuzberg,residents,Regionalbahn,1.4,864,41212.0,0,25.0335,17.2091,28.994,23.1983,0.8361,0.2085,False
021001,Südliche  Friedrichstadt,Friedrichshain-Kreuzberg,residents,S- or U-Bahn,1.0,864,41212.0,0,6.9041,5.195,9.1319,7.2601,0.0048,0.0,False
021001,Südliche  Friedrichstadt,Friedrichshain-Kreuzberg,residents,S- or U-Bahn,1.3,864,41212.0,0,5.3108,3.9961,7.0245,5.5847,0.0,0.0,False
021001,Südliche  Friedrichstadt,Friedrichshain-Kreuzberg,residents,S- or U-Bahn,1.4,864,41212.0,0,4.9315,3.7107,6.5228,5.1858,0.0,0.0,False
022002,Tempelhofer Vorstadt,Friedrichshain-Kreuzberg,residents,S-Bahn,1.0,3289,63943.0,0,32.4651,21.8814,42.8048,32.1884,0.9291,0.5826,False
022002,Tempelhofer Vorstadt,Friedrichshain-Kreuzberg,residents,S-Bahn,1.3,3289,63943.0,0,24.9732,16.8319,32.9268,24.7603,0.7978,0.3401,False
022002,Tempelhofer Vorstadt,Friedrichshain-Kreuzberg,residents,S-Bahn,1.4,3289,63943.0,0,23.1894,15.6296,30.5749,22.9917,0.7638,0.277,False
022002,Tempelhofer Vorstadt,Friedrichshain-Kreuzberg,residents,U-Bahn,1.0,3289,63943.0,0,8.4972,6.1669,10.7121,8.4841,0.0398,0.0,False
022002,Tempelhofer Vorstadt,Friedrichshain-Kreuzberg,residents,U-Bahn,1.3,3289,63943.0,0,6.5363,4.7438,8.2401,6.5262,0.0018,0.0,False
022002,Tempelhofer Vorstadt,Friedrichshain-Kreuzberg,residents,U-Bahn,1.4,3289,63943.0,0,6.0694,4.4049,7.6515,6.0601,0.0,0.0,False
022002,Tempelhofer Vorstadt,Friedrichshain-Kreuzberg,residents,Tram,1.0,3289,63943.0,0,57.5497,52.7479,63.1214,58.2856,1.0,1.0,False
022002,Tempelhofer Vorstadt,Friedrichshain-Kreuzberg,residents,Tram,1.3,3289,63943.0,0,44.269,40.5753,48.5549,44.835,1.0,1.0,False
022002,Tempelhofer Vorstadt,Friedrichshain-Kreuzberg,residents,Tram,1.4,3289,63943.0,0,41.1069,37.677,45.0867,41.6325,1.0,1.0,False
022002,Tempelhofer Vorstadt,Friedrichshain-Kreuzberg,residents,Bus,1.0,3289,63943.0,0,3.7916,2.5804,5.1188,3.9883,0.0001,0.0,False
022002,Tempelhofer Vorstadt,Friedrichshain-Kreuzberg,residents,Bus,1.3,3289,63943.0,0,2.9166,1.9849,3.9376,3.0679,0.0,0.0,False
022002,Tempelhofer Vorstadt,Friedrichshain-Kreuzberg,residents,Bus,1.4,3289,63943.0,0,2.7083,1.8432,3.6563,2.8488,0.0,0.0,False
022002,Tempelhofer Vorstadt,Friedrichshain-Kreuzberg,residents,Regionalbahn,1.0,3289,63943.0,0,44.0418,38.044,49.6189,43.2456,1.0,0.9261,False
022002,Tempelhofer Vorstadt,Friedrichshain-Kreuzberg,residents,Regionalbahn,1.3,3289,63943.0,0,33.8783,29.2646,38.1683,33.2658,0.9874,0.7203,False
022002,Tempelhofer Vorstadt,Friedrichshain-Kreuzberg,residents,Regionalbahn,1.4,3289,63943.0,0,31.4584,27.1743,35.442,30.8897,0.984,0.5923,False
022002,Tempelhofer Vorstadt,Friedrichshain-Kreuzberg,residents,S- or U-Bahn,1.0,3289,63943.0,0,8.4972,6.1669,10.7121,8.442,0.0289,0.0,False
022002,Tempelhofer Vorstadt,Friedrichshain-Kreuzberg,residents,S- or U-Bahn,1.3,3289,63943.0,0,6.5363,4.7438,8.2401,6.4938,0.0018,0.0,False
022002,Tempelhofer Vorstadt,Friedrichshain-Kreuzberg,residents,S- or U-Bahn,1.4,3289,63943.0,0,6.0694,4.4049,7.6515,6.03,0.0,0.0,False
023003,Nördliche Luisenstadt,Friedrichshain-Kreuzberg,residents,S-Bahn,1.0,1021,19356.0,0,27.4984,24.9388,30.0784,27.1715,1.0,0.261,False
023003,Nördliche Luisenstadt,Friedrichshain-Kreuzberg,residents,S-Bahn,1.3,1021,19356.0,0,21.1526,19.1837,23.1373,20.9011,0.9457,0.0,False
023003,Nördliche Luisenstadt,Friedrichshain-Kreuzberg,residents,S-Bahn,1.4,1021,19356.0,0,19.6417,17.8134,21.4846,19.4082,0.9028,0.0,False
023003,Nördliche Luisenstadt,Friedrichshain-Kreuzberg,residents,U-Bahn,1.0,1021,19356.0,0,8.3651,6.1016,10.7842,8.5847,0.0359,0.0,False
023003,Nördliche Luisenstadt,Friedrichshain-Kreuzberg,residents,U-Bahn,1.3,1021,19356.0,0,6.4347,4.6935,8.2956,6.6036,0.0009,0.0,False
023003,Nördliche Luisenstadt,Friedrichshain-Kreuzberg,residents,U-Bahn,1.4,1021,19356.0,0,5.9751,4.3583,7.703,6.1319,0.0,0.0,False
023003,Nördliche Luisenstadt,Friedrichshain-Kreuzberg,residents,Tram,1.0,1021,19356.0,0,32.8698,27.2308,39.211,32.5484,0.9755,0.6208,False
023003,Nördliche Luisenstadt,Friedrichshain-Kreuzberg,residents,Tram,1.3,1021,19356.0,0,25.2844,20.9467,30.1623,25.0372,0.9338,0.2605,False
023003,Nördliche Luisenstadt,Friedrichshain-Kreuzberg,residents,Tram,1.4,1021,19356.0,0,23.4784,19.4505,28.0079,23.2489,0.9197,0.1043,False
023003,Nördliche Luisenstadt,Friedrichshain-Kreuzberg,residents,Bus,1.0,1021,19356.0,0,2.9109,1.9982,3.8383,2.925,0.0,0.0,False
023003,Nördliche Luisenstadt,Friedrichshain-Kreuzberg,residents,Bus,1.3,1021,19356.0,0,2.2391,1.5371,2.9525,2.25,0.0,0.0,False
023003,Nördliche Luisenstadt,Friedrichshain-Kreuzberg,residents,Bus,1.4,1021,19356.0,0,2.0792,1.4273,2.7416,2.0893,0.0,0.0,False
023003,Nördliche Luisenstadt,Friedrichshain-Kreuzberg,residents,Regionalbahn,1.0,1021,19356.0,0,27.3351,24.8085,30.1145,27.1465,0.9954,0.271,False
023003,Nördliche Luisenstadt,Friedrichshain-Kreuzberg,residents,Regionalbahn,1.3,1021,19356.0,0,21.027,19.0835,23.165,20.8819,0.9515,0.0,False
023003,Nördliche Luisenstadt,Friedrichshain-Kreuzberg,residents,Regionalbahn,1.4,1021,19356.0,0,19.5251,17.7204,21.5104,19.3903,0.9215,0.0,False
023003,Nördliche Luisenstadt,Friedrichshain-Kreuzberg,residents,S- or U-Bahn,1.0,1021,19356.0,0,8.3651,6.1016,10.7842,8.5629,0.0359,0.0,False
023003,Nördliche Luisenstadt,Friedrichshain-Kreuzberg,residents,S- or U-Bahn,1.3,1021,19356.0,0,6.4347,4.6935,8.2956,6.5868,0.0,0.0,False
023003,Nördliche Luisenstadt,Friedrichshain-Kreuzberg,residents,S- or U-Bahn,1.4,1021,19356.0,0,5.9751,4.3583,7.703,6.1163,0.0,0.0,False
023004,Südliche Luisenstadt,Friedrichshain-Kreuzberg,residents,S-Bahn,1.0,1166,26162.0,0,33.623,25.3226,37.264,31.4275,0.9978,0.6127,False
023004,Südliche Luisenstadt,Friedrichshain-Kreuzberg,residents,S-Bahn,1.3,1166,26162.0,0,25.8638,19.4789,28.6646,24.175,0.9318,0.1121,False
023004,Südliche Luisenstadt,Friedrichshain-Kreuzberg,residents,S-Bahn,1.4,1166,26162.0,0,24.0164,18.0876,26.6172,22.4482,0.8979,0.0193,False
023004,Südliche Luisenstadt,Friedrichshain-Kreuzberg,residents,U-Bahn,1.0,1166,26162.0,0,11.3222,8.6119,14.3985,11.801,0.2293,0.0,False
023004,Südliche Luisenstadt,Friedrichshain-Kreuzberg,residents,U-Bahn,1.3,1166,26162.0,0,8.7094,6.6246,11.0758,9.0777,0.0807,0.0,False
023004,Südliche Luisenstadt,Friedrichshain-Kreuzberg,residents,U-Bahn,1.4,1166,26162.0,0,8.0873,6.1514,10.2846,8.4293,0.0351,0.0,False
023004,Südliche Luisenstadt,Friedrichshain-Kreuzberg,residents,Tram,1.0,1166,26162.0,0,29.798,21.2626,33.9905,28.1597,0.9445,0.4908,False
023004,Südliche Luisenstadt,Friedrichshain-Kreuzberg,residents,Tram,1.3,1166,26162.0,0,22.9215,16.3559,26.1465,21.6613,0.8207,0.0633,False
023004,Südliche Luisenstadt,Friedrichshain-Kreuzberg,residents,Tram,1.4,1166,26162.0,0,21.2843,15.1876,24.2789,20.1141,0.7609,0.0182,False
023004,Südliche Luisenstadt,Friedrichshain-Kreuzberg,residents,Bus,1.0,1166,26162.0,0,4.6714,3.0654,6.545,5.0198,0.0,0.0,False
023004,Südliche Luisenstadt,Friedrichshain-Kreuzberg,residents,Bus,1.3,1166,26162.0,0,3.5934,2.358,5.0346,3.8614,0.0,0.0,False
023004,Südliche Luisenstadt,Friedrichshain-Kreuzberg,residents,Bus,1.4,1166,26162.0,0,3.3367,2.1896,4.675,3.5856,0.0,0.0,False
023004,Südliche Luisenstadt,Friedrichshain-Kreuzberg,residents,Regionalbahn,1.0,1166,26162.0,0,37.9403,34.9033,42.3256,38.9327,1.0,0.9744,False
023004,Südliche Luisenstadt,Friedrichshain-Kreuzberg,residents,Regionalbahn,1.3,1166,26162.0,0,29.1849,26.8487,32.5582,29.9482,1.0,0.4326,False
023004,Südliche Luisenstadt,Friedrichshain-Kreuzberg,residents,Regionalbahn,1.4,1166,26162.0,0,27.1002,24.9309,30.2326,27.8091,1.0,0.2623,False
023004,Südliche Luisenstadt,Friedrichshain-Kreuzberg,residents,S- or U-Bahn,1.0,1166,26162.0,0,11.3222,8.6119,14.3985,11.801,0.2293,0.0,False
023004,Südliche Luisenstadt,Friedrichshain-Kreuzberg,residents,S- or U-Bahn,1.3,1166,26162.0,0,8.7094,6.6246,11.0758,9.0777,0.0807,0.0,False
023004,Südliche Luisenstadt,Friedrichshain-Kreuzberg,residents,S- or U-Bahn,1.4,1166,26162.0,0,8.0873,6.1514,10.2846,8.4293,0.0351,0.0,False
024005,Karl-Marx-Allee Nord,Friedrichshain-Kreuzberg,residents,S-Bahn,1.0,489,26363.0,0,22.9965,20.3918,25.2065,22.7699,0.987,0.0117,False
024005,Karl-Marx-Allee Nord,Friedrichshain-Kreuzberg,residents,S-Bahn,1.3,489,26363.0,0,17.6896,15.686,19.3896,17.5153,0.8136,0.0,False
024005,Karl-Marx-Allee Nord,Friedrichshain-Kreuzberg,residents,S-Bahn,1.4,489,26363.0,0,16.4261,14.5656,18.0046,16.2642,0.6699,0.0,False
024005,Karl-Marx-Allee Nord,Friedrichshain-Kreuzberg,residents,U-Bahn,1.0,489,26363.0,0,11.6828,8.6153,15.3472,11.8962,0.3124,0.0,False
024005,Karl-Marx-Allee Nord,Friedrichshain-Kreuzberg,residents,U-Bahn,1.3,489,26363.0,0,8.9868,6.6272,11.8055,9.1509,0.0347,0.0,False
024005,Karl-Marx-Allee Nord,Friedrichshain-Kreuzberg,residents,U-Bahn,1.4,489,26363.0,0,8.3449,6.1538,10.9623,8.4973,0.0117,0.0,False
024005,Karl-Marx-Allee Nord,Friedrichshain-Kreuzberg,residents,Tram,1.0,489,26363.0,0,6.2198,4.5384,9.1259,7.1778,0.0354,0.0,False
024005,Karl-Marx-Allee Nord,Friedrichshain-Kreuzberg,residents,Tram,1.3,489,26363.0,0,4.7844,3.4911,7.0199,5.5214,0.0,0.0,False
024005,Karl-Marx-Allee Nord,Friedrichshain-Kreuzberg,residents,Tram,1.4,489,26363.0,0,4.4427,3.2417,6.5185,5.127,0.0,0.0,False
024005,Karl-Marx-Allee Nord,Friedrichshain-Kreuzberg,residents,Bus,1.0,489,26363.0,0,6.8647,4.3588,8.7352,6.7495,0.0,0.0,False
024005,Karl-Marx-Allee Nord,Friedrichshain-Kreuzberg,residents,Bus,1.3,489,26363.0,0,5.2805,3.3529,6.7194,5.1919,0.0,0.0,False
024005,Karl-Marx-Allee Nord,Friedrichshain-Kreuzberg,residents,Bus,1.4,489,26363.0,0,4.9034,3.1134,6.2395,4.821,0.0,0.0,False
024005,Karl-Marx-Allee Nord,Friedrichshain-Kreuzberg,residents,Regionalbahn,1.0,489,26363.0,0,29.4247,25.6954,34.3093,29.9011,1.0,0.4572,False
024005,Karl-Marx-Allee Nord,Friedrichshain-Kreuzberg,residents,Regionalbahn,1.3,489,26363.0,0,22.6344,19.7657,26.3917,23.0009,0.98,0.0873,False
024005,Karl-Marx-Allee Nord,Friedrichshain-Kreuzberg,residents,Regionalbahn,1.4,489,26363.0,0,21.0177,18.3539,24.5066,21.358,0.8889,0.0414,False
024005,Karl-Marx-Allee Nord,Friedrichshain-Kreuzberg,residents,S- or U-Bahn,1.0,489,26363.0,0,11.6828,8.6153,15.2866,11.5659,0.2994,0.0,False
024005,Karl-Marx-Allee Nord,Friedrichshain-Kreuzberg,residents,S- or U-Bahn,1.3,489,26363.0,0,8.9868,6.6272,11.759,8.8969,0.0066,0.0,False
024005,Karl-Marx-Allee Nord,Friedrichshain-Kreuzberg,residents,S- or U-Bahn,1.4,489,26363.0,0,8.3449,6.1538,10.919,8.2614,0.0,0.0,False
024006,Karl-Marx-Allee Süd,Friedrichshain-Kreuzberg,residents,S-Bahn,1.0,451,27770.0,0,14.0679,11.2912,17.2964,14.2664,0.4235,0.0,False
024006,Karl-Marx-Allee Süd,Friedrichshain-Kreuzberg,residents,S-Bahn,1.3,451,27770.0,0,10.8214,8.6855,13.3049,10.9741,0.1101,0.0,False
024006,Karl-Marx-Allee Süd,Friedrichshain-Kreuzberg,residents,S-Bahn,1.4,451,27770.0,0,10.0485,8.0651,12.3546,10.1903,0.0552,0.0,False
024006,Karl-Marx-Allee Süd,Friedrichshain-Kreuzberg,residents,U-Bahn,1.0,451,27770.0,0,9.8722,7.2219,12.675,10.2175,0.1083,0.0001,False
024006,Karl-Marx-Allee Süd,Friedrichshain-Kreuzberg,residents,U-Bahn,1.3,451,27770.0,0,7.594,5.5553,9.75,7.8596,0.0317,0.0,False
024006,Karl-Marx-Allee Süd,Friedrichshain-Kreuzberg,residents,U-Bahn,1.4,451,27770.0,0,7.0516,5.1585,9.0536,7.2982,0.017,0.0,False
024006,Karl-Marx-Allee Süd,Friedrichshain-Kreuzberg,residents,Tram,1.0,451,27770.0,0,16.1087,7.9399,20.9934,15.0104,0.5351,0.0198,False
024006,Karl-Marx-Allee Süd,Friedrichshain-Kreuzberg,residents,Tram,1.3,451,27770.0,0,12.3913,6.1077,16.1487,11.5464,0.3137,0.0,False
024006,Karl-Marx-Allee Süd,Friedrichshain-Kreuzberg,residents,Tram,1.4,451,27770.0,0,11.5062,5.6714,14.9953,10.7217,0.249,0.0,False
024006,Karl-Marx-Allee Süd,Friedrichshain-Kreuzberg,residents,Bus,1.0,451,27770.0,0,4.3601,2.9976,5.5662,4.3487,0.0001,0.0,False
024006,Karl-Marx-Allee Süd,Friedrichshain-Kreuzberg,residents,Bus,1.3,451,27770.0,0,3.3539,2.3058,4.2817,3.3451,0.0,0.0,False
024006,Karl-Marx-Allee Süd,Friedrichshain-Kreuzberg,residents,Bus,1.4,451,27770.0,0,3.1144,2.1411,3.9759,3.1062,0.0,0.0,False
024006,Karl-Marx-Allee Süd,Friedrichshain-Kreuzberg,residents,Regionalbahn,1.0,451,27770.0,0,17.653,13.4272,22.446,17.8249,0.623,0.0114,False
024006,Karl-Marx-Allee Süd,Friedrichshain-Kreuzberg,residents,Regionalbahn,1.3,451,27770.0,0,13.5792,10.3286,17.2661,13.7114,0.4062,0.0,False
024006,Karl-Marx-Allee Süd,Friedrichshain-Kreuzberg,residents,Regionalbahn,1.4,451,27770.0,0,12.6093,9.5908,16.0328,12.7321,0.3405,0.0,False
024006,Karl-Marx-Allee Süd,Friedrichshain-Kreuzberg,residents,S- or U-Bahn,1.0,451,27770.0,0,9.1574,6.9902,10.8312,8.8695,0.0107,0.0,False
024006,Karl-Marx-Allee Süd,Friedrichshain-Kreuzberg,residents,S- or U-Bahn,1.3,451,27770.0,0,7.0441,5.3771,8.3317,6.8227,0.0,0.0,False
024006,Karl-Marx-Allee Süd,Friedrichshain-Kreuzberg,residents,S- or U-Bahn,1.4,451,27770.0,0,6.541,4.993,7.7365,6.3353,0.0,0.0,False
025007,Frankfurter Allee Nord,Friedrichshain-Kreuzberg,residents,S-Bahn,1.0,819,31196.0,0,13.7434,10.9983,16.8854,13.6687,0.3691,0.0,False
025007,Frankfurter Allee Nord,Friedrichshain-Kreuzberg,residents,S-Bahn,1.3,819,31196.0,0,10.5718,8.4602,12.9888,10.5144,0.0745,0.0,False
025007,Frankfurter Allee Nord,Friedrichshain-Kreuzberg,residents,S-Bahn,1.4,819,31196.0,0,9.8167,7.8559,12.061,9.7634,0.0327,0.0,False
025007,Frankfurter Allee Nord,Friedrichshain-Kreuzberg,residents,U-Bahn,1.0,819,31196.0,0,9.6863,7.0336,13.949,11.0645,0.2168,0.0,False
025007,Frankfurter Allee Nord,Friedrichshain-Kreuzberg,residents,U-Bahn,1.3,819,31196.0,0,7.451,5.4104,10.73,8.5111,0.1118,0.0,False
025007,Frankfurter Allee Nord,Friedrichshain-Kreuzberg,residents,U-Bahn,1.4,819,31196.0,0,6.9188,5.024,9.9636,7.9032,0.0799,0.0,False
025007,Frankfurter Allee Nord,Friedrichshain-Kreuzberg,residents,Tram,1.0,819,31196.0,0,6.6699,4.6674,8.5662,6.5395,0.0,0.0,False
025007,Frankfurter Allee Nord,Friedrichshain-Kreuzberg,residents,Tram,1.3,819,31196.0,0,5.1307,3.5903,6.5894,5.0304,0.0,0.0,False
025007,Frankfurter Allee Nord,Friedrichshain-Kreuzberg,residents,Tram,1.4,819,31196.0,0,4.7642,3.3338,6.1187,4.6711,0.0,0.0,False
025007,Frankfurter Allee Nord,Friedrichshain-Kreuzberg,residents,Bus,1.0,819,31196.0,0,8.871,6.9916,11.2087,8.954,0.0,0.0,False
025007,Frankfurter Allee Nord,Friedrichshain-Kreuzberg,residents,Bus,1.3,819,31196.0,0,6.8238,5.3781,8.6221,6.8877,0.0,0.0,False
025007,Frankfurter Allee Nord,Friedrichshain-Kreuzberg,residents,Bus,1.4,819,31196.0,0,6.3364,4.994,8.0062,6.3957,0.0,0.0,False
025007,Frankfurter Allee Nord,Friedrichshain-Kreuzberg,residents,Regionalbahn,1.0,819,31196.0,0,34.8954,31.8024,37.5903,34.8189,1.0,0.8737,False
025007,Frankfurter Allee Nord,Friedrichshain-Kreuzberg,residents,Regionalbahn,1.3,819,31196.0,0,26.8426,24.4634,28.9156,26.7837,1.0,0.1518,False
025007,Frankfurter Allee Nord,Friedrichshain-Kreuzberg,residents,Regionalbahn,1.4,819,31196.0,0,24.9253,22.716,26.8502,24.8706,1.0,0.0443,False
025007,Frankfurter Allee Nord,Friedrichshain-Kreuzberg,residents,S- or U-Bahn,1.0,819,31196.0,0,9.2614,6.7298,11.8743,9.3594,0.0644,0.0,False
025007,Frankfurter Allee Nord,Friedrichshain-Kreuzberg,residents,S- or U-Bahn,1.3,819,31196.0,0,7.1242,5.1768,9.1341,7.1995,0.0,0.0,False
025007,Frankfurter Allee Nord,Friedrichshain-Kreuzberg,residents,S- or U-Bahn,1.4,819,31196.0,0,6.6153,4.807,8.4817,6.6853,0.0,0.0,False
025008,Frankfurter Allee Süd FK,Friedrichshain-Kreuzberg,residents,S-Bahn,1.0,1465,56787.0,0,14.2103,11.5292,17.2698,14.3995,0.4304,0.0005,False
025008,Frankfurter Allee Süd FK,Friedrichshain-Kreuzberg,residents,S-Bahn,1.3,1465,56787.0,0,10.931,8.8686,13.2845,11.0766,0.1111,0.0,False
025008,Frankfurter Allee Süd FK,Friedrichshain-Kreuzberg,residents,S-Bahn,1.4,1465,56787.0,0,10.1502,8.2351,12.3356,10.2854,0.0568,0.0,False
025008,Frankfurter Allee Süd FK,Friedrichshain-Kreuzberg,residents,U-Bahn,1.0,1465,56787.0,0,12.5042,8.4471,17.615,14.5457,0.342,0.0907,False
025008,Frankfurter Allee Süd FK,Friedrichshain-Kreuzberg,residents,U-Bahn,1.3,1465,56787.0,0,9.6186,6.4978,13.55,11.189,0.1903,0.0285,False
025008,Frankfurter Allee Süd FK,Friedrichshain-Kreuzberg,residents,U-Bahn,1.4,1465,56787.0,0,8.9316,6.0336,12.5821,10.3898,0.1523,0.0151,False
025008,Frankfurter Allee Süd FK,Friedrichshain-Kreuzberg,residents,Tram,1.0,1465,56787.0,0,4.9055,3.2676,8.386,7.69,0.176,0.0114,False
025008,Frankfurter Allee Süd FK,Friedrichshain-Kreuzberg,residents,Tram,1.3,1465,56787.0,0,3.7734,2.5136,6.4508,5.9154,0.1108,0.0002,False
025008,Frankfurter Allee Süd FK,Friedrichshain-Kreuzberg,residents,Tram,1.4,1465,56787.0,0,3.5039,2.334,5.99,5.4928,0.07,0.0002,False
025008,Frankfurter Allee Süd FK,Friedrichshain-Kreuzberg,residents,Bus,1.0,1465,56787.0,0,4.7604,2.9887,6.3184,4.7817,0.0,0.0,False
025008,Frankfurter Allee Süd FK,Friedrichshain-Kreuzberg,residents,Bus,1.3,1465,56787.0,0,3.6619,2.299,4.8603,3.6782,0.0,0.0,False
025008,Frankfurter Allee Süd FK,Friedrichshain-Kreuzberg,residents,Bus,1.4,1465,56787.0,0,3.4003,2.1348,4.5131,3.4155,0.0,0.0,False
025008,Frankfurter Allee Süd FK,Friedrichshain-Kreuzberg,residents,Regionalbahn,1.0,1465,56787.0,0,20.1723,15.4493,24.1445,19.7336,0.759,0.0404,False
025008,Frankfurter Allee Süd FK,Friedrichshain-Kreuzberg,residents,Regionalbahn,1.3,1465,56787.0,0,15.5172,11.8841,18.5727,15.1797,0.5303,0.0002,False
025008,Frankfurter Allee Süd FK,Friedrichshain-Kreuzberg,residents,Regionalbahn,1.4,1465,56787.0,0,14.4088,11.0352,17.2461,14.0954,0.4439,0.0002,False
025008,Frankfurter Allee Süd FK,Friedrichshain-Kreuzberg,residents,S- or U-Bahn,1.0,1465,56787.0,0,10.8664,8.002,13.2941,10.7159,0.1028,0.0005,False
025008,Frankfurter Allee Süd FK,Friedrichshain-Kreuzberg,residents,S- or U-Bahn,1.3,1465,56787.0,0,8.3588,6.1554,10.2263,8.243,0.0198,0.0,False
025008,Frankfurter Allee Süd FK,Friedrichshain-Kreuzberg,residents,S- or U-Bahn,1.4,1465,56787.0,0,7.7617,5.7157,9.4958,7.6542,0.0145,0.0,False
031001,Buch,Pankow,residents,S-Bahn,1.0,1377,17834.0,0,22.535,16.1635,28.6394,25.358,0.8014,0.1685,False
031001,Buch,Pankow,residents,S-Bahn,1.3,1377,17834.0,0,17.3346,12.4334,22.0303,19.5061,0.6097,0.0823,False
031001,Buch,Pankow,residents,S-Bahn,1.4,1377,17834.0,0,16.0964,11.5453,20.4567,18.1128,0.5361,0.0682,False
031001,Buch,Pankow,residents,U-Bahn,1.0,1377,17834.0,0,178.4124,170.1476,187.9024,179.6588,1.0,1.0,False
031001,Buch,Pankow,residents,U-Bahn,1.3,1377,17834.0,0,137.2403,130.8828,144.5403,138.199,1.0,1.0,False
031001,Buch,Pankow,residents,U-Bahn,1.4,1377,17834.0,0,127.4374,121.534,134.216,128.3277,1.0,1.0,False
031001,Buch,Pankow,residents,Tram,1.0,1377,17834.0,0,103.813,96.7825,112.8719,103.3763,1.0,0.9999,False
031001,Buch,Pankow,residents,Tram,1.3,1377,17834.0,0,79.8562,74.4481,86.8246,79.5202,1.0,0.9953,False
031001,Buch,Pankow,residents,Tram,1.4,1377,17834.0,0,74.1522,69.1303,80.6228,73.8402,1.0,0.9931,False
031001,Buch,Pankow,residents,Bus,1.0,1377,17834.0,0,6.4569,4.3824,8.8301,7.3289,0.0711,0.0,False
031001,Buch,Pankow,residents,Bus,1.3,1377,17834.0,0,4.9668,3.3711,6.7924,5.6376,0.0087,0.0,False
031001,Buch,Pankow,residents,Bus,1.4,1377,17834.0,0,4.612,3.1303,6.3072,5.2349,0.0069,0.0,False
031001,Buch,Pankow,residents,Regionalbahn,1.0,1377,17834.0,0,60.3691,50.7023,70.0124,61.3907,1.0,0.9966,False
031001,Buch,Pankow,residents,Regionalbahn,1.3,1377,17834.0,0,46.4378,39.0018,53.8557,47.2236,0.9999,0.9718,False
031001,Buch,Pankow,residents,Regionalbahn,1.4,1377,17834.0,0,43.1208,36.2159,50.0088,43.8505,0.9998,0.9647,False
031001,Buch,Pankow,residents,S- or U-Bahn,1.0,1377,17834.0,0,22.535,16.1635,28.6394,25.358,0.8014,0.1685,False
031001,Buch,Pankow,residents,S- or U-Bahn,1.3,1377,17834.0,0,17.3346,12.4334,22.0303,19.5061,0.6097,0.0823,False
031001,Buch,Pankow,residents,S- or U-Bahn,1.4,1377,17834.0,0,16.0964,11.5453,20.4567,18.1128,0.5361,0.0682,False
032002,Blankenfelde/Niederschönhausen,Pankow,residents,S-Bahn,1.0,6612,29995.0,0,44.927,36.3658,52.9266,47.2366,1.0,0.9002,False
032002,Blankenfelde/Niederschönhausen,Pankow,residents,S-Bahn,1.3,6612,29995.0,0,34.5593,27.9737,40.7127,36.3358,0.9981,0.6671,False
032002,Blankenfelde/Niederschönhausen,Pankow,residents,S-Bahn,1.4,6612,29995.0,0,32.0907,25.9756,37.8047,33.7404,0.9964,0.581,False
032002,Blankenfelde/Niederschönhausen,Pankow,residents,U-Bahn,1.0,6612,29995.0,0,51.7413,44.0918,62.0529,55.2979,1.0,0.9918,False
032002,Blankenfelde/Niederschönhausen,Pankow,residents,U-Bahn,1.3,6612,29995.0,0,39.801,33.9168,47.733,42.5368,1.0,0.8714,False
032002,Blankenfelde/Niederschönhausen,Pankow,residents,U-Bahn,1.4,6612,29995.0,0,36.958,31.4942,44.3235,39.4985,1.0,0.8046,False
032002,Blankenfelde/Niederschönhausen,Pankow,residents,Tram,1.0,6612,29995.0,0,7.591,4.2864,14.4313,11.9396,0.2385,0.0558,False
032002,Blankenfelde/Niederschönhausen,Pankow,residents,Tram,1.3,6612,29995.0,0,5.8393,3.2972,11.101,9.1843,0.1619,0.0492,False
032002,Blankenfelde/Niederschönhausen,Pankow,residents,Tram,1.4,6612,29995.0,0,5.4222,3.0617,10.308,8.5283,0.1282,0.0425,False
032002,Blankenfelde/Niederschönhausen,Pankow,residents,Bus,1.0,6612,29995.0,0,4.4961,2.7555,6.6441,5.2062,0.024,0.0003,False
032002,Blankenfelde/Niederschönhausen,Pankow,residents,Bus,1.3,6612,29995.0,0,3.4585,2.1196,5.1108,4.0048,0.0082,0.0,False
032002,Blankenfelde/Niederschönhausen,Pankow,residents,Bus,1.4,6612,29995.0,0,3.2115,1.9682,4.7458,3.7187,0.0066,0.0,False
032002,Blankenfelde/Niederschönhausen,Pankow,residents,Regionalbahn,1.0,6612,29995.0,0,89.194,80.1448,97.3007,89.3766,1.0,1.0,False
032002,Blankenfelde/Niederschönhausen,Pankow,residents,Regionalbahn,1.3,6612,29995.0,0,68.6108,61.6498,74.8467,68.7513,1.0,1.0,False
032002,Blankenfelde/Niederschönhausen,Pankow,residents,Regionalbahn,1.4,6612,29995.0,0,63.71,57.2463,69.5005,63.8405,1.0,1.0,False
032002,Blankenfelde/Niederschönhausen,Pankow,residents,S- or U-Bahn,1.0,6612,29995.0,0,44.5361,35.6595,51.8808,46.7793,1.0,0.8979,False
032002,Blankenfelde/Niederschönhausen,Pankow,residents,S- or U-Bahn,1.3,6612,29995.0,0,34.2586,27.4304,39.9083,35.984,0.9981,0.6565,False
032002,Blankenfelde/Niederschönhausen,Pankow,residents,S- or U-Bahn,1.4,6612,29995.0,0,31.8115,25.4711,37.0577,33.4138,0.9964,0.573,False
032003,Buchholz,Pankow,residents,S-Bahn,1.0,4840,18968.0,0,42.7365,33.5998,49.0735,40.6489,0.9561,0.8136,False
032003,Buchholz,Pankow,residents,S-Bahn,1.3,4840,18968.0,0,32.8742,25.846,37.7488,31.2684,0.9147,0.6171,False
032003,Buchholz,Pankow,residents,S-Bahn,1.4,4840,18968.0,0,30.5261,23.9999,35.0525,29.0349,0.8952,0.5241,False
032003,Buchholz,Pankow,residents,U-Bahn,1.0,4840,18968.0,0,93.1844,84.5923,103.0366,92.8039,1.0,1.0,False
032003,Buchholz,Pankow,residents,U-Bahn,1.3,4840,18968.0,0,71.6803,65.071,79.2589,71.3876,1.0,1.0,False
032003,Buchholz,Pankow,residents,U-Bahn,1.4,4840,18968.0,0,66.5603,60.4231,73.5976,66.2885,1.0,1.0,False
032003,Buchholz,Pankow,residents,Tram,1.0,4840,18968.0,0,8.6279,4.9311,13.9842,10.3637,0.2136,0.016,False
032003,Buchholz,Pankow,residents,Tram,1.3,4840,18968.0,0,6.6368,3.7932,10.7571,7.9721,0.1239,0.0,False
032003,Buchholz,Pankow,residents,Tram,1.4,4840,18968.0,0,6.1628,3.5222,9.9887,7.4026,0.0936,0.0,False
032003,Buchholz,Pankow,residents,Bus,1.0,4840,18968.0,0,5.8915,3.3587,10.193,7.1908,0.0782,0.0,False
032003,Buchholz,Pankow,residents,Bus,1.3,4840,18968.0,0,4.5319,2.5836,7.8408,5.5314,0.0153,0.0,False
032003,Buchholz,Pankow,residents,Bus,1.4,4840,18968.0,0,4.2082,2.3991,7.2807,5.1363,0.0057,0.0,False
032003,Buchholz,Pankow,residents,Regionalbahn,1.0,4840,18968.0,0,69.5194,60.4332,74.5361,67.185,1.0,1.0,False
032003,Buchholz,Pankow,residents,Regionalbahn,1.3,4840,18968.0,0,53.4764,46.4871,57.3355,51.6808,1.0,0.9998,False
032003,Buchholz,Pankow,residents,Regionalbahn,1.4,4840,18968.0,0,49.6567,43.1666,53.2401,47.9893,1.0,0.9879,False
032003,Buchholz,Pankow,residents,S- or U-Bahn,1.0,4840,18968.0,0,42.7365,33.5998,49.0735,40.6489,0.9561,0.8136,False
032003,Buchholz,Pankow,residents,S- or U-Bahn,1.3,4840,18968.0,0,32.8742,25.846,37.7488,31.2684,0.9147,0.6171,False
032003,Buchholz,Pankow,residents,S- or U-Bahn,1.4,4840,18968.0,0,30.5261,23.9999,35.0525,29.0349,0.8952,0.5241,False
033004,Karow,Pankow,residents,S-Bahn,1.0,4508,20149.0,0,29.2132,22.0211,36.2923,28.4112,0.8804,0.4821,False
033004,Karow,Pankow,residents,S-Bahn,1.3,4508,20149.0,0,22.4717,16.9393,27.9172,21.8548,0.8018,0.1442,False
033004,Karow,Pankow,residents,S-Bahn,1.4,4508,20149.0,0,20.8665,15.7294,25.9231,20.2937,0.7722,0.0679,False
033004,Karow,Pankow,residents,U-Bahn,1.0,4508,20149.0,0,146.6302,132.4263,152.8158,142.4902,1.0,1.0,False
033004,Karow,Pankow,residents,U-Bahn,1.3,4508,20149.0,0,112.7925,101.8664,117.5506,109.6078,1.0,1.0,False
033004,Karow,Pankow,residents,U-Bahn,1.4,4508,20149.0,0,104.7359,94.5902,109.1541,101.7787,1.0,1.0,False
033004,Karow,Pankow,residents,Tram,1.0,4508,20149.0,0,80.6793,69.6804,87.4837,78.2125,1.0,1.0,False
033004,Karow,Pankow,residents,Tram,1.3,4508,20149.0,0,62.061,53.6003,67.2952,60.1634,1.0,1.0,False
033004,Karow,Pankow,residents,Tram,1.4,4508,20149.0,0,57.628,49.7717,62.4884,55.8661,1.0,0.9982,False
033004,Karow,Pankow,residents,Bus,1.0,4508,20149.0,0,4.7829,3.018,7.891,6.0132,0.0449,0.0,False
033004,Karow,Pankow,residents,Bus,1.3,4508,20149.0,0,3.6792,2.3215,6.07,4.6256,0.0113,0.0,False
033004,Karow,Pankow,residents,Bus,1.4,4508,20149.0,0,3.4164,2.1557,5.6364,4.2952,0.0043,0.0,False
033004,Karow,Pankow,residents,Regionalbahn,1.0,4508,20149.0,0,29.0784,22.0459,36.2701,28.5238,0.8862,0.4784,False
033004,Karow,Pankow,residents,Regionalbahn,1.3,4508,20149.0,0,22.368,16.9584,27.9001,21.9414,0.8034,0.1453,False
033004,Karow,Pankow,residents,Regionalbahn,1.4,4508,20149.0,0,20.7703,15.7471,25.9072,20.3741,0.7759,0.0744,False
033004,Karow,Pankow,residents,S- or U-Bahn,1.0,4508,20149.0,0,29.2132,22.0211,36.2923,28.4112,0.8804,0.4821,False
033004,Karow,Pankow,residents,S- or U-Bahn,1.3,4508,20149.0,0,22.4717,16.9393,27.9172,21.8548,0.8018,0.1442,False
033004,Karow,Pankow,residents,S- or U-Bahn,1.4,4508,20149.0,0,20.8665,15.7294,25.9231,20.2937,0.7722,0.0679,False
033005,Blankenburg/Heinersdorf/Märchenland,Pankow,residents,S-Bahn,1.0,6374,18121.0,0,28.7892,20.9021,37.0626,29.3687,0.91,0.4722,False
033005,Blankenburg/Heinersdorf/Märchenland,Pankow,residents,S-Bahn,1.3,6374,18121.0,0,22.1455,16.0785,28.5097,22.5913,0.7922,0.1946,False
033005,Blankenburg/Heinersdorf/Märchenland,Pankow,residents,S-Bahn,1.4,6374,18121.0,0,20.5637,14.9301,26.4733,20.9776,0.7475,0.147,False
033005,Blankenburg/Heinersdorf/Märchenland,Pankow,residents,U-Bahn,1.0,6374,18121.0,0,57.2531,40.2754,87.7561,63.2174,1.0,0.8997,False
033005,Blankenburg/Heinersdorf/Märchenland,Pankow,residents,U-Bahn,1.3,6374,18121.0,0,44.0409,30.9811,67.5047,48.6288,1.0,0.7697,False
033005,Blankenburg/Heinersdorf/Märchenland,Pankow,residents,U-Bahn,1.4,6374,18121.0,0,40.8951,28.7682,62.6829,45.1553,0.9995,0.7317,False
033005,Blankenburg/Heinersdorf/Märchenland,Pankow,residents,Tram,1.0,6374,18121.0,0,19.9924,10.2501,32.7082,22.7149,0.6206,0.2923,False
033005,Blankenburg/Heinersdorf/Märchenland,Pankow,residents,Tram,1.3,6374,18121.0,0,15.3788,7.8847,25.1601,17.473,0.5082,0.1689,False
033005,Blankenburg/Heinersdorf/Märchenland,Pankow,residents,Tram,1.4,6374,18121.0,0,14.2803,7.3215,23.363,16.2249,0.4722,0.139,False
033005,Blankenburg/Heinersdorf/Märchenland,Pankow,residents,Bus,1.0,6374,18121.0,0,6.5571,4.1347,10.0159,7.7043,0.0974,0.0,False
033005,Blankenburg/Heinersdorf/Märchenland,Pankow,residents,Bus,1.3,6374,18121.0,0,5.0439,3.1805,7.7045,5.9264,0.0316,0.0,False
033005,Blankenburg/Heinersdorf/Märchenland,Pankow,residents,Bus,1.4,6374,18121.0,0,4.6837,2.9533,7.1542,5.503,0.0233,0.0,False
033005,Blankenburg/Heinersdorf/Märchenland,Pankow,residents,Regionalbahn,1.0,6374,18121.0,0,76.2606,60.2022,85.67,73.2288,1.0,0.9998,False
033005,Blankenburg/Heinersdorf/Märchenland,Pankow,residents,Regionalbahn,1.3,6374,18121.0,0,58.662,46.3094,65.9,56.3298,1.0,0.9911,False
033005,Blankenburg/Heinersdorf/Märchenland,Pankow,residents,Regionalbahn,1.4,6374,18121.0,0,54.4718,43.0016,61.1929,52.3063,1.0,0.9799,False
033005,Blankenburg/Heinersdorf/Märchenland,Pankow,residents,S- or U-Bahn,1.0,6374,18121.0,0,27.5972,20.8958,36.8292,28.9647,0.91,0.4268,False
033005,Blankenburg/Heinersdorf/Märchenland,Pankow,residents,S- or U-Bahn,1.3,6374,18121.0,0,21.2286,16.0737,28.3302,22.2805,0.7922,0.194,False
033005,Blankenburg/Heinersdorf/Märchenland,Pankow,residents,S- or U-Bahn,1.4,6374,18121.0,0,19.7123,14.9255,26.3066,20.689,0.7473,0.147,False
034006,Schönholz/Wilhelmsruh/Rosenthal,Pankow,residents,S-Bahn,1.0,3577,19026.0,0,40.0393,31.145,46.8269,39.2262,0.9746,0.7758,False
034006,Schönholz/Wilhelmsruh/Rosenthal,Pankow,residents,S-Bahn,1.3,3577,19026.0,0,30.7995,23.9577,36.0207,30.174,0.9421,0.5406,False
034006,Schönholz/Wilhelmsruh/Rosenthal,Pankow,residents,S-Bahn,1.4,3577,19026.0,0,28.5995,22.2464,33.4478,28.0187,0.9277,0.4153,False
034006,Schönholz/Wilhelmsruh/Rosenthal,Pankow,residents,U-Bahn,1.0,3577,19026.0,0,49.0109,43.3806,53.7775,47.9626,1.0,0.9257,False
034006,Schönholz/Wilhelmsruh/Rosenthal,Pankow,residents,U-Bahn,1.3,3577,19026.0,0,37.7007,33.3697,41.3673,36.8943,1.0,0.8528,False
034006,Schönholz/Wilhelmsruh/Rosenthal,Pankow,residents,U-Bahn,1.4,3577,19026.0,0,35.0078,30.9861,38.4125,34.259,0.9999,0.782,False
034006,Schönholz/Wilhelmsruh/Rosenthal,Pankow,residents,Tram,1.0,3577,19026.0,0,18.1804,10.1786,25.2063,18.0986,0.6,0.1239,False
034006,Schönholz/Wilhelmsruh/Rosenthal,Pankow,residents,Tram,1.3,3577,19026.0,0,13.9849,7.8297,19.3895,13.922,0.4577,0.0058,False
034006,Schönholz/Wilhelmsruh/Rosenthal,Pankow,residents,Tram,1.4,3577,19026.0,0,12.986,7.2704,18.0045,12.9276,0.397,0.0,False
034006,Schönholz/Wilhelmsruh/Rosenthal,Pankow,residents,Bus,1.0,3577,19026.0,0,4.3849,2.8409,6.622,5.101,0.0142,0.0,False
034006,Schönholz/Wilhelmsruh/Rosenthal,Pankow,residents,Bus,1.3,3577,19026.0,0,3.373,2.1853,5.0939,3.9239,0.0003,0.0,False
034006,Schönholz/Wilhelmsruh/Rosenthal,Pankow,residents,Bus,1.4,3577,19026.0,0,3.1321,2.0292,4.73,3.6436,0.0,0.0,False
034006,Schönholz/Wilhelmsruh/Rosenthal,Pankow,residents,Regionalbahn,1.0,3577,19026.0,0,92.0173,82.9872,99.9204,90.2289,1.0,1.0,False
034006,Schönholz/Wilhelmsruh/Rosenthal,Pankow,residents,Regionalbahn,1.3,3577,19026.0,0,70.7825,63.8363,76.8618,69.4068,1.0,1.0,False
034006,Schönholz/Wilhelmsruh/Rosenthal,Pankow,residents,Regionalbahn,1.4,3577,19026.0,0,65.7266,59.2766,71.3717,64.4492,1.0,1.0,False
034006,Schönholz/Wilhelmsruh/Rosenthal,Pankow,residents,S- or U-Bahn,1.0,3577,19026.0,0,39.6492,31.145,46.1107,38.8643,0.9746,0.7758,False
034006,Schönholz/Wilhelmsruh/Rosenthal,Pankow,residents,S- or U-Bahn,1.3,3577,19026.0,0,30.4994,23.9577,35.4698,29.8956,0.9421,0.5312,False
034006,Schönholz/Wilhelmsruh/Rosenthal,Pankow,residents,S- or U-Bahn,1.4,3577,19026.0,0,28.3209,22.2464,32.9362,27.7602,0.9277,0.4038,False
034007,Pankow Zentrum,Pankow,residents,S-Bahn,1.0,1905,39495.0,0,15.8044,11.6799,20.7236,16.3747,0.5527,0.0497,False
034007,Pankow Zentrum,Pankow,residents,S-Bahn,1.3,1905,39495.0,0,12.1572,8.9845,15.9412,12.5959,0.3208,0.0,False
034007,Pankow Zentrum,Pankow,residents,S-Bahn,1.4,1905,39495.0,0,11.2888,8.3428,14.8026,11.6962,0.2386,0.0,False
034007,Pankow Zentrum,Pankow,residents,U-Bahn,1.0,1905,39495.0,0,21.2104,15.5029,30.9424,24.4185,0.7663,0.2782,False
034007,Pankow Zentrum,Pankow,residents,U-Bahn,1.3,1905,39495.0,0,16.3157,11.9253,23.8018,18.7834,0.5775,0.1527,False
034007,Pankow Zentrum,Pankow,residents,U-Bahn,1.4,1905,39495.0,0,15.1503,11.0735,22.1017,17.4418,0.509,0.1295,False
034007,Pankow Zentrum,Pankow,residents,Tram,1.0,1905,39495.0,0,7.8629,4.8514,12.0188,8.8766,0.1482,0.0,False
034007,Pankow Zentrum,Pankow,residents,Tram,1.3,1905,39495.0,0,6.0483,3.7318,9.2453,6.8282,0.0289,0.0,False
034007,Pankow Zentrum,Pankow,residents,Tram,1.4,1905,39495.0,0,5.6163,3.4653,8.5849,6.3404,0.0055,0.0,False
034007,Pankow Zentrum,Pankow,residents,Bus,1.0,1905,39495.0,0,4.4048,3.0056,6.6682,4.9954,0.0,0.0,False
034007,Pankow Zentrum,Pankow,residents,Bus,1.3,1905,39495.0,0,3.3883,2.312,5.1294,3.8427,0.0,0.0,False
034007,Pankow Zentrum,Pankow,residents,Bus,1.4,1905,39495.0,0,3.1463,2.1469,4.763,3.5682,0.0,0.0,False
034007,Pankow Zentrum,Pankow,residents,Regionalbahn,1.0,1905,39495.0,0,61.6305,45.8622,78.5753,62.8572,1.0,1.0,False
034007,Pankow Zentrum,Pankow,residents,Regionalbahn,1.3,1905,39495.0,0,47.4081,35.2786,60.4425,48.3517,1.0,0.9272,False
034007,Pankow Zentrum,Pankow,residents,Regionalbahn,1.4,1905,39495.0,0,44.0218,32.7587,56.1252,44.898,1.0,0.8529,False
034007,Pankow Zentrum,Pankow,residents,S- or U-Bahn,1.0,1905,39495.0,0,15.3658,11.4459,19.7335,15.7601,0.5124,0.0457,False
034007,Pankow Zentrum,Pankow,residents,S- or U-Bahn,1.3,1905,39495.0,0,11.8198,8.8045,15.1797,12.1231,0.2691,0.0,False
034007,Pankow Zentrum,Pankow,residents,S- or U-Bahn,1.4,1905,39495.0,0,10.9755,8.1756,14.0954,11.2572,0.1907,0.0,False
034008,Pankow Süd,Pankow,residents,S-Bahn,1.0,954,37159.0,0,18.6163,15.0757,21.9464,18.8898,0.7677,0.033,False
034008,Pankow Süd,Pankow,residents,S-Bahn,1.3,954,37159.0,0,14.3202,11.5967,16.8819,14.5306,0.4388,0.0,False
034008,Pankow Süd,Pankow,residents,S-Bahn,1.4,954,37159.0,0,13.2974,10.7684,15.676,13.4927,0.3038,0.0,False
034008,Pankow Süd,Pankow,residents,U-Bahn,1.0,954,37159.0,0,12.6682,8.4258,17.6496,13.1414,0.3593,0.0052,False
034008,Pankow Süd,Pankow,residents,U-Bahn,1.3,954,37159.0,0,9.7448,6.4814,13.5766,10.1088,0.1818,0.0,False
034008,Pankow Süd,Pankow,residents,U-Bahn,1.4,954,37159.0,0,9.0487,6.0184,12.6068,9.3867,0.1314,0.0,False
034008,Pankow Süd,Pankow,residents,Tram,1.0,954,37159.0,0,8.113,5.7532,12.0383,8.9229,0.1173,0.0,False
034008,Pankow Süd,Pankow,residents,Tram,1.3,954,37159.0,0,6.2408,4.4256,9.2602,6.8638,0.0104,0.0,False
034008,Pankow Süd,Pankow,residents,Tram,1.4,954,37159.0,0,5.795,4.1095,8.5988,6.3735,0.0052,0.0,False
034008,Pankow Süd,Pankow,residents,Bus,1.0,954,37159.0,0,4.8504,3.0334,6.9187,5.3067,0.0052,0.0,False
034008,Pankow Süd,Pankow,residents,Bus,1.3,954,37159.0,0,3.7311,2.3334,5.3221,4.0821,0.0052,0.0,False
034008,Pankow Süd,Pankow,residents,Bus,1.4,954,37159.0,0,3.4646,2.1667,4.942,3.7905,0.0052,0.0,False
034008,Pankow Süd,Pankow,residents,Regionalbahn,1.0,954,37159.0,0,49.9545,43.0321,57.0554,50.5225,1.0,0.9902,False
034008,Pankow Süd,Pankow,residents,Regionalbahn,1.3,954,37159.0,0,38.4265,33.1016,43.8887,38.8635,1.0,0.9066,False
034008,Pankow Süd,Pankow,residents,Regionalbahn,1.4,954,37159.0,0,35.6818,30.7372,40.7538,36.0875,1.0,0.791,False
034008,Pankow Süd,Pankow,residents,S- or U-Bahn,1.0,954,37159.0,0,12.2534,8.4258,16.7887,12.6507,0.3432,0.0,False
034008,Pankow Süd,Pankow,residents,S- or U-Bahn,1.3,954,37159.0,0,9.4257,6.4814,12.9144,9.7313,0.1391,0.0,False
034008,Pankow Süd,Pankow,residents,S- or U-Bahn,1.4,954,37159.0,0,8.7524,6.0184,11.9919,9.0362,0.0791,0.0,False
035009,Weißensee,Pankow,residents,S-Bahn,1.0,2498,42162.0,0,31.0723,26.0913,38.9489,32.4448,1.0,0.5516,False
035009,Weißensee,Pankow,residents,S-Bahn,1.3,2498,42162.0,0,23.9017,20.0702,29.9607,24.9575,0.9846,0.2478,False
035009,Weißensee,Pankow,residents,S-Bahn,1.4,2498,42162.0,0,22.1945,18.6366,27.8206,23.1748,0.9615,0.1461,False
035009,Weißensee,Pankow,residents,U-Bahn,1.0,2498,42162.0,0,50.1974,38.6191,60.555,49.6528,1.0,0.9258,False
035009,Weißensee,Pankow,residents,U-Bahn,1.3,2498,42162.0,0,38.6134,29.707,46.5808,38.1945,1.0,0.736,False
035009,Weißensee,Pankow,residents,U-Bahn,1.4,2498,42162.0,0,35.8553,27.5851,43.2536,35.4663,1.0,0.6797,False
035009,Weißensee,Pankow,residents,Tram,1.0,2498,42162.0,0,6.045,4.09,9.025,6.9587,0.0488,0.0,False
035009,Weißensee,Pankow,residents,Tram,1.3,2498,42162.0,0,4.65,3.1462,6.9423,5.3528,0.0029,0.0,False
035009,Weißensee,Pankow,residents,Tram,1.4,2498,42162.0,0,4.3179,2.9215,6.4464,4.9705,0.0022,0.0,False
035009,Weißensee,Pankow,residents,Bus,1.0,2498,42162.0,0,4.7266,3.1855,6.8419,5.0952,0.0022,0.0,False
035009,Weißensee,Pankow,residents,Bus,1.3,2498,42162.0,0,3.6358,2.4504,5.263,3.9194,0.0022,0.0,False
035009,Weißensee,Pankow,residents,Bus,1.4,2498,42162.0,0,3.3761,2.2754,4.8871,3.6395,0.0022,0.0,False
035009,Weißensee,Pankow,residents,Regionalbahn,1.0,2498,42162.0,0,72.4114,66.3197,77.6525,71.5308,1.0,1.0,False
035009,Weißensee,Pankow,residents,Regionalbahn,1.3,2498,42162.0,0,55.701,51.0152,59.7327,55.0237,1.0,1.0,False
035009,Weißensee,Pankow,residents,Regionalbahn,1.4,2498,42162.0,0,51.7224,47.3712,55.4661,51.0934,1.0,1.0,False
035009,Weißensee,Pankow,residents,S- or U-Bahn,1.0,2498,42162.0,0,31.0723,25.8695,38.4195,32.3716,1.0,0.5516,False
035009,Weißensee,Pankow,residents,S- or U-Bahn,1.3,2498,42162.0,0,23.9017,19.8996,29.5535,24.9012,0.9846,0.2352,False
035009,Weißensee,Pankow,residents,S- or U-Bahn,1.4,2498,42162.0,0,22.1945,18.4782,27.4425,23.1226,0.9615,0.1461,False
035010,Weißensee Ost,Pankow,residents,S-Bahn,1.0,1228,16135.0,0,50.66,45.4065,54.7084,49.6158,1.0,0.9937,False
035010,Weißensee Ost,Pankow,residents,S-Bahn,1.3,1228,16135.0,0,38.9692,34.9281,42.0834,38.166,1.0,0.9074,False
035010,Weißensee Ost,Pankow,residents,S-Bahn,1.4,1228,16135.0,0,36.1857,32.4332,39.0774,35.4399,1.0,0.8536,False
035010,Weißensee Ost,Pankow,residents,U-Bahn,1.0,1228,16135.0,0,81.0851,75.7362,87.6277,81.8417,1.0,1.0,False
035010,Weißensee Ost,Pankow,residents,U-Bahn,1.3,1228,16135.0,0,62.3732,58.2586,67.406,62.9551,1.0,1.0,False
035010,Weißensee Ost,Pankow,residents,U-Bahn,1.4,1228,16135.0,0,57.918,54.0973,62.5912,58.4583,1.0,1.0,False
035010,Weißensee Ost,Pankow,residents,Tram,1.0,1228,16135.0,0,9.7222,5.1542,16.6014,10.9349,0.2899,0.0,False
035010,Weißensee Ost,Pankow,residents,Tram,1.3,1228,16135.0,0,7.4786,3.9648,12.7703,8.4115,0.1506,0.0,False
035010,Weißensee Ost,Pankow,residents,Tram,1.4,1228,16135.0,0,6.9444,3.6816,11.8581,7.8107,0.0748,0.0,False
035010,Weißensee Ost,Pankow,residents,Bus,1.0,1228,16135.0,0,4.6905,3.21,7.0159,5.176,0.01,0.0,False
035010,Weißensee Ost,Pankow,residents,Bus,1.3,1228,16135.0,0,3.6081,2.4692,5.3969,3.9815,0.0027,0.0,False
035010,Weißensee Ost,Pankow,residents,Bus,1.4,1228,16135.0,0,3.3504,2.2929,5.0114,3.6971,0.0,0.0,False
035010,Weißensee Ost,Pankow,residents,Regionalbahn,1.0,1228,16135.0,0,54.0263,47.1215,59.238,52.7184,1.0,0.9935,False
035010,Weißensee Ost,Pankow,residents,Regionalbahn,1.3,1228,16135.0,0,41.5587,36.2473,45.5677,40.5526,1.0,0.9123,False
035010,Weißensee Ost,Pankow,residents,Regionalbahn,1.4,1228,16135.0,0,38.5902,33.6582,42.3129,37.656,1.0,0.8606,False
035010,Weißensee Ost,Pankow,residents,S- or U-Bahn,1.0,1228,16135.0,0,50.66,45.4065,54.7084,49.6158,1.0,0.9937,False
035010,Weißensee Ost,Pankow,residents,S- or U-Bahn,1.3,1228,16135.0,0,38.9692,34.9281,42.0834,38.166,1.0,0.9074,False
035010,Weißensee Ost,Pankow,residents,S- or U-Bahn,1.4,1228,16135.0,0,36.1857,32.4332,39.0774,35.4399,1.0,0.8536,False
036011,Prenzlauer Berg Nordwest,Pankow,residents,S-Bahn,1.0,729,27979.0,0,11.6901,9.074,14.1274,11.7525,0.2043,0.0,False
036011,Prenzlauer Berg Nordwest,Pankow,residents,S-Bahn,1.3,729,27979.0,0,8.9924,6.98,10.8673,9.0404,0.0248,0.0,False
036011,Prenzlauer Berg Nordwest,Pankow,residents,S-Bahn,1.4,729,27979.0,0,8.3501,6.4815,10.091,8.3947,0.0056,0.0,False
036011,Prenzlauer Berg Nordwest,Pankow,residents,U-Bahn,1.0,729,27979.0,0,12.079,8.0842,16.0908,12.1135,0.2979,0.0,False
036011,Prenzlauer Berg Nordwest,Pankow,residents,U-Bahn,1.3,729,27979.0,0,9.2915,6.2187,12.3775,9.3181,0.0644,0.0,False
036011,Prenzlauer Berg Nordwest,Pankow,residents,U-Bahn,1.4,729,27979.0,0,8.6279,5.7745,11.4934,8.6525,0.0146,0.0,False
036011,Prenzlauer Berg Nordwest,Pankow,residents,Tram,1.0,729,27979.0,0,7.4067,4.6646,10.4014,7.9933,0.0943,0.0,False
036011,Prenzlauer Berg Nordwest,Pankow,residents,Tram,1.3,729,27979.0,0,5.6975,3.5881,8.0011,6.1487,0.0,0.0,False
036011,Prenzlauer Berg Nordwest,Pankow,residents,Tram,1.4,729,27979.0,0,5.2905,3.3318,7.4296,5.7095,0.0,0.0,False
036011,Prenzlauer Berg Nordwest,Pankow,residents,Bus,1.0,729,27979.0,0,8.4391,5.2587,11.6908,8.743,0.1251,0.0,False
036011,Prenzlauer Berg Nordwest,Pankow,residents,Bus,1.3,729,27979.0,0,6.4916,4.0451,8.9929,6.7254,0.0,0.0,False
036011,Prenzlauer Berg Nordwest,Pankow,residents,Bus,1.4,729,27979.0,0,6.0279,3.7562,8.3506,6.245,0.0,0.0,False
036011,Prenzlauer Berg Nordwest,Pankow,residents,Regionalbahn,1.0,729,27979.0,0,27.4262,22.7048,31.0424,27.1859,1.0,0.3009,False
036011,Prenzlauer Berg Nordwest,Pankow,residents,Regionalbahn,1.3,729,27979.0,0,21.0971,17.4652,23.8787,20.9122,0.9053,0.0115,False
036011,Prenzlauer Berg Nordwest,Pankow,residents,Regionalbahn,1.4,729,27979.0,0,19.5902,16.2177,22.1731,19.4185,0.8452,0.0,False
036011,Prenzlauer Berg Nordwest,Pankow,residents,S- or U-Bahn,1.0,729,27979.0,0,9.9028,7.3645,12.1989,9.9146,0.0737,0.0,False
036011,Prenzlauer Berg Nordwest,Pankow,residents,S- or U-Bahn,1.3,729,27979.0,0,7.6175,5.665,9.3838,7.6266,0.0,0.0,False
036011,Prenzlauer Berg Nordwest,Pankow,residents,S- or U-Bahn,1.4,729,27979.0,0,7.0734,5.2604,8.7135,7.0818,0.0,0.0,False
036012,Prenzlauer Berg Nord,Pankow,residents,S-Bahn,1.0,511,28131.0,0,10.729,7.6001,13.9256,11.2627,0.2243,0.0,False
036012,Prenzlauer Berg Nord,Pankow,residents,S-Bahn,1.3,511,28131.0,0,8.2531,5.8462,10.712,8.6636,0.0516,0.0,False
036012,Prenzlauer Berg Nord,Pankow,residents,S-Bahn,1.4,511,28131.0,0,7.6636,5.4287,9.9469,8.0448,0.0162,0.0,False
036012,Prenzlauer Berg Nord,Pankow,residents,U-Bahn,1.0,511,28131.0,0,23.355,14.853,33.6931,24.143,0.7492,0.3619,False
036012,Prenzlauer Berg Nord,Pankow,residents,U-Bahn,1.3,511,28131.0,0,17.9654,11.4254,25.9178,18.5715,0.6488,0.076,False
036012,Prenzlauer Berg Nord,Pankow,residents,U-Bahn,1.4,511,28131.0,0,16.6821,10.6093,24.0665,17.245,0.59,0.0257,False
036012,Prenzlauer Berg Nord,Pankow,residents,Tram,1.0,511,28131.0,0,5.2224,3.7369,7.1996,5.6295,0.0,0.0,False
036012,Prenzlauer Berg Nord,Pankow,residents,Tram,1.3,511,28131.0,0,4.0172,2.8745,5.5381,4.3304,0.0,0.0,False
036012,Prenzlauer Berg Nord,Pankow,residents,Tram,1.4,511,28131.0,0,3.7303,2.6692,5.1426,4.0211,0.0,0.0,False
036012,Prenzlauer Berg Nord,Pankow,residents,Bus,1.0,511,28131.0,0,5.3719,3.7426,7.1788,5.4654,0.0,0.0,False
036012,Prenzlauer Berg Nord,Pankow,residents,Bus,1.3,511,28131.0,0,4.1322,2.8789,5.5222,4.2041,0.0,0.0,False
036012,Prenzlauer Berg Nord,Pankow,residents,Bus,1.4,511,28131.0,0,3.837,2.6733,5.1277,3.9038,0.0,0.0,False
036012,Prenzlauer Berg Nord,Pankow,residents,Regionalbahn,1.0,511,28131.0,0,50.9614,42.4309,61.2995,51.6098,1.0,1.0,False
036012,Prenzlauer Berg Nord,Pankow,residents,Regionalbahn,1.3,511,28131.0,0,39.2011,32.6392,47.1535,39.6999,1.0,0.8164,False
036012,Prenzlauer Berg Nord,Pankow,residents,Regionalbahn,1.4,511,28131.0,0,36.401,30.3078,43.7854,36.8642,1.0,0.7683,False
036012,Prenzlauer Berg Nord,Pankow,residents,S- or U-Bahn,1.0,511,28131.0,0,10.7017,7.5228,13.9256,11.2505,0.2243,0.0,False
036012,Prenzlauer Berg Nord,Pankow,residents,S- or U-Bahn,1.3,511,28131.0,0,8.2321,5.7868,10.712,8.6543,0.0516,0.0,False
036012,Prenzlauer Berg Nord,Pankow,residents,S- or U-Bahn,1.4,511,28131.0,0,7.6441,5.3734,9.9469,8.0361,0.0162,0.0,False
036013,Helmholtzplatz,Pankow,residents,S-Bahn,1.0,717,22833.0,0,11.91,9.0206,15.0716,11.9771,0.256,0.0,False
036013,Helmholtzplatz,Pankow,residents,S-Bahn,1.3,717,22833.0,0,9.1616,6.9389,11.5936,9.2132,0.0531,0.0,False
036013,Helmholtzplatz,Pankow,residents,S-Bahn,1.4,717,22833.0,0,8.5072,6.4433,10.7654,8.5551,0.0021,0.0,False
036013,Helmholtzplatz,Pankow,residents,U-Bahn,1.0,717,22833.0,0,12.3013,8.9962,16.5285,12.7641,0.3518,0.0,False
036013,Helmholtzplatz,Pankow,residents,U-Bahn,1.3,717,22833.0,0,9.4626,6.9202,12.7143,9.8186,0.0986,0.0,False
036013,Helmholtzplatz,Pankow,residents,U-Bahn,1.4,717,22833.0,0,8.7867,6.4259,11.8061,9.1172,0.0422,0.0,False
036013,Helmholtzplatz,Pankow,residents,Tram,1.0,717,22833.0,0,4.5397,3.1779,5.8996,4.5977,0.0,0.0,False
036013,Helmholtzplatz,Pankow,residents,Tram,1.3,717,22833.0,0,3.4921,2.4446,4.5381,3.5367,0.0,0.0,False
036013,Helmholtzplatz,Pankow,residents,Tram,1.4,717,22833.0,0,3.2426,2.27,4.214,3.2841,0.0,0.0,False
036013,Helmholtzplatz,Pankow,residents,Bus,1.0,717,22833.0,0,8.8729,6.1594,11.4124,8.6497,0.0024,0.0,False
036013,Helmholtzplatz,Pankow,residents,Bus,1.3,717,22833.0,0,6.8253,4.738,8.7787,6.6536,0.0,0.0,False
036013,Helmholtzplatz,Pankow,residents,Bus,1.4,717,22833.0,0,6.3378,4.3996,8.1517,6.1783,0.0,0.0,False
036013,Helmholtzplatz,Pankow,residents,Regionalbahn,1.0,717,22833.0,0,43.2356,39.7705,47.0861,43.1767,1.0,1.0,False
036013,Helmholtzplatz,Pankow,residents,Regionalbahn,1.3,717,22833.0,0,33.2582,30.5927,36.2201,33.2129,1.0,0.7772,False
036013,Helmholtzplatz,Pankow,residents,Regionalbahn,1.4,717,22833.0,0,30.8826,28.4075,33.6329,30.8405,1.0,0.6096,False
036013,Helmholtzplatz,Pankow,residents,S- or U-Bahn,1.0,717,22833.0,0,9.7089,7.2269,11.8056,9.4854,0.0003,0.0,False
036013,Helmholtzplatz,Pankow,residents,S- or U-Bahn,1.3,717,22833.0,0,7.4684,5.5591,9.0812,7.2965,0.0,0.0,False
036013,Helmholtzplatz,Pankow,residents,S- or U-Bahn,1.4,717,22833.0,0,6.9349,5.162,8.4326,6.7753,0.0,0.0,False
036014,Prenzlauer Berg Ost,Pankow,residents,S-Bahn,1.0,1119,30034.0,0,14.4763,11.1302,18.105,15.0884,0.4506,0.017,False
036014,Prenzlauer Berg Ost,Pankow,residents,S-Bahn,1.3,1119,30034.0,0,11.1356,8.5617,13.9269,11.6064,0.1864,0.0084,False
036014,Prenzlauer Berg Ost,Pankow,residents,S-Bahn,1.4,1119,30034.0,0,10.3402,7.9501,12.9322,10.7774,0.1363,0.0057,False
036014,Prenzlauer Berg Ost,Pankow,residents,U-Bahn,1.0,1119,30034.0,0,39.1842,31.7966,47.5652,38.8813,0.9834,0.808,False
036014,Prenzlauer Berg Ost,Pankow,residents,U-Bahn,1.3,1119,30034.0,0,30.1417,24.4589,36.5886,29.9087,0.9252,0.5026,False
036014,Prenzlauer Berg Ost,Pankow,residents,U-Bahn,1.4,1119,30034.0,0,27.9887,22.7119,33.9751,27.7724,0.9064,0.4291,False
036014,Prenzlauer Berg Ost,Pankow,residents,Tram,1.0,1119,30034.0,0,6.9441,4.6087,10.7224,8.1023,0.1121,0.0,False
036014,Prenzlauer Berg Ost,Pankow,residents,Tram,1.3,1119,30034.0,0,5.3416,3.5451,8.248,6.2326,0.0166,0.0,False
036014,Prenzlauer Berg Ost,Pankow,residents,Tram,1.4,1119,30034.0,0,4.96,3.2919,7.6589,5.7874,0.0099,0.0,False
036014,Prenzlauer Berg Ost,Pankow,residents,Bus,1.0,1119,30034.0,0,6.3305,4.288,8.9906,6.7935,0.011,0.0,False
036014,Prenzlauer Berg Ost,Pankow,residents,Bus,1.3,1119,30034.0,0,4.8696,3.2985,6.9159,5.2258,0.0084,0.0,False
036014,Prenzlauer Berg Ost,Pankow,residents,Bus,1.4,1119,30034.0,0,4.5218,3.0629,6.4219,4.8525,0.0045,0.0,False
036014,Prenzlauer Berg Ost,Pankow,residents,Regionalbahn,1.0,1119,30034.0,0,61.5868,50.8722,71.4731,61.3359,1.0,1.0,False
036014,Prenzlauer Berg Ost,Pankow,residents,Regionalbahn,1.3,1119,30034.0,0,47.3745,39.1325,54.9793,47.1815,1.0,0.9983,False
036014,Prenzlauer Berg Ost,Pankow,residents,Regionalbahn,1.4,1119,30034.0,0,43.9906,36.3373,51.0522,43.8114,1.0,0.9616,False
036014,Prenzlauer Berg Ost,Pankow,residents,S- or U-Bahn,1.0,1119,30034.0,0,14.3279,11.1302,18.105,15.0858,0.4491,0.017,False
036014,Prenzlauer Berg Ost,Pankow,residents,S- or U-Bahn,1.3,1119,30034.0,0,11.0215,8.5617,13.9269,11.6044,0.1864,0.0084,False
036014,Prenzlauer Berg Ost,Pankow,residents,S- or U-Bahn,1.4,1119,30034.0,0,10.2342,7.9501,12.9322,10.7756,0.1363,0.0057,False
037015,Prenzlauer Berg Südwest,Pankow,residents,S-Bahn,1.0,1228,27135.0,0,23.8851,20.7,26.7078,23.614,0.9843,0.0281,False
037015,Prenzlauer Berg Südwest,Pankow,residents,S-Bahn,1.3,1228,27135.0,0,18.3732,15.9231,20.5445,18.1646,0.8631,0.0,False
037015,Prenzlauer Berg Südwest,Pankow,residents,S-Bahn,1.4,1228,27135.0,0,17.0608,14.7857,19.077,16.8671,0.7302,0.0,False
037015,Prenzlauer Berg Südwest,Pankow,residents,U-Bahn,1.0,1228,27135.0,0,9.1518,6.6836,12.0589,9.4568,0.085,0.0,False
037015,Prenzlauer Berg Südwest,Pankow,residents,U-Bahn,1.3,1228,27135.0,0,7.0399,5.1412,9.2761,7.2745,0.0005,0.0,False
037015,Prenzlauer Berg Südwest,Pankow,residents,U-Bahn,1.4,1228,27135.0,0,6.537,4.774,8.6135,6.7549,0.0,0.0,False
037015,Prenzlauer Berg Südwest,Pankow,residents,Tram,1.0,1228,27135.0,0,6.3889,4.4046,8.7459,6.7259,0.0007,0.0,False
037015,Prenzlauer Berg Südwest,Pankow,residents,Tram,1.3,1228,27135.0,0,4.9145,3.3881,6.7276,5.1737,0.0,0.0,False
037015,Prenzlauer Berg Südwest,Pankow,residents,Tram,1.4,1228,27135.0,0,4.5635,3.1461,6.2471,4.8042,0.0,0.0,False
037015,Prenzlauer Berg Südwest,Pankow,residents,Bus,1.0,1228,27135.0,0,6.0981,4.0682,8.4033,6.6227,0.0103,0.0,False
037015,Prenzlauer Berg Südwest,Pankow,residents,Bus,1.3,1228,27135.0,0,4.6908,3.1294,6.4641,5.0944,0.0,0.0,False
037015,Prenzlauer Berg Südwest,Pankow,residents,Bus,1.4,1228,27135.0,0,4.3558,2.9059,6.0024,4.7305,0.0,0.0,False
037015,Prenzlauer Berg Südwest,Pankow,residents,Regionalbahn,1.0,1228,27135.0,0,46.8807,42.054,51.5702,46.2333,1.0,1.0,False
037015,Prenzlauer Berg Südwest,Pankow,residents,Regionalbahn,1.3,1228,27135.0,0,36.0621,32.3492,39.6694,35.5641,1.0,0.8512,False
037015,Prenzlauer Berg Südwest,Pankow,residents,Regionalbahn,1.4,1228,27135.0,0,33.4862,30.0386,36.8358,33.0238,1.0,0.7526,False
037015,Prenzlauer Berg Südwest,Pankow,residents,S- or U-Bahn,1.0,1228,27135.0,0,9.1518,6.6836,12.0589,9.3787,0.0706,0.0,False
037015,Prenzlauer Berg Südwest,Pankow,residents,S- or U-Bahn,1.3,1228,27135.0,0,7.0399,5.1412,9.2761,7.2144,0.0,0.0,False
037015,Prenzlauer Berg Südwest,Pankow,residents,S- or U-Bahn,1.4,1228,27135.0,0,6.537,4.774,8.6135,6.6991,0.0,0.0,False
037016,Prenzlauer Berg Süd,Pankow,residents,S-Bahn,1.0,954,33744.0,0,22.0002,18.109,25.7942,21.4979,0.8835,0.0095,False
037016,Prenzlauer Berg Süd,Pankow,residents,S-Bahn,1.3,954,33744.0,0,16.9232,13.93,19.8417,16.5369,0.6457,0.0,False
037016,Prenzlauer Berg Süd,Pankow,residents,S-Bahn,1.4,954,33744.0,0,15.7144,12.935,18.4244,15.3557,0.5588,0.0,False
037016,Prenzlauer Berg Süd,Pankow,residents,U-Bahn,1.0,954,33744.0,0,24.3309,19.7095,28.6027,23.9482,0.9248,0.1765,False
037016,Prenzlauer Berg Süd,Pankow,residents,U-Bahn,1.3,954,33744.0,0,18.7161,15.1612,22.0021,18.4217,0.7603,0.0,False
037016,Prenzlauer Berg Süd,Pankow,residents,U-Bahn,1.4,954,33744.0,0,17.3792,14.0782,20.4305,17.1058,0.6524,0.0,False
037016,Prenzlauer Berg Süd,Pankow,residents,Tram,1.0,954,33744.0,0,4.9975,3.336,6.4774,5.0306,0.0,0.0,False
037016,Prenzlauer Berg Süd,Pankow,residents,Tram,1.3,954,33744.0,0,3.8442,2.5661,4.9826,3.8697,0.0,0.0,False
037016,Prenzlauer Berg Süd,Pankow,residents,Tram,1.4,954,33744.0,0,3.5696,2.3828,4.6267,3.5933,0.0,0.0,False
037016,Prenzlauer Berg Süd,Pankow,residents,Bus,1.0,954,33744.0,0,10.9133,7.0903,14.5157,10.5608,0.2044,0.0,False
037016,Prenzlauer Berg Süd,Pankow,residents,Bus,1.3,954,33744.0,0,8.3948,5.4541,11.1659,8.1237,0.0049,0.0,False
037016,Prenzlauer Berg Süd,Pankow,residents,Bus,1.4,954,33744.0,0,7.7952,5.0645,10.3683,7.5434,0.0,0.0,False
037016,Prenzlauer Berg Süd,Pankow,residents,Regionalbahn,1.0,954,33744.0,0,54.6053,49.3639,57.497,53.5438,1.0,1.0,False
037016,Prenzlauer Berg Süd,Pankow,residents,Regionalbahn,1.3,954,33744.0,0,42.0041,37.9722,44.2285,41.1875,1.0,1.0,False
037016,Prenzlauer Berg Süd,Pankow,residents,Regionalbahn,1.4,954,33744.0,0,39.0038,35.2599,41.0693,38.2456,1.0,0.9986,False
037016,Prenzlauer Berg Süd,Pankow,residents,S- or U-Bahn,1.0,954,33744.0,0,18.8674,15.7933,21.9668,18.8988,0.8082,0.0,False
037016,Prenzlauer Berg Süd,Pankow,residents,S- or U-Bahn,1.3,954,33744.0,0,14.5134,12.1487,16.8975,14.5376,0.4377,0.0,False
037016,Prenzlauer Berg Süd,Pankow,residents,S- or U-Bahn,1.4,954,33744.0,0,13.4767,11.2809,15.6906,13.4992,0.3144,0.0,False
041001,Charlottenburg Nord,Charlottenburg-Wilmersdorf,residents,S-Bahn,1.0,1146,19636.0,0,25.7574,21.9832,31.3864,27.3117,0.9764,0.3039,False
041001,Charlottenburg Nord,Charlottenburg-Wilmersdorf,residents,S-Bahn,1.3,1146,19636.0,0,19.8134,16.9101,24.1434,21.009,0.8899,0.0824,False
041001,Charlottenburg Nord,Charlottenburg-Wilmersdorf,residents,S-Bahn,1.4,1146,19636.0,0,18.3982,15.7023,22.4189,19.5084,0.8338,0.0405,False
041001,Charlottenburg Nord,Charlottenburg-Wilmersdorf,residents,U-Bahn,1.0,1146,19636.0,0,15.2817,8.7162,21.6875,17.5499,0.5053,0.173,False
041001,Charlottenburg Nord,Charlottenburg-Wilmersdorf,residents,U-Bahn,1.3,1146,19636.0,0,11.7551,6.7048,16.6827,13.4999,0.2803,0.0794,False
041001,Charlottenburg Nord,Charlottenburg-Wilmersdorf,residents,U-Bahn,1.4,1146,19636.0,0,10.9155,6.2259,15.4911,12.5356,0.2537,0.0577,False
041001,Charlottenburg Nord,Charlottenburg-Wilmersdorf,residents,Tram,1.0,1146,19636.0,0,56.9737,50.8395,70.0901,57.7227,1.0,0.9673,False
041001,Charlottenburg Nord,Charlottenburg-Wilmersdorf,residents,Tram,1.3,1146,19636.0,0,43.8259,39.1073,53.9154,44.4021,1.0,0.8517,False
041001,Charlottenburg Nord,Charlottenburg-Wilmersdorf,residents,Tram,1.4,1146,19636.0,0,40.6955,36.3139,50.0643,41.2305,0.9998,0.8275,False
041001,Charlottenburg Nord,Charlottenburg-Wilmersdorf,residents,Bus,1.0,1146,19636.0,0,4.3332,2.8733,6.5211,5.1457,0.0136,0.0001,False
041001,Charlottenburg Nord,Charlottenburg-Wilmersdorf,residents,Bus,1.3,1146,19636.0,0,3.3332,2.2102,5.0162,3.9582,0.0085,0.0,False
041001,Charlottenburg Nord,Charlottenburg-Wilmersdorf,residents,Bus,1.4,1146,19636.0,0,3.0951,2.0523,4.6579,3.6755,0.0037,0.0,False
041001,Charlottenburg Nord,Charlottenburg-Wilmersdorf,residents,Regionalbahn,1.0,1146,19636.0,0,28.5371,24.2137,39.7444,32.5186,0.9889,0.4514,False
041001,Charlottenburg Nord,Charlottenburg-Wilmersdorf,residents,Regionalbahn,1.3,1146,19636.0,0,21.9516,18.626,30.5726,25.0143,0.9298,0.2756,False
041001,Charlottenburg Nord,Charlottenburg-Wilmersdorf,residents,Regionalbahn,1.4,1146,19636.0,0,20.3837,17.2955,28.3889,23.2276,0.8877,0.1776,False
041001,Charlottenburg Nord,Charlottenburg-Wilmersdorf,residents,S- or U-Bahn,1.0,1146,19636.0,0,15.0005,8.7162,19.8081,15.1425,0.5013,0.045,False
041001,Charlottenburg Nord,Charlottenburg-Wilmersdorf,residents,S- or U-Bahn,1.3,1146,19636.0,0,11.5388,6.7048,15.237,11.6481,0.261,0.0002,False
041001,Charlottenburg Nord,Charlottenburg-Wilmersdorf,residents,S- or U-Bahn,1.4,1146,19636.0,0,10.7146,6.2259,14.1487,10.816,0.2288,0.0002,False
042002,Heerstraße,Charlottenburg-Wilmersdorf,residents,S-Bahn,1.0,2154,13382.0,0,14.233,9.6013,17.835,15.4378,0.4222,0.0756,False
042002,Heerstraße,Charlottenburg-Wilmersdorf,residents,S-Bahn,1.3,2154,13382.0,0,10.9485,7.3856,13.7192,11.8752,0.2053,0.0163,False
042002,Heerstraße,Charlottenburg-Wilmersdorf,residents,S-Bahn,1.4,2154,13382.0,0,10.1665,6.8581,12.7393,11.027,0.1859,0.0101,False
042002,Heerstraße,Charlottenburg-Wilmersdorf,residents,U-Bahn,1.0,2154,13382.0,0,38.8213,28.5866,44.4995,37.266,0.9487,0.7202,False
042002,Heerstraße,Charlottenburg-Wilmersdorf,residents,U-Bahn,1.3,2154,13382.0,0,29.8625,21.9897,34.2304,28.6661,0.9241,0.4936,False
042002,Heerstraße,Charlottenburg-Wilmersdorf,residents,U-Bahn,1.4,2154,13382.0,0,27.7295,20.419,31.7853,26.6186,0.9146,0.3449,False
042002,Heerstraße,Charlottenburg-Wilmersdorf,residents,Tram,1.0,2154,13382.0,0,135.8835,124.5133,152.0159,138.2112,1.0,1.0,False
042002,Heerstraße,Charlottenburg-Wilmersdorf,residents,Tram,1.3,2154,13382.0,0,104.5258,95.7795,116.9353,106.3163,1.0,1.0,False
042002,Heerstraße,Charlottenburg-Wilmersdorf,residents,Tram,1.4,2154,13382.0,0,97.0596,88.9381,108.5828,98.7223,1.0,1.0,False
042002,Heerstraße,Charlottenburg-Wilmersdorf,residents,Bus,1.0,2154,13382.0,0,7.4463,5.5181,9.3704,8.2283,0.0914,0.0046,False
042002,Heerstraße,Charlottenburg-Wilmersdorf,residents,Bus,1.3,2154,13382.0,0,5.728,4.2447,7.208,6.3295,0.0258,0.0002,False
042002,Heerstraße,Charlottenburg-Wilmersdorf,residents,Bus,1.4,2154,13382.0,0,5.3188,3.9415,6.6931,5.8774,0.0209,0.0,False
042002,Heerstraße,Charlottenburg-Wilmersdorf,residents,Regionalbahn,1.0,2154,13382.0,0,77.0649,68.7607,82.002,75.7058,1.0,1.0,False
042002,Heerstraße,Charlottenburg-Wilmersdorf,residents,Regionalbahn,1.3,2154,13382.0,0,59.2807,52.8929,63.0784,58.2352,1.0,1.0,False
042002,Heerstraße,Charlottenburg-Wilmersdorf,residents,Regionalbahn,1.4,2154,13382.0,0,55.0464,49.1148,58.5728,54.0756,1.0,1.0,False
042002,Heerstraße,Charlottenburg-Wilmersdorf,residents,S- or U-Bahn,1.0,2154,13382.0,0,13.2816,9.2449,16.8776,14.0252,0.3731,0.0322,False
042002,Heerstraße,Charlottenburg-Wilmersdorf,residents,S- or U-Bahn,1.3,2154,13382.0,0,10.2166,7.1114,12.9828,10.7886,0.1414,0.0076,False
042002,Heerstraße,Charlottenburg-Wilmersdorf,residents,S- or U-Bahn,1.4,2154,13382.0,0,9.4869,6.6035,12.0554,10.018,0.1212,0.007,False
042003,Westend,Charlottenburg-Wilmersdorf,residents,S-Bahn,1.0,1631,28038.0,0,20.5267,14.7751,25.7938,20.4566,0.7415,0.0884,False
042003,Westend,Charlottenburg-Wilmersdorf,residents,S-Bahn,1.3,1631,28038.0,0,15.7898,11.3655,19.8414,15.7358,0.5297,0.0017,False
042003,Westend,Charlottenburg-Wilmersdorf,residents,S-Bahn,1.4,1631,28038.0,0,14.6619,10.5537,18.4241,14.6119,0.4695,0.0013,False
042003,Westend,Charlottenburg-Wilmersdorf,residents,U-Bahn,1.0,1631,28038.0,0,12.3528,8.3909,16.4084,13.694,0.3297,0.0619,False
042003,Westend,Charlottenburg-Wilmersdorf,residents,U-Bahn,1.3,1631,28038.0,0,9.5022,6.4545,12.6218,10.5338,0.1352,0.0184,False
042003,Westend,Charlottenburg-Wilmersdorf,residents,U-Bahn,1.4,1631,28038.0,0,8.8235,5.9935,11.7203,9.7814,0.1137,0.0,False
042003,Westend,Charlottenburg-Wilmersdorf,residents,Tram,1.0,1631,28038.0,0,101.9406,93.1918,106.6606,100.2008,1.0,1.0,False
042003,Westend,Charlottenburg-Wilmersdorf,residents,Tram,1.3,1631,28038.0,0,78.4158,71.686,82.0467,77.0775,1.0,1.0,False
042003,Westend,Charlottenburg-Wilmersdorf,residents,Tram,1.4,1631,28038.0,0,72.8147,66.5655,76.1862,71.572,1.0,1.0,False
042003,Westend,Charlottenburg-Wilmersdorf,residents,Bus,1.0,1631,28038.0,0,4.2981,2.796,6.4556,5.1675,0.01,0.0,False
042003,Westend,Charlottenburg-Wilmersdorf,residents,Bus,1.3,1631,28038.0,0,3.3062,2.1508,4.9659,3.975,0.0008,0.0,False
042003,Westend,Charlottenburg-Wilmersdorf,residents,Bus,1.4,1631,28038.0,0,3.0701,1.9971,4.6112,3.6911,0.0,0.0,False
042003,Westend,Charlottenburg-Wilmersdorf,residents,Regionalbahn,1.0,1631,28038.0,0,54.0319,47.004,62.1425,53.9091,1.0,0.9977,False
042003,Westend,Charlottenburg-Wilmersdorf,residents,Regionalbahn,1.3,1631,28038.0,0,41.563,36.1569,47.8019,41.4685,1.0,0.8962,False
042003,Westend,Charlottenburg-Wilmersdorf,residents,Regionalbahn,1.4,1631,28038.0,0,38.5942,33.5743,44.3875,38.5065,1.0,0.8517,False
042003,Westend,Charlottenburg-Wilmersdorf,residents,S- or U-Bahn,1.0,1631,28038.0,0,11.1596,7.8656,13.6046,10.8715,0.1535,0.0004,False
042003,Westend,Charlottenburg-Wilmersdorf,residents,S- or U-Bahn,1.3,1631,28038.0,0,8.5843,6.0504,10.4651,8.3627,0.0075,0.0,False
042003,Westend,Charlottenburg-Wilmersdorf,residents,S- or U-Bahn,1.4,1631,28038.0,0,7.9712,5.6183,9.7175,7.7654,0.006,0.0,False
043004,Schloss Charlottenburg,Charlottenburg-Wilmersdorf,residents,S-Bahn,1.0,1332,43154.0,0,14.3908,10.7913,17.5997,14.1127,0.4525,0.0,False
043004,Schloss Charlottenburg,Charlottenburg-Wilmersdorf,residents,S-Bahn,1.3,1332,43154.0,0,11.0699,8.301,13.5382,10.8559,0.1311,0.0,False
043004,Schloss Charlottenburg,Charlottenburg-Wilmersdorf,residents,S-Bahn,1.4,1332,43154.0,0,10.2792,7.7081,12.5712,10.0805,0.0636,0.0,False
043004,Schloss Charlottenburg,Charlottenburg-Wilmersdorf,residents,U-Bahn,1.0,1332,43154.0,0,11.6919,8.5691,16.1565,12.9748,0.3132,0.009,False
043004,Schloss Charlottenburg,Charlottenburg-Wilmersdorf,residents,U-Bahn,1.3,1332,43154.0,0,8.9938,6.5916,12.428,9.9806,0.1436,0.0,False
043004,Schloss Charlottenburg,Charlottenburg-Wilmersdorf,residents,U-Bahn,1.4,1332,43154.0,0,8.3514,6.1208,11.5403,9.2677,0.1201,0.0,False
043004,Schloss Charlottenburg,Charlottenburg-Wilmersdorf,residents,Tram,1.0,1332,43154.0,0,70.4044,66.1942,74.8341,70.6375,1.0,1.0,False
043004,Schloss Charlottenburg,Charlottenburg-Wilmersdorf,residents,Tram,1.3,1332,43154.0,0,54.1573,50.9187,57.5647,54.3366,1.0,1.0,False
043004,Schloss Charlottenburg,Charlottenburg-Wilmersdorf,residents,Tram,1.4,1332,43154.0,0,50.2889,47.2816,53.4529,50.4554,1.0,1.0,False
043004,Schloss Charlottenburg,Charlottenburg-Wilmersdorf,residents,Bus,1.0,1332,43154.0,0,4.3349,2.8991,6.3725,4.8291,0.0,0.0,False
043004,Schloss Charlottenburg,Charlottenburg-Wilmersdorf,residents,Bus,1.3,1332,43154.0,0,3.3346,2.2301,4.9019,3.7147,0.0,0.0,False
043004,Schloss Charlottenburg,Charlottenburg-Wilmersdorf,residents,Bus,1.4,1332,43154.0,0,3.0964,2.0708,4.5518,3.4494,0.0,0.0,False
043004,Schloss Charlottenburg,Charlottenburg-Wilmersdorf,residents,Regionalbahn,1.0,1332,43154.0,0,24.4046,16.8214,29.0262,23.1586,0.8074,0.2096,False
043004,Schloss Charlottenburg,Charlottenburg-Wilmersdorf,residents,Regionalbahn,1.3,1332,43154.0,0,18.7728,12.9396,22.3279,17.8143,0.6722,0.0004,False
043004,Schloss Charlottenburg,Charlottenburg-Wilmersdorf,residents,Regionalbahn,1.4,1332,43154.0,0,17.4319,12.0153,20.733,16.5418,0.6211,0.0002,False
043004,Schloss Charlottenburg,Charlottenburg-Wilmersdorf,residents,S- or U-Bahn,1.0,1332,43154.0,0,9.881,7.4964,12.9849,10.1538,0.0902,0.0,False
043004,Schloss Charlottenburg,Charlottenburg-Wilmersdorf,residents,S- or U-Bahn,1.3,1332,43154.0,0,7.6007,5.7665,9.9884,7.8106,0.0097,0.0,False
043004,Schloss Charlottenburg,Charlottenburg-Wilmersdorf,residents,S- or U-Bahn,1.4,1332,43154.0,0,7.0578,5.3546,9.2749,7.2527,0.0059,0.0,False
043005,Mierendorffplatz,Charlottenburg-Wilmersdorf,residents,S-Bahn,1.0,474,16112.0,0,15.5082,10.8339,20.6613,16.2317,0.5192,0.0495,False
043005,Mierendorffplatz,Charlottenburg-Wilmersdorf,residents,S-Bahn,1.3,474,16112.0,0,11.9294,8.3338,15.8933,12.4859,0.2986,0.0,False
043005,Mierendorffplatz,Charlottenburg-Wilmersdorf,residents,S-Bahn,1.4,474,16112.0,0,11.0773,7.7385,14.758,11.594,0.2282,0.0,False
043005,Mierendorffplatz,Charlottenburg-Wilmersdorf,residents,U-Bahn,1.0,474,16112.0,0,7.7861,5.7333,11.0791,8.5766,0.0679,0.0,False
043005,Mierendorffplatz,Charlottenburg-Wilmersdorf,residents,U-Bahn,1.3,474,16112.0,0,5.9893,4.4102,8.5224,6.5974,0.0171,0.0,False
043005,Mierendorffplatz,Charlottenburg-Wilmersdorf,residents,U-Bahn,1.4,474,16112.0,0,5.5615,4.0952,7.9136,6.1261,0.0084,0.0,False
043005,Mierendorffplatz,Charlottenburg-Wilmersdorf,residents,Tram,1.0,474,16112.0,0,47.5582,43.0495,50.7282,46.9073,1.0,1.0,False
043005,Mierendorffplatz,Charlottenburg-Wilmersdorf,residents,Tram,1.3,474,16112.0,0,36.5832,33.115,39.0217,36.0826,1.0,0.9004,False
043005,Mierendorffplatz,Charlottenburg-Wilmersdorf,residents,Tram,1.4,474,16112.0,0,33.9701,30.7496,36.2344,33.5052,1.0,0.8168,False
043005,Mierendorffplatz,Charlottenburg-Wilmersdorf,residents,Bus,1.0,474,16112.0,0,3.9666,3.0936,4.9516,4.4401,0.0,0.0,False
043005,Mierendorffplatz,Charlottenburg-Wilmersdorf,residents,Bus,1.3,474,16112.0,0,3.0512,2.3797,3.8089,3.4155,0.0,0.0,False
043005,Mierendorffplatz,Charlottenburg-Wilmersdorf,residents,Bus,1.4,474,16112.0,0,2.8333,2.2097,3.5368,3.1715,0.0,0.0,False
043005,Mierendorffplatz,Charlottenburg-Wilmersdorf,residents,Regionalbahn,1.0,474,16112.0,0,14.9724,10.0176,19.845,15.5238,0.4985,0.0473,False
043005,Mierendorffplatz,Charlottenburg-Wilmersdorf,residents,Regionalbahn,1.3,474,16112.0,0,11.5172,7.7059,15.2654,11.9414,0.2582,0.0,False
043005,Mierendorffplatz,Charlottenburg-Wilmersdorf,residents,Regionalbahn,1.4,474,16112.0,0,10.6945,7.1554,14.175,11.0885,0.2126,0.0,False
043005,Mierendorffplatz,Charlottenburg-Wilmersdorf,residents,S- or U-Bahn,1.0,474,16112.0,0,7.7533,5.7333,11.0791,8.5525,0.064,0.0,False
043005,Mierendorffplatz,Charlottenburg-Wilmersdorf,residents,S- or U-Bahn,1.3,474,16112.0,0,5.9641,4.4102,8.5224,6.5788,0.0171,0.0,False
043005,Mierendorffplatz,Charlottenburg-Wilmersdorf,residents,S- or U-Bahn,1.4,474,16112.0,0,5.5381,4.0952,7.9136,6.1089,0.0084,0.0,False
043006,Otto-Suhr-Allee/Kantstraße,Charlottenburg-Wilmersdorf,residents,S-Bahn,1.0,1828,50943.0,0,18.4757,11.5504,24.9686,18.3334,0.5949,0.0723,False
043006,Otto-Suhr-Allee/Kantstraße,Charlottenburg-Wilmersdorf,residents,S-Bahn,1.3,1828,50943.0,0,14.2121,8.8849,19.2066,14.1026,0.4689,0.0,False
043006,Otto-Suhr-Allee/Kantstraße,Charlottenburg-Wilmersdorf,residents,S-Bahn,1.4,1828,50943.0,0,13.1969,8.2503,17.8347,13.0953,0.4337,0.0,False
043006,Otto-Suhr-Allee/Kantstraße,Charlottenburg-Wilmersdorf,residents,U-Bahn,1.0,1828,50943.0,0,8.1154,5.4103,11.5161,9.0832,0.1205,0.0002,False
043006,Otto-Suhr-Allee/Kantstraße,Charlottenburg-Wilmersdorf,residents,U-Bahn,1.3,1828,50943.0,0,6.2426,4.1617,8.8586,6.9871,0.0479,0.0,False
043006,Otto-Suhr-Allee/Kantstraße,Charlottenburg-Wilmersdorf,residents,U-Bahn,1.4,1828,50943.0,0,5.7967,3.8645,8.2258,6.488,0.0421,0.0,False
043006,Otto-Suhr-Allee/Kantstraße,Charlottenburg-Wilmersdorf,residents,Tram,1.0,1828,50943.0,0,50.1775,43.8708,54.7429,48.5511,1.0,0.9312,False
043006,Otto-Suhr-Allee/Kantstraße,Charlottenburg-Wilmersdorf,residents,Tram,1.3,1828,50943.0,0,38.5981,33.7468,42.1099,37.347,0.9973,0.836,False
043006,Otto-Suhr-Allee/Kantstraße,Charlottenburg-Wilmersdorf,residents,Tram,1.4,1828,50943.0,0,35.8411,31.3363,39.1021,34.6793,0.9955,0.8028,False
043006,Otto-Suhr-Allee/Kantstraße,Charlottenburg-Wilmersdorf,residents,Bus,1.0,1828,50943.0,0,3.8819,2.6675,5.1235,3.9892,0.0,0.0,False
043006,Otto-Suhr-Allee/Kantstraße,Charlottenburg-Wilmersdorf,residents,Bus,1.3,1828,50943.0,0,2.9861,2.0519,3.9411,3.0686,0.0,0.0,False
043006,Otto-Suhr-Allee/Kantstraße,Charlottenburg-Wilmersdorf,residents,Bus,1.4,1828,50943.0,0,2.7728,1.9054,3.6596,2.8494,0.0,0.0,False
043006,Otto-Suhr-Allee/Kantstraße,Charlottenburg-Wilmersdorf,residents,Regionalbahn,1.0,1828,50943.0,0,28.0844,22.3483,33.7784,28.4275,0.9251,0.3957,False
043006,Otto-Suhr-Allee/Kantstraße,Charlottenburg-Wilmersdorf,residents,Regionalbahn,1.3,1828,50943.0,0,21.6034,17.191,25.9834,21.8673,0.8248,0.1287,False
043006,Otto-Suhr-Allee/Kantstraße,Charlottenburg-Wilmersdorf,residents,Regionalbahn,1.4,1828,50943.0,0,20.0603,15.9631,24.1274,20.3054,0.7936,0.0958,False
043006,Otto-Suhr-Allee/Kantstraße,Charlottenburg-Wilmersdorf,residents,S- or U-Bahn,1.0,1828,50943.0,0,7.7653,5.2447,10.2719,8.5431,0.1006,0.0002,False
043006,Otto-Suhr-Allee/Kantstraße,Charlottenburg-Wilmersdorf,residents,S- or U-Bahn,1.3,1828,50943.0,0,5.9733,4.0344,7.9015,6.5716,0.0479,0.0,False
043006,Otto-Suhr-Allee/Kantstraße,Charlottenburg-Wilmersdorf,residents,S- or U-Bahn,1.4,1828,50943.0,0,5.5467,3.7462,7.3371,6.1022,0.0419,0.0,False
044007,Grunewald,Charlottenburg-Wilmersdorf,residents,S-Bahn,1.0,2651,19749.0,0,19.3761,13.7245,25.6593,20.0837,0.6859,0.1114,False
044007,Grunewald,Charlottenburg-Wilmersdorf,residents,S-Bahn,1.3,2651,19749.0,0,14.9047,10.5573,19.7379,15.449,0.4951,0.027,False
044007,Grunewald,Charlottenburg-Wilmersdorf,residents,S-Bahn,1.4,2651,19749.0,0,13.84,9.8032,18.3281,14.3455,0.4269,0.0201,False
044007,Grunewald,Charlottenburg-Wilmersdorf,residents,U-Bahn,1.0,2651,19749.0,0,36.0056,28.9692,44.5318,37.1672,1.0,0.7137,False
044007,Grunewald,Charlottenburg-Wilmersdorf,residents,U-Bahn,1.3,2651,19749.0,0,27.6966,22.284,34.2552,28.5901,0.9962,0.3747,False
044007,Grunewald,Charlottenburg-Wilmersdorf,residents,U-Bahn,1.4,2651,19749.0,0,25.7183,20.6923,31.8084,26.548,0.9886,0.3025,False
044007,Grunewald,Charlottenburg-Wilmersdorf,residents,Tram,1.0,2651,19749.0,0,116.1439,104.8618,125.9255,116.7126,1.0,1.0,False
044007,Grunewald,Charlottenburg-Wilmersdorf,residents,Tram,1.3,2651,19749.0,0,89.3415,80.6629,96.8657,89.7789,1.0,1.0,False
044007,Grunewald,Charlottenburg-Wilmersdorf,residents,Tram,1.4,2651,19749.0,0,82.96,74.9013,89.9468,83.3661,1.0,1.0,False
044007,Grunewald,Charlottenburg-Wilmersdorf,residents,Bus,1.0,2651,19749.0,0,4.6638,3.138,6.725,5.1713,0.0055,0.0,False
044007,Grunewald,Charlottenburg-Wilmersdorf,residents,Bus,1.3,2651,19749.0,0,3.5876,2.4139,5.1731,3.978,0.0,0.0,False
044007,Grunewald,Charlottenburg-Wilmersdorf,residents,Bus,1.4,2651,19749.0,0,3.3313,2.2415,4.8036,3.6938,0.0,0.0,False
044007,Grunewald,Charlottenburg-Wilmersdorf,residents,Regionalbahn,1.0,2651,19749.0,0,47.5143,37.5115,57.2897,48.3488,1.0,0.9804,False
044007,Grunewald,Charlottenburg-Wilmersdorf,residents,Regionalbahn,1.3,2651,19749.0,0,36.5495,28.855,44.069,37.1914,1.0,0.6981,False
044007,Grunewald,Charlottenburg-Wilmersdorf,residents,Regionalbahn,1.4,2651,19749.0,0,33.9388,26.7939,40.9212,34.5349,1.0,0.6115,False
044007,Grunewald,Charlottenburg-Wilmersdorf,residents,S- or U-Bahn,1.0,2651,19749.0,0,19.3761,13.7245,25.6593,19.7306,0.6859,0.1073,False
044007,Grunewald,Charlottenburg-Wilmersdorf,residents,S- or U-Bahn,1.3,2651,19749.0,0,14.9047,10.5573,19.7379,15.1774,0.4951,0.0,False
044007,Grunewald,Charlottenburg-Wilmersdorf,residents,S- or U-Bahn,1.4,2651,19749.0,0,13.84,9.8032,18.3281,14.0933,0.4269,0.0,False
044008,Schmargendorf,Charlottenburg-Wilmersdorf,residents,S-Bahn,1.0,1955,34212.0,0,21.3346,16.134,25.5262,21.2742,0.8022,0.119,False
044008,Schmargendorf,Charlottenburg-Wilmersdorf,residents,S-Bahn,1.3,1955,34212.0,0,16.4112,12.4107,19.6355,16.3648,0.6092,0.0169,False
044008,Schmargendorf,Charlottenburg-Wilmersdorf,residents,S-Bahn,1.4,1955,34212.0,0,15.239,11.5243,18.233,15.1959,0.5347,0.0073,False
044008,Schmargendorf,Charlottenburg-Wilmersdorf,residents,U-Bahn,1.0,1955,34212.0,0,14.5173,8.3809,22.7552,15.7941,0.4867,0.063,False
044008,Schmargendorf,Charlottenburg-Wilmersdorf,residents,U-Bahn,1.3,1955,34212.0,0,11.1672,6.4468,17.504,12.1493,0.3587,0.0,False
044008,Schmargendorf,Charlottenburg-Wilmersdorf,residents,U-Bahn,1.4,1955,34212.0,0,10.3695,5.9864,16.2537,11.2815,0.3111,0.0,False
044008,Schmargendorf,Charlottenburg-Wilmersdorf,residents,Tram,1.0,1955,34212.0,0,122.967,115.8873,126.6365,121.8534,1.0,1.0,False
044008,Schmargendorf,Charlottenburg-Wilmersdorf,residents,Tram,1.3,1955,34212.0,0,94.59,89.1441,97.4127,93.7333,1.0,1.0,False
044008,Schmargendorf,Charlottenburg-Wilmersdorf,residents,Tram,1.4,1955,34212.0,0,87.8336,82.7766,90.4546,87.0381,1.0,1.0,False
044008,Schmargendorf,Charlottenburg-Wilmersdorf,residents,Bus,1.0,1955,34212.0,0,4.1646,2.8004,5.9091,4.6336,0.0008,0.0,False
044008,Schmargendorf,Charlottenburg-Wilmersdorf,residents,Bus,1.3,1955,34212.0,0,3.2035,2.1542,4.5455,3.5643,0.0,0.0,False
044008,Schmargendorf,Charlottenburg-Wilmersdorf,residents,Bus,1.4,1955,34212.0,0,2.9747,2.0003,4.2208,3.3097,0.0,0.0,False
044008,Schmargendorf,Charlottenburg-Wilmersdorf,residents,Regionalbahn,1.0,1955,34212.0,0,65.4866,59.0973,69.5164,64.1981,1.0,1.0,False
044008,Schmargendorf,Charlottenburg-Wilmersdorf,residents,Regionalbahn,1.3,1955,34212.0,0,50.3743,45.4595,53.4742,49.3832,1.0,0.9981,False
044008,Schmargendorf,Charlottenburg-Wilmersdorf,residents,Regionalbahn,1.4,1955,34212.0,0,46.7761,42.2124,49.6546,45.8558,1.0,0.9926,False
044008,Schmargendorf,Charlottenburg-Wilmersdorf,residents,S- or U-Bahn,1.0,1955,34212.0,0,12.6256,8.2384,21.0565,14.726,0.4536,0.0219,False
044008,Schmargendorf,Charlottenburg-Wilmersdorf,residents,S- or U-Bahn,1.3,1955,34212.0,0,9.712,6.3372,16.1973,11.3277,0.311,0.0,False
044008,Schmargendorf,Charlottenburg-Wilmersdorf,residents,S- or U-Bahn,1.4,1955,34212.0,0,9.0183,5.8846,15.0404,10.5186,0.2535,0.0,False
045009,Halensee,Charlottenburg-Wilmersdorf,residents,S-Bahn,1.0,979,28376.0,0,12.9049,10.1399,15.8798,12.9715,0.3013,0.0,False
045009,Halensee,Charlottenburg-Wilmersdorf,residents,S-Bahn,1.3,979,28376.0,0,9.9268,7.7999,12.2152,9.9781,0.0485,0.0,False
045009,Halensee,Charlottenburg-Wilmersdorf,residents,S-Bahn,1.4,979,28376.0,0,9.2178,7.2428,11.3427,9.2654,0.0082,0.0,False
045009,Halensee,Charlottenburg-Wilmersdorf,residents,U-Bahn,1.0,979,28376.0,0,13.3825,8.4144,18.3186,13.7132,0.4372,0.0003,False
045009,Halensee,Charlottenburg-Wilmersdorf,residents,U-Bahn,1.3,979,28376.0,0,10.2942,6.4726,14.0912,10.5486,0.1911,0.0,False
045009,Halensee,Charlottenburg-Wilmersdorf,residents,U-Bahn,1.4,979,28376.0,0,9.5589,6.0103,13.0847,9.7951,0.1229,0.0,False
045009,Halensee,Charlottenburg-Wilmersdorf,residents,Tram,1.0,979,28376.0,0,84.9594,79.7413,90.3295,84.9568,1.0,1.0,False
045009,Halensee,Charlottenburg-Wilmersdorf,residents,Tram,1.3,979,28376.0,0,65.3534,61.3394,69.4842,65.3514,1.0,1.0,False
045009,Halensee,Charlottenburg-Wilmersdorf,residents,Tram,1.4,979,28376.0,0,60.6853,56.9581,64.5211,60.6834,1.0,1.0,False
045009,Halensee,Charlottenburg-Wilmersdorf,residents,Bus,1.0,979,28376.0,0,4.3529,3.0186,5.8984,4.5756,0.0,0.0,False
045009,Halensee,Charlottenburg-Wilmersdorf,residents,Bus,1.3,979,28376.0,0,3.3484,2.322,4.5373,3.5197,0.0,0.0,False
045009,Halensee,Charlottenburg-Wilmersdorf,residents,Bus,1.4,979,28376.0,0,3.1092,2.1561,4.2132,3.2683,0.0,0.0,False
045009,Halensee,Charlottenburg-Wilmersdorf,residents,Regionalbahn,1.0,979,28376.0,0,18.0002,11.7419,22.7937,17.6304,0.632,0.0386,False
045009,Halensee,Charlottenburg-Wilmersdorf,residents,Regionalbahn,1.3,979,28376.0,0,13.8463,9.0323,17.5337,13.5618,0.4019,0.0,False
045009,Halensee,Charlottenburg-Wilmersdorf,residents,Regionalbahn,1.4,979,28376.0,0,12.8573,8.3871,16.2812,12.5931,0.3241,0.0,False
045009,Halensee,Charlottenburg-Wilmersdorf,residents,S- or U-Bahn,1.0,979,28376.0,0,9.6637,7.3121,12.062,9.5389,0.0203,0.0,False
045009,Halensee,Charlottenburg-Wilmersdorf,residents,S- or U-Bahn,1.3,979,28376.0,0,7.4336,5.6247,9.2785,7.3377,0.0,0.0,False
045009,Halensee,Charlottenburg-Wilmersdorf,residents,S- or U-Bahn,1.4,979,28376.0,0,6.9027,5.2229,8.6157,6.8135,0.0,0.0,False
045010,Lietzenburger Straße,Charlottenburg-Wilmersdorf,residents,S-Bahn,1.0,1434,40354.0,0,18.3632,12.5696,22.463,17.5528,0.659,0.0,False
045010,Lietzenburger Straße,Charlottenburg-Wilmersdorf,residents,S-Bahn,1.3,1434,40354.0,0,14.1255,9.669,17.2792,13.5022,0.4344,0.0,False
045010,Lietzenburger Straße,Charlottenburg-Wilmersdorf,residents,S-Bahn,1.4,1434,40354.0,0,13.1165,8.9783,16.045,12.5377,0.3371,0.0,False
045010,Lietzenburger Straße,Charlottenburg-Wilmersdorf,residents,U-Bahn,1.0,1434,40354.0,0,7.5189,5.5419,10.3655,7.9996,0.0223,0.0,False
045010,Lietzenburger Straße,Charlottenburg-Wilmersdorf,residents,U-Bahn,1.3,1434,40354.0,0,5.7838,4.263,7.9735,6.1535,0.0,0.0,False
045010,Lietzenburger Straße,Charlottenburg-Wilmersdorf,residents,U-Bahn,1.4,1434,40354.0,0,5.3707,3.9585,7.4039,5.714,0.0,0.0,False
045010,Lietzenburger Straße,Charlottenburg-Wilmersdorf,residents,Tram,1.0,1434,40354.0,0,66.8911,61.8134,71.9148,66.6755,1.0,1.0,False
045010,Lietzenburger Straße,Charlottenburg-Wilmersdorf,residents,Tram,1.3,1434,40354.0,0,51.4547,47.5488,55.3191,51.2889,1.0,1.0,False
045010,Lietzenburger Straße,Charlottenburg-Wilmersdorf,residents,Tram,1.4,1434,40354.0,0,47.7794,44.1525,51.3677,47.6254,1.0,1.0,False
045010,Lietzenburger Straße,Charlottenburg-Wilmersdorf,residents,Bus,1.0,1434,40354.0,0,4.2701,2.8456,5.6233,4.4035,0.0,0.0,False
045010,Lietzenburger Straße,Charlottenburg-Wilmersdorf,residents,Bus,1.3,1434,40354.0,0,3.2847,2.1889,4.3256,3.3873,0.0,0.0,False
045010,Lietzenburger Straße,Charlottenburg-Wilmersdorf,residents,Bus,1.4,1434,40354.0,0,3.05,2.0325,4.0167,3.1453,0.0,0.0,False
045010,Lietzenburger Straße,Charlottenburg-Wilmersdorf,residents,Regionalbahn,1.0,1434,40354.0,0,27.6488,19.6426,36.7023,28.0116,0.8581,0.4349,False
045010,Lietzenburger Straße,Charlottenburg-Wilmersdorf,residents,Regionalbahn,1.3,1434,40354.0,0,21.2683,15.1097,28.2326,21.5474,0.7546,0.1781,False
045010,Lietzenburger Straße,Charlottenburg-Wilmersdorf,residents,Regionalbahn,1.4,1434,40354.0,0,19.7491,14.0304,26.2159,20.0083,0.7108,0.1395,False
045010,Lietzenburger Straße,Charlottenburg-Wilmersdorf,residents,S- or U-Bahn,1.0,1434,40354.0,0,7.2333,5.4484,9.5224,7.5725,0.0125,0.0,False
045010,Lietzenburger Straße,Charlottenburg-Wilmersdorf,residents,S- or U-Bahn,1.3,1434,40354.0,0,5.5641,4.1911,7.3249,5.825,0.0,0.0,False
045010,Lietzenburger Straße,Charlottenburg-Wilmersdorf,residents,S- or U-Bahn,1.4,1434,40354.0,0,5.1666,3.8917,6.8017,5.4089,0.0,0.0,False
045011,Volkspark Wilmersdorf,Charlottenburg-Wilmersdorf,residents,S-Bahn,1.0,1666,49669.0,0,20.3146,13.0854,27.1058,19.7652,0.6952,0.1082,False
045011,Volkspark Wilmersdorf,Charlottenburg-Wilmersdorf,residents,S-Bahn,1.3,1666,49669.0,0,15.6266,10.0657,20.8507,15.204,0.5341,0.0,False
045011,Volkspark Wilmersdorf,Charlottenburg-Wilmersdorf,residents,S-Bahn,1.4,1666,49669.0,0,14.5104,9.3467,19.3613,14.118,0.4788,0.0,False
045011,Volkspark Wilmersdorf,Charlottenburg-Wilmersdorf,residents,U-Bahn,1.0,1666,49669.0,0,7.046,5.3043,9.0018,7.275,0.0178,0.0,False
045011,Volkspark Wilmersdorf,Charlottenburg-Wilmersdorf,residents,U-Bahn,1.3,1666,49669.0,0,5.42,4.0802,6.9245,5.5962,0.0,0.0,False
045011,Volkspark Wilmersdorf,Charlottenburg-Wilmersdorf,residents,U-Bahn,1.4,1666,49669.0,0,5.0329,3.7888,6.4299,5.1965,0.0,0.0,False
045011,Volkspark Wilmersdorf,Charlottenburg-Wilmersdorf,residents,Tram,1.0,1666,49669.0,0,86.3192,79.4396,96.2916,87.2338,1.0,1.0,False
045011,Volkspark Wilmersdorf,Charlottenburg-Wilmersdorf,residents,Tram,1.3,1666,49669.0,0,66.3994,61.1074,74.0705,67.1029,1.0,1.0,False
045011,Volkspark Wilmersdorf,Charlottenburg-Wilmersdorf,residents,Tram,1.4,1666,49669.0,0,61.6566,56.7426,68.7797,62.3098,1.0,1.0,False
045011,Volkspark Wilmersdorf,Charlottenburg-Wilmersdorf,residents,Bus,1.0,1666,49669.0,0,4.3319,2.7615,5.6517,4.2364,0.0,0.0,False
045011,Volkspark Wilmersdorf,Charlottenburg-Wilmersdorf,residents,Bus,1.3,1666,49669.0,0,3.3323,2.1242,4.3475,3.2588,0.0,0.0,False
045011,Volkspark Wilmersdorf,Charlottenburg-Wilmersdorf,residents,Bus,1.4,1666,49669.0,0,3.0942,1.9725,4.0369,3.026,0.0,0.0,False
045011,Volkspark Wilmersdorf,Charlottenburg-Wilmersdorf,residents,Regionalbahn,1.0,1666,49669.0,0,47.3498,43.1781,51.1575,46.7566,1.0,1.0,False
045011,Volkspark Wilmersdorf,Charlottenburg-Wilmersdorf,residents,Regionalbahn,1.3,1666,49669.0,0,36.4229,33.2139,39.3519,35.9666,1.0,0.9009,False
045011,Volkspark Wilmersdorf,Charlottenburg-Wilmersdorf,residents,Regionalbahn,1.4,1666,49669.0,0,33.8213,30.8415,36.5411,33.3976,1.0,0.8012,False
045011,Volkspark Wilmersdorf,Charlottenburg-Wilmersdorf,residents,S- or U-Bahn,1.0,1666,49669.0,0,6.9301,5.2586,8.6763,7.0479,0.0,0.0,False
045011,Volkspark Wilmersdorf,Charlottenburg-Wilmersdorf,residents,S- or U-Bahn,1.3,1666,49669.0,0,5.3308,4.045,6.674,5.4215,0.0,0.0,False
045011,Volkspark Wilmersdorf,Charlottenburg-Wilmersdorf,residents,S- or U-Bahn,1.4,1666,49669.0,0,4.9501,3.7561,6.1973,5.0342,0.0,0.0,False
051001,Hakenfelde,Spandau,residents,S-Bahn,1.0,2833,30343.0,0,63.2785,57.076,69.058,63.7536,1.0,1.0,False
051001,Hakenfelde,Spandau,residents,S-Bahn,1.3,2833,30343.0,0,48.6758,43.9047,53.1216,49.0412,1.0,0.9927,False
051001,Hakenfelde,Spandau,residents,S-Bahn,1.4,2833,30343.0,0,45.199,40.7686,49.3272,45.5383,1.0,0.9876,False
051001,Hakenfelde,Spandau,residents,U-Bahn,1.0,2833,30343.0,0,50.8692,45.2187,57.0345,52.4642,1.0,1.0,False
051001,Hakenfelde,Spandau,residents,U-Bahn,1.3,2833,30343.0,0,39.1302,34.7836,43.8727,40.3571,1.0,0.9491,False
051001,Hakenfelde,Spandau,residents,U-Bahn,1.4,2833,30343.0,0,36.3351,32.2991,40.7389,37.4745,1.0,0.8746,False
051001,Hakenfelde,Spandau,residents,Tram,1.0,2833,30343.0,0,181.3554,173.6601,192.68,183.6401,1.0,1.0,False
051001,Hakenfelde,Spandau,residents,Tram,1.3,2833,30343.0,0,139.5042,133.5847,148.2154,141.2616,1.0,1.0,False
051001,Hakenfelde,Spandau,residents,Tram,1.4,2833,30343.0,0,129.5396,124.0429,137.6286,131.1715,1.0,1.0,False
051001,Hakenfelde,Spandau,residents,Bus,1.0,2833,30343.0,0,5.2041,3.487,7.6664,5.8442,0.0149,0.0034,False
051001,Hakenfelde,Spandau,residents,Bus,1.3,2833,30343.0,0,4.0031,2.6823,5.8972,4.4955,0.0034,0.0033,False
051001,Hakenfelde,Spandau,residents,Bus,1.4,2833,30343.0,0,3.7172,2.4907,5.476,4.1744,0.0034,0.0033,False
051001,Hakenfelde,Spandau,residents,Regionalbahn,1.0,2833,30343.0,0,63.6091,57.4892,69.4712,63.8701,1.0,1.0,False
051001,Hakenfelde,Spandau,residents,Regionalbahn,1.3,2833,30343.0,0,48.9301,44.2225,53.4394,49.1308,1.0,0.9927,False
051001,Hakenfelde,Spandau,residents,Regionalbahn,1.4,2833,30343.0,0,45.4351,41.0637,49.6223,45.6215,1.0,0.9876,False
051001,Hakenfelde,Spandau,residents,S- or U-Bahn,1.0,2833,30343.0,0,50.8692,45.2187,57.0345,52.4642,1.0,1.0,False
051001,Hakenfelde,Spandau,residents,S- or U-Bahn,1.3,2833,30343.0,0,39.1302,34.7836,43.8727,40.3571,1.0,0.9491,False
051001,Hakenfelde,Spandau,residents,S- or U-Bahn,1.4,2833,30343.0,0,36.3351,32.2991,40.7389,37.4745,1.0,0.8746,False
051002,Falkenhagener Feld,Spandau,residents,S-Bahn,1.0,3916,43122.0,0,47.8133,33.8255,63.3821,49.7449,1.0,0.8494,False
051002,Falkenhagener Feld,Spandau,residents,S-Bahn,1.3,3916,43122.0,0,36.7794,26.0196,48.7555,38.2653,0.9999,0.6261,False
051002,Falkenhagener Feld,Spandau,residents,S-Bahn,1.4,3916,43122.0,0,34.1523,24.161,45.2729,35.5321,0.9978,0.5758,False
051002,Falkenhagener Feld,Spandau,residents,U-Bahn,1.0,3916,43122.0,0,46.3066,33.9621,64.5069,49.5608,1.0,0.8441,False
051002,Falkenhagener Feld,Spandau,residents,U-Bahn,1.3,3916,43122.0,0,35.6204,26.1247,49.6207,38.1237,1.0,0.6169,False
051002,Falkenhagener Feld,Spandau,residents,U-Bahn,1.4,3916,43122.0,0,33.0761,24.2586,46.0764,35.4006,0.9989,0.5612,False
051002,Falkenhagener Feld,Spandau,residents,Tram,1.0,3916,43122.0,0,208.0198,197.4467,226.3581,212.479,1.0,1.0,False
051002,Falkenhagener Feld,Spandau,residents,Tram,1.3,3916,43122.0,0,160.0152,151.8821,174.1216,163.4454,1.0,1.0,False
051002,Falkenhagener Feld,Spandau,residents,Tram,1.4,3916,43122.0,0,148.5856,141.0333,161.6843,151.7707,1.0,1.0,False
051002,Falkenhagener Feld,Spandau,residents,Bus,1.0,3916,43122.0,0,4.4843,2.9773,6.3182,4.8985,0.0045,0.0,False
051002,Falkenhagener Feld,Spandau,residents,Bus,1.3,3916,43122.0,0,3.4495,2.2902,4.8602,3.768,0.0001,0.0,False
051002,Falkenhagener Feld,Spandau,residents,Bus,1.4,3916,43122.0,0,3.2031,2.1267,4.513,3.4989,0.0,0.0,False
051002,Falkenhagener Feld,Spandau,residents,Regionalbahn,1.0,3916,43122.0,0,38.2384,31.265,47.546,38.8029,0.9636,0.7841,False
051002,Falkenhagener Feld,Spandau,residents,Regionalbahn,1.3,3916,43122.0,0,29.4142,24.05,36.5739,29.8484,0.9498,0.4737,False
051002,Falkenhagener Feld,Spandau,residents,Regionalbahn,1.4,3916,43122.0,0,27.3132,22.3321,33.9615,27.7164,0.9434,0.3927,False
051002,Falkenhagener Feld,Spandau,residents,S- or U-Bahn,1.0,3916,43122.0,0,46.1813,33.2924,62.7803,48.7821,1.0,0.829,False
051002,Falkenhagener Feld,Spandau,residents,S- or U-Bahn,1.3,3916,43122.0,0,35.5241,25.6095,48.2925,37.5247,0.9999,0.6083,False
051002,Falkenhagener Feld,Spandau,residents,S- or U-Bahn,1.4,3916,43122.0,0,32.9867,23.7803,44.843,34.8444,0.9967,0.5538,False
051003,Spandau Mitte,Spandau,residents,S-Bahn,1.0,2630,41931.0,0,28.2382,16.747,35.514,27.1847,0.7987,0.4543,False
051003,Spandau Mitte,Spandau,residents,S-Bahn,1.3,2630,41931.0,0,21.7217,12.8823,27.3185,20.9113,0.6777,0.178,False
051003,Spandau Mitte,Spandau,residents,S-Bahn,1.4,2630,41931.0,0,20.1701,11.9622,25.3672,19.4177,0.6449,0.1247,False
051003,Spandau Mitte,Spandau,residents,U-Bahn,1.0,2630,41931.0,0,20.6038,13.7174,26.9338,20.254,0.7105,0.1647,False
051003,Spandau Mitte,Spandau,residents,U-Bahn,1.3,2630,41931.0,0,15.8491,10.5519,20.7183,15.58,0.5541,0.0062,False
051003,Spandau Mitte,Spandau,residents,U-Bahn,1.4,2630,41931.0,0,14.717,9.7981,19.2384,14.4672,0.4755,0.0001,False
051003,Spandau Mitte,Spandau,residents,Tram,1.0,2630,41931.0,0,175.0024,167.824,182.1348,173.1528,1.0,1.0,False
051003,Spandau Mitte,Spandau,residents,Tram,1.3,2630,41931.0,0,134.6172,129.0954,140.1037,133.1945,1.0,1.0,False
051003,Spandau Mitte,Spandau,residents,Tram,1.4,2630,41931.0,0,125.0017,119.8743,130.0963,123.6806,1.0,1.0,False
051003,Spandau Mitte,Spandau,residents,Bus,1.0,2630,41931.0,0,3.962,2.7747,5.6554,4.5666,0.0074,0.0,False
051003,Spandau Mitte,Spandau,residents,Bus,1.3,2630,41931.0,0,3.0477,2.1344,4.3503,3.5127,0.003,0.0,False
051003,Spandau Mitte,Spandau,residents,Bus,1.4,2630,41931.0,0,2.83,1.9819,4.0396,3.2618,0.002,0.0,False
051003,Spandau Mitte,Spandau,residents,Regionalbahn,1.0,2630,41931.0,0,29.7371,18.7575,36.732,29.1127,0.8407,0.4868,False
051003,Spandau Mitte,Spandau,residents,Regionalbahn,1.3,2630,41931.0,0,22.8747,14.4289,28.2554,22.3944,0.731,0.2055,False
051003,Spandau Mitte,Spandau,residents,Regionalbahn,1.4,2630,41931.0,0,21.2408,13.3982,26.2371,20.7948,0.6965,0.1625,False
051003,Spandau Mitte,Spandau,residents,S- or U-Bahn,1.0,2630,41931.0,0,19.347,12.4666,26.1173,19.3985,0.67,0.1485,False
051003,Spandau Mitte,Spandau,residents,S- or U-Bahn,1.3,2630,41931.0,0,14.8823,9.5897,20.0902,14.9219,0.4961,0.0062,False
051003,Spandau Mitte,Spandau,residents,S- or U-Bahn,1.4,2630,41931.0,0,13.8193,8.9047,18.6552,13.856,0.4253,0.0001,False
052004,Brunsbütteler Damm,Spandau,residents,S-Bahn,1.0,4516,23727.0,0,59.6317,48.9994,71.8421,60.8655,1.0,0.9828,False
052004,Brunsbütteler Damm,Spandau,residents,S-Bahn,1.3,4516,23727.0,0,45.8706,37.6918,55.2631,46.8196,1.0,0.9006,False
052004,Brunsbütteler Damm,Spandau,residents,S-Bahn,1.4,4516,23727.0,0,42.5941,34.9995,51.3158,43.4754,1.0,0.8744,False
052004,Brunsbütteler Damm,Spandau,residents,U-Bahn,1.0,4516,23727.0,0,62.3078,51.7013,74.4451,63.4934,1.0,0.9897,False
052004,Brunsbütteler Damm,Spandau,residents,U-Bahn,1.3,4516,23727.0,0,47.9291,39.7702,57.2655,48.8411,1.0,0.9236,False
052004,Brunsbütteler Damm,Spandau,residents,U-Bahn,1.4,4516,23727.0,0,44.5056,36.9295,53.1751,45.3524,1.0,0.8953,False
052004,Brunsbütteler Damm,Spandau,residents,Tram,1.0,4516,23727.0,0,232.8231,222.2444,244.9939,233.9587,1.0,1.0,False
052004,Brunsbütteler Damm,Spandau,residents,Tram,1.3,4516,23727.0,0,179.0947,170.9572,188.4568,179.9682,1.0,1.0,False
052004,Brunsbütteler Damm,Spandau,residents,Tram,1.4,4516,23727.0,0,166.3022,158.746,174.9956,167.1133,1.0,1.0,False
052004,Brunsbütteler Damm,Spandau,residents,Bus,1.0,4516,23727.0,0,5.3417,3.6616,7.6598,6.0414,0.0157,0.0,False
052004,Brunsbütteler Damm,Spandau,residents,Bus,1.3,4516,23727.0,0,4.109,2.8166,5.8922,4.6472,0.0,0.0,False
052004,Brunsbütteler Damm,Spandau,residents,Bus,1.4,4516,23727.0,0,3.8155,2.6154,5.4713,4.3153,0.0,0.0,False
052004,Brunsbütteler Damm,Spandau,residents,Regionalbahn,1.0,4516,23727.0,0,45.1769,32.5877,53.0096,42.4257,0.9656,0.8331,False
052004,Brunsbütteler Damm,Spandau,residents,Regionalbahn,1.3,4516,23727.0,0,34.7514,25.0675,40.7766,32.6351,0.9431,0.6367,False
052004,Brunsbütteler Damm,Spandau,residents,Regionalbahn,1.4,4516,23727.0,0,32.2692,23.2769,37.864,30.3041,0.9301,0.5863,False
052004,Brunsbütteler Damm,Spandau,residents,S- or U-Bahn,1.0,4516,23727.0,0,59.6317,48.9994,71.8421,60.8655,1.0,0.9828,False
052004,Brunsbütteler Damm,Spandau,residents,S- or U-Bahn,1.3,4516,23727.0,0,45.8706,37.6918,55.2631,46.8196,1.0,0.9006,False
052004,Brunsbütteler Damm,Spandau,residents,S- or U-Bahn,1.4,4516,23727.0,0,42.5941,34.9995,51.3158,43.4754,1.0,0.8744,False
052005,Heerstraße,Spandau,residents,S-Bahn,1.0,3490,31084.0,0,59.1945,51.4055,67.0621,61.0802,1.0,1.0,False
052005,Heerstraße,Spandau,residents,S-Bahn,1.3,3490,31084.0,0,45.5343,39.5427,51.5862,46.9847,1.0,0.9811,False
052005,Heerstraße,Spandau,residents,S-Bahn,1.4,3490,31084.0,0,42.2818,36.7182,47.9015,43.6287,1.0,0.9632,False
052005,Heerstraße,Spandau,residents,U-Bahn,1.0,3490,31084.0,0,61.1572,53.348,67.6185,62.9354,1.0,1.0,False
052005,Heerstraße,Spandau,residents,U-Bahn,1.3,3490,31084.0,0,47.044,41.0369,52.0142,48.4119,1.0,0.9933,False
052005,Heerstraße,Spandau,residents,U-Bahn,1.4,3490,31084.0,0,43.6837,38.1057,48.2989,44.9539,1.0,0.9701,False
052005,Heerstraße,Spandau,residents,Tram,1.0,3490,31084.0,0,221.9456,213.2288,231.3932,224.9587,1.0,1.0,False
052005,Heerstraße,Spandau,residents,Tram,1.3,3490,31084.0,0,170.7274,164.0221,177.9948,173.0451,1.0,1.0,False
052005,Heerstraße,Spandau,residents,Tram,1.4,3490,31084.0,0,158.5326,152.3063,165.2809,160.6848,1.0,1.0,False
052005,Heerstraße,Spandau,residents,Bus,1.0,3490,31084.0,0,4.7309,3.0731,7.1789,5.6572,0.0385,0.0,False
052005,Heerstraße,Spandau,residents,Bus,1.3,3490,31084.0,0,3.6392,2.3639,5.5223,4.3517,0.013,0.0,False
052005,Heerstraße,Spandau,residents,Bus,1.4,3490,31084.0,0,3.3792,2.195,5.1278,4.0409,0.0082,0.0,False
052005,Heerstraße,Spandau,residents,Regionalbahn,1.0,3490,31084.0,0,57.7252,50.6594,62.5409,57.2204,1.0,1.0,False
052005,Heerstraße,Spandau,residents,Regionalbahn,1.3,3490,31084.0,0,44.404,38.9688,48.1084,44.0157,1.0,0.977,False
052005,Heerstraße,Spandau,residents,Regionalbahn,1.4,3490,31084.0,0,41.2323,36.1853,44.6721,40.8717,1.0,0.957,False
052005,Heerstraße,Spandau,residents,S- or U-Bahn,1.0,3490,31084.0,0,59.1809,51.2908,66.7509,60.9541,1.0,1.0,False
052005,Heerstraße,Spandau,residents,S- or U-Bahn,1.3,3490,31084.0,0,45.5238,39.4545,51.3468,46.8878,1.0,0.9809,False
052005,Heerstraße,Spandau,residents,S- or U-Bahn,1.4,3490,31084.0,0,42.2721,36.6363,47.6792,43.5387,1.0,0.9612,False
052006,Wilhelmstadt,Spandau,residents,S-Bahn,1.0,3722,37167.0,0,31.3361,24.5121,40.6139,33.0119,0.9289,0.5603,False
052006,Wilhelmstadt,Spandau,residents,S-Bahn,1.3,3722,37167.0,0,24.1047,18.8554,31.2415,25.3938,0.8759,0.2892,False
052006,Wilhelmstadt,Spandau,residents,S-Bahn,1.4,3722,37167.0,0,22.3829,17.5086,29.01,23.5799,0.8321,0.2064,False
052006,Wilhelmstadt,Spandau,residents,U-Bahn,1.0,3722,37167.0,0,32.0904,25.708,40.6621,34.1676,0.9357,0.5912,False
052006,Wilhelmstadt,Spandau,residents,U-Bahn,1.3,3722,37167.0,0,24.6849,19.7754,31.2785,26.2828,0.8908,0.296,False
052006,Wilhelmstadt,Spandau,residents,U-Bahn,1.4,3722,37167.0,0,22.9217,18.3629,29.0444,24.4055,0.8571,0.2309,False
052006,Wilhelmstadt,Spandau,residents,Tram,1.0,3722,37167.0,0,184.8557,179.4238,193.9879,185.8163,1.0,1.0,False
052006,Wilhelmstadt,Spandau,residents,Tram,1.3,3722,37167.0,0,142.1967,138.0183,149.2215,142.9356,1.0,1.0,False
052006,Wilhelmstadt,Spandau,residents,Tram,1.4,3722,37167.0,0,132.0398,128.1598,138.5628,132.7259,1.0,1.0,False
052006,Wilhelmstadt,Spandau,residents,Bus,1.0,3722,37167.0,0,4.454,2.8511,6.6925,5.2935,0.0207,0.0004,False
052006,Wilhelmstadt,Spandau,residents,Bus,1.3,3722,37167.0,0,3.4262,2.1931,5.1481,4.072,0.0057,0.0004,False
052006,Wilhelmstadt,Spandau,residents,Bus,1.4,3722,37167.0,0,3.1815,2.0365,4.7803,3.7811,0.0018,0.0,False
052006,Wilhelmstadt,Spandau,residents,Regionalbahn,1.0,3722,37167.0,0,31.9396,24.278,40.157,33.5553,0.9245,0.5786,False
052006,Wilhelmstadt,Spandau,residents,Regionalbahn,1.3,3722,37167.0,0,24.5689,18.6754,30.89,25.8117,0.86,0.28,False
052006,Wilhelmstadt,Spandau,residents,Regionalbahn,1.4,3722,37167.0,0,22.814,17.3414,28.6836,23.968,0.8229,0.2154,False
052006,Wilhelmstadt,Spandau,residents,S- or U-Bahn,1.0,3722,37167.0,0,31.0803,24.1523,40.1724,32.5564,0.9277,0.5361,False
052006,Wilhelmstadt,Spandau,residents,S- or U-Bahn,1.3,3722,37167.0,0,23.9079,18.5787,30.9018,25.0434,0.8702,0.2734,False
052006,Wilhelmstadt,Spandau,residents,S- or U-Bahn,1.4,3722,37167.0,0,22.2002,17.2517,28.6946,23.2546,0.8219,0.1969,False
053007,Haselhorst,Spandau,residents,S-Bahn,1.0,1164,20014.0,0,61.314,56.2707,66.4176,59.8751,1.0,0.986,False
053007,Haselhorst,Spandau,residents,S-Bahn,1.3,1164,20014.0,0,47.1647,43.2851,51.0904,46.0577,1.0,0.9534,False
053007,Haselhorst,Spandau,residents,S-Bahn,1.4,1164,20014.0,0,43.7957,40.1933,47.4411,42.7679,0.9991,0.9431,False
053007,Haselhorst,Spandau,residents,U-Bahn,1.0,1164,20014.0,0,16.426,11.8633,24.0583,19.7534,0.5807,0.2231,False
053007,Haselhorst,Spandau,residents,U-Bahn,1.3,1164,20014.0,0,12.6353,9.1256,18.5064,15.1949,0.3064,0.0963,False
053007,Haselhorst,Spandau,residents,U-Bahn,1.4,1164,20014.0,0,11.7328,8.4738,17.1845,14.1096,0.2697,0.0451,False
053007,Haselhorst,Spandau,residents,Tram,1.0,1164,20014.0,0,134.0614,128.8339,149.407,137.3066,1.0,1.0,False
053007,Haselhorst,Spandau,residents,Tram,1.3,1164,20014.0,0,103.1241,99.103,114.9284,105.6204,1.0,1.0,False
053007,Haselhorst,Spandau,residents,Tram,1.4,1164,20014.0,0,95.7581,92.0242,106.7193,98.0761,1.0,1.0,False
053007,Haselhorst,Spandau,residents,Bus,1.0,1164,20014.0,0,4.0381,3.0299,5.7091,5.0971,0.0234,0.007,False
053007,Haselhorst,Spandau,residents,Bus,1.3,1164,20014.0,0,3.1062,2.3307,4.3916,3.9208,0.0095,0.0,False
053007,Haselhorst,Spandau,residents,Bus,1.4,1164,20014.0,0,2.8844,2.1642,4.078,3.6408,0.0095,0.0,False
053007,Haselhorst,Spandau,residents,Regionalbahn,1.0,1164,20014.0,0,62.2899,57.3881,67.6444,61.0082,1.0,0.9868,False
053007,Haselhorst,Spandau,residents,Regionalbahn,1.3,1164,20014.0,0,47.9153,44.1447,52.0341,46.9294,1.0,0.9544,False
053007,Haselhorst,Spandau,residents,Regionalbahn,1.4,1164,20014.0,0,44.4928,40.9915,48.3174,43.5773,1.0,0.9432,False
053007,Haselhorst,Spandau,residents,S- or U-Bahn,1.0,1164,20014.0,0,16.426,11.8633,24.0583,19.7534,0.5807,0.2231,False
053007,Haselhorst,Spandau,residents,S- or U-Bahn,1.3,1164,20014.0,0,12.6353,9.1256,18.5064,15.1949,0.3064,0.0963,False
053007,Haselhorst,Spandau,residents,S- or U-Bahn,1.4,1164,20014.0,0,11.7328,8.4738,17.1845,14.1096,0.2697,0.0451,False
053008,Siemensstadt,Spandau,residents,S-Bahn,1.0,694,13841.0,0,51.8066,43.8072,64.236,53.7034,1.0,0.9918,False
053008,Siemensstadt,Spandau,residents,S-Bahn,1.3,694,13841.0,0,39.8512,33.6979,49.4123,41.3103,1.0,0.9011,False
053008,Siemensstadt,Spandau,residents,S-Bahn,1.4,694,13841.0,0,37.0047,31.2909,45.8828,38.3596,1.0,0.8107,False
053008,Siemensstadt,Spandau,residents,U-Bahn,1.0,694,13841.0,0,13.2822,6.8782,22.2563,14.3561,0.4609,0.003,False
053008,Siemensstadt,Spandau,residents,U-Bahn,1.3,694,13841.0,0,10.2171,5.2909,17.1202,11.0431,0.343,0.0001,False
053008,Siemensstadt,Spandau,residents,U-Bahn,1.4,694,13841.0,0,9.4873,4.913,15.8974,10.2543,0.2797,0.0001,False
053008,Siemensstadt,Spandau,residents,Tram,1.0,694,13841.0,0,93.1587,88.1982,103.264,96.1064,1.0,1.0,False
053008,Siemensstadt,Spandau,residents,Tram,1.3,694,13841.0,0,71.6605,67.8448,79.4338,73.928,1.0,1.0,False
053008,Siemensstadt,Spandau,residents,Tram,1.4,694,13841.0,0,66.5419,62.9987,73.76,68.6474,1.0,1.0,False
053008,Siemensstadt,Spandau,residents,Bus,1.0,694,13841.0,0,4.491,2.6686,7.7796,5.3887,0.0048,0.0,False
053008,Siemensstadt,Spandau,residents,Bus,1.3,694,13841.0,0,3.4546,2.0527,5.9843,4.1451,0.0001,0.0,False
053008,Siemensstadt,Spandau,residents,Bus,1.4,694,13841.0,0,3.2079,1.9061,5.5568,3.849,0.0001,0.0,False
053008,Siemensstadt,Spandau,residents,Regionalbahn,1.0,694,13841.0,0,53.6538,45.0474,65.4761,55.036,1.0,0.9975,False
053008,Siemensstadt,Spandau,residents,Regionalbahn,1.3,694,13841.0,0,41.2722,34.6518,50.3662,42.3354,1.0,0.9284,False
053008,Siemensstadt,Spandau,residents,Regionalbahn,1.4,694,13841.0,0,38.3241,32.1767,46.7687,39.3114,1.0,0.8692,False
053008,Siemensstadt,Spandau,residents,S- or U-Bahn,1.0,694,13841.0,0,13.2822,6.8782,22.2563,14.3561,0.4609,0.003,False
053008,Siemensstadt,Spandau,residents,S- or U-Bahn,1.3,694,13841.0,0,10.2171,5.2909,17.1202,11.0431,0.343,0.0001,False
053008,Siemensstadt,Spandau,residents,S- or U-Bahn,1.4,694,13841.0,0,9.4873,4.913,15.8974,10.2543,0.2797,0.0001,False
054009,Gatow/Kladow,Spandau,residents,S-Bahn,1.0,7277,20037.0,0,184.56,159.3668,198.7494,175.2876,1.0,1.0,False
054009,Gatow/Kladow,Spandau,residents,S-Bahn,1.3,7277,20037.0,0,141.9692,122.5899,152.8841,134.8366,1.0,1.0,False
054009,Gatow/Kladow,Spandau,residents,S-Bahn,1.4,7277,20037.0,0,131.8286,113.8334,141.9638,125.2054,1.0,1.0,False
054009,Gatow/Kladow,Spandau,residents,U-Bahn,1.0,7277,20037.0,0,183.74,158.5469,197.9294,174.469,1.0,1.0,False
054009,Gatow/Kladow,Spandau,residents,U-Bahn,1.3,7277,20037.0,0,141.3385,121.9591,152.2534,134.2069,1.0,1.0,False
054009,Gatow/Kladow,Spandau,residents,U-Bahn,1.4,7277,20037.0,0,131.2429,113.2478,141.3781,124.6207,1.0,1.0,False
054009,Gatow/Kladow,Spandau,residents,Tram,1.0,7277,20037.0,0,328.1496,303.5276,342.115,317.7447,1.0,1.0,False
054009,Gatow/Kladow,Spandau,residents,Tram,1.3,7277,20037.0,0,252.4228,233.4828,263.1654,244.419,1.0,1.0,False
054009,Gatow/Kladow,Spandau,residents,Tram,1.4,7277,20037.0,0,234.3926,216.8055,244.3679,226.9605,1.0,1.0,False
054009,Gatow/Kladow,Spandau,residents,Bus,1.0,7277,20037.0,0,5.8547,3.7926,9.7278,7.4785,0.0945,0.009,False
054009,Gatow/Kladow,Spandau,residents,Bus,1.3,7277,20037.0,0,4.5036,2.9174,7.4829,5.7527,0.0387,0.0,False
054009,Gatow/Kladow,Spandau,residents,Bus,1.4,7277,20037.0,0,4.1819,2.709,6.9484,5.3418,0.0308,0.0,False
054009,Gatow/Kladow,Spandau,residents,Regionalbahn,1.0,7277,20037.0,0,183.494,158.3009,197.6834,174.2214,1.0,1.0,False
054009,Gatow/Kladow,Spandau,residents,Regionalbahn,1.3,7277,20037.0,0,141.1493,121.7699,152.0642,134.0164,1.0,1.0,False
054009,Gatow/Kladow,Spandau,residents,Regionalbahn,1.4,7277,20037.0,0,131.0672,113.072,141.2024,124.4438,1.0,1.0,False
054009,Gatow/Kladow,Spandau,residents,S- or U-Bahn,1.0,7277,20037.0,0,183.74,158.5469,197.9294,174.4687,1.0,1.0,False
054009,Gatow/Kladow,Spandau,residents,S- or U-Bahn,1.3,7277,20037.0,0,141.3385,121.9591,152.2534,134.2067,1.0,1.0,False
054009,Gatow/Kladow,Spandau,residents,S- or U-Bahn,1.4,7277,20037.0,0,131.2429,113.2478,141.3781,124.6205,1.0,1.0,False
061001,Schloßstraße,Steglitz-Zehlendorf,residents,S-Bahn,1.0,1427,22159.0,0,15.934,11.215,21.2393,16.3736,0.5391,0.0323,False
061001,Schloßstraße,Steglitz-Zehlendorf,residents,S-Bahn,1.3,1427,22159.0,0,12.2569,8.627,16.3379,12.5951,0.3062,0.0,False
061001,Schloßstraße,Steglitz-Zehlendorf,residents,S-Bahn,1.4,1427,22159.0,0,11.3815,8.0107,15.1709,11.6954,0.26,0.0,False
061001,Schloßstraße,Steglitz-Zehlendorf,residents,U-Bahn,1.0,1427,22159.0,0,9.0288,5.9866,12.0408,9.2773,0.0798,0.0,False
061001,Schloßstraße,Steglitz-Zehlendorf,residents,U-Bahn,1.3,1427,22159.0,0,6.9452,4.6051,9.2622,7.1364,0.0117,0.0,False
061001,Schloßstraße,Steglitz-Zehlendorf,residents,U-Bahn,1.4,1427,22159.0,0,6.4492,4.2761,8.6006,6.6267,0.0048,0.0,False
061001,Schloßstraße,Steglitz-Zehlendorf,residents,Tram,1.0,1427,22159.0,0,135.8733,131.2491,140.6129,135.9641,1.0,1.0,False
061001,Schloßstraße,Steglitz-Zehlendorf,residents,Tram,1.3,1427,22159.0,0,104.5179,100.9609,108.1638,104.5878,1.0,1.0,False
061001,Schloßstraße,Steglitz-Zehlendorf,residents,Tram,1.4,1427,22159.0,0,97.0524,93.7494,100.4378,97.1172,1.0,1.0,False
061001,Schloßstraße,Steglitz-Zehlendorf,residents,Bus,1.0,1427,22159.0,0,4.113,2.6301,5.786,4.2741,0.0,0.0,False
061001,Schloßstraße,Steglitz-Zehlendorf,residents,Bus,1.3,1427,22159.0,0,3.1638,2.0232,4.4508,3.2878,0.0,0.0,False
061001,Schloßstraße,Steglitz-Zehlendorf,residents,Bus,1.4,1427,22159.0,0,2.9378,1.8787,4.1329,3.0529,0.0,0.0,False
061001,Schloßstraße,Steglitz-Zehlendorf,residents,Regionalbahn,1.0,1427,22159.0,0,69.5212,65.311,74.4739,69.9248,1.0,1.0,False
061001,Schloßstraße,Steglitz-Zehlendorf,residents,Regionalbahn,1.3,1427,22159.0,0,53.4778,50.2393,57.2876,53.7883,1.0,1.0,False
061001,Schloßstraße,Steglitz-Zehlendorf,residents,Regionalbahn,1.4,1427,22159.0,0,49.658,46.6507,53.1956,49.9463,1.0,1.0,False
061001,Schloßstraße,Steglitz-Zehlendorf,residents,S- or U-Bahn,1.0,1427,22159.0,0,9.0068,5.8064,12.0408,9.1995,0.0798,0.0,False
061001,Schloßstraße,Steglitz-Zehlendorf,residents,S- or U-Bahn,1.3,1427,22159.0,0,6.9283,4.4665,9.2622,7.0766,0.0117,0.0,False
061001,Schloßstraße,Steglitz-Zehlendorf,residents,S- or U-Bahn,1.4,1427,22159.0,0,6.4334,4.1474,8.6006,6.5711,0.0048,0.0,False
061002,Albrechtstraße,Steglitz-Zehlendorf,residents,S-Bahn,1.0,3094,54018.0,0,14.0819,9.7898,18.8348,14.1825,0.4467,0.0,False
061002,Albrechtstraße,Steglitz-Zehlendorf,residents,S-Bahn,1.3,3094,54018.0,0,10.8323,7.5306,14.4883,10.9096,0.2188,0.0,False
061002,Albrechtstraße,Steglitz-Zehlendorf,residents,S-Bahn,1.4,3094,54018.0,0,10.0585,6.9927,13.4534,10.1304,0.1373,0.0,False
061002,Albrechtstraße,Steglitz-Zehlendorf,residents,U-Bahn,1.0,3094,54018.0,0,22.4974,14.9248,33.3661,23.9258,0.7484,0.3056,False
061002,Albrechtstraße,Steglitz-Zehlendorf,residents,U-Bahn,1.3,3094,54018.0,0,17.3057,11.4806,25.6663,18.4045,0.5781,0.1134,False
061002,Albrechtstraße,Steglitz-Zehlendorf,residents,U-Bahn,1.4,3094,54018.0,0,16.0695,10.6606,23.833,17.0898,0.5404,0.059,False
061002,Albrechtstraße,Steglitz-Zehlendorf,residents,Tram,1.0,3094,54018.0,0,148.266,133.7367,154.6119,144.9952,1.0,1.0,False
061002,Albrechtstraße,Steglitz-Zehlendorf,residents,Tram,1.3,3094,54018.0,0,114.0507,102.8744,118.9323,111.5347,1.0,1.0,False
061002,Albrechtstraße,Steglitz-Zehlendorf,residents,Tram,1.4,3094,54018.0,0,105.9043,95.5262,110.4371,103.568,1.0,1.0,False
061002,Albrechtstraße,Steglitz-Zehlendorf,residents,Bus,1.0,3094,54018.0,0,3.7043,2.4704,5.0752,3.8961,0.0,0.0,False
061002,Albrechtstraße,Steglitz-Zehlendorf,residents,Bus,1.3,3094,54018.0,0,2.8495,1.9003,3.904,2.997,0.0,0.0,False
061002,Albrechtstraße,Steglitz-Zehlendorf,residents,Bus,1.4,3094,54018.0,0,2.646,1.7646,3.6252,2.7829,0.0,0.0,False
061002,Albrechtstraße,Steglitz-Zehlendorf,residents,Regionalbahn,1.0,3094,54018.0,0,52.9816,48.8067,56.7548,52.9201,1.0,1.0,False
061002,Albrechtstraße,Steglitz-Zehlendorf,residents,Regionalbahn,1.3,3094,54018.0,0,40.7551,37.5436,43.6575,40.7078,1.0,0.9897,False
061002,Albrechtstraße,Steglitz-Zehlendorf,residents,Regionalbahn,1.4,3094,54018.0,0,37.844,34.8619,40.5391,37.8001,1.0,0.9657,False
061002,Albrechtstraße,Steglitz-Zehlendorf,residents,S- or U-Bahn,1.0,3094,54018.0,0,13.99,9.6687,18.8348,14.1282,0.4445,0.0,False
061002,Albrechtstraße,Steglitz-Zehlendorf,residents,S- or U-Bahn,1.3,3094,54018.0,0,10.7615,7.4374,14.4883,10.8678,0.2188,0.0,False
061002,Albrechtstraße,Steglitz-Zehlendorf,residents,S- or U-Bahn,1.4,3094,54018.0,0,9.9928,6.9062,13.4534,10.0916,0.1373,0.0,False
062003,Lankwitz,Steglitz-Zehlendorf,residents,S-Bahn,1.0,5060,44891.0,0,20.4748,15.5781,27.2112,21.5044,0.7757,0.1527,False
062003,Lankwitz,Steglitz-Zehlendorf,residents,S-Bahn,1.3,5060,44891.0,0,15.7499,11.9832,20.9317,16.5419,0.5422,0.013,False
062003,Lankwitz,Steglitz-Zehlendorf,residents,S-Bahn,1.4,5060,44891.0,0,14.6249,11.1272,19.4366,15.3603,0.4759,0.0004,False
062003,Lankwitz,Steglitz-Zehlendorf,residents,U-Bahn,1.0,5060,44891.0,0,50.9079,42.8124,59.6854,51.6999,1.0,0.9863,False
062003,Lankwitz,Steglitz-Zehlendorf,residents,U-Bahn,1.3,5060,44891.0,0,39.1599,32.9326,45.9119,39.7692,1.0,0.8597,False
062003,Lankwitz,Steglitz-Zehlendorf,residents,U-Bahn,1.4,5060,44891.0,0,36.3628,30.5803,42.6325,36.9285,1.0,0.7704,False
062003,Lankwitz,Steglitz-Zehlendorf,residents,Tram,1.0,5060,44891.0,0,188.2275,180.0213,196.5663,188.6698,1.0,1.0,False
062003,Lankwitz,Steglitz-Zehlendorf,residents,Tram,1.3,5060,44891.0,0,144.7904,138.4779,151.2049,145.1306,1.0,1.0,False
062003,Lankwitz,Steglitz-Zehlendorf,residents,Tram,1.4,5060,44891.0,0,134.4482,128.5866,140.4045,134.7641,1.0,1.0,False
062003,Lankwitz,Steglitz-Zehlendorf,residents,Bus,1.0,5060,44891.0,0,4.5443,3.0218,6.6246,5.021,0.0005,0.0,False
062003,Lankwitz,Steglitz-Zehlendorf,residents,Bus,1.3,5060,44891.0,0,3.4956,2.3245,5.0959,3.8623,0.0,0.0,False
062003,Lankwitz,Steglitz-Zehlendorf,residents,Bus,1.4,5060,44891.0,0,3.246,2.1584,4.7319,3.5864,0.0,0.0,False
062003,Lankwitz,Steglitz-Zehlendorf,residents,Regionalbahn,1.0,5060,44891.0,0,33.7583,24.8636,43.77,34.4576,0.9571,0.6051,False
062003,Lankwitz,Steglitz-Zehlendorf,residents,Regionalbahn,1.3,5060,44891.0,0,25.9679,19.1258,33.6692,26.5058,0.8833,0.3596,False
062003,Lankwitz,Steglitz-Zehlendorf,residents,Regionalbahn,1.4,5060,44891.0,0,24.1131,17.7597,31.2643,24.6125,0.8541,0.2925,False
062003,Lankwitz,Steglitz-Zehlendorf,residents,S- or U-Bahn,1.0,5060,44891.0,0,20.4748,15.5781,27.2088,21.4868,0.7757,0.1497,False
062003,Lankwitz,Steglitz-Zehlendorf,residents,S- or U-Bahn,1.3,5060,44891.0,0,15.7499,11.9832,20.9298,16.5283,0.5422,0.0127,False
062003,Lankwitz,Steglitz-Zehlendorf,residents,S- or U-Bahn,1.4,5060,44891.0,0,14.6249,11.1272,19.4348,15.3477,0.4759,0.0004,False
062004,Ostpreußendamm,Steglitz-Zehlendorf,residents,S-Bahn,1.0,5323,35768.0,0,17.0157,11.6496,24.3509,18.6042,0.5901,0.134,False
062004,Ostpreußendamm,Steglitz-Zehlendorf,residents,S-Bahn,1.3,5323,35768.0,0,13.089,8.9612,18.7315,14.3109,0.3767,0.0297,False
062004,Ostpreußendamm,Steglitz-Zehlendorf,residents,S-Bahn,1.4,5323,35768.0,0,12.1541,8.3211,17.3935,13.2887,0.326,0.0082,False
062004,Ostpreußendamm,Steglitz-Zehlendorf,residents,U-Bahn,1.0,5323,35768.0,0,84.8505,69.5941,92.1853,81.137,1.0,1.0,False
062004,Ostpreußendamm,Steglitz-Zehlendorf,residents,U-Bahn,1.3,5323,35768.0,0,65.2696,53.5339,70.9118,62.413,1.0,0.9995,False
062004,Ostpreußendamm,Steglitz-Zehlendorf,residents,U-Bahn,1.4,5323,35768.0,0,60.6075,49.71,65.8467,57.955,1.0,0.9985,False
062004,Ostpreußendamm,Steglitz-Zehlendorf,residents,Tram,1.0,5323,35768.0,0,221.6626,204.4983,230.4474,217.9018,1.0,1.0,False
062004,Ostpreußendamm,Steglitz-Zehlendorf,residents,Tram,1.3,5323,35768.0,0,170.5097,157.3064,177.2672,167.6168,1.0,1.0,False
062004,Ostpreußendamm,Steglitz-Zehlendorf,residents,Tram,1.4,5323,35768.0,0,158.3305,146.0702,164.6053,155.6442,1.0,1.0,False
062004,Ostpreußendamm,Steglitz-Zehlendorf,residents,Bus,1.0,5323,35768.0,0,4.242,2.6084,6.1714,4.7514,0.0117,0.0,False
062004,Ostpreußendamm,Steglitz-Zehlendorf,residents,Bus,1.3,5323,35768.0,0,3.263,2.0065,4.7472,3.6549,0.0,0.0,False
062004,Ostpreußendamm,Steglitz-Zehlendorf,residents,Bus,1.4,5323,35768.0,0,3.03,1.8632,4.4081,3.3938,0.0,0.0,False
062004,Ostpreußendamm,Steglitz-Zehlendorf,residents,Regionalbahn,1.0,5323,35768.0,0,32.2596,19.1004,42.3093,31.1818,0.8388,0.5535,False
062004,Ostpreußendamm,Steglitz-Zehlendorf,residents,Regionalbahn,1.3,5323,35768.0,0,24.8151,14.6926,32.5456,23.986,0.7428,0.3481,False
062004,Ostpreußendamm,Steglitz-Zehlendorf,residents,Regionalbahn,1.4,5323,35768.0,0,23.0426,13.6431,30.2209,22.2727,0.7096,0.26,False
062004,Ostpreußendamm,Steglitz-Zehlendorf,residents,S- or U-Bahn,1.0,5323,35768.0,0,17.0157,11.6496,24.3509,18.6042,0.5901,0.134,False
062004,Ostpreußendamm,Steglitz-Zehlendorf,residents,S- or U-Bahn,1.3,5323,35768.0,0,13.089,8.9612,18.7315,14.3109,0.3767,0.0297,False
062004,Ostpreußendamm,Steglitz-Zehlendorf,residents,S- or U-Bahn,1.4,5323,35768.0,0,12.1541,8.3211,17.3935,13.2887,0.326,0.0082,False
063005,Teltower Damm,Steglitz-Zehlendorf,residents,S-Bahn,1.0,5074,34335.0,0,21.4784,12.0695,33.8747,23.6264,0.6474,0.3237,False
063005,Teltower Damm,Steglitz-Zehlendorf,residents,S-Bahn,1.3,5074,34335.0,0,16.5219,9.2843,26.0574,18.1741,0.5487,0.1666,False
063005,Teltower Damm,Steglitz-Zehlendorf,residents,S-Bahn,1.4,5074,34335.0,0,15.3417,8.6211,24.1962,16.876,0.5077,0.1343,False
063005,Teltower Damm,Steglitz-Zehlendorf,residents,U-Bahn,1.0,5074,34335.0,0,51.6031,37.2686,66.5849,52.7408,1.0,0.9231,False
063005,Teltower Damm,Steglitz-Zehlendorf,residents,U-Bahn,1.3,5074,34335.0,0,39.6947,28.6681,51.2192,40.5698,1.0,0.7075,False
063005,Teltower Damm,Steglitz-Zehlendorf,residents,U-Bahn,1.4,5074,34335.0,0,36.8594,26.6204,47.5607,37.672,1.0,0.6512,False
063005,Teltower Damm,Steglitz-Zehlendorf,residents,Tram,1.0,5074,34335.0,0,234.215,217.0695,248.9266,232.8687,1.0,1.0,False
063005,Teltower Damm,Steglitz-Zehlendorf,residents,Tram,1.3,5074,34335.0,0,180.1654,166.9765,191.482,179.1297,1.0,1.0,False
063005,Teltower Damm,Steglitz-Zehlendorf,residents,Tram,1.4,5074,34335.0,0,167.2964,155.0496,177.8047,166.3348,1.0,1.0,False
063005,Teltower Damm,Steglitz-Zehlendorf,residents,Bus,1.0,5074,34335.0,0,5.041,3.3479,7.0506,5.3288,0.0002,0.0002,False
063005,Teltower Damm,Steglitz-Zehlendorf,residents,Bus,1.3,5074,34335.0,0,3.8777,2.5753,5.4235,4.099,0.0002,0.0,False
063005,Teltower Damm,Steglitz-Zehlendorf,residents,Bus,1.4,5074,34335.0,0,3.6007,2.3913,5.0361,3.8063,0.0002,0.0,False
063005,Teltower Damm,Steglitz-Zehlendorf,residents,Regionalbahn,1.0,5074,34335.0,0,88.6092,76.3532,96.8505,87.2399,1.0,1.0,False
063005,Teltower Damm,Steglitz-Zehlendorf,residents,Regionalbahn,1.3,5074,34335.0,0,68.1609,58.7332,74.5004,67.1076,1.0,1.0,False
063005,Teltower Damm,Steglitz-Zehlendorf,residents,Regionalbahn,1.4,5074,34335.0,0,63.2923,54.538,69.1789,62.3142,1.0,1.0,False
063005,Teltower Damm,Steglitz-Zehlendorf,residents,S- or U-Bahn,1.0,5074,34335.0,0,21.4784,12.0695,33.8747,23.6264,0.6474,0.3237,False
063005,Teltower Damm,Steglitz-Zehlendorf,residents,S- or U-Bahn,1.3,5074,34335.0,0,16.5219,9.2843,26.0574,18.1741,0.5487,0.1666,False
063005,Teltower Damm,Steglitz-Zehlendorf,residents,S- or U-Bahn,1.4,5074,34335.0,0,15.3417,8.6211,24.1962,16.876,0.5077,0.1343,False
063006,Drakestraße,Steglitz-Zehlendorf,residents,S-Bahn,1.0,7623,49345.0,0,20.9046,14.0024,28.93,22.4332,0.7118,0.227,False
063006,Drakestraße,Steglitz-Zehlendorf,residents,S-Bahn,1.3,7623,49345.0,0,16.0804,10.7711,22.2538,17.2563,0.5519,0.0872,False
063006,Drakestraße,Steglitz-Zehlendorf,residents,S-Bahn,1.4,7623,49345.0,0,14.9318,10.0017,20.6643,16.0237,0.4976,0.0599,False
063006,Drakestraße,Steglitz-Zehlendorf,residents,U-Bahn,1.0,7623,49345.0,0,40.1035,27.9261,55.3075,42.8542,0.9936,0.7104,False
063006,Drakestraße,Steglitz-Zehlendorf,residents,U-Bahn,1.3,7623,49345.0,0,30.8488,21.4816,42.5442,32.9648,0.9525,0.5184,False
063006,Drakestraße,Steglitz-Zehlendorf,residents,U-Bahn,1.4,7623,49345.0,0,28.6453,19.9472,39.5053,30.6102,0.9242,0.4577,False
063006,Drakestraße,Steglitz-Zehlendorf,residents,Tram,1.0,7623,49345.0,0,188.8114,172.3473,209.3415,192.5068,1.0,1.0,False
063006,Drakestraße,Steglitz-Zehlendorf,residents,Tram,1.3,7623,49345.0,0,145.2395,132.5749,161.0319,148.0822,1.0,1.0,False
063006,Drakestraße,Steglitz-Zehlendorf,residents,Tram,1.4,7623,49345.0,0,134.8653,123.1052,149.5297,137.5049,1.0,1.0,False
063006,Drakestraße,Steglitz-Zehlendorf,residents,Bus,1.0,7623,49345.0,0,4.3761,2.9157,6.2023,4.7469,0.0064,0.0,False
063006,Drakestraße,Steglitz-Zehlendorf,residents,Bus,1.3,7623,49345.0,0,3.3663,2.2428,4.771,3.6515,0.0022,0.0,False
063006,Drakestraße,Steglitz-Zehlendorf,residents,Bus,1.4,7623,49345.0,0,3.1258,2.0826,4.4302,3.3907,0.0012,0.0,False
063006,Drakestraße,Steglitz-Zehlendorf,residents,Regionalbahn,1.0,7623,49345.0,0,50.3022,42.4889,59.6571,51.2763,1.0,0.9448,False
063006,Drakestraße,Steglitz-Zehlendorf,residents,Regionalbahn,1.3,7623,49345.0,0,38.694,32.6838,45.8901,39.4433,1.0,0.8301,False
063006,Drakestraße,Steglitz-Zehlendorf,residents,Regionalbahn,1.4,7623,49345.0,0,35.9301,30.3492,42.6122,36.626,1.0,0.7629,False
063006,Drakestraße,Steglitz-Zehlendorf,residents,S- or U-Bahn,1.0,7623,49345.0,0,20.6852,13.9557,28.93,22.3643,0.7104,0.227,False
063006,Drakestraße,Steglitz-Zehlendorf,residents,S- or U-Bahn,1.3,7623,49345.0,0,15.9117,10.7352,22.2538,17.2033,0.5467,0.0872,False
063006,Drakestraße,Steglitz-Zehlendorf,residents,S- or U-Bahn,1.4,7623,49345.0,0,14.7752,9.9684,20.6643,15.9745,0.4921,0.0599,False
064007,Zehlendorf Südwest,Steglitz-Zehlendorf,residents,S-Bahn,1.0,6143,26054.0,0,26.941,17.0917,39.3258,30.565,0.8049,0.4321,False
064007,Zehlendorf Südwest,Steglitz-Zehlendorf,residents,S-Bahn,1.3,6143,26054.0,0,20.7238,13.1475,30.2506,23.5115,0.6801,0.2544,False
064007,Zehlendorf Südwest,Steglitz-Zehlendorf,residents,S-Bahn,1.4,6143,26054.0,0,19.2436,12.2083,28.0898,21.8321,0.6404,0.2156,False
064007,Zehlendorf Südwest,Steglitz-Zehlendorf,residents,U-Bahn,1.0,6143,26054.0,0,76.3614,51.8176,126.3217,88.7928,1.0,1.0,False
064007,Zehlendorf Südwest,Steglitz-Zehlendorf,residents,U-Bahn,1.3,6143,26054.0,0,58.7396,39.8597,97.1705,68.3022,1.0,0.9826,False
064007,Zehlendorf Südwest,Steglitz-Zehlendorf,residents,U-Bahn,1.4,6143,26054.0,0,54.5439,37.0126,90.2298,63.4235,1.0,0.9372,False
064007,Zehlendorf Südwest,Steglitz-Zehlendorf,residents,Tram,1.0,6143,26054.0,0,275.9871,258.3346,320.5614,289.2784,1.0,1.0,False
064007,Zehlendorf Südwest,Steglitz-Zehlendorf,residents,Tram,1.3,6143,26054.0,0,212.2978,198.7189,246.5857,222.5218,1.0,1.0,False
064007,Zehlendorf Südwest,Steglitz-Zehlendorf,residents,Tram,1.4,6143,26054.0,0,197.1336,184.5247,228.9724,206.6274,1.0,1.0,False
064007,Zehlendorf Südwest,Steglitz-Zehlendorf,residents,Bus,1.0,6143,26054.0,0,5.6415,3.6588,8.4492,7.1677,0.0711,0.0181,False
064007,Zehlendorf Südwest,Steglitz-Zehlendorf,residents,Bus,1.3,6143,26054.0,0,4.3396,2.8145,6.4994,5.5136,0.0394,0.0042,False
064007,Zehlendorf Südwest,Steglitz-Zehlendorf,residents,Bus,1.4,6143,26054.0,0,4.0296,2.6134,6.0351,5.1198,0.0353,0.0004,False
064007,Zehlendorf Südwest,Steglitz-Zehlendorf,residents,Regionalbahn,1.0,6143,26054.0,0,48.6333,36.3194,59.826,48.1021,0.9619,0.8565,False
064007,Zehlendorf Südwest,Steglitz-Zehlendorf,residents,Regionalbahn,1.3,6143,26054.0,0,37.4102,27.938,46.02,37.0017,0.936,0.7116,False
064007,Zehlendorf Südwest,Steglitz-Zehlendorf,residents,Regionalbahn,1.4,6143,26054.0,0,34.738,25.9424,42.7329,34.3587,0.9214,0.6577,False
064007,Zehlendorf Südwest,Steglitz-Zehlendorf,residents,S- or U-Bahn,1.0,6143,26054.0,0,26.941,17.0917,39.3258,30.5567,0.8049,0.4321,False
064007,Zehlendorf Südwest,Steglitz-Zehlendorf,residents,S- or U-Bahn,1.3,6143,26054.0,0,20.7238,13.1475,30.2506,23.5052,0.6801,0.2544,False
064007,Zehlendorf Südwest,Steglitz-Zehlendorf,residents,S- or U-Bahn,1.4,6143,26054.0,0,19.2436,12.2083,28.0898,21.8262,0.6404,0.2156,False
064008,Zehlendorf Nord,Steglitz-Zehlendorf,residents,S-Bahn,1.0,8952,42768.0,0,25.1826,16.0691,36.5095,26.6377,0.7861,0.4124,False
064008,Zehlendorf Nord,Steglitz-Zehlendorf,residents,S-Bahn,1.3,8952,42768.0,0,19.3712,12.3608,28.0842,20.4905,0.6372,0.185,False
064008,Zehlendorf Nord,Steglitz-Zehlendorf,residents,S-Bahn,1.4,8952,42768.0,0,17.9876,11.4779,26.0782,19.0269,0.5928,0.1254,False
064008,Zehlendorf Nord,Steglitz-Zehlendorf,residents,U-Bahn,1.0,8952,42768.0,0,15.7205,10.0529,23.622,17.385,0.5329,0.1172,False
064008,Zehlendorf Nord,Steglitz-Zehlendorf,residents,U-Bahn,1.3,8952,42768.0,0,12.0927,7.733,18.1708,13.3731,0.3759,0.0145,False
064008,Zehlendorf Nord,Steglitz-Zehlendorf,residents,U-Bahn,1.4,8952,42768.0,0,11.2289,7.1806,16.8728,12.4179,0.3241,0.0008,False
064008,Zehlendorf Nord,Steglitz-Zehlendorf,residents,Tram,1.0,8952,42768.0,0,197.4252,178.1999,216.5971,196.5102,1.0,1.0,False
064008,Zehlendorf Nord,Steglitz-Zehlendorf,residents,Tram,1.3,8952,42768.0,0,151.8656,137.0769,166.6131,151.1617,1.0,1.0,False
064008,Zehlendorf Nord,Steglitz-Zehlendorf,residents,Tram,1.4,8952,42768.0,0,141.018,127.2857,154.7122,140.3645,1.0,1.0,False
064008,Zehlendorf Nord,Steglitz-Zehlendorf,residents,Bus,1.0,8952,42768.0,0,5.0642,3.3819,7.2737,5.6392,0.0094,0.0,False
064008,Zehlendorf Nord,Steglitz-Zehlendorf,residents,Bus,1.3,8952,42768.0,0,3.8955,2.6015,5.5952,4.3379,0.004,0.0,False
064008,Zehlendorf Nord,Steglitz-Zehlendorf,residents,Bus,1.4,8952,42768.0,0,3.6173,2.4157,5.1955,4.028,0.0023,0.0,False
064008,Zehlendorf Nord,Steglitz-Zehlendorf,residents,Regionalbahn,1.0,8952,42768.0,0,87.9707,79.1499,97.5014,88.0007,1.0,1.0,False
064008,Zehlendorf Nord,Steglitz-Zehlendorf,residents,Regionalbahn,1.3,8952,42768.0,0,67.6697,60.8846,75.001,67.6928,1.0,1.0,False
064008,Zehlendorf Nord,Steglitz-Zehlendorf,residents,Regionalbahn,1.4,8952,42768.0,0,62.8362,56.5357,69.6438,62.8576,1.0,1.0,False
064008,Zehlendorf Nord,Steglitz-Zehlendorf,residents,S- or U-Bahn,1.0,8952,42768.0,0,12.6343,9.1343,16.1043,12.8609,0.3271,0.0073,False
064008,Zehlendorf Nord,Steglitz-Zehlendorf,residents,S- or U-Bahn,1.3,8952,42768.0,0,9.7187,7.0264,12.3879,9.893,0.0973,0.0026,False
064008,Zehlendorf Nord,Steglitz-Zehlendorf,residents,S- or U-Bahn,1.4,8952,42768.0,0,9.0245,6.5245,11.503,9.1864,0.0528,0.0,False
071001,Schöneberg Nordwest,Tempelhof-Schöneberg,residents,S-Bahn,1.0,750,26573.0,0,25.1548,20.3765,28.2611,24.1683,0.9706,0.1203,False
071001,Schöneberg Nordwest,Tempelhof-Schöneberg,residents,S-Bahn,1.3,750,26573.0,0,19.3498,15.6742,21.7393,18.591,0.7875,0.0,False
071001,Schöneberg Nordwest,Tempelhof-Schöneberg,residents,S-Bahn,1.4,750,26573.0,0,17.9677,14.5546,20.1865,17.2631,0.7226,0.0,False
071001,Schöneberg Nordwest,Tempelhof-Schöneberg,residents,U-Bahn,1.0,750,26573.0,0,6.3766,4.8243,8.2644,6.6715,0.0,0.0,False
071001,Schöneberg Nordwest,Tempelhof-Schöneberg,residents,U-Bahn,1.3,750,26573.0,0,4.9051,3.711,6.3573,5.1319,0.0,0.0,False
071001,Schöneberg Nordwest,Tempelhof-Schöneberg,residents,U-Bahn,1.4,750,26573.0,0,4.5547,3.4459,5.9032,4.7653,0.0,0.0,False
071001,Schöneberg Nordwest,Tempelhof-Schöneberg,residents,Tram,1.0,750,26573.0,0,55.5798,52.0817,59.7083,55.7565,1.0,1.0,False
071001,Schöneberg Nordwest,Tempelhof-Schöneberg,residents,Tram,1.3,750,26573.0,0,42.7537,40.0629,45.9295,42.8896,1.0,1.0,False
071001,Schöneberg Nordwest,Tempelhof-Schöneberg,residents,Tram,1.4,750,26573.0,0,39.6999,37.2012,42.6488,39.8261,1.0,1.0,False
071001,Schöneberg Nordwest,Tempelhof-Schöneberg,residents,Bus,1.0,750,26573.0,0,4.2329,2.8981,5.5019,4.2906,0.0,0.0,False
071001,Schöneberg Nordwest,Tempelhof-Schöneberg,residents,Bus,1.3,750,26573.0,0,3.256,2.2293,4.2322,3.3005,0.0,0.0,False
071001,Schöneberg Nordwest,Tempelhof-Schöneberg,residents,Bus,1.4,750,26573.0,0,3.0235,2.0701,3.9299,3.0647,0.0,0.0,False
071001,Schöneberg Nordwest,Tempelhof-Schöneberg,residents,Regionalbahn,1.0,750,26573.0,0,44.522,39.2851,48.7333,43.4496,1.0,0.975,False
071001,Schöneberg Nordwest,Tempelhof-Schöneberg,residents,Regionalbahn,1.3,750,26573.0,0,34.2477,30.2193,37.4872,33.4228,1.0,0.7587,False
071001,Schöneberg Nordwest,Tempelhof-Schöneberg,residents,Regionalbahn,1.4,750,26573.0,0,31.8014,28.0608,34.8095,31.0354,1.0,0.5867,False
071001,Schöneberg Nordwest,Tempelhof-Schöneberg,residents,S- or U-Bahn,1.0,750,26573.0,0,6.3766,4.8243,8.2644,6.6715,0.0,0.0,False
071001,Schöneberg Nordwest,Tempelhof-Schöneberg,residents,S- or U-Bahn,1.3,750,26573.0,0,4.9051,3.711,6.3573,5.1319,0.0,0.0,False
071001,Schöneberg Nordwest,Tempelhof-Schöneberg,residents,S- or U-Bahn,1.4,750,26573.0,0,4.5547,3.4459,5.9032,4.7653,0.0,0.0,False
071002,Schöneberg Nordost,Tempelhof-Schöneberg,residents,S-Bahn,1.0,745,24347.0,0,14.4657,8.8011,21.599,15.1786,0.486,0.0,False
071002,Schöneberg Nordost,Tempelhof-Schöneberg,residents,S-Bahn,1.3,745,24347.0,0,11.1274,6.7701,16.6146,11.6758,0.3411,0.0,False
071002,Schöneberg Nordost,Tempelhof-Schöneberg,residents,S-Bahn,1.4,745,24347.0,0,10.3326,6.2865,15.4278,10.8418,0.2756,0.0,False
071002,Schöneberg Nordost,Tempelhof-Schöneberg,residents,U-Bahn,1.0,745,24347.0,0,7.2456,5.4167,9.2327,7.2578,0.0,0.0,False
071002,Schöneberg Nordost,Tempelhof-Schöneberg,residents,U-Bahn,1.3,745,24347.0,0,5.5735,4.1667,7.102,5.5829,0.0,0.0,False
071002,Schöneberg Nordost,Tempelhof-Schöneberg,residents,U-Bahn,1.4,745,24347.0,0,5.1754,3.8691,6.5948,5.1841,0.0,0.0,False
071002,Schöneberg Nordost,Tempelhof-Schöneberg,residents,Tram,1.0,745,24347.0,0,67.0621,63.441,70.2837,66.9305,1.0,1.0,False
071002,Schöneberg Nordost,Tempelhof-Schöneberg,residents,Tram,1.3,745,24347.0,0,51.5863,48.8008,54.0644,51.485,1.0,1.0,False
071002,Schöneberg Nordost,Tempelhof-Schöneberg,residents,Tram,1.4,745,24347.0,0,47.9015,45.315,50.2026,47.8075,1.0,1.0,False
071002,Schöneberg Nordost,Tempelhof-Schöneberg,residents,Bus,1.0,745,24347.0,0,4.0203,2.6488,5.5138,4.176,0.0,0.0,False
071002,Schöneberg Nordost,Tempelhof-Schöneberg,residents,Bus,1.3,745,24347.0,0,3.0926,2.0376,4.2414,3.2123,0.0,0.0,False
071002,Schöneberg Nordost,Tempelhof-Schöneberg,residents,Bus,1.4,745,24347.0,0,2.8717,1.892,3.9384,2.9828,0.0,0.0,False
071002,Schöneberg Nordost,Tempelhof-Schöneberg,residents,Regionalbahn,1.0,745,24347.0,0,36.8755,32.5823,42.8755,37.3997,1.0,0.8572,False
071002,Schöneberg Nordost,Tempelhof-Schöneberg,residents,Regionalbahn,1.3,745,24347.0,0,28.3657,25.0633,32.9812,28.769,1.0,0.3979,False
071002,Schöneberg Nordost,Tempelhof-Schöneberg,residents,Regionalbahn,1.4,745,24347.0,0,26.3396,23.2731,30.6254,26.714,1.0,0.2952,False
071002,Schöneberg Nordost,Tempelhof-Schöneberg,residents,S- or U-Bahn,1.0,745,24347.0,0,6.8626,4.9246,8.8713,6.9418,0.0,0.0,False
071002,Schöneberg Nordost,Tempelhof-Schöneberg,residents,S- or U-Bahn,1.3,745,24347.0,0,5.2789,3.7882,6.8241,5.3398,0.0,0.0,False
071002,Schöneberg Nordost,Tempelhof-Schöneberg,residents,S- or U-Bahn,1.4,745,24347.0,0,4.9018,3.5176,6.3366,4.9584,0.0,0.0,False
072003,Schöneberg Südwest,Tempelhof-Schöneberg,residents,S-Bahn,1.0,672,21269.0,0,17.7634,7.9622,25.407,17.1285,0.5415,0.1133,False
072003,Schöneberg Südwest,Tempelhof-Schöneberg,residents,S-Bahn,1.3,672,21269.0,0,13.6641,6.1248,19.5438,13.1758,0.445,0.0,False
072003,Schöneberg Südwest,Tempelhof-Schöneberg,residents,S-Bahn,1.4,672,21269.0,0,12.6881,5.6873,18.1479,12.2346,0.3955,0.0,False
072003,Schöneberg Südwest,Tempelhof-Schöneberg,residents,U-Bahn,1.0,672,21269.0,0,6.3677,4.6923,8.114,6.3923,0.0,0.0,False
072003,Schöneberg Südwest,Tempelhof-Schöneberg,residents,U-Bahn,1.3,672,21269.0,0,4.8982,3.6095,6.2415,4.9172,0.0,0.0,False
072003,Schöneberg Südwest,Tempelhof-Schöneberg,residents,U-Bahn,1.4,672,21269.0,0,4.5483,3.3516,5.7957,4.566,0.0,0.0,False
072003,Schöneberg Südwest,Tempelhof-Schöneberg,residents,Tram,1.0,672,21269.0,0,82.5306,74.4841,89.0498,81.3285,1.0,1.0,False
072003,Schöneberg Südwest,Tempelhof-Schöneberg,residents,Tram,1.3,672,21269.0,0,63.4851,57.2954,68.4998,62.5604,1.0,1.0,False
072003,Schöneberg Südwest,Tempelhof-Schöneberg,residents,Tram,1.4,672,21269.0,0,58.9505,53.2029,63.607,58.0918,1.0,1.0,False
072003,Schöneberg Südwest,Tempelhof-Schöneberg,residents,Bus,1.0,672,21269.0,0,3.9062,2.7384,5.3434,4.0335,0.0,0.0,False
072003,Schöneberg Südwest,Tempelhof-Schöneberg,residents,Bus,1.3,672,21269.0,0,3.0048,2.1065,4.1103,3.1027,0.0,0.0,False
072003,Schöneberg Südwest,Tempelhof-Schöneberg,residents,Bus,1.4,672,21269.0,0,2.7901,1.956,3.8167,2.8811,0.0,0.0,False
072003,Schöneberg Südwest,Tempelhof-Schöneberg,residents,Regionalbahn,1.0,672,21269.0,0,37.9321,29.9747,44.0417,37.0387,1.0,0.7476,False
072003,Schöneberg Südwest,Tempelhof-Schöneberg,residents,Regionalbahn,1.3,672,21269.0,0,29.1785,23.0575,33.8783,28.4913,0.9949,0.4564,False
072003,Schöneberg Südwest,Tempelhof-Schöneberg,residents,Regionalbahn,1.4,672,21269.0,0,27.0943,21.4105,31.4584,26.4562,0.9877,0.3421,False
072003,Schöneberg Südwest,Tempelhof-Schöneberg,residents,S- or U-Bahn,1.0,672,21269.0,0,5.8708,4.2628,7.385,5.8759,0.0,0.0,False
072003,Schöneberg Südwest,Tempelhof-Schöneberg,residents,S- or U-Bahn,1.3,672,21269.0,0,4.516,3.2791,5.6808,4.5199,0.0,0.0,False
072003,Schöneberg Südwest,Tempelhof-Schöneberg,residents,S- or U-Bahn,1.4,672,21269.0,0,4.1934,3.0448,5.275,4.197,0.0,0.0,False
072004,Schöneberg Südost,Tempelhof-Schöneberg,residents,S-Bahn,1.0,984,31792.0,0,10.1076,7.8031,12.7801,10.5482,0.1592,0.0,False
072004,Schöneberg Südost,Tempelhof-Schöneberg,residents,S-Bahn,1.3,984,31792.0,0,7.7751,6.0023,9.8309,8.114,0.0294,0.0,False
072004,Schöneberg Südost,Tempelhof-Schöneberg,residents,S-Bahn,1.4,984,31792.0,0,7.2197,5.5736,9.1287,7.5344,0.0087,0.0,False
072004,Schöneberg Südost,Tempelhof-Schöneberg,residents,U-Bahn,1.0,984,31792.0,0,13.395,8.9529,17.649,13.7483,0.4122,0.0,False
072004,Schöneberg Südost,Tempelhof-Schöneberg,residents,U-Bahn,1.3,984,31792.0,0,10.3039,6.8868,13.5761,10.5756,0.201,0.0,False
072004,Schöneberg Südost,Tempelhof-Schöneberg,residents,U-Bahn,1.4,984,31792.0,0,9.5679,6.3949,12.6064,9.8202,0.1624,0.0,False
072004,Schöneberg Südost,Tempelhof-Schöneberg,residents,Tram,1.0,984,31792.0,0,83.0757,77.2852,88.9773,83.983,1.0,1.0,False
072004,Schöneberg Südost,Tempelhof-Schöneberg,residents,Tram,1.3,984,31792.0,0,63.9044,59.4501,68.4441,64.6023,1.0,1.0,False
072004,Schöneberg Südost,Tempelhof-Schöneberg,residents,Tram,1.4,984,31792.0,0,59.3398,55.2037,63.5552,59.9879,1.0,1.0,False
072004,Schöneberg Südost,Tempelhof-Schöneberg,residents,Bus,1.0,984,31792.0,0,3.7841,2.5191,5.2971,3.9327,0.0,0.0,False
072004,Schöneberg Südost,Tempelhof-Schöneberg,residents,Bus,1.3,984,31792.0,0,2.9108,1.9378,4.0747,3.0251,0.0,0.0,False
072004,Schöneberg Südost,Tempelhof-Schöneberg,residents,Bus,1.4,984,31792.0,0,2.7029,1.7994,3.7836,2.8091,0.0,0.0,False
072004,Schöneberg Südost,Tempelhof-Schöneberg,residents,Regionalbahn,1.0,984,31792.0,0,25.5773,17.8206,31.4659,24.5186,0.8151,0.2958,False
072004,Schöneberg Südost,Tempelhof-Schöneberg,residents,Regionalbahn,1.3,984,31792.0,0,19.6749,13.7082,24.2046,18.8604,0.7142,0.0088,False
072004,Schöneberg Südost,Tempelhof-Schöneberg,residents,Regionalbahn,1.4,984,31792.0,0,18.2695,12.729,22.4757,17.5133,0.6634,0.0,False
072004,Schöneberg Südost,Tempelhof-Schöneberg,residents,S- or U-Bahn,1.0,984,31792.0,0,8.2914,5.9456,10.3077,8.1285,0.006,0.0,False
072004,Schöneberg Südost,Tempelhof-Schöneberg,residents,S- or U-Bahn,1.3,984,31792.0,0,6.378,4.5735,7.929,6.2527,0.0,0.0,False
072004,Schöneberg Südost,Tempelhof-Schöneberg,residents,S- or U-Bahn,1.4,984,31792.0,0,5.9224,4.2468,7.3626,5.8061,0.0,0.0,False
073005,Friedenau West,Tempelhof-Schöneberg,residents,S-Bahn,1.0,1039,26598.0,0,12.6833,10.5653,14.8729,12.568,0.2389,0.0,False
073005,Friedenau West,Tempelhof-Schöneberg,residents,S-Bahn,1.3,1039,26598.0,0,9.7564,8.1272,11.4407,9.6677,0.0305,0.0,False
073005,Friedenau West,Tempelhof-Schöneberg,residents,S-Bahn,1.4,1039,26598.0,0,9.0595,7.5467,10.6235,8.9771,0.001,0.0,False
073005,Friedenau West,Tempelhof-Schöneberg,residents,U-Bahn,1.0,1039,26598.0,0,7.4416,5.4631,9.7046,7.5551,0.0,0.0,False
073005,Friedenau West,Tempelhof-Schöneberg,residents,U-Bahn,1.3,1039,26598.0,0,5.7243,4.2024,7.4651,5.8116,0.0,0.0,False
073005,Friedenau West,Tempelhof-Schöneberg,residents,U-Bahn,1.4,1039,26598.0,0,5.3155,3.9022,6.9318,5.3965,0.0,0.0,False
073005,Friedenau West,Tempelhof-Schöneberg,residents,Tram,1.0,1039,26598.0,0,110.3878,105.2441,116.3771,110.9121,1.0,1.0,False
073005,Friedenau West,Tempelhof-Schöneberg,residents,Tram,1.3,1039,26598.0,0,84.9137,80.957,89.5209,85.317,1.0,1.0,False
073005,Friedenau West,Tempelhof-Schöneberg,residents,Tram,1.4,1039,26598.0,0,78.8484,75.1744,83.1265,79.2229,1.0,1.0,False
073005,Friedenau West,Tempelhof-Schöneberg,residents,Bus,1.0,1039,26598.0,0,4.1118,2.8092,6.0398,4.4945,0.0,0.0,False
073005,Friedenau West,Tempelhof-Schöneberg,residents,Bus,1.3,1039,26598.0,0,3.1629,2.161,4.646,3.4573,0.0,0.0,False
073005,Friedenau West,Tempelhof-Schöneberg,residents,Bus,1.4,1039,26598.0,0,2.937,2.0066,4.3142,3.2104,0.0,0.0,False
073005,Friedenau West,Tempelhof-Schöneberg,residents,Regionalbahn,1.0,1039,26598.0,0,53.8705,48.1152,58.8705,52.9129,1.0,1.0,False
073005,Friedenau West,Tempelhof-Schöneberg,residents,Regionalbahn,1.3,1039,26598.0,0,41.4388,37.0117,45.285,40.7022,1.0,0.9506,False
073005,Friedenau West,Tempelhof-Schöneberg,residents,Regionalbahn,1.4,1039,26598.0,0,38.4789,34.368,42.0504,37.7949,1.0,0.8814,False
073005,Friedenau West,Tempelhof-Schöneberg,residents,S- or U-Bahn,1.0,1039,26598.0,0,7.4416,5.4631,9.7046,7.5415,0.0,0.0,False
073005,Friedenau West,Tempelhof-Schöneberg,residents,S- or U-Bahn,1.3,1039,26598.0,0,5.7243,4.2024,7.4651,5.8011,0.0,0.0,False
073005,Friedenau West,Tempelhof-Schöneberg,residents,S- or U-Bahn,1.4,1039,26598.0,0,5.3155,3.9022,6.9318,5.3868,0.0,0.0,False
073006,Friedenau Ost,Tempelhof-Schöneberg,residents,S-Bahn,1.0,945,21422.0,0,10.1895,8.1663,13.0503,10.682,0.1756,0.0,False
073006,Friedenau Ost,Tempelhof-Schöneberg,residents,S-Bahn,1.3,945,21422.0,0,7.838,6.2818,10.0387,8.2169,0.0022,0.0,False
073006,Friedenau Ost,Tempelhof-Schöneberg,residents,S-Bahn,1.4,945,21422.0,0,7.2782,5.8331,9.3216,7.63,0.0,0.0,False
073006,Friedenau Ost,Tempelhof-Schöneberg,residents,U-Bahn,1.0,945,21422.0,0,18.1929,12.2685,22.4211,17.8904,0.6101,0.0472,False
073006,Friedenau Ost,Tempelhof-Schöneberg,residents,U-Bahn,1.3,945,21422.0,0,13.9946,9.4373,17.247,13.7619,0.4499,0.003,False
073006,Friedenau Ost,Tempelhof-Schöneberg,residents,U-Bahn,1.4,945,21422.0,0,12.9949,8.7632,16.0151,12.7789,0.3462,0.0,False
073006,Friedenau Ost,Tempelhof-Schöneberg,residents,Tram,1.0,945,21422.0,0,113.3787,106.8271,118.3509,112.4927,1.0,1.0,False
073006,Friedenau Ost,Tempelhof-Schöneberg,residents,Tram,1.3,945,21422.0,0,87.2144,82.1747,91.0392,86.5328,1.0,1.0,False
073006,Friedenau Ost,Tempelhof-Schöneberg,residents,Tram,1.4,945,21422.0,0,80.9848,76.3051,84.5364,80.3519,1.0,1.0,False
073006,Friedenau Ost,Tempelhof-Schöneberg,residents,Bus,1.0,945,21422.0,0,3.6409,2.6822,4.9135,3.8994,0.0014,0.0,False
073006,Friedenau Ost,Tempelhof-Schöneberg,residents,Bus,1.3,945,21422.0,0,2.8007,2.0632,3.7796,2.9995,0.0,0.0,False
073006,Friedenau Ost,Tempelhof-Schöneberg,residents,Bus,1.4,945,21422.0,0,2.6006,1.9159,3.5096,2.7853,0.0,0.0,False
073006,Friedenau Ost,Tempelhof-Schöneberg,residents,Regionalbahn,1.0,945,21422.0,0,40.3107,35.8492,44.11,39.3012,0.9991,0.9126,False
073006,Friedenau Ost,Tempelhof-Schöneberg,residents,Regionalbahn,1.3,945,21422.0,0,31.0082,27.5763,33.9307,30.2317,0.9652,0.5753,False
073006,Friedenau Ost,Tempelhof-Schöneberg,residents,Regionalbahn,1.4,945,21422.0,0,28.7933,25.6065,31.5071,28.0723,0.9593,0.3732,False
073006,Friedenau Ost,Tempelhof-Schöneberg,residents,S- or U-Bahn,1.0,945,21422.0,0,9.9629,7.8978,12.8147,10.4228,0.1756,0.0,False
073006,Friedenau Ost,Tempelhof-Schöneberg,residents,S- or U-Bahn,1.3,945,21422.0,0,7.6638,6.0752,9.8575,8.0175,0.0022,0.0,False
073006,Friedenau Ost,Tempelhof-Schöneberg,residents,S- or U-Bahn,1.4,945,21422.0,0,7.1164,5.6413,9.1534,7.4448,0.0,0.0,False
074007,Tempelhof Nord,Tempelhof-Schöneberg,residents,S-Bahn,1.0,1667,19311.0,0,20.9157,13.9729,27.1518,21.0366,0.6989,0.1905,False
074007,Tempelhof Nord,Tempelhof-Schöneberg,residents,S-Bahn,1.3,1667,19311.0,0,16.089,10.7483,20.886,16.182,0.5624,0.0114,False
074007,Tempelhof Nord,Tempelhof-Schöneberg,residents,S-Bahn,1.4,1667,19311.0,0,14.9398,9.9806,19.3942,15.0262,0.4914,0.0013,False
074007,Tempelhof Nord,Tempelhof-Schöneberg,residents,U-Bahn,1.0,1667,19311.0,0,14.233,9.4225,17.721,13.7152,0.3827,0.0002,False
074007,Tempelhof Nord,Tempelhof-Schöneberg,residents,U-Bahn,1.3,1667,19311.0,0,10.9484,7.2481,13.6316,10.5501,0.139,0.0,False
074007,Tempelhof Nord,Tempelhof-Schöneberg,residents,U-Bahn,1.4,1667,19311.0,0,10.1664,6.7304,12.6579,9.7965,0.0612,0.0,False
074007,Tempelhof Nord,Tempelhof-Schöneberg,residents,Tram,1.0,1667,19311.0,0,81.3534,78.6496,91.6286,84.0523,1.0,1.0,False
074007,Tempelhof Nord,Tempelhof-Schöneberg,residents,Tram,1.3,1667,19311.0,0,62.5795,60.4997,70.4835,64.6556,1.0,1.0,False
074007,Tempelhof Nord,Tempelhof-Schöneberg,residents,Tram,1.4,1667,19311.0,0,58.1096,56.1783,65.449,60.0374,1.0,1.0,False
074007,Tempelhof Nord,Tempelhof-Schöneberg,residents,Bus,1.0,1667,19311.0,0,3.9111,2.3953,6.4593,4.9695,0.0117,0.0,False
074007,Tempelhof Nord,Tempelhof-Schöneberg,residents,Bus,1.3,1667,19311.0,0,3.0086,1.8426,4.9687,3.8227,0.0009,0.0,False
074007,Tempelhof Nord,Tempelhof-Schöneberg,residents,Bus,1.4,1667,19311.0,0,2.7937,1.711,4.6138,3.5497,0.0009,0.0,False
074007,Tempelhof Nord,Tempelhof-Schöneberg,residents,Regionalbahn,1.0,1667,19311.0,0,26.6586,19.9344,33.4058,27.7292,0.8432,0.355,False
074007,Tempelhof Nord,Tempelhof-Schöneberg,residents,Regionalbahn,1.3,1667,19311.0,0,20.5066,15.3342,25.6967,21.3301,0.7633,0.2077,False
074007,Tempelhof Nord,Tempelhof-Schöneberg,residents,Regionalbahn,1.4,1667,19311.0,0,19.0418,14.2389,23.8613,19.8065,0.7231,0.2077,False
074007,Tempelhof Nord,Tempelhof-Schöneberg,residents,S- or U-Bahn,1.0,1667,19311.0,0,12.9821,8.706,14.5064,12.2682,0.2219,0.0002,False
074007,Tempelhof Nord,Tempelhof-Schöneberg,residents,S- or U-Bahn,1.3,1667,19311.0,0,9.9863,6.697,11.1587,9.4371,0.0371,0.0,False
074007,Tempelhof Nord,Tempelhof-Schöneberg,residents,S- or U-Bahn,1.4,1667,19311.0,0,9.273,6.2186,10.3617,8.763,0.0272,0.0,False
074008,Tempelhof Südwest,Tempelhof-Schöneberg,residents,S-Bahn,1.0,2267,32559.0,0,24.895,19.1245,29.031,23.7574,0.8863,0.1876,False
074008,Tempelhof Südwest,Tempelhof-Schöneberg,residents,S-Bahn,1.3,2267,32559.0,0,19.15,14.7112,22.3316,18.2749,0.7391,0.0,False
074008,Tempelhof Südwest,Tempelhof-Schöneberg,residents,S-Bahn,1.4,2267,32559.0,0,17.7821,13.6604,20.7365,16.9696,0.6799,0.0,False
074008,Tempelhof Südwest,Tempelhof-Schöneberg,residents,U-Bahn,1.0,2267,32559.0,0,13.9505,9.0633,20.178,15.2751,0.4527,0.0572,False
074008,Tempelhof Südwest,Tempelhof-Schöneberg,residents,U-Bahn,1.3,2267,32559.0,0,10.7312,6.9718,15.5216,11.7501,0.2806,0.0011,False
074008,Tempelhof Südwest,Tempelhof-Schöneberg,residents,U-Bahn,1.4,2267,32559.0,0,9.9647,6.4738,14.4129,10.9108,0.2261,0.0004,False
074008,Tempelhof Südwest,Tempelhof-Schöneberg,residents,Tram,1.0,2267,32559.0,0,123.7309,115.2352,130.7064,123.5799,1.0,1.0,False
074008,Tempelhof Südwest,Tempelhof-Schöneberg,residents,Tram,1.3,2267,32559.0,0,95.1776,88.6424,100.5434,95.0615,1.0,1.0,False
074008,Tempelhof Südwest,Tempelhof-Schöneberg,residents,Tram,1.4,2267,32559.0,0,88.3792,82.3108,93.3617,88.2714,1.0,1.0,False
074008,Tempelhof Südwest,Tempelhof-Schöneberg,residents,Bus,1.0,2267,32559.0,0,4.0042,2.776,5.2514,4.0783,0.0001,0.0,False
074008,Tempelhof Südwest,Tempelhof-Schöneberg,residents,Bus,1.3,2267,32559.0,0,3.0802,2.1354,4.0395,3.1371,0.0001,0.0,False
074008,Tempelhof Südwest,Tempelhof-Schöneberg,residents,Bus,1.4,2267,32559.0,0,2.8602,1.9828,3.751,2.9131,0.0,0.0,False
074008,Tempelhof Südwest,Tempelhof-Schöneberg,residents,Regionalbahn,1.0,2267,32559.0,0,38.4315,30.7015,45.4861,38.0375,0.9991,0.7807,False
074008,Tempelhof Südwest,Tempelhof-Schöneberg,residents,Regionalbahn,1.3,2267,32559.0,0,29.5627,23.6166,34.9893,29.2596,0.9866,0.4869,False
074008,Tempelhof Südwest,Tempelhof-Schöneberg,residents,Regionalbahn,1.4,2267,32559.0,0,27.451,21.9297,32.4901,27.1696,0.9623,0.3735,False
074008,Tempelhof Südwest,Tempelhof-Schöneberg,residents,S- or U-Bahn,1.0,2267,32559.0,0,13.1406,8.5755,17.8769,13.3453,0.3875,0.0049,False
074008,Tempelhof Südwest,Tempelhof-Schöneberg,residents,S- or U-Bahn,1.3,2267,32559.0,0,10.1082,6.5966,13.7514,10.2656,0.1602,0.0,False
074008,Tempelhof Südwest,Tempelhof-Schöneberg,residents,S- or U-Bahn,1.4,2267,32559.0,0,9.3862,6.1254,12.7692,9.5324,0.0922,0.0,False
074009,Tempelhof Südost,Tempelhof-Schöneberg,residents,S-Bahn,1.0,1149,15412.0,0,29.4986,23.2503,39.0834,30.5395,0.9549,0.4871,False
074009,Tempelhof Südost,Tempelhof-Schöneberg,residents,S-Bahn,1.3,1149,15412.0,0,22.6912,17.8849,30.0642,23.492,0.8492,0.2569,False
074009,Tempelhof Südost,Tempelhof-Schöneberg,residents,S-Bahn,1.4,1149,15412.0,0,21.0704,16.6074,27.9167,21.814,0.8172,0.1677,False
074009,Tempelhof Südost,Tempelhof-Schöneberg,residents,U-Bahn,1.0,1149,15412.0,0,19.1813,9.9621,28.6144,20.1149,0.6081,0.2102,False
074009,Tempelhof Südost,Tempelhof-Schöneberg,residents,U-Bahn,1.3,1149,15412.0,0,14.7548,7.6632,22.0111,15.473,0.4955,0.0726,False
074009,Tempelhof Südost,Tempelhof-Schöneberg,residents,U-Bahn,1.4,1149,15412.0,0,13.7009,7.1158,20.4388,14.3678,0.4665,0.0047,False
074009,Tempelhof Südost,Tempelhof-Schöneberg,residents,Tram,1.0,1149,15412.0,0,118.5966,108.1918,124.3321,116.6903,1.0,1.0,False
074009,Tempelhof Südost,Tempelhof-Schöneberg,residents,Tram,1.3,1149,15412.0,0,91.2281,83.2244,95.6401,89.7617,1.0,1.0,False
074009,Tempelhof Südost,Tempelhof-Schöneberg,residents,Tram,1.4,1149,15412.0,0,84.7118,77.2798,88.8086,83.3502,1.0,1.0,False
074009,Tempelhof Südost,Tempelhof-Schöneberg,residents,Bus,1.0,1149,15412.0,0,4.4918,2.9416,6.4973,4.969,0.0,0.0,False
074009,Tempelhof Südost,Tempelhof-Schöneberg,residents,Bus,1.3,1149,15412.0,0,3.4552,2.2627,4.9979,3.8223,0.0,0.0,False
074009,Tempelhof Südost,Tempelhof-Schöneberg,residents,Bus,1.4,1149,15412.0,0,3.2084,2.1011,4.6409,3.5493,0.0,0.0,False
074009,Tempelhof Südost,Tempelhof-Schöneberg,residents,Regionalbahn,1.0,1149,15412.0,0,64.0407,48.0633,74.9877,61.7731,1.0,1.0,False
074009,Tempelhof Südost,Tempelhof-Schöneberg,residents,Regionalbahn,1.3,1149,15412.0,0,49.262,36.9718,57.6829,47.5178,1.0,0.9219,False
074009,Tempelhof Südost,Tempelhof-Schöneberg,residents,Regionalbahn,1.4,1149,15412.0,0,45.7433,34.3309,53.5626,44.1236,1.0,0.8597,False
074009,Tempelhof Südost,Tempelhof-Schöneberg,residents,S- or U-Bahn,1.0,1149,15412.0,0,18.9967,9.9621,28.4298,20.0612,0.6081,0.2102,False
074009,Tempelhof Südost,Tempelhof-Schöneberg,residents,S- or U-Bahn,1.3,1149,15412.0,0,14.6129,7.6632,21.8691,15.4317,0.4955,0.0586,False
074009,Tempelhof Südost,Tempelhof-Schöneberg,residents,S- or U-Bahn,1.4,1149,15412.0,0,13.5691,7.1158,20.307,14.3294,0.4653,0.0047,False
075010,Mariendorf Nord,Tempelhof-Schöneberg,residents,S-Bahn,1.0,2477,33119.0,0,33.62,28.1534,47.6841,37.2919,0.9867,0.6733,False
075010,Mariendorf Nord,Tempelhof-Schöneberg,residents,S-Bahn,1.3,2477,33119.0,0,25.8615,21.6565,36.6801,28.6861,0.9293,0.364,False
075010,Mariendorf Nord,Tempelhof-Schöneberg,residents,S-Bahn,1.4,2477,33119.0,0,24.0143,20.1096,34.0601,26.6371,0.9131,0.3223,False
075010,Mariendorf Nord,Tempelhof-Schöneberg,residents,U-Bahn,1.0,2477,33119.0,0,13.2809,8.5055,20.0329,15.0379,0.42,0.081,False
075010,Mariendorf Nord,Tempelhof-Schöneberg,residents,U-Bahn,1.3,2477,33119.0,0,10.216,6.5427,15.4099,11.5676,0.2683,0.001,False
075010,Mariendorf Nord,Tempelhof-Schöneberg,residents,U-Bahn,1.4,2477,33119.0,0,9.4863,6.0753,14.3092,10.7413,0.2185,0.0002,False
075010,Mariendorf Nord,Tempelhof-Schöneberg,residents,Tram,1.0,2477,33119.0,0,144.9977,139.6187,150.9136,146.095,1.0,1.0,False
075010,Mariendorf Nord,Tempelhof-Schöneberg,residents,Tram,1.3,2477,33119.0,0,111.5367,107.399,116.0874,112.3808,1.0,1.0,False
075010,Mariendorf Nord,Tempelhof-Schöneberg,residents,Tram,1.4,2477,33119.0,0,103.5698,99.7276,107.7955,104.3536,1.0,1.0,False
075010,Mariendorf Nord,Tempelhof-Schöneberg,residents,Bus,1.0,2477,33119.0,0,4.1479,2.6454,5.8831,4.5585,0.011,0.0,False
075010,Mariendorf Nord,Tempelhof-Schöneberg,residents,Bus,1.3,2477,33119.0,0,3.1907,2.0349,4.5254,3.5065,0.0,0.0,False
075010,Mariendorf Nord,Tempelhof-Schöneberg,residents,Bus,1.4,2477,33119.0,0,2.9628,1.8896,4.2022,3.2561,0.0,0.0,False
075010,Mariendorf Nord,Tempelhof-Schöneberg,residents,Regionalbahn,1.0,2477,33119.0,0,70.1588,64.0253,77.5403,72.3205,1.0,1.0,False
075010,Mariendorf Nord,Tempelhof-Schöneberg,residents,Regionalbahn,1.3,2477,33119.0,0,53.9683,49.2502,59.6463,55.6312,1.0,1.0,False
075010,Mariendorf Nord,Tempelhof-Schöneberg,residents,Regionalbahn,1.4,2477,33119.0,0,50.1134,45.7323,55.3859,51.6575,1.0,1.0,False
075010,Mariendorf Nord,Tempelhof-Schöneberg,residents,S- or U-Bahn,1.0,2477,33119.0,0,13.0765,8.5055,18.8105,14.5491,0.4067,0.0595,False
075010,Mariendorf Nord,Tempelhof-Schöneberg,residents,S- or U-Bahn,1.3,2477,33119.0,0,10.0588,6.5427,14.4696,11.1916,0.2368,0.001,False
075010,Mariendorf Nord,Tempelhof-Schöneberg,residents,S- or U-Bahn,1.4,2477,33119.0,0,9.3403,6.0753,13.4361,10.3922,0.197,0.0002,False
075011,Mariendorf Süd,Tempelhof-Schöneberg,residents,S-Bahn,1.0,3327,21225.0,0,35.3621,28.5036,41.6462,35.8165,0.9964,0.6978,False
075011,Mariendorf Süd,Tempelhof-Schöneberg,residents,S-Bahn,1.3,3327,21225.0,0,27.2016,21.9259,32.0355,27.5512,0.9831,0.3549,False
075011,Mariendorf Süd,Tempelhof-Schöneberg,residents,S-Bahn,1.4,3327,21225.0,0,25.2586,20.3597,29.7473,25.5832,0.9696,0.2442,False
075011,Mariendorf Süd,Tempelhof-Schöneberg,residents,U-Bahn,1.0,3327,21225.0,0,21.516,15.4413,33.1888,23.6358,0.7614,0.2972,False
075011,Mariendorf Süd,Tempelhof-Schöneberg,residents,U-Bahn,1.3,3327,21225.0,0,16.5508,11.8779,25.5299,18.1814,0.5872,0.1012,False
075011,Mariendorf Süd,Tempelhof-Schöneberg,residents,U-Bahn,1.4,3327,21225.0,0,15.3686,11.0295,23.7063,16.8827,0.5221,0.0341,False
075011,Mariendorf Süd,Tempelhof-Schöneberg,residents,Tram,1.0,3327,21225.0,0,158.3322,152.0727,165.8967,158.843,1.0,1.0,False
075011,Mariendorf Süd,Tempelhof-Schöneberg,residents,Tram,1.3,3327,21225.0,0,121.794,116.979,127.6128,122.1869,1.0,1.0,False
075011,Mariendorf Süd,Tempelhof-Schöneberg,residents,Tram,1.4,3327,21225.0,0,113.0944,108.6234,118.4976,113.4593,1.0,1.0,False
075011,Mariendorf Süd,Tempelhof-Schöneberg,residents,Bus,1.0,3327,21225.0,0,5.2162,3.091,7.7289,5.9023,0.0211,0.0,False
075011,Mariendorf Süd,Tempelhof-Schöneberg,residents,Bus,1.3,3327,21225.0,0,4.0124,2.3777,5.9453,4.5402,0.0,0.0,False
075011,Mariendorf Süd,Tempelhof-Schöneberg,residents,Bus,1.4,3327,21225.0,0,3.7258,2.2079,5.5206,4.2159,0.0,0.0,False
075011,Mariendorf Süd,Tempelhof-Schöneberg,residents,Regionalbahn,1.0,3327,21225.0,0,90.3655,81.0525,99.031,89.1691,1.0,1.0,False
075011,Mariendorf Süd,Tempelhof-Schöneberg,residents,Regionalbahn,1.3,3327,21225.0,0,69.5119,62.3481,76.1777,68.5916,1.0,1.0,False
075011,Mariendorf Süd,Tempelhof-Schöneberg,residents,Regionalbahn,1.4,3327,21225.0,0,64.5468,57.8946,70.7364,63.6922,1.0,1.0,False
075011,Mariendorf Süd,Tempelhof-Schöneberg,residents,S- or U-Bahn,1.0,3327,21225.0,0,20.9476,15.2836,29.0985,22.009,0.7578,0.2128,False
075011,Mariendorf Süd,Tempelhof-Schöneberg,residents,S- or U-Bahn,1.3,3327,21225.0,0,16.1136,11.7566,22.3835,16.93,0.5703,0.031,False
075011,Mariendorf Süd,Tempelhof-Schöneberg,residents,S- or U-Bahn,1.4,3327,21225.0,0,14.9626,10.9168,20.7847,15.7207,0.494,0.0024,False
076012,Marienfelde Nord,Tempelhof-Schöneberg,residents,S-Bahn,1.0,2484,18020.0,0,21.6257,14.1919,28.5859,21.9805,0.7218,0.2043,False
076012,Marienfelde Nord,Tempelhof-Schöneberg,residents,S-Bahn,1.3,2484,18020.0,0,16.6352,10.9168,21.9891,16.9081,0.5611,0.0755,False
076012,Marienfelde Nord,Tempelhof-Schöneberg,residents,S-Bahn,1.4,2484,18020.0,0,15.4469,10.1371,20.4185,15.7004,0.5191,0.0324,False
076012,Marienfelde Nord,Tempelhof-Schöneberg,residents,U-Bahn,1.0,2484,18020.0,0,56.1053,47.8804,63.6266,56.134,1.0,1.0,False
076012,Marienfelde Nord,Tempelhof-Schöneberg,residents,U-Bahn,1.3,2484,18020.0,0,43.1579,36.8311,48.9436,43.18,1.0,0.9769,False
076012,Marienfelde Nord,Tempelhof-Schöneberg,residents,U-Bahn,1.4,2484,18020.0,0,40.0752,34.2003,45.4476,40.0957,1.0,0.9148,False
076012,Marienfelde Nord,Tempelhof-Schöneberg,residents,Tram,1.0,2484,18020.0,0,193.2008,184.3017,200.7895,190.2768,1.0,1.0,False
076012,Marienfelde Nord,Tempelhof-Schöneberg,residents,Tram,1.3,2484,18020.0,0,148.616,141.7706,154.4534,146.3667,1.0,1.0,False
076012,Marienfelde Nord,Tempelhof-Schöneberg,residents,Tram,1.4,2484,18020.0,0,138.0005,131.6441,143.4211,135.912,1.0,1.0,False
076012,Marienfelde Nord,Tempelhof-Schöneberg,residents,Bus,1.0,2484,18020.0,0,4.7403,2.997,6.8859,5.4034,0.0108,0.0,False
076012,Marienfelde Nord,Tempelhof-Schöneberg,residents,Bus,1.3,2484,18020.0,0,3.6464,2.3054,5.2969,4.1564,0.0027,0.0,False
076012,Marienfelde Nord,Tempelhof-Schöneberg,residents,Bus,1.4,2484,18020.0,0,3.3859,2.1407,4.9185,3.8596,0.0006,0.0,False
076012,Marienfelde Nord,Tempelhof-Schöneberg,residents,Regionalbahn,1.0,2484,18020.0,0,61.9142,56.3014,72.9473,65.6809,1.0,1.0,False
076012,Marienfelde Nord,Tempelhof-Schöneberg,residents,Regionalbahn,1.3,2484,18020.0,0,47.6263,43.3087,56.1133,50.5237,1.0,0.9996,False
076012,Marienfelde Nord,Tempelhof-Schöneberg,residents,Regionalbahn,1.4,2484,18020.0,0,44.2244,40.2153,52.1052,46.9149,1.0,0.9944,False
076012,Marienfelde Nord,Tempelhof-Schöneberg,residents,S- or U-Bahn,1.0,2484,18020.0,0,21.6257,14.1919,28.5859,21.9805,0.7218,0.2043,False
076012,Marienfelde Nord,Tempelhof-Schöneberg,residents,S- or U-Bahn,1.3,2484,18020.0,0,16.6352,10.9168,21.9891,16.9081,0.5611,0.0755,False
076012,Marienfelde Nord,Tempelhof-Schöneberg,residents,S- or U-Bahn,1.4,2484,18020.0,0,15.4469,10.1371,20.4185,15.7004,0.5191,0.0324,False
076013,Marienfelde Süd,Tempelhof-Schöneberg,residents,S-Bahn,1.0,1039,14279.0,0,42.0402,37.3417,46.427,40.2788,0.974,0.906,False
076013,Marienfelde Süd,Tempelhof-Schöneberg,residents,S-Bahn,1.3,1039,14279.0,0,32.3386,28.7244,35.7131,30.9837,0.9694,0.7142,False
076013,Marienfelde Süd,Tempelhof-Schöneberg,residents,S-Bahn,1.4,1039,14279.0,0,30.0287,26.6726,33.1622,28.7706,0.966,0.5024,False
076013,Marienfelde Süd,Tempelhof-Schöneberg,residents,U-Bahn,1.0,1039,14279.0,0,80.49,74.5718,83.8323,79.4829,1.0,1.0,False
076013,Marienfelde Süd,Tempelhof-Schöneberg,residents,U-Bahn,1.3,1039,14279.0,0,61.9154,57.3629,64.4864,61.1407,1.0,1.0,False
076013,Marienfelde Süd,Tempelhof-Schöneberg,residents,U-Bahn,1.4,1039,14279.0,0,57.4929,53.2656,59.8802,56.7735,1.0,1.0,False
076013,Marienfelde Süd,Tempelhof-Schöneberg,residents,Tram,1.0,1039,14279.0,0,207.8547,201.4186,211.8916,205.7509,1.0,1.0,False
076013,Marienfelde Süd,Tempelhof-Schöneberg,residents,Tram,1.3,1039,14279.0,0,159.8882,154.9374,162.9935,158.2699,1.0,1.0,False
076013,Marienfelde Süd,Tempelhof-Schöneberg,residents,Tram,1.4,1039,14279.0,0,148.4676,143.8704,151.3511,146.9649,1.0,1.0,False
076013,Marienfelde Süd,Tempelhof-Schöneberg,residents,Bus,1.0,1039,14279.0,0,4.6933,3.1392,6.1486,4.972,0.0145,0.0,False
076013,Marienfelde Süd,Tempelhof-Schöneberg,residents,Bus,1.3,1039,14279.0,0,3.6102,2.4148,4.7297,3.8246,0.0053,0.0,False
076013,Marienfelde Süd,Tempelhof-Schöneberg,residents,Bus,1.4,1039,14279.0,0,3.3524,2.2423,4.3919,3.5514,0.0039,0.0,False
076013,Marienfelde Süd,Tempelhof-Schöneberg,residents,Regionalbahn,1.0,1039,14279.0,0,52.5112,47.8104,57.3018,55.7429,1.0,1.0,False
076013,Marienfelde Süd,Tempelhof-Schöneberg,residents,Regionalbahn,1.3,1039,14279.0,0,40.3932,36.7773,44.0783,42.8791,1.0,0.9881,False
076013,Marienfelde Süd,Tempelhof-Schöneberg,residents,Regionalbahn,1.4,1039,14279.0,0,37.508,34.1503,40.9298,39.8163,1.0,0.9029,False
076013,Marienfelde Süd,Tempelhof-Schöneberg,residents,S- or U-Bahn,1.0,1039,14279.0,0,42.0402,37.3417,46.427,40.2788,0.974,0.906,False
076013,Marienfelde Süd,Tempelhof-Schöneberg,residents,S- or U-Bahn,1.3,1039,14279.0,0,32.3386,28.7244,35.7131,30.9837,0.9694,0.7142,False
076013,Marienfelde Süd,Tempelhof-Schöneberg,residents,S- or U-Bahn,1.4,1039,14279.0,0,30.0287,26.6726,33.1622,28.7706,0.966,0.5024,False
076014,Lichtenrade Nord,Tempelhof-Schöneberg,residents,S-Bahn,1.0,4945,21175.0,0,29.9039,21.7648,36.8909,29.2855,0.9129,0.4948,False
076014,Lichtenrade Nord,Tempelhof-Schöneberg,residents,S-Bahn,1.3,4945,21175.0,0,23.003,16.7422,28.3776,22.5273,0.8182,0.1808,False
076014,Lichtenrade Nord,Tempelhof-Schöneberg,residents,S-Bahn,1.4,4945,21175.0,0,21.36,15.5463,26.3506,20.9182,0.7737,0.1027,False
076014,Lichtenrade Nord,Tempelhof-Schöneberg,residents,U-Bahn,1.0,4945,21175.0,0,73.422,65.2848,81.6588,72.935,1.0,1.0,False
076014,Lichtenrade Nord,Tempelhof-Schöneberg,residents,U-Bahn,1.3,4945,21175.0,0,56.4785,50.2191,62.8145,56.1039,1.0,1.0,False
076014,Lichtenrade Nord,Tempelhof-Schöneberg,residents,U-Bahn,1.4,4945,21175.0,0,52.4443,46.632,58.3277,52.0964,1.0,1.0,False
076014,Lichtenrade Nord,Tempelhof-Schöneberg,residents,Tram,1.0,4945,21175.0,0,150.5897,144.8393,156.7577,150.5411,1.0,1.0,False
076014,Lichtenrade Nord,Tempelhof-Schöneberg,residents,Tram,1.3,4945,21175.0,0,115.8382,111.4148,120.5828,115.8009,1.0,1.0,False
076014,Lichtenrade Nord,Tempelhof-Schöneberg,residents,Tram,1.4,4945,21175.0,0,107.5641,103.4566,111.9698,107.5294,1.0,1.0,False
076014,Lichtenrade Nord,Tempelhof-Schöneberg,residents,Bus,1.0,4945,21175.0,0,5.9696,3.931,8.7412,6.6275,0.0259,0.0,False
076014,Lichtenrade Nord,Tempelhof-Schöneberg,residents,Bus,1.3,4945,21175.0,0,4.592,3.0239,6.724,5.0981,0.0,0.0,False
076014,Lichtenrade Nord,Tempelhof-Schöneberg,residents,Bus,1.4,4945,21175.0,0,4.264,2.8079,6.2437,4.7339,0.0,0.0,False
076014,Lichtenrade Nord,Tempelhof-Schöneberg,residents,Regionalbahn,1.0,4945,21175.0,0,122.6209,113.3007,132.7953,122.7352,1.0,1.0,False
076014,Lichtenrade Nord,Tempelhof-Schöneberg,residents,Regionalbahn,1.3,4945,21175.0,0,94.3237,87.1544,102.1502,94.4117,1.0,1.0,False
076014,Lichtenrade Nord,Tempelhof-Schöneberg,residents,Regionalbahn,1.4,4945,21175.0,0,87.5863,80.9291,94.8538,87.668,1.0,1.0,False
076014,Lichtenrade Nord,Tempelhof-Schöneberg,residents,S- or U-Bahn,1.0,4945,21175.0,0,29.9039,21.7648,36.8909,29.2855,0.9129,0.4948,False
076014,Lichtenrade Nord,Tempelhof-Schöneberg,residents,S- or U-Bahn,1.3,4945,21175.0,0,23.003,16.7422,28.3776,22.5273,0.8182,0.1808,False
076014,Lichtenrade Nord,Tempelhof-Schöneberg,residents,S- or U-Bahn,1.4,4945,21175.0,0,21.36,15.5463,26.3506,20.9182,0.7737,0.1027,False
076015,Lichtenrade Süd,Tempelhof-Schöneberg,residents,S-Bahn,1.0,5458,31734.0,0,19.7307,13.9556,29.7564,21.946,0.708,0.2462,False
076015,Lichtenrade Süd,Tempelhof-Schöneberg,residents,S-Bahn,1.3,5458,31734.0,0,15.1775,10.7351,22.8896,16.8816,0.5065,0.0712,False
076015,Lichtenrade Süd,Tempelhof-Schöneberg,residents,S-Bahn,1.4,5458,31734.0,0,14.0934,9.9683,21.2546,15.6757,0.4733,0.0193,False
076015,Lichtenrade Süd,Tempelhof-Schöneberg,residents,U-Bahn,1.0,5458,31734.0,0,102.3665,95.8712,110.416,103.7073,1.0,1.0,False
076015,Lichtenrade Süd,Tempelhof-Schöneberg,residents,U-Bahn,1.3,5458,31734.0,0,78.7434,73.7471,84.9354,79.7749,1.0,1.0,False
076015,Lichtenrade Süd,Tempelhof-Schöneberg,residents,U-Bahn,1.4,5458,31734.0,0,73.1189,68.4794,78.8685,74.0767,1.0,1.0,False
076015,Lichtenrade Süd,Tempelhof-Schöneberg,residents,Tram,1.0,5458,31734.0,0,173.2673,164.1673,183.599,173.7415,1.0,1.0,False
076015,Lichtenrade Süd,Tempelhof-Schöneberg,residents,Tram,1.3,5458,31734.0,0,133.2825,126.2825,141.23,133.6473,1.0,1.0,False
076015,Lichtenrade Süd,Tempelhof-Schöneberg,residents,Tram,1.4,5458,31734.0,0,123.7624,117.2623,131.1421,124.1011,1.0,1.0,False
076015,Lichtenrade Süd,Tempelhof-Schöneberg,residents,Bus,1.0,5458,31734.0,0,4.5366,3.0734,6.5583,5.1654,0.0229,0.0,False
076015,Lichtenrade Süd,Tempelhof-Schöneberg,residents,Bus,1.3,5458,31734.0,0,3.4897,2.3642,5.0449,3.9734,0.0016,0.0,False
076015,Lichtenrade Süd,Tempelhof-Schöneberg,residents,Bus,1.4,5458,31734.0,0,3.2405,2.1953,4.6845,3.6895,0.0005,0.0,False
076015,Lichtenrade Süd,Tempelhof-Schöneberg,residents,Regionalbahn,1.0,5458,31734.0,0,142.2118,129.1795,151.322,139.9179,1.0,1.0,False
076015,Lichtenrade Süd,Tempelhof-Schöneberg,residents,Regionalbahn,1.3,5458,31734.0,0,109.3937,99.3689,116.4016,107.6292,1.0,1.0,False
076015,Lichtenrade Süd,Tempelhof-Schöneberg,residents,Regionalbahn,1.4,5458,31734.0,0,101.5798,92.2711,108.0872,99.9414,1.0,1.0,False
076015,Lichtenrade Süd,Tempelhof-Schöneberg,residents,S- or U-Bahn,1.0,5458,31734.0,0,19.7307,13.9556,29.7564,21.946,0.708,0.2462,False
076015,Lichtenrade Süd,Tempelhof-Schöneberg,residents,S- or U-Bahn,1.3,5458,31734.0,0,15.1775,10.7351,22.8896,16.8816,0.5065,0.0712,False
076015,Lichtenrade Süd,Tempelhof-Schöneberg,residents,S- or U-Bahn,1.4,5458,31734.0,0,14.0934,9.9683,21.2546,15.6757,0.4733,0.0193,False
081001,Schillerpromenade,Neukölln,residents,S-Bahn,1.0,868,33116.0,0,17.927,12.5293,24.9452,19.2821,0.6519,0.1156,False
081001,Schillerpromenade,Neukölln,residents,S-Bahn,1.3,868,33116.0,0,13.79,9.638,19.1886,14.8324,0.4322,0.0477,False
081001,Schillerpromenade,Neukölln,residents,S-Bahn,1.4,868,33116.0,0,12.805,8.9495,17.818,13.773,0.3781,0.0474,False
081001,Schillerpromenade,Neukölln,residents,U-Bahn,1.0,868,33116.0,0,7.9391,5.4658,11.1914,8.5329,0.0992,0.0,False
081001,Schillerpromenade,Neukölln,residents,U-Bahn,1.3,868,33116.0,0,6.107,4.2044,8.6087,6.5638,0.0073,0.0,False
081001,Schillerpromenade,Neukölln,residents,U-Bahn,1.4,868,33116.0,0,5.6708,3.9041,7.9938,6.0949,0.0033,0.0,False
081001,Schillerpromenade,Neukölln,residents,Tram,1.0,868,33116.0,0,76.2765,68.2749,89.3483,78.4941,1.0,1.0,False
081001,Schillerpromenade,Neukölln,residents,Tram,1.3,868,33116.0,0,58.6743,52.5191,68.7294,60.3801,1.0,1.0,False
081001,Schillerpromenade,Neukölln,residents,Tram,1.4,868,33116.0,0,54.4832,48.7678,63.8202,56.0672,1.0,1.0,False
081001,Schillerpromenade,Neukölln,residents,Bus,1.0,868,33116.0,0,4.9567,2.8365,7.7542,5.4643,0.0011,0.0,False
081001,Schillerpromenade,Neukölln,residents,Bus,1.3,868,33116.0,0,3.8128,2.1819,5.9647,4.2033,0.0,0.0,False
081001,Schillerpromenade,Neukölln,residents,Bus,1.4,868,33116.0,0,3.5405,2.0261,5.5387,3.9031,0.0,0.0,False
081001,Schillerpromenade,Neukölln,residents,Regionalbahn,1.0,868,33116.0,0,74.1542,70.6033,78.4577,74.3872,1.0,1.0,False
081001,Schillerpromenade,Neukölln,residents,Regionalbahn,1.3,868,33116.0,0,57.0417,54.3102,60.3521,57.2209,1.0,1.0,False
081001,Schillerpromenade,Neukölln,residents,Regionalbahn,1.4,868,33116.0,0,52.9673,50.4309,56.0412,53.1337,1.0,1.0,False
081001,Schillerpromenade,Neukölln,residents,S- or U-Bahn,1.0,868,33116.0,0,7.7941,5.4362,11.1028,8.4631,0.0926,0.0,False
081001,Schillerpromenade,Neukölln,residents,S- or U-Bahn,1.3,868,33116.0,0,5.9955,4.1817,8.5406,6.5101,0.0073,0.0,False
081001,Schillerpromenade,Neukölln,residents,S- or U-Bahn,1.4,868,33116.0,0,5.5672,3.883,7.9306,6.0451,0.0008,0.0,False
081002,Neuköllner Mitte/Zentrum,Neukölln,residents,S-Bahn,1.0,1260,37727.0,0,13.238,8.4453,24.0551,16.0971,0.4499,0.0898,False
081002,Neuköllner Mitte/Zentrum,Neukölln,residents,S-Bahn,1.3,1260,37727.0,0,10.1831,6.4964,18.5039,12.3824,0.3711,0.0,False
081002,Neuköllner Mitte/Zentrum,Neukölln,residents,S-Bahn,1.4,1260,37727.0,0,9.4557,6.0323,17.1822,11.4979,0.3302,0.0,False
081002,Neuköllner Mitte/Zentrum,Neukölln,residents,U-Bahn,1.0,1260,37727.0,0,6.7556,4.8708,8.498,6.7032,0.0,0.0,False
081002,Neuköllner Mitte/Zentrum,Neukölln,residents,U-Bahn,1.3,1260,37727.0,0,5.1966,3.7468,6.5369,5.1563,0.0,0.0,False
081002,Neuköllner Mitte/Zentrum,Neukölln,residents,U-Bahn,1.4,1260,37727.0,0,4.8254,3.4792,6.07,4.788,0.0,0.0,False
081002,Neuköllner Mitte/Zentrum,Neukölln,residents,Tram,1.0,1260,37727.0,0,78.3674,63.9567,85.2746,74.6349,1.0,1.0,False
081002,Neuköllner Mitte/Zentrum,Neukölln,residents,Tram,1.3,1260,37727.0,0,60.2826,49.1975,65.5958,57.4114,1.0,1.0,False
081002,Neuköllner Mitte/Zentrum,Neukölln,residents,Tram,1.4,1260,37727.0,0,55.9767,45.6834,60.9104,53.3106,1.0,1.0,False
081002,Neuköllner Mitte/Zentrum,Neukölln,residents,Bus,1.0,1260,37727.0,0,4.0885,2.7042,5.426,4.0771,0.0,0.0,False
081002,Neuköllner Mitte/Zentrum,Neukölln,residents,Bus,1.3,1260,37727.0,0,3.145,2.0801,4.1738,3.1363,0.0,0.0,False
081002,Neuköllner Mitte/Zentrum,Neukölln,residents,Bus,1.4,1260,37727.0,0,2.9203,1.9316,3.8757,2.9122,0.0,0.0,False
081002,Neuköllner Mitte/Zentrum,Neukölln,residents,Regionalbahn,1.0,1260,37727.0,0,79.7159,68.8569,86.185,78.2692,1.0,1.0,False
081002,Neuköllner Mitte/Zentrum,Neukölln,residents,Regionalbahn,1.3,1260,37727.0,0,61.3199,52.9668,66.2962,60.2071,1.0,1.0,False
081002,Neuköllner Mitte/Zentrum,Neukölln,residents,Regionalbahn,1.4,1260,37727.0,0,56.9399,49.1835,61.5607,55.9066,1.0,1.0,False
081002,Neuköllner Mitte/Zentrum,Neukölln,residents,S- or U-Bahn,1.0,1260,37727.0,0,6.6932,4.8594,8.4633,6.6633,0.0,0.0,False
081002,Neuköllner Mitte/Zentrum,Neukölln,residents,S- or U-Bahn,1.3,1260,37727.0,0,5.1486,3.738,6.5103,5.1256,0.0,0.0,False
081002,Neuköllner Mitte/Zentrum,Neukölln,residents,S- or U-Bahn,1.4,1260,37727.0,0,4.7809,3.471,6.0452,4.7595,0.0,0.0,False
081003,Reuterstraße,Neukölln,residents,S-Bahn,1.0,1042,38044.0,0,38.3408,32.4616,43.3482,37.7201,1.0,0.8468,False
081003,Reuterstraße,Neukölln,residents,S-Bahn,1.3,1042,38044.0,0,29.4929,24.9704,33.3448,29.0155,1.0,0.4638,False
081003,Reuterstraße,Neukölln,residents,S-Bahn,1.4,1042,38044.0,0,27.3863,23.1868,30.963,26.9429,1.0,0.3176,False
081003,Reuterstraße,Neukölln,residents,U-Bahn,1.0,1042,38044.0,0,9.5289,6.4385,13.0368,10.3052,0.1634,0.0,False
081003,Reuterstraße,Neukölln,residents,U-Bahn,1.3,1042,38044.0,0,7.33,4.9527,10.0283,7.9271,0.0839,0.0,False
081003,Reuterstraße,Neukölln,residents,U-Bahn,1.4,1042,38044.0,0,6.8064,4.5989,9.312,7.3609,0.0697,0.0,False
081003,Reuterstraße,Neukölln,residents,Tram,1.0,1042,38044.0,0,45.7491,42.8549,49.4577,46.1678,1.0,1.0,False
081003,Reuterstraße,Neukölln,residents,Tram,1.3,1042,38044.0,0,35.1916,32.9653,38.0444,35.5137,1.0,0.9366,False
081003,Reuterstraße,Neukölln,residents,Tram,1.4,1042,38044.0,0,32.6779,30.6107,35.3269,32.977,1.0,0.8132,False
081003,Reuterstraße,Neukölln,residents,Bus,1.0,1042,38044.0,0,3.8827,2.5627,5.5284,4.1037,0.0,0.0,False
081003,Reuterstraße,Neukölln,residents,Bus,1.3,1042,38044.0,0,2.9867,1.9713,4.2526,3.1567,0.0,0.0,False
081003,Reuterstraße,Neukölln,residents,Bus,1.4,1042,38044.0,0,2.7734,1.8305,3.9489,2.9312,0.0,0.0,False
081003,Reuterstraße,Neukölln,residents,Regionalbahn,1.0,1042,38044.0,0,55.833,50.1765,60.5989,55.219,1.0,1.0,False
081003,Reuterstraße,Neukölln,residents,Regionalbahn,1.3,1042,38044.0,0,42.9485,38.5973,46.6146,42.4762,1.0,0.9946,False
081003,Reuterstraße,Neukölln,residents,Regionalbahn,1.4,1042,38044.0,0,39.8807,35.8403,43.285,39.4422,1.0,0.9771,False
081003,Reuterstraße,Neukölln,residents,S- or U-Bahn,1.0,1042,38044.0,0,9.5289,6.4385,13.0368,10.2956,0.1634,0.0,False
081003,Reuterstraße,Neukölln,residents,S- or U-Bahn,1.3,1042,38044.0,0,7.33,4.9527,10.0283,7.9197,0.0839,0.0,False
081003,Reuterstraße,Neukölln,residents,S- or U-Bahn,1.4,1042,38044.0,0,6.8064,4.5989,9.312,7.354,0.0697,0.0,False
081004,Rixdorf,Neukölln,residents,S-Bahn,1.0,1326,39226.0,0,18.0906,9.4643,22.7231,16.5914,0.6006,0.0028,False
081004,Rixdorf,Neukölln,residents,S-Bahn,1.3,1326,39226.0,0,13.9159,7.2803,17.4793,12.7626,0.4401,0.0,False
081004,Rixdorf,Neukölln,residents,S-Bahn,1.4,1326,39226.0,0,12.9219,6.7602,16.2308,11.851,0.3528,0.0,False
081004,Rixdorf,Neukölln,residents,U-Bahn,1.0,1326,39226.0,0,15.0945,10.019,19.8549,15.3883,0.51,0.0181,False
081004,Rixdorf,Neukölln,residents,U-Bahn,1.3,1326,39226.0,0,11.6112,7.7069,15.273,11.8372,0.2701,0.0,False
081004,Rixdorf,Neukölln,residents,U-Bahn,1.4,1326,39226.0,0,10.7818,7.1564,14.1821,10.9917,0.2046,0.0,False
081004,Rixdorf,Neukölln,residents,Tram,1.0,1326,39226.0,0,64.2593,57.707,73.6601,64.7374,1.0,1.0,False
081004,Rixdorf,Neukölln,residents,Tram,1.3,1326,39226.0,0,49.4302,44.39,56.6617,49.798,1.0,1.0,False
081004,Rixdorf,Neukölln,residents,Tram,1.4,1326,39226.0,0,45.8995,41.2193,52.6144,46.241,1.0,1.0,False
081004,Rixdorf,Neukölln,residents,Bus,1.0,1326,39226.0,0,3.6387,2.374,5.0363,3.7198,0.0,0.0,False
081004,Rixdorf,Neukölln,residents,Bus,1.3,1326,39226.0,0,2.799,1.8261,3.8741,2.8614,0.0,0.0,False
081004,Rixdorf,Neukölln,residents,Bus,1.4,1326,39226.0,0,2.5991,1.6957,3.5974,2.657,0.0,0.0,False
081004,Rixdorf,Neukölln,residents,Regionalbahn,1.0,1326,39226.0,0,62.2975,55.2447,70.6534,62.3323,1.0,1.0,False
081004,Rixdorf,Neukölln,residents,Regionalbahn,1.3,1326,39226.0,0,47.9211,42.496,54.3487,47.9479,1.0,1.0,False
081004,Rixdorf,Neukölln,residents,Regionalbahn,1.4,1326,39226.0,0,44.4982,39.4605,50.4667,44.5231,1.0,0.9927,False
081004,Rixdorf,Neukölln,residents,S- or U-Bahn,1.0,1326,39226.0,0,11.2007,7.1676,17.1709,12.3197,0.3438,0.0,False
081004,Rixdorf,Neukölln,residents,S- or U-Bahn,1.3,1326,39226.0,0,8.6159,5.5135,13.2083,9.4767,0.1776,0.0,False
081004,Rixdorf,Neukölln,residents,S- or U-Bahn,1.4,1326,39226.0,0,8.0005,5.1197,12.2649,8.7998,0.116,0.0,False
081005,Köllnische Heide,Neukölln,residents,S-Bahn,1.0,684,15071.0,0,15.0524,11.7501,19.6601,15.788,0.5002,0.0084,False
081005,Köllnische Heide,Neukölln,residents,S-Bahn,1.3,684,15071.0,0,11.5788,9.0385,15.1232,12.1447,0.2764,0.0,False
081005,Köllnische Heide,Neukölln,residents,S-Bahn,1.4,684,15071.0,0,10.7517,8.3929,14.043,11.2772,0.2012,0.0,False
081005,Köllnische Heide,Neukölln,residents,U-Bahn,1.0,684,15071.0,0,33.7565,30.7957,38.6486,33.0181,0.956,0.7675,False
081005,Köllnische Heide,Neukölln,residents,U-Bahn,1.3,684,15071.0,0,25.9665,23.689,29.7297,25.3986,0.904,0.238,False
081005,Köllnische Heide,Neukölln,residents,U-Bahn,1.4,684,15071.0,0,24.1118,21.997,27.6061,23.5844,0.9007,0.0654,False
081005,Köllnische Heide,Neukölln,residents,Tram,1.0,684,15071.0,0,65.6214,58.3969,69.1152,64.1869,1.0,1.0,False
081005,Köllnische Heide,Neukölln,residents,Tram,1.3,684,15071.0,0,50.478,44.9207,53.1656,49.3745,1.0,1.0,False
081005,Köllnische Heide,Neukölln,residents,Tram,1.4,684,15071.0,0,46.8724,41.7121,49.368,45.8478,1.0,1.0,False
081005,Köllnische Heide,Neukölln,residents,Bus,1.0,684,15071.0,0,4.7909,3.4368,7.7506,5.5615,0.0018,0.0,False
081005,Köllnische Heide,Neukölln,residents,Bus,1.3,684,15071.0,0,3.6853,2.6437,5.962,4.2781,0.0,0.0,False
081005,Köllnische Heide,Neukölln,residents,Bus,1.4,684,15071.0,0,3.4221,2.4548,5.5361,3.9725,0.0,0.0,False
081005,Köllnische Heide,Neukölln,residents,Regionalbahn,1.0,684,15071.0,0,65.0217,59.706,67.951,64.1821,1.0,1.0,False
081005,Köllnische Heide,Neukölln,residents,Regionalbahn,1.3,684,15071.0,0,50.0167,45.9277,52.27,49.3708,1.0,1.0,False
081005,Köllnische Heide,Neukölln,residents,Regionalbahn,1.4,684,15071.0,0,46.4441,42.6471,48.5364,45.8444,1.0,1.0,False
081005,Köllnische Heide,Neukölln,residents,S- or U-Bahn,1.0,684,15071.0,0,14.6971,11.7501,19.4274,15.6004,0.4739,0.0084,False
081005,Köllnische Heide,Neukölln,residents,S- or U-Bahn,1.3,684,15071.0,0,11.3055,9.0385,14.9441,12.0003,0.2474,0.0,False
081005,Köllnische Heide,Neukölln,residents,S- or U-Bahn,1.4,684,15071.0,0,10.498,8.3929,13.8767,11.1432,0.1993,0.0,False
082006,Britz Nord,Neukölln,residents,S-Bahn,1.0,1117,21285.0,0,27.0461,20.6153,32.6922,27.0703,0.9717,0.3496,False
082006,Britz Nord,Neukölln,residents,S-Bahn,1.3,1117,21285.0,0,20.8047,15.8579,25.1479,20.8233,0.7995,0.0634,False
082006,Britz Nord,Neukölln,residents,S-Bahn,1.4,1117,21285.0,0,19.3187,14.7252,23.3516,19.336,0.7108,0.0355,False
082006,Britz Nord,Neukölln,residents,U-Bahn,1.0,1117,21285.0,0,15.8509,10.4608,20.4256,16.0872,0.5461,0.0383,False
082006,Britz Nord,Neukölln,residents,U-Bahn,1.3,1117,21285.0,0,12.193,8.0468,15.712,12.3747,0.2797,0.0051,False
082006,Britz Nord,Neukölln,residents,U-Bahn,1.4,1117,21285.0,0,11.3221,7.472,14.5897,11.4908,0.2358,0.0031,False
082006,Britz Nord,Neukölln,residents,Tram,1.0,1117,21285.0,0,96.2616,89.6518,102.544,95.839,1.0,1.0,False
082006,Britz Nord,Neukölln,residents,Tram,1.3,1117,21285.0,0,74.0474,68.9629,78.88,73.7223,1.0,1.0,False
082006,Britz Nord,Neukölln,residents,Tram,1.4,1117,21285.0,0,68.7583,64.037,73.2457,68.4565,1.0,1.0,False
082006,Britz Nord,Neukölln,residents,Bus,1.0,1117,21285.0,0,5.3847,3.4025,7.2994,5.5711,0.0031,0.0,False
082006,Britz Nord,Neukölln,residents,Bus,1.3,1117,21285.0,0,4.1421,2.6173,5.615,4.2854,0.0,0.0,False
082006,Britz Nord,Neukölln,residents,Bus,1.4,1117,21285.0,0,3.8462,2.4304,5.2139,3.9793,0.0,0.0,False
082006,Britz Nord,Neukölln,residents,Regionalbahn,1.0,1117,21285.0,0,96.2497,91.4619,99.4358,95.2696,1.0,1.0,False
082006,Britz Nord,Neukölln,residents,Regionalbahn,1.3,1117,21285.0,0,74.0382,70.3553,76.4891,73.2843,1.0,1.0,False
082006,Britz Nord,Neukölln,residents,Regionalbahn,1.4,1117,21285.0,0,68.7498,65.33,71.0256,68.0497,1.0,1.0,False
082006,Britz Nord,Neukölln,residents,S- or U-Bahn,1.0,1117,21285.0,0,15.8509,10.4608,20.3939,16.0781,0.5461,0.0383,False
082006,Britz Nord,Neukölln,residents,S- or U-Bahn,1.3,1117,21285.0,0,12.193,8.0468,15.6876,12.3678,0.2745,0.0051,False
082006,Britz Nord,Neukölln,residents,S- or U-Bahn,1.4,1117,21285.0,0,11.3221,7.472,14.5671,11.4843,0.2293,0.0027,False
082007,Britz,Neukölln,residents,S-Bahn,1.0,4456,23336.0,0,55.8191,46.7481,63.9053,55.8437,1.0,1.0,False
082007,Britz,Neukölln,residents,S-Bahn,1.3,4456,23336.0,0,42.9378,35.9601,49.1579,42.9567,1.0,0.9242,False
082007,Britz,Neukölln,residents,S-Bahn,1.4,4456,23336.0,0,39.8708,33.3915,45.6466,39.8883,1.0,0.8568,False
082007,Britz,Neukölln,residents,U-Bahn,1.0,4456,23336.0,0,13.1688,7.7284,24.3299,16.4914,0.4252,0.1426,False
082007,Britz,Neukölln,residents,U-Bahn,1.3,4456,23336.0,0,10.1298,5.9449,18.7153,12.6857,0.333,0.0493,False
082007,Britz,Neukölln,residents,U-Bahn,1.4,4456,23336.0,0,9.4063,5.5203,17.3785,11.7796,0.3086,0.0176,False
082007,Britz,Neukölln,residents,Tram,1.0,4456,23336.0,0,93.0092,85.2467,103.5221,95.8763,1.0,1.0,False
082007,Britz,Neukölln,residents,Tram,1.3,4456,23336.0,0,71.5456,65.5744,79.6324,73.751,1.0,1.0,False
082007,Britz,Neukölln,residents,Tram,1.4,4456,23336.0,0,66.4352,60.8905,73.9443,68.4831,1.0,1.0,False
082007,Britz,Neukölln,residents,Bus,1.0,4456,23336.0,0,4.7174,3.0705,6.7232,5.3394,0.0233,0.0,False
082007,Britz,Neukölln,residents,Bus,1.3,4456,23336.0,0,3.6288,2.3619,5.1717,4.1072,0.0002,0.0,False
082007,Britz,Neukölln,residents,Bus,1.4,4456,23336.0,0,3.3696,2.1932,4.8023,3.8139,0.0001,0.0,False
082007,Britz,Neukölln,residents,Regionalbahn,1.0,4456,23336.0,0,100.6542,92.9702,108.8937,100.8538,1.0,1.0,False
082007,Britz,Neukölln,residents,Regionalbahn,1.3,4456,23336.0,0,77.4263,71.5155,83.7644,77.5798,1.0,1.0,False
082007,Britz,Neukölln,residents,Regionalbahn,1.4,4456,23336.0,0,71.8959,66.4073,77.7812,72.0384,1.0,1.0,False
082007,Britz,Neukölln,residents,S- or U-Bahn,1.0,4456,23336.0,0,13.1688,7.7284,24.3299,16.4914,0.4252,0.1426,False
082007,Britz,Neukölln,residents,S- or U-Bahn,1.3,4456,23336.0,0,10.1298,5.9449,18.7153,12.6857,0.333,0.0493,False
082007,Britz,Neukölln,residents,S- or U-Bahn,1.4,4456,23336.0,0,9.4063,5.5203,17.3785,11.7796,0.3086,0.0176,False
082008,Buckow,Neukölln,residents,S-Bahn,1.0,3938,30533.0,0,64.0601,48.342,75.8187,61.6384,1.0,0.9699,False
082008,Buckow,Neukölln,residents,S-Bahn,1.3,3938,30533.0,0,49.277,37.1861,58.3221,47.4142,1.0,0.8793,False
082008,Buckow,Neukölln,residents,S-Bahn,1.4,3938,30533.0,0,45.7572,34.53,54.1562,44.0274,1.0,0.8471,False
082008,Buckow,Neukölln,residents,U-Bahn,1.0,3938,30533.0,0,37.7909,28.8867,49.3622,38.618,0.9795,0.7005,False
082008,Buckow,Neukölln,residents,U-Bahn,1.3,3938,30533.0,0,29.0699,22.2206,37.9709,29.7061,0.9519,0.4748,False
082008,Buckow,Neukölln,residents,U-Bahn,1.4,3938,30533.0,0,26.9935,20.6334,35.2587,27.5843,0.9339,0.4117,False
082008,Buckow,Neukölln,residents,Tram,1.0,3938,30533.0,0,109.722,98.0915,128.2674,112.2154,1.0,1.0,False
082008,Buckow,Neukölln,residents,Tram,1.3,3938,30533.0,0,84.4015,75.455,98.6672,86.3195,1.0,1.0,False
082008,Buckow,Neukölln,residents,Tram,1.4,3938,30533.0,0,78.3728,70.0654,91.6196,80.1539,1.0,1.0,False
082008,Buckow,Neukölln,residents,Bus,1.0,3938,30533.0,0,4.4996,2.8875,6.7054,4.9683,0.0,0.0,False
082008,Buckow,Neukölln,residents,Bus,1.3,3938,30533.0,0,3.4612,2.2212,5.158,3.8218,0.0,0.0,False
082008,Buckow,Neukölln,residents,Bus,1.4,3938,30533.0,0,3.214,2.0625,4.7896,3.5488,0.0,0.0,False
082008,Buckow,Neukölln,residents,Regionalbahn,1.0,3938,30533.0,0,121.7278,115.776,127.6703,121.5582,1.0,1.0,False
082008,Buckow,Neukölln,residents,Regionalbahn,1.3,3938,30533.0,0,93.6368,89.0585,98.2079,93.5063,1.0,1.0,False
082008,Buckow,Neukölln,residents,Regionalbahn,1.4,3938,30533.0,0,86.9484,82.6972,91.1931,86.8273,1.0,1.0,False
082008,Buckow,Neukölln,residents,S- or U-Bahn,1.0,3938,30533.0,0,34.3647,28.4781,42.3412,34.9054,0.9795,0.6703,False
082008,Buckow,Neukölln,residents,S- or U-Bahn,1.3,3938,30533.0,0,26.4344,21.9062,32.5702,26.8503,0.9519,0.3541,False
082008,Buckow,Neukölln,residents,S- or U-Bahn,1.4,3938,30533.0,0,24.5462,20.3415,30.2437,24.9324,0.9339,0.2596,False
083009,Gropiusstadt West,Neukölln,residents,S-Bahn,1.0,396,20315.0,0,85.7433,80.4021,89.4864,85.256,1.0,1.0,False
083009,Gropiusstadt West,Neukölln,residents,S-Bahn,1.3,396,20315.0,0,65.9564,61.8478,68.8357,65.5815,1.0,1.0,False
083009,Gropiusstadt West,Neukölln,residents,S-Bahn,1.4,396,20315.0,0,61.2452,57.4301,63.9189,60.8971,1.0,1.0,False
083009,Gropiusstadt West,Neukölln,residents,U-Bahn,1.0,396,20315.0,0,8.2468,6.3891,10.7344,9.1112,0.0909,0.0,False
083009,Gropiusstadt West,Neukölln,residents,U-Bahn,1.3,396,20315.0,0,6.3437,4.9147,8.2572,7.0086,0.0342,0.0,False
083009,Gropiusstadt West,Neukölln,residents,U-Bahn,1.4,396,20315.0,0,5.8906,4.5636,7.6674,6.508,0.0245,0.0,False
083009,Gropiusstadt West,Neukölln,residents,Tram,1.0,396,20315.0,0,74.4766,68.1508,81.3943,74.6689,1.0,1.0,False
083009,Gropiusstadt West,Neukölln,residents,Tram,1.3,396,20315.0,0,57.2897,52.4237,62.611,57.4376,1.0,1.0,False
083009,Gropiusstadt West,Neukölln,residents,Tram,1.4,396,20315.0,0,53.1976,48.6791,58.1388,53.3349,1.0,1.0,False
083009,Gropiusstadt West,Neukölln,residents,Bus,1.0,396,20315.0,0,4.4034,2.752,5.9848,4.4244,0.0,0.0,False
083009,Gropiusstadt West,Neukölln,residents,Bus,1.3,396,20315.0,0,3.3873,2.1169,4.6037,3.4034,0.0,0.0,False
083009,Gropiusstadt West,Neukölln,residents,Bus,1.4,396,20315.0,0,3.1453,1.9657,4.2749,3.1603,0.0,0.0,False
083009,Gropiusstadt West,Neukölln,residents,Regionalbahn,1.0,396,20315.0,0,92.081,87.2613,98.1235,92.4036,1.0,1.0,False
083009,Gropiusstadt West,Neukölln,residents,Regionalbahn,1.3,396,20315.0,0,70.8315,67.1241,75.4796,71.0797,1.0,1.0,False
083009,Gropiusstadt West,Neukölln,residents,Regionalbahn,1.4,396,20315.0,0,65.7721,62.3295,70.0882,66.0025,1.0,1.0,False
083009,Gropiusstadt West,Neukölln,residents,S- or U-Bahn,1.0,396,20315.0,0,8.2468,6.3891,10.7344,9.1112,0.0909,0.0,False
083009,Gropiusstadt West,Neukölln,residents,S- or U-Bahn,1.3,396,20315.0,0,6.3437,4.9147,8.2572,7.0086,0.0342,0.0,False
083009,Gropiusstadt West,Neukölln,residents,S- or U-Bahn,1.4,396,20315.0,0,5.8906,4.5636,7.6674,6.508,0.0245,0.0,False
083010,Gropiusstadt Ost,Neukölln,residents,S-Bahn,1.0,206,18891.0,0,81.0791,76.7847,85.6154,81.4132,1.0,1.0,False
083010,Gropiusstadt Ost,Neukölln,residents,S-Bahn,1.3,206,18891.0,0,62.3686,59.0652,65.858,62.6256,1.0,1.0,False
083010,Gropiusstadt Ost,Neukölln,residents,S-Bahn,1.4,206,18891.0,0,57.9137,54.8462,61.1539,58.1523,1.0,1.0,False
083010,Gropiusstadt Ost,Neukölln,residents,U-Bahn,1.0,206,18891.0,0,7.0223,4.7354,8.9226,6.9974,0.0309,0.0,False
083010,Gropiusstadt Ost,Neukölln,residents,U-Bahn,1.3,206,18891.0,0,5.4018,3.6426,6.8635,5.3826,0.0088,0.0,False
083010,Gropiusstadt Ost,Neukölln,residents,U-Bahn,1.4,206,18891.0,0,5.0159,3.3824,6.3733,4.9981,0.0088,0.0,False
083010,Gropiusstadt Ost,Neukölln,residents,Tram,1.0,206,18891.0,0,55.5111,51.1683,60.1367,55.8392,1.0,1.0,False
083010,Gropiusstadt Ost,Neukölln,residents,Tram,1.3,206,18891.0,0,42.7008,39.3602,46.259,42.9533,1.0,1.0,False
083010,Gropiusstadt Ost,Neukölln,residents,Tram,1.4,206,18891.0,0,39.6508,36.5488,42.9548,39.8852,1.0,1.0,False
083010,Gropiusstadt Ost,Neukölln,residents,Bus,1.0,206,18891.0,0,4.2877,3.2032,6.6816,5.0401,0.0,0.0,False
083010,Gropiusstadt Ost,Neukölln,residents,Bus,1.3,206,18891.0,0,3.2982,2.464,5.1397,3.877,0.0,0.0,False
083010,Gropiusstadt Ost,Neukölln,residents,Bus,1.4,206,18891.0,0,3.0626,2.288,4.7726,3.6001,0.0,0.0,False
083010,Gropiusstadt Ost,Neukölln,residents,Regionalbahn,1.0,206,18891.0,0,85.3711,81.1887,90.1117,85.7694,1.0,1.0,False
083010,Gropiusstadt Ost,Neukölln,residents,Regionalbahn,1.3,206,18891.0,0,65.6701,62.4529,69.3167,65.9765,1.0,1.0,False
083010,Gropiusstadt Ost,Neukölln,residents,Regionalbahn,1.4,206,18891.0,0,60.9794,57.992,64.3655,61.2639,1.0,1.0,False
083010,Gropiusstadt Ost,Neukölln,residents,S- or U-Bahn,1.0,206,18891.0,0,7.0223,4.7354,8.9226,6.9974,0.0309,0.0,False
083010,Gropiusstadt Ost,Neukölln,residents,S- or U-Bahn,1.3,206,18891.0,0,5.4018,3.6426,6.8635,5.3826,0.0088,0.0,False
083010,Gropiusstadt Ost,Neukölln,residents,S- or U-Bahn,1.4,206,18891.0,0,5.0159,3.3824,6.3733,4.9981,0.0088,0.0,False
084011,Buckow Nord,Neukölln,residents,S-Bahn,1.0,1395,9789.0,0,65.6161,60.7914,71.2576,66.2881,1.0,1.0,False
084011,Buckow Nord,Neukölln,residents,S-Bahn,1.3,1395,9789.0,0,50.4739,46.7626,54.8136,50.9908,1.0,1.0,False
084011,Buckow Nord,Neukölln,residents,S-Bahn,1.4,1395,9789.0,0,46.8686,43.4224,50.8983,47.3486,1.0,1.0,False
084011,Buckow Nord,Neukölln,residents,U-Bahn,1.0,1395,9789.0,0,17.521,14.497,21.6589,18.1919,0.707,0.0318,False
084011,Buckow Nord,Neukölln,residents,U-Bahn,1.3,1395,9789.0,0,13.4777,11.1515,16.6607,13.9938,0.3545,0.0,False
084011,Buckow Nord,Neukölln,residents,U-Bahn,1.4,1395,9789.0,0,12.515,10.355,15.4707,12.9942,0.2637,0.0,False
084011,Buckow Nord,Neukölln,residents,Tram,1.0,1395,9789.0,0,71.3455,67.2792,76.6428,72.1028,1.0,1.0,False
084011,Buckow Nord,Neukölln,residents,Tram,1.3,1395,9789.0,0,54.8811,51.7532,58.956,55.4637,1.0,1.0,False
084011,Buckow Nord,Neukölln,residents,Tram,1.4,1395,9789.0,0,50.961,48.0565,54.7448,51.502,1.0,1.0,False
084011,Buckow Nord,Neukölln,residents,Bus,1.0,1395,9789.0,0,4.3441,2.8928,6.0612,4.6868,0.0,0.0,False
084011,Buckow Nord,Neukölln,residents,Bus,1.3,1395,9789.0,0,3.3416,2.2252,4.6625,3.6052,0.0,0.0,False
084011,Buckow Nord,Neukölln,residents,Bus,1.4,1395,9789.0,0,3.1029,2.0663,4.3295,3.3477,0.0,0.0,False
084011,Buckow Nord,Neukölln,residents,Regionalbahn,1.0,1395,9789.0,0,80.6126,76.7352,85.5298,81.2228,1.0,1.0,False
084011,Buckow Nord,Neukölln,residents,Regionalbahn,1.3,1395,9789.0,0,62.0097,59.0271,65.7921,62.4791,1.0,1.0,False
084011,Buckow Nord,Neukölln,residents,Regionalbahn,1.4,1395,9789.0,0,57.5804,54.8109,61.0927,58.0163,1.0,1.0,False
084011,Buckow Nord,Neukölln,residents,S- or U-Bahn,1.0,1395,9789.0,0,17.521,14.497,21.6589,18.1919,0.707,0.0318,False
084011,Buckow Nord,Neukölln,residents,S- or U-Bahn,1.3,1395,9789.0,0,13.4777,11.1515,16.6607,13.9938,0.3545,0.0,False
084011,Buckow Nord,Neukölln,residents,S- or U-Bahn,1.4,1395,9789.0,0,12.515,10.355,15.4707,12.9942,0.2637,0.0,False
084012,Rudow,Neukölln,residents,S-Bahn,1.0,10586,44290.0,0,66.0029,59.5711,76.0278,69.022,1.0,1.0,False
084012,Rudow,Neukölln,residents,S-Bahn,1.3,10586,44290.0,0,50.7714,45.824,58.4829,53.0939,1.0,1.0,False
084012,Rudow,Neukölln,residents,S-Bahn,1.4,10586,44290.0,0,47.1449,42.5508,54.3055,49.3015,1.0,1.0,False
084012,Rudow,Neukölln,residents,U-Bahn,1.0,10586,44290.0,0,22.6294,14.7348,30.1197,22.5988,0.7417,0.2556,False
084012,Rudow,Neukölln,residents,U-Bahn,1.3,10586,44290.0,0,17.4073,11.3344,23.169,17.3837,0.6117,0.0307,False
084012,Rudow,Neukölln,residents,U-Bahn,1.4,10586,44290.0,0,16.1639,10.5248,21.5141,16.142,0.5572,0.0051,False
084012,Rudow,Neukölln,residents,Tram,1.0,10586,44290.0,0,50.874,41.8106,64.2788,53.5183,1.0,0.9771,False
084012,Rudow,Neukölln,residents,Tram,1.3,10586,44290.0,0,39.1338,32.162,49.4452,41.1679,1.0,0.8354,False
084012,Rudow,Neukölln,residents,Tram,1.4,10586,44290.0,0,36.3386,29.8647,45.9134,38.2274,0.9999,0.7445,False
084012,Rudow,Neukölln,residents,Bus,1.0,10586,44290.0,0,4.9779,3.404,7.316,5.6353,0.0074,0.0,False
084012,Rudow,Neukölln,residents,Bus,1.3,10586,44290.0,0,3.8291,2.6184,5.6277,4.3349,0.0018,0.0,False
084012,Rudow,Neukölln,residents,Bus,1.4,10586,44290.0,0,3.5556,2.4314,5.2257,4.0252,0.0006,0.0,False
084012,Rudow,Neukölln,residents,Regionalbahn,1.0,10586,44290.0,0,88.0781,73.6806,103.5082,88.9863,1.0,1.0,False
084012,Rudow,Neukölln,residents,Regionalbahn,1.3,10586,44290.0,0,67.7524,56.6774,79.6217,68.451,1.0,1.0,False
084012,Rudow,Neukölln,residents,Regionalbahn,1.4,10586,44290.0,0,62.913,52.629,73.9344,63.5617,1.0,1.0,False
084012,Rudow,Neukölln,residents,S- or U-Bahn,1.0,10586,44290.0,0,22.6294,14.7348,30.1197,22.5987,0.7417,0.2556,False
084012,Rudow,Neukölln,residents,S- or U-Bahn,1.3,10586,44290.0,0,17.4073,11.3344,23.169,17.3836,0.6117,0.0307,False
084012,Rudow,Neukölln,residents,S- or U-Bahn,1.4,10586,44290.0,0,16.1639,10.5248,21.5141,16.1419,0.5572,0.0051,False
091001,Alt-Treptow,Treptow-Köpenick,residents,S-Bahn,1.0,320,13491.0,0,19.7477,15.3116,25.6066,19.9153,0.767,0.0814,False
091001,Alt-Treptow,Treptow-Köpenick,residents,S-Bahn,1.3,320,13491.0,0,15.1906,11.7781,19.6974,15.3194,0.525,0.0,False
091001,Alt-Treptow,Treptow-Köpenick,residents,S-Bahn,1.4,320,13491.0,0,14.1055,10.9368,18.2905,14.2252,0.4169,0.0,False
091001,Alt-Treptow,Treptow-Köpenick,residents,U-Bahn,1.0,320,13491.0,0,28.307,25.5137,30.4754,28.2005,1.0,0.3038,False
091001,Alt-Treptow,Treptow-Köpenick,residents,U-Bahn,1.3,320,13491.0,0,21.7746,19.6259,23.4426,21.6927,0.9911,0.0184,False
091001,Alt-Treptow,Treptow-Köpenick,residents,U-Bahn,1.4,320,13491.0,0,20.2193,18.224,21.7682,20.1432,0.9738,0.0184,False
091001,Alt-Treptow,Treptow-Köpenick,residents,Tram,1.0,320,13491.0,0,37.8206,36.0661,39.4334,37.4482,1.0,0.9384,False
091001,Alt-Treptow,Treptow-Köpenick,residents,Tram,1.3,320,13491.0,0,29.0928,27.7431,30.3334,28.8063,1.0,0.2882,False
091001,Alt-Treptow,Treptow-Köpenick,residents,Tram,1.4,320,13491.0,0,27.0147,25.7615,28.1667,26.7487,1.0,0.0907,False
091001,Alt-Treptow,Treptow-Köpenick,residents,Bus,1.0,320,13491.0,0,3.3941,2.3668,4.788,3.5286,0.0,0.0,False
091001,Alt-Treptow,Treptow-Köpenick,residents,Bus,1.3,320,13491.0,0,2.6108,1.8206,3.6831,2.7143,0.0,0.0,False
091001,Alt-Treptow,Treptow-Köpenick,residents,Bus,1.4,320,13491.0,0,2.4243,1.6905,3.42,2.5204,0.0,0.0,False
091001,Alt-Treptow,Treptow-Köpenick,residents,Regionalbahn,1.0,320,13491.0,0,40.8895,36.9315,46.7395,41.1374,1.0,0.9036,False
091001,Alt-Treptow,Treptow-Köpenick,residents,Regionalbahn,1.3,320,13491.0,0,31.4535,28.4088,35.9535,31.6441,1.0,0.6498,False
091001,Alt-Treptow,Treptow-Köpenick,residents,Regionalbahn,1.4,320,13491.0,0,29.2068,26.3796,33.3854,29.3838,1.0,0.4378,False
091001,Alt-Treptow,Treptow-Köpenick,residents,S- or U-Bahn,1.0,320,13491.0,0,19.6302,15.3116,22.6536,18.6971,0.767,0.0,False
091001,Alt-Treptow,Treptow-Köpenick,residents,S- or U-Bahn,1.3,320,13491.0,0,15.1001,11.7781,17.4259,14.3824,0.5173,0.0,False
091001,Alt-Treptow,Treptow-Köpenick,residents,S- or U-Bahn,1.4,320,13491.0,0,14.0215,10.9368,16.1812,13.3551,0.3946,0.0,False
091002,Plänterwald,Treptow-Köpenick,residents,S-Bahn,1.0,324,11869.0,0,14.8514,11.7297,17.5347,14.6221,0.4885,0.0124,False
091002,Plänterwald,Treptow-Köpenick,residents,S-Bahn,1.3,324,11869.0,0,11.4242,9.0228,13.4883,11.2478,0.0876,0.0,False
091002,Plänterwald,Treptow-Köpenick,residents,S-Bahn,1.4,324,11869.0,0,10.6082,8.3783,12.5248,10.4444,0.0394,0.0,False
091002,Plänterwald,Treptow-Köpenick,residents,U-Bahn,1.0,324,11869.0,0,52.2984,45.9563,57.1284,51.2748,1.0,1.0,False
091002,Plänterwald,Treptow-Köpenick,residents,U-Bahn,1.3,324,11869.0,0,40.2296,35.351,43.9449,39.4422,1.0,0.9349,False
091002,Plänterwald,Treptow-Köpenick,residents,U-Bahn,1.4,324,11869.0,0,37.356,32.8259,40.806,36.6249,1.0,0.8631,False
091002,Plänterwald,Treptow-Köpenick,residents,Tram,1.0,324,11869.0,0,50.0005,45.6145,55.4801,49.9282,1.0,1.0,False
091002,Plänterwald,Treptow-Köpenick,residents,Tram,1.3,324,11869.0,0,38.462,35.0881,42.677,38.4063,1.0,0.9396,False
091002,Plänterwald,Treptow-Köpenick,residents,Tram,1.4,324,11869.0,0,35.7147,32.5818,39.6286,35.663,1.0,0.8994,False
091002,Plänterwald,Treptow-Köpenick,residents,Bus,1.0,324,11869.0,0,3.92,3.0669,5.0685,4.3274,0.0124,0.0,False
091002,Plänterwald,Treptow-Köpenick,residents,Bus,1.3,324,11869.0,0,3.0154,2.3592,3.8988,3.3288,0.0039,0.0,False
091002,Plänterwald,Treptow-Köpenick,residents,Bus,1.4,324,11869.0,0,2.8,2.1907,3.6203,3.091,0.0,0.0,False
091002,Plänterwald,Treptow-Köpenick,residents,Regionalbahn,1.0,324,11869.0,0,54.5512,45.3969,58.1863,51.5256,1.0,0.9988,False
091002,Plänterwald,Treptow-Köpenick,residents,Regionalbahn,1.3,324,11869.0,0,41.9624,34.9207,44.7587,39.635,1.0,0.8865,False
091002,Plänterwald,Treptow-Köpenick,residents,Regionalbahn,1.4,324,11869.0,0,38.9651,32.4263,41.5616,36.804,1.0,0.8136,False
091002,Plänterwald,Treptow-Köpenick,residents,S- or U-Bahn,1.0,324,11869.0,0,14.8514,11.7297,17.5347,14.6221,0.4885,0.0124,False
091002,Plänterwald,Treptow-Köpenick,residents,S- or U-Bahn,1.3,324,11869.0,0,11.4242,9.0228,13.4883,11.2478,0.0876,0.0,False
091002,Plänterwald,Treptow-Köpenick,residents,S- or U-Bahn,1.4,324,11869.0,0,10.6082,8.3783,12.5248,10.4444,0.0394,0.0,False
091003,Baumschulenweg,Treptow-Köpenick,residents,S-Bahn,1.0,1516,19592.0,0,13.4306,7.4645,17.6896,16.0981,0.4193,0.1562,False
091003,Baumschulenweg,Treptow-Köpenick,residents,S-Bahn,1.3,1516,19592.0,0,10.3312,5.742,13.6074,12.3832,0.201,0.0941,False
091003,Baumschulenweg,Treptow-Köpenick,residents,S-Bahn,1.4,1516,19592.0,0,9.5933,5.3318,12.6354,11.4987,0.1778,0.0661,False
091003,Baumschulenweg,Treptow-Köpenick,residents,U-Bahn,1.0,1516,19592.0,0,56.3413,51.4037,62.7523,56.3477,1.0,0.9933,False
091003,Baumschulenweg,Treptow-Köpenick,residents,U-Bahn,1.3,1516,19592.0,0,43.3394,39.5413,48.271,43.3444,1.0,0.9596,False
091003,Baumschulenweg,Treptow-Köpenick,residents,U-Bahn,1.4,1516,19592.0,0,40.2438,36.717,44.8231,40.2484,0.9995,0.9518,False
091003,Baumschulenweg,Treptow-Köpenick,residents,Tram,1.0,1516,19592.0,0,39.2625,34.5525,43.0532,39.1366,0.9997,0.9155,False
091003,Baumschulenweg,Treptow-Köpenick,residents,Tram,1.3,1516,19592.0,0,30.2019,26.5789,33.1179,30.1051,0.9983,0.508,False
091003,Baumschulenweg,Treptow-Köpenick,residents,Tram,1.4,1516,19592.0,0,28.0446,24.6804,30.7523,27.9547,0.9983,0.3098,False
091003,Baumschulenweg,Treptow-Köpenick,residents,Bus,1.0,1516,19592.0,0,3.9564,2.4297,5.5965,4.377,0.0002,0.0,False
091003,Baumschulenweg,Treptow-Köpenick,residents,Bus,1.3,1516,19592.0,0,3.0434,1.869,4.305,3.3669,0.0,0.0,False
091003,Baumschulenweg,Treptow-Köpenick,residents,Bus,1.4,1516,19592.0,0,2.826,1.7355,3.9975,3.1264,0.0,0.0,False
091003,Baumschulenweg,Treptow-Köpenick,residents,Regionalbahn,1.0,1516,19592.0,0,42.0751,38.346,47.0847,43.0354,1.0,0.9848,False
091003,Baumschulenweg,Treptow-Köpenick,residents,Regionalbahn,1.3,1516,19592.0,0,32.3655,29.4969,36.219,33.1041,1.0,0.7121,False
091003,Baumschulenweg,Treptow-Köpenick,residents,Regionalbahn,1.4,1516,19592.0,0,30.0537,27.39,33.6319,30.7396,1.0,0.5062,False
091003,Baumschulenweg,Treptow-Köpenick,residents,S- or U-Bahn,1.0,1516,19592.0,0,13.4306,7.4645,17.6896,15.7298,0.4193,0.1495,False
091003,Baumschulenweg,Treptow-Köpenick,residents,S- or U-Bahn,1.3,1516,19592.0,0,10.3312,5.742,13.6074,12.0998,0.201,0.0808,False
091003,Baumschulenweg,Treptow-Köpenick,residents,S- or U-Bahn,1.4,1516,19592.0,0,9.5933,5.3318,12.6354,11.2356,0.1773,0.0476,False
091004,Johannisthal,Treptow-Köpenick,residents,S-Bahn,1.0,2184,22760.0,0,25.1229,16.2241,34.039,25.3011,0.7914,0.3783,False
091004,Johannisthal,Treptow-Köpenick,residents,S-Bahn,1.3,2184,22760.0,0,19.3253,12.4801,26.1839,19.4624,0.6466,0.122,False
091004,Johannisthal,Treptow-Köpenick,residents,S-Bahn,1.4,2184,22760.0,0,17.9449,11.5887,24.3136,18.0722,0.6001,0.0573,False
091004,Johannisthal,Treptow-Köpenick,residents,U-Bahn,1.0,2184,22760.0,0,52.8838,44.2267,62.4814,53.3318,1.0,1.0,False
091004,Johannisthal,Treptow-Köpenick,residents,U-Bahn,1.3,2184,22760.0,0,40.6799,34.0206,48.0626,41.0245,1.0,0.8991,False
091004,Johannisthal,Treptow-Köpenick,residents,U-Bahn,1.4,2184,22760.0,0,37.7742,31.5905,44.6296,38.0942,1.0,0.8261,False
091004,Johannisthal,Treptow-Köpenick,residents,Tram,1.0,2184,22760.0,0,7.0366,4.5905,12.6267,8.9707,0.1624,0.0036,False
091004,Johannisthal,Treptow-Köpenick,residents,Tram,1.3,2184,22760.0,0,5.4127,3.5312,9.7129,6.9006,0.055,0.0027,False
091004,Johannisthal,Treptow-Köpenick,residents,Tram,1.4,2184,22760.0,0,5.0261,3.279,9.0191,6.4077,0.0482,0.0026,False
091004,Johannisthal,Treptow-Köpenick,residents,Bus,1.0,2184,22760.0,0,4.2948,2.8355,5.8312,4.5364,0.0,0.0,False
091004,Johannisthal,Treptow-Köpenick,residents,Bus,1.3,2184,22760.0,0,3.3037,2.1812,4.4855,3.4896,0.0,0.0,False
091004,Johannisthal,Treptow-Köpenick,residents,Bus,1.4,2184,22760.0,0,3.0677,2.0254,4.1652,3.2403,0.0,0.0,False
091004,Johannisthal,Treptow-Köpenick,residents,Regionalbahn,1.0,2184,22760.0,0,26.6586,17.5285,37.765,27.8119,0.8236,0.4183,False
091004,Johannisthal,Treptow-Köpenick,residents,Regionalbahn,1.3,2184,22760.0,0,20.5066,13.4835,29.05,21.3937,0.6947,0.2158,False
091004,Johannisthal,Treptow-Köpenick,residents,Regionalbahn,1.4,2184,22760.0,0,19.0419,12.5204,26.975,19.8656,0.6461,0.143,False
091004,Johannisthal,Treptow-Köpenick,residents,S- or U-Bahn,1.0,2184,22760.0,0,25.1229,16.2241,33.2436,24.8386,0.7914,0.3783,False
091004,Johannisthal,Treptow-Köpenick,residents,S- or U-Bahn,1.3,2184,22760.0,0,19.3253,12.4801,25.572,19.1066,0.6466,0.0766,False
091004,Johannisthal,Treptow-Köpenick,residents,S- or U-Bahn,1.4,2184,22760.0,0,17.9449,11.5887,23.7454,17.7419,0.6001,0.0348,False
092005,Oberschöneweide,Treptow-Köpenick,residents,S-Bahn,1.0,1104,25846.0,0,28.1486,23.7488,32.854,28.5499,0.9992,0.3849,False
092005,Oberschöneweide,Treptow-Köpenick,residents,S-Bahn,1.3,1104,25846.0,0,21.6528,18.2683,25.2723,21.9615,0.9752,0.0476,False
092005,Oberschöneweide,Treptow-Köpenick,residents,S-Bahn,1.4,1104,25846.0,0,20.1061,16.9634,23.4672,20.3928,0.9376,0.009,False
092005,Oberschöneweide,Treptow-Köpenick,residents,U-Bahn,1.0,1104,25846.0,0,75.052,69.4946,79.8408,75.4167,1.0,1.0,False
092005,Oberschöneweide,Treptow-Köpenick,residents,U-Bahn,1.3,1104,25846.0,0,57.7323,53.4574,61.416,58.0128,1.0,1.0,False
092005,Oberschöneweide,Treptow-Köpenick,residents,U-Bahn,1.4,1104,25846.0,0,53.6086,49.639,57.0291,53.8691,1.0,1.0,False
092005,Oberschöneweide,Treptow-Köpenick,residents,Tram,1.0,1104,25846.0,0,6.0088,3.8276,9.2259,7.2337,0.0838,0.0077,False
092005,Oberschöneweide,Treptow-Köpenick,residents,Tram,1.3,1104,25846.0,0,4.6222,2.9443,7.0969,5.5644,0.0237,0.0005,False
092005,Oberschöneweide,Treptow-Köpenick,residents,Tram,1.4,1104,25846.0,0,4.292,2.734,6.5899,5.1669,0.0195,0.0005,False
092005,Oberschöneweide,Treptow-Köpenick,residents,Bus,1.0,1104,25846.0,0,5.2569,3.4105,8.1513,6.2141,0.0463,0.0,False
092005,Oberschöneweide,Treptow-Köpenick,residents,Bus,1.3,1104,25846.0,0,4.0438,2.6234,6.2702,4.7801,0.0034,0.0,False
092005,Oberschöneweide,Treptow-Köpenick,residents,Bus,1.4,1104,25846.0,0,3.7549,2.4361,5.8223,4.4386,0.0005,0.0,False
092005,Oberschöneweide,Treptow-Köpenick,residents,Regionalbahn,1.0,1104,25846.0,0,30.0251,25.0613,36.9153,33.0053,1.0,0.5014,False
092005,Oberschöneweide,Treptow-Köpenick,residents,Regionalbahn,1.3,1104,25846.0,0,23.0962,19.2779,28.3964,25.3887,0.9873,0.2159,False
092005,Oberschöneweide,Treptow-Köpenick,residents,Regionalbahn,1.4,1104,25846.0,0,21.4465,17.9009,26.3681,23.5752,0.9738,0.1617,False
092005,Oberschöneweide,Treptow-Köpenick,residents,S- or U-Bahn,1.0,1104,25846.0,0,28.1486,23.7488,32.854,28.5499,0.9992,0.3849,False
092005,Oberschöneweide,Treptow-Köpenick,residents,S- or U-Bahn,1.3,1104,25846.0,0,21.6528,18.2683,25.2723,21.9615,0.9752,0.0476,False
092005,Oberschöneweide,Treptow-Köpenick,residents,S- or U-Bahn,1.4,1104,25846.0,0,20.1061,16.9634,23.4672,20.3928,0.9376,0.009,False
092006,Niederschöneweide,Treptow-Köpenick,residents,S-Bahn,1.0,779,15387.0,0,12.5963,9.5067,15.7358,12.543,0.2904,0.0012,False
092006,Niederschöneweide,Treptow-Köpenick,residents,S-Bahn,1.3,779,15387.0,0,9.6895,7.3129,12.1045,9.6485,0.0251,0.0005,False
092006,Niederschöneweide,Treptow-Köpenick,residents,S-Bahn,1.4,779,15387.0,0,8.9974,6.7905,11.2399,8.9593,0.0056,0.0,False
092006,Niederschöneweide,Treptow-Köpenick,residents,U-Bahn,1.0,779,15387.0,0,85.6453,83.0968,95.5001,88.8281,1.0,1.0,False
092006,Niederschöneweide,Treptow-Köpenick,residents,U-Bahn,1.3,779,15387.0,0,65.881,63.9206,73.4616,68.3293,1.0,1.0,False
092006,Niederschöneweide,Treptow-Köpenick,residents,U-Bahn,1.4,779,15387.0,0,61.1752,59.3548,68.2143,63.4487,1.0,1.0,False
092006,Niederschöneweide,Treptow-Köpenick,residents,Tram,1.0,779,15387.0,0,18.6165,9.541,27.3317,18.4889,0.5776,0.1574,False
092006,Niederschöneweide,Treptow-Köpenick,residents,Tram,1.3,779,15387.0,0,14.3204,7.3393,21.0244,14.2222,0.4783,0.0,False
092006,Niederschöneweide,Treptow-Köpenick,residents,Tram,1.4,779,15387.0,0,13.2975,6.815,19.5227,13.2064,0.4345,0.0,False
092006,Niederschöneweide,Treptow-Köpenick,residents,Bus,1.0,779,15387.0,0,4.9797,3.0779,7.2183,5.8219,0.0414,0.0,False
092006,Niederschöneweide,Treptow-Köpenick,residents,Bus,1.3,779,15387.0,0,3.8305,2.3676,5.5525,4.4784,0.0022,0.0,False
092006,Niederschöneweide,Treptow-Köpenick,residents,Bus,1.4,779,15387.0,0,3.5569,2.1985,5.1559,4.1585,0.0005,0.0,False
092006,Niederschöneweide,Treptow-Köpenick,residents,Regionalbahn,1.0,779,15387.0,0,21.1388,14.1316,36.6971,25.3031,0.7068,0.3646,False
092006,Niederschöneweide,Treptow-Köpenick,residents,Regionalbahn,1.3,779,15387.0,0,16.2606,10.8705,28.2286,19.464,0.5405,0.2064,False
092006,Niederschöneweide,Treptow-Köpenick,residents,Regionalbahn,1.4,779,15387.0,0,15.0992,10.094,26.2122,18.0737,0.5098,0.1473,False
092006,Niederschöneweide,Treptow-Köpenick,residents,S- or U-Bahn,1.0,779,15387.0,0,12.5963,9.5067,15.7358,12.543,0.2904,0.0012,False
092006,Niederschöneweide,Treptow-Köpenick,residents,S- or U-Bahn,1.3,779,15387.0,0,9.6895,7.3129,12.1045,9.6485,0.0251,0.0005,False
092006,Niederschöneweide,Treptow-Köpenick,residents,S- or U-Bahn,1.4,779,15387.0,0,8.9974,6.7905,11.2399,8.9593,0.0056,0.0,False
092007,Adlershof,Treptow-Köpenick,residents,S-Bahn,1.0,2140,22942.0,0,18.0381,12.2105,21.8612,17.0182,0.6317,0.0088,False
092007,Adlershof,Treptow-Köpenick,residents,S-Bahn,1.3,2140,22942.0,0,13.8755,9.3927,16.8163,13.0909,0.4165,0.0,False
092007,Adlershof,Treptow-Köpenick,residents,S-Bahn,1.4,2140,22942.0,0,12.8844,8.7218,15.6151,12.1558,0.3113,0.0,False
092007,Adlershof,Treptow-Köpenick,residents,U-Bahn,1.0,2140,22942.0,0,83.3043,76.2495,89.6949,82.0189,1.0,1.0,False
092007,Adlershof,Treptow-Köpenick,residents,U-Bahn,1.3,2140,22942.0,0,64.0802,58.6535,68.9961,63.0915,1.0,1.0,False
092007,Adlershof,Treptow-Köpenick,residents,U-Bahn,1.4,2140,22942.0,0,59.5031,54.4639,64.0678,58.585,1.0,1.0,False
092007,Adlershof,Treptow-Köpenick,residents,Tram,1.0,2140,22942.0,0,8.6614,5.2653,12.1006,9.3329,0.1341,0.0,False
092007,Adlershof,Treptow-Köpenick,residents,Tram,1.3,2140,22942.0,0,6.6626,4.0502,9.3082,7.1792,0.0614,0.0,False
092007,Adlershof,Treptow-Köpenick,residents,Tram,1.4,2140,22942.0,0,6.1867,3.7609,8.6433,6.6664,0.0379,0.0,False
092007,Adlershof,Treptow-Köpenick,residents,Bus,1.0,2140,22942.0,0,5.0277,3.2789,7.264,5.6291,0.0177,0.0,False
092007,Adlershof,Treptow-Köpenick,residents,Bus,1.3,2140,22942.0,0,3.8675,2.5222,5.5877,4.3301,0.0015,0.0,False
092007,Adlershof,Treptow-Köpenick,residents,Bus,1.4,2140,22942.0,0,3.5912,2.342,5.1886,4.0208,0.0,0.0,False
092007,Adlershof,Treptow-Köpenick,residents,Regionalbahn,1.0,2140,22942.0,0,62.6653,56.2541,70.2514,62.7179,1.0,1.0,False
092007,Adlershof,Treptow-Köpenick,residents,Regionalbahn,1.3,2140,22942.0,0,48.2041,43.2724,54.0395,48.2445,1.0,0.9989,False
092007,Adlershof,Treptow-Köpenick,residents,Regionalbahn,1.4,2140,22942.0,0,44.7609,40.1815,50.1795,44.7985,1.0,0.9978,False
092007,Adlershof,Treptow-Köpenick,residents,S- or U-Bahn,1.0,2140,22942.0,0,18.0381,12.2105,21.8612,17.0182,0.6317,0.0088,False
092007,Adlershof,Treptow-Köpenick,residents,S- or U-Bahn,1.3,2140,22942.0,0,13.8755,9.3927,16.8163,13.0909,0.4165,0.0,False
092007,Adlershof,Treptow-Köpenick,residents,S- or U-Bahn,1.4,2140,22942.0,0,12.8844,8.7218,15.6151,12.1558,0.3113,0.0,False
092008,Köllnische Vorstadt/Spindlersfeld,Treptow-Köpenick,residents,S-Bahn,1.0,671,13605.0,0,16.2312,10.6224,25.8357,19.0172,0.5299,0.2029,False
092008,Köllnische Vorstadt/Spindlersfeld,Treptow-Köpenick,residents,S-Bahn,1.3,671,13605.0,0,12.4855,8.1711,19.8736,14.6286,0.4215,0.0186,False
092008,Köllnische Vorstadt/Spindlersfeld,Treptow-Köpenick,residents,S-Bahn,1.4,671,13605.0,0,11.5937,7.5874,18.454,13.5837,0.363,0.0,False
092008,Köllnische Vorstadt/Spindlersfeld,Treptow-Köpenick,residents,U-Bahn,1.0,671,13605.0,0,109.9103,104.3654,114.1402,109.0618,1.0,1.0,False
092008,Köllnische Vorstadt/Spindlersfeld,Treptow-Köpenick,residents,U-Bahn,1.3,671,13605.0,0,84.5464,80.2811,87.8002,83.8937,1.0,1.0,False
092008,Köllnische Vorstadt/Spindlersfeld,Treptow-Köpenick,residents,U-Bahn,1.4,671,13605.0,0,78.5074,74.5467,81.5287,77.9013,1.0,1.0,False
092008,Köllnische Vorstadt/Spindlersfeld,Treptow-Köpenick,residents,Tram,1.0,671,13605.0,0,7.6227,4.4054,12.3281,8.7187,0.1433,0.0,False
092008,Köllnische Vorstadt/Spindlersfeld,Treptow-Köpenick,residents,Tram,1.3,671,13605.0,0,5.8637,3.3887,9.4832,6.7067,0.008,0.0,False
092008,Köllnische Vorstadt/Spindlersfeld,Treptow-Köpenick,residents,Tram,1.4,671,13605.0,0,5.4448,3.1467,8.8058,6.2277,0.0043,0.0,False
092008,Köllnische Vorstadt/Spindlersfeld,Treptow-Köpenick,residents,Bus,1.0,671,13605.0,0,5.5311,3.5813,10.8837,7.5727,0.1223,0.0,False
092008,Köllnische Vorstadt/Spindlersfeld,Treptow-Köpenick,residents,Bus,1.3,671,13605.0,0,4.2547,2.7549,8.3721,5.8252,0.0007,0.0,False
092008,Köllnische Vorstadt/Spindlersfeld,Treptow-Köpenick,residents,Bus,1.4,671,13605.0,0,3.9508,2.5581,7.7741,5.4091,0.0,0.0,False
092008,Köllnische Vorstadt/Spindlersfeld,Treptow-Köpenick,residents,Regionalbahn,1.0,671,13605.0,0,79.6234,73.8729,88.8992,81.5797,1.0,1.0,False
092008,Köllnische Vorstadt/Spindlersfeld,Treptow-Köpenick,residents,Regionalbahn,1.3,671,13605.0,0,61.2488,56.8253,68.384,62.7536,1.0,1.0,False
092008,Köllnische Vorstadt/Spindlersfeld,Treptow-Köpenick,residents,Regionalbahn,1.4,671,13605.0,0,56.8739,52.7664,63.4994,58.2712,1.0,1.0,False
092008,Köllnische Vorstadt/Spindlersfeld,Treptow-Köpenick,residents,S- or U-Bahn,1.0,671,13605.0,0,16.2312,10.6224,25.8357,19.0172,0.5299,0.2029,False
092008,Köllnische Vorstadt/Spindlersfeld,Treptow-Köpenick,residents,S- or U-Bahn,1.3,671,13605.0,0,12.4855,8.1711,19.8736,14.6286,0.4215,0.0186,False
092008,Köllnische Vorstadt/Spindlersfeld,Treptow-Köpenick,residents,S- or U-Bahn,1.4,671,13605.0,0,11.5937,7.5874,18.454,13.5837,0.363,0.0,False
093009,Altglienicke,Treptow-Köpenick,residents,S-Bahn,1.0,5819,31995.0,0,30.5801,22.9615,37.3204,29.5905,0.8955,0.5183,False
093009,Altglienicke,Treptow-Köpenick,residents,S-Bahn,1.3,5819,31995.0,0,23.5232,17.6627,28.708,22.762,0.8178,0.1825,False
093009,Altglienicke,Treptow-Köpenick,residents,S-Bahn,1.4,5819,31995.0,0,21.8429,16.401,26.6574,21.1361,0.7918,0.0976,False
093009,Altglienicke,Treptow-Köpenick,residents,U-Bahn,1.0,5819,31995.0,0,63.4601,55.7211,73.3632,64.6401,1.0,1.0,False
093009,Altglienicke,Treptow-Köpenick,residents,U-Bahn,1.3,5819,31995.0,0,48.8154,42.8624,56.4333,49.7232,1.0,0.9977,False
093009,Altglienicke,Treptow-Köpenick,residents,U-Bahn,1.4,5819,31995.0,0,45.3286,39.8008,52.4023,46.1715,1.0,0.991,False
093009,Altglienicke,Treptow-Köpenick,residents,Tram,1.0,5819,31995.0,0,45.0369,33.2653,53.0853,43.1143,0.9928,0.8165,False
093009,Altglienicke,Treptow-Köpenick,residents,Tram,1.3,5819,31995.0,0,34.6438,25.5887,40.8349,33.1648,0.9635,0.6197,False
093009,Altglienicke,Treptow-Köpenick,residents,Tram,1.4,5819,31995.0,0,32.1692,23.7609,37.9181,30.7959,0.9502,0.554,False
093009,Altglienicke,Treptow-Köpenick,residents,Bus,1.0,5819,31995.0,0,4.8276,3.3916,6.89,5.286,0.0038,0.0,False
093009,Altglienicke,Treptow-Köpenick,residents,Bus,1.3,5819,31995.0,0,3.7135,2.6089,5.3,4.0662,0.0,0.0,False
093009,Altglienicke,Treptow-Köpenick,residents,Bus,1.4,5819,31995.0,0,3.4483,2.4226,4.9214,3.7757,0.0,0.0,False
093009,Altglienicke,Treptow-Köpenick,residents,Regionalbahn,1.0,5819,31995.0,0,108.2795,94.0493,114.7746,104.9399,1.0,1.0,False
093009,Altglienicke,Treptow-Köpenick,residents,Regionalbahn,1.3,5819,31995.0,0,83.2919,72.3456,88.2882,80.723,1.0,1.0,False
093009,Altglienicke,Treptow-Köpenick,residents,Regionalbahn,1.4,5819,31995.0,0,77.3425,67.1781,81.9819,74.957,1.0,1.0,False
093009,Altglienicke,Treptow-Köpenick,residents,S- or U-Bahn,1.0,5819,31995.0,0,30.5801,22.9615,37.3204,29.5586,0.8955,0.5183,False
093009,Altglienicke,Treptow-Köpenick,residents,S- or U-Bahn,1.3,5819,31995.0,0,23.5232,17.6627,28.708,22.7373,0.8178,0.1821,False
093009,Altglienicke,Treptow-Köpenick,residents,S- or U-Bahn,1.4,5819,31995.0,0,21.8429,16.401,26.6574,21.1133,0.7918,0.0963,False
093010,Bohnsdorf,Treptow-Köpenick,residents,S-Bahn,1.0,4446,15691.0,0,24.1637,12.6048,33.9717,23.8881,0.6808,0.3206,False
093010,Bohnsdorf,Treptow-Köpenick,residents,S-Bahn,1.3,4446,15691.0,0,18.5875,9.696,26.1321,18.3755,0.572,0.1568,False
093010,Bohnsdorf,Treptow-Köpenick,residents,S-Bahn,1.4,4446,15691.0,0,17.2598,9.0034,24.2655,17.063,0.5452,0.0979,False
093010,Bohnsdorf,Treptow-Köpenick,residents,U-Bahn,1.0,4446,15691.0,0,108.6855,95.4275,122.2128,107.2632,1.0,1.0,False
093010,Bohnsdorf,Treptow-Köpenick,residents,U-Bahn,1.3,4446,15691.0,0,83.6043,73.4058,94.0099,82.5102,1.0,1.0,False
093010,Bohnsdorf,Treptow-Köpenick,residents,U-Bahn,1.4,4446,15691.0,0,77.6325,68.1625,87.2949,76.6166,1.0,1.0,False
093010,Bohnsdorf,Treptow-Köpenick,residents,Tram,1.0,4446,15691.0,0,37.6166,27.4391,49.8539,39.539,0.9207,0.6948,False
093010,Bohnsdorf,Treptow-Köpenick,residents,Tram,1.3,4446,15691.0,0,28.9359,21.107,38.3491,30.4146,0.879,0.4645,False
093010,Bohnsdorf,Treptow-Köpenick,residents,Tram,1.4,4446,15691.0,0,26.869,19.5994,35.6099,28.2421,0.8683,0.3999,False
093010,Bohnsdorf,Treptow-Köpenick,residents,Bus,1.0,4446,15691.0,0,6.0292,4.1865,8.7803,7.8102,0.1329,0.0008,False
093010,Bohnsdorf,Treptow-Köpenick,residents,Bus,1.3,4446,15691.0,0,4.6379,3.2204,6.7541,6.0079,0.0944,0.0,False
093010,Bohnsdorf,Treptow-Köpenick,residents,Bus,1.4,4446,15691.0,0,4.3066,2.9903,6.2716,5.5787,0.0272,0.0,False
093010,Bohnsdorf,Treptow-Köpenick,residents,Regionalbahn,1.0,4446,15691.0,0,139.754,132.0873,150.9285,140.0786,1.0,1.0,False
093010,Bohnsdorf,Treptow-Köpenick,residents,Regionalbahn,1.3,4446,15691.0,0,107.503,101.6056,116.0989,107.7528,1.0,1.0,False
093010,Bohnsdorf,Treptow-Köpenick,residents,Regionalbahn,1.4,4446,15691.0,0,99.8243,94.348,107.8061,100.0562,1.0,1.0,False
093010,Bohnsdorf,Treptow-Köpenick,residents,S- or U-Bahn,1.0,4446,15691.0,0,24.1637,12.6048,33.9717,23.8881,0.6808,0.3206,False
093010,Bohnsdorf,Treptow-Köpenick,residents,S- or U-Bahn,1.3,4446,15691.0,0,18.5875,9.696,26.1321,18.3755,0.572,0.1568,False
093010,Bohnsdorf,Treptow-Köpenick,residents,S- or U-Bahn,1.4,4446,15691.0,0,17.2598,9.0034,24.2655,17.063,0.5452,0.0979,False
093011,Grünau,Treptow-Köpenick,residents,S-Bahn,1.0,1230,8551.0,0,24.1874,16.3657,31.2279,24.1478,0.7919,0.2776,False
093011,Grünau,Treptow-Köpenick,residents,S-Bahn,1.3,1230,8551.0,0,18.6057,12.589,24.0214,18.5752,0.6744,0.0168,False
093011,Grünau,Treptow-Köpenick,residents,S-Bahn,1.4,1230,8551.0,0,17.2767,11.6898,22.3056,17.2484,0.624,0.0168,False
093011,Grünau,Treptow-Köpenick,residents,U-Bahn,1.0,1230,8551.0,0,110.3402,105.3662,114.8962,110.8737,1.0,1.0,False
093011,Grünau,Treptow-Köpenick,residents,U-Bahn,1.3,1230,8551.0,0,84.8771,81.051,88.3817,85.2875,1.0,1.0,False
093011,Grünau,Treptow-Köpenick,residents,U-Bahn,1.4,1230,8551.0,0,78.8144,75.2616,82.0687,79.1955,1.0,1.0,False
093011,Grünau,Treptow-Köpenick,residents,Tram,1.0,1230,8551.0,0,5.6658,3.8753,8.2204,7.0612,0.1027,0.0,False
093011,Grünau,Treptow-Köpenick,residents,Tram,1.3,1230,8551.0,0,4.3583,2.981,6.3234,5.4317,0.0322,0.0,False
093011,Grünau,Treptow-Köpenick,residents,Tram,1.4,1230,8551.0,0,4.047,2.7681,5.8717,5.0437,0.0197,0.0,False
093011,Grünau,Treptow-Köpenick,residents,Bus,1.0,1230,8551.0,0,6.2798,4.2915,14.6065,9.3071,0.2375,0.0129,False
093011,Grünau,Treptow-Köpenick,residents,Bus,1.3,1230,8551.0,0,4.8306,3.3012,11.2358,7.1593,0.0963,0.003,False
093011,Grünau,Treptow-Köpenick,residents,Bus,1.4,1230,8551.0,0,4.4856,3.0654,10.4332,6.648,0.0699,0.0,False
093011,Grünau,Treptow-Köpenick,residents,Regionalbahn,1.0,1230,8551.0,0,110.7888,104.3377,119.3444,113.0869,1.0,1.0,False
093011,Grünau,Treptow-Köpenick,residents,Regionalbahn,1.3,1230,8551.0,0,85.2222,80.2598,91.8034,86.9899,1.0,1.0,False
093011,Grünau,Treptow-Köpenick,residents,Regionalbahn,1.4,1230,8551.0,0,79.1349,74.5269,85.246,80.7764,1.0,1.0,False
093011,Grünau,Treptow-Köpenick,residents,S- or U-Bahn,1.0,1230,8551.0,0,24.1874,16.3657,31.2279,24.1478,0.7919,0.2776,False
093011,Grünau,Treptow-Köpenick,residents,S- or U-Bahn,1.3,1230,8551.0,0,18.6057,12.589,24.0214,18.5752,0.6744,0.0168,False
093011,Grünau,Treptow-Köpenick,residents,S- or U-Bahn,1.4,1230,8551.0,0,17.2767,11.6898,22.3056,17.2484,0.624,0.0168,False
093012,Schmöckwitz,Treptow-Köpenick,residents,S-Bahn,1.0,2119,4528.0,0,93.1072,85.1166,114.7469,107.0165,1.0,1.0,False
093012,Schmöckwitz,Treptow-Köpenick,residents,S-Bahn,1.3,2119,4528.0,0,71.621,65.4743,88.2668,82.3204,1.0,1.0,False
093012,Schmöckwitz,Treptow-Köpenick,residents,S-Bahn,1.4,2119,4528.0,0,66.5052,60.7976,81.962,76.4403,1.0,1.0,False
093012,Schmöckwitz,Treptow-Köpenick,residents,U-Bahn,1.0,2119,4528.0,0,194.4989,186.6556,216.4499,209.1212,1.0,1.0,False
093012,Schmöckwitz,Treptow-Köpenick,residents,U-Bahn,1.3,2119,4528.0,0,149.6146,143.5812,166.4999,160.8625,1.0,1.0,False
093012,Schmöckwitz,Treptow-Köpenick,residents,U-Bahn,1.4,2119,4528.0,0,138.9278,133.3254,154.6071,149.3723,1.0,1.0,False
093012,Schmöckwitz,Treptow-Köpenick,residents,Tram,1.0,2119,4528.0,0,8.3182,5.4556,25.5329,19.242,0.3298,0.2105,False
093012,Schmöckwitz,Treptow-Köpenick,residents,Tram,1.3,2119,4528.0,0,6.3986,4.1966,19.6407,14.8015,0.296,0.1733,False
093012,Schmöckwitz,Treptow-Köpenick,residents,Tram,1.4,2119,4528.0,0,5.9416,3.8968,18.2378,13.7443,0.2872,0.1608,False
093012,Schmöckwitz,Treptow-Köpenick,residents,Bus,1.0,2119,4528.0,0,6.4915,3.9024,10.6975,9.629,0.162,0.0605,False
093012,Schmöckwitz,Treptow-Köpenick,residents,Bus,1.3,2119,4528.0,0,4.9935,3.0019,8.2289,7.4069,0.1424,0.0193,False
093012,Schmöckwitz,Treptow-Köpenick,residents,Bus,1.4,2119,4528.0,0,4.6368,2.7875,7.6411,6.8778,0.1363,0.0086,False
093012,Schmöckwitz,Treptow-Köpenick,residents,Regionalbahn,1.0,2119,4528.0,0,203.0751,194.9207,224.7701,217.501,1.0,1.0,False
093012,Schmöckwitz,Treptow-Köpenick,residents,Regionalbahn,1.3,2119,4528.0,0,156.2116,149.939,172.9,167.3084,1.0,1.0,False
093012,Schmöckwitz,Treptow-Köpenick,residents,Regionalbahn,1.4,2119,4528.0,0,145.0537,139.2291,160.55,155.3578,1.0,1.0,False
093012,Schmöckwitz,Treptow-Köpenick,residents,S- or U-Bahn,1.0,2119,4528.0,0,93.1072,85.1166,114.7469,107.0165,1.0,1.0,False
093012,Schmöckwitz,Treptow-Köpenick,residents,S- or U-Bahn,1.3,2119,4528.0,0,71.621,65.4743,88.2668,82.3204,1.0,1.0,False
093012,Schmöckwitz,Treptow-Köpenick,residents,S- or U-Bahn,1.4,2119,4528.0,0,66.5052,60.7976,81.962,76.4403,1.0,1.0,False
094013,Köpenick Süd,Treptow-Köpenick,residents,S-Bahn,1.0,2625,13760.0,0,59.5629,51.5647,65.8875,60.087,1.0,1.0,False
094013,Köpenick Süd,Treptow-Köpenick,residents,S-Bahn,1.3,2625,13760.0,0,45.8176,39.6651,50.6827,46.2207,1.0,0.978,False
094013,Köpenick Süd,Treptow-Köpenick,residents,S-Bahn,1.4,2625,13760.0,0,42.5449,36.8319,47.0625,42.9193,1.0,0.9404,False
094013,Köpenick Süd,Treptow-Köpenick,residents,U-Bahn,1.0,2625,13760.0,0,158.7407,150.7425,165.0653,159.7654,1.0,1.0,False
094013,Köpenick Süd,Treptow-Köpenick,residents,U-Bahn,1.3,2625,13760.0,0,122.1082,115.9558,126.9733,122.8965,1.0,1.0,False
094013,Köpenick Süd,Treptow-Köpenick,residents,U-Bahn,1.4,2625,13760.0,0,113.3862,107.6732,117.9038,114.1181,1.0,1.0,False
094013,Köpenick Süd,Treptow-Köpenick,residents,Tram,1.0,2625,13760.0,0,6.7849,4.2668,9.6642,8.7536,0.0755,0.0247,False
094013,Köpenick Süd,Treptow-Köpenick,residents,Tram,1.3,2625,13760.0,0,5.2191,3.2821,7.434,6.7336,0.04,0.0247,False
094013,Köpenick Süd,Treptow-Köpenick,residents,Tram,1.4,2625,13760.0,0,4.8463,3.0477,6.903,6.2526,0.0317,0.0247,False
094013,Köpenick Süd,Treptow-Köpenick,residents,Bus,1.0,2625,13760.0,0,6.5173,4.3684,9.4573,7.1126,0.0325,0.0,False
094013,Köpenick Süd,Treptow-Köpenick,residents,Bus,1.3,2625,13760.0,0,5.0133,3.3603,7.2749,5.4712,0.007,0.0,False
094013,Köpenick Süd,Treptow-Köpenick,residents,Bus,1.4,2625,13760.0,0,4.6552,3.1203,6.7552,5.0804,0.0069,0.0,False
094013,Köpenick Süd,Treptow-Köpenick,residents,Regionalbahn,1.0,2625,13760.0,0,123.1704,115.1722,129.495,124.1951,1.0,1.0,False
094013,Köpenick Süd,Treptow-Köpenick,residents,Regionalbahn,1.3,2625,13760.0,0,94.7465,88.594,99.6116,95.5347,1.0,1.0,False
094013,Köpenick Süd,Treptow-Köpenick,residents,Regionalbahn,1.4,2625,13760.0,0,87.9789,82.2659,92.4964,88.7108,1.0,1.0,False
094013,Köpenick Süd,Treptow-Köpenick,residents,S- or U-Bahn,1.0,2625,13760.0,0,59.5629,51.5647,65.8875,60.087,1.0,1.0,False
094013,Köpenick Süd,Treptow-Köpenick,residents,S- or U-Bahn,1.3,2625,13760.0,0,45.8176,39.6651,50.6827,46.2207,1.0,0.978,False
094013,Köpenick Süd,Treptow-Köpenick,residents,S- or U-Bahn,1.4,2625,13760.0,0,42.5449,36.8319,47.0625,42.9193,1.0,0.9404,False
094014,Allende-Viertel,Treptow-Köpenick,residents,S-Bahn,1.0,623,11885.0,0,39.0348,35.1985,49.2834,41.4914,1.0,0.9674,False
094014,Allende-Viertel,Treptow-Köpenick,residents,S-Bahn,1.3,623,11885.0,0,30.0268,27.0758,37.9103,31.9165,1.0,0.511,False
094014,Allende-Viertel,Treptow-Köpenick,residents,S-Bahn,1.4,623,11885.0,0,27.882,25.1418,35.2024,29.6367,1.0,0.3994,False
094014,Allende-Viertel,Treptow-Köpenick,residents,U-Bahn,1.0,623,11885.0,0,140.6901,136.6832,149.443,142.5545,1.0,1.0,False
094014,Allende-Viertel,Treptow-Köpenick,residents,U-Bahn,1.3,623,11885.0,0,108.2232,105.1409,114.9562,109.6573,1.0,1.0,False
094014,Allende-Viertel,Treptow-Köpenick,residents,U-Bahn,1.4,623,11885.0,0,100.4929,97.6309,106.745,101.8246,1.0,1.0,False
094014,Allende-Viertel,Treptow-Köpenick,residents,Tram,1.0,623,11885.0,0,11.7126,9.2547,14.3244,11.9339,0.1808,0.0003,False
094014,Allende-Viertel,Treptow-Köpenick,residents,Tram,1.3,623,11885.0,0,9.0097,7.119,11.0188,9.18,0.0358,0.0,False
094014,Allende-Viertel,Treptow-Köpenick,residents,Tram,1.4,623,11885.0,0,8.3662,6.6105,10.2317,8.5242,0.0053,0.0,False
094014,Allende-Viertel,Treptow-Köpenick,residents,Bus,1.0,623,11885.0,0,4.5287,3.0825,5.9617,4.7779,0.0,0.0,False
094014,Allende-Viertel,Treptow-Köpenick,residents,Bus,1.3,623,11885.0,0,3.4836,2.3712,4.5859,3.6753,0.0,0.0,False
094014,Allende-Viertel,Treptow-Köpenick,residents,Bus,1.4,623,11885.0,0,3.2348,2.2018,4.2584,3.4128,0.0,0.0,False
094014,Allende-Viertel,Treptow-Köpenick,residents,Regionalbahn,1.0,623,11885.0,0,106.8718,102.5247,113.9934,107.8687,1.0,1.0,False
094014,Allende-Viertel,Treptow-Köpenick,residents,Regionalbahn,1.3,623,11885.0,0,82.2091,78.8651,87.6872,82.9759,1.0,1.0,False
094014,Allende-Viertel,Treptow-Köpenick,residents,Regionalbahn,1.4,623,11885.0,0,76.337,73.2319,81.4239,77.0491,1.0,1.0,False
094014,Allende-Viertel,Treptow-Köpenick,residents,S- or U-Bahn,1.0,623,11885.0,0,39.0348,35.1985,49.2834,41.4914,1.0,0.9674,False
094014,Allende-Viertel,Treptow-Köpenick,residents,S- or U-Bahn,1.3,623,11885.0,0,30.0268,27.0758,37.9103,31.9165,1.0,0.511,False
094014,Allende-Viertel,Treptow-Köpenick,residents,S- or U-Bahn,1.4,623,11885.0,0,27.882,25.1418,35.2024,29.6367,1.0,0.3994,False
094015,Altstadt Köpenick,Treptow-Köpenick,residents,S-Bahn,1.0,465,7411.0,0,26.9198,23.6504,31.4424,27.3339,1.0,0.3343,False
094015,Altstadt Köpenick,Treptow-Köpenick,residents,S-Bahn,1.3,465,7411.0,0,20.7075,18.1926,24.1864,21.0261,0.9637,0.0,False
094015,Altstadt Köpenick,Treptow-Köpenick,residents,S-Bahn,1.4,465,7411.0,0,19.2284,16.8931,22.4588,19.5242,0.8735,0.0,False
094015,Altstadt Köpenick,Treptow-Köpenick,residents,U-Bahn,1.0,465,7411.0,0,126.0976,122.7972,130.6201,126.4735,1.0,1.0,False
094015,Altstadt Köpenick,Treptow-Köpenick,residents,U-Bahn,1.3,465,7411.0,0,96.9981,94.4594,100.477,97.2873,1.0,1.0,False
094015,Altstadt Köpenick,Treptow-Köpenick,residents,U-Bahn,1.4,465,7411.0,0,90.0697,87.7123,93.3001,90.3382,1.0,1.0,False
094015,Altstadt Köpenick,Treptow-Köpenick,residents,Tram,1.0,465,7411.0,0,4.7016,3.2083,6.5151,4.9551,0.0,0.0,False
094015,Altstadt Köpenick,Treptow-Köpenick,residents,Tram,1.3,465,7411.0,0,3.6166,2.4679,5.0116,3.8116,0.0,0.0,False
094015,Altstadt Köpenick,Treptow-Köpenick,residents,Tram,1.4,465,7411.0,0,3.3583,2.2916,4.6536,3.5393,0.0,0.0,False
094015,Altstadt Köpenick,Treptow-Köpenick,residents,Bus,1.0,465,7411.0,0,3.7988,2.4496,5.3086,3.9378,0.0,0.0,False
094015,Altstadt Köpenick,Treptow-Köpenick,residents,Bus,1.3,465,7411.0,0,2.9222,1.8843,4.0835,3.0291,0.0,0.0,False
094015,Altstadt Köpenick,Treptow-Köpenick,residents,Bus,1.4,465,7411.0,0,2.7134,1.7497,3.7918,2.8127,0.0,0.0,False
094015,Altstadt Köpenick,Treptow-Köpenick,residents,Regionalbahn,1.0,465,7411.0,0,90.5273,87.2579,95.0499,90.9414,1.0,1.0,False
094015,Altstadt Köpenick,Treptow-Köpenick,residents,Regionalbahn,1.3,465,7411.0,0,69.6364,67.1214,73.1153,69.9549,1.0,1.0,False
094015,Altstadt Köpenick,Treptow-Köpenick,residents,Regionalbahn,1.4,465,7411.0,0,64.6624,62.3271,67.8928,64.9581,1.0,1.0,False
094015,Altstadt Köpenick,Treptow-Köpenick,residents,S- or U-Bahn,1.0,465,7411.0,0,26.9198,23.6504,31.4424,27.3339,1.0,0.3343,False
094015,Altstadt Köpenick,Treptow-Köpenick,residents,S- or U-Bahn,1.3,465,7411.0,0,20.7075,18.1926,24.1864,21.0261,0.9637,0.0,False
094015,Altstadt Köpenick,Treptow-Köpenick,residents,S- or U-Bahn,1.4,465,7411.0,0,19.2284,16.8931,22.4588,19.5242,0.8735,0.0,False
094016,Müggelheim,Treptow-Köpenick,residents,S-Bahn,1.0,3269,7015.0,0,118.8429,110.8846,123.2368,116.2784,1.0,1.0,False
094016,Müggelheim,Treptow-Köpenick,residents,S-Bahn,1.3,3269,7015.0,0,91.4176,85.2958,94.7976,89.4449,1.0,1.0,False
094016,Müggelheim,Treptow-Köpenick,residents,S-Bahn,1.4,3269,7015.0,0,84.8878,79.2033,88.0263,83.056,1.0,0.9995,False
094016,Müggelheim,Treptow-Köpenick,residents,U-Bahn,1.0,3269,7015.0,0,244.85,236.9431,252.4498,246.7756,1.0,1.0,False
094016,Müggelheim,Treptow-Köpenick,residents,U-Bahn,1.3,3269,7015.0,0,188.3462,182.2639,194.1922,189.8274,1.0,1.0,False
094016,Müggelheim,Treptow-Köpenick,residents,U-Bahn,1.4,3269,7015.0,0,174.8929,169.245,180.3213,176.2683,1.0,1.0,False
094016,Müggelheim,Treptow-Köpenick,residents,Tram,1.0,3269,7015.0,0,97.1633,88.9319,106.4028,97.3502,1.0,1.0,False
094016,Müggelheim,Treptow-Köpenick,residents,Tram,1.3,3269,7015.0,0,74.741,68.4092,81.8483,74.8848,1.0,0.9999,False
094016,Müggelheim,Treptow-Köpenick,residents,Tram,1.4,3269,7015.0,0,69.4023,63.5228,76.002,69.5359,1.0,0.9999,False
094016,Müggelheim,Treptow-Köpenick,residents,Bus,1.0,3269,7015.0,0,10.0323,6.4175,13.4742,10.7793,0.1768,0.0308,False
094016,Müggelheim,Treptow-Köpenick,residents,Bus,1.3,3269,7015.0,0,7.7172,4.9365,10.3648,8.2918,0.0728,0.0066,False
094016,Müggelheim,Treptow-Köpenick,residents,Bus,1.4,3269,7015.0,0,7.1659,4.5839,9.6244,7.6995,0.0569,0.0066,False
094016,Müggelheim,Treptow-Köpenick,residents,Regionalbahn,1.0,3269,7015.0,0,209.2797,201.3728,216.8795,211.2126,1.0,1.0,False
094016,Müggelheim,Treptow-Köpenick,residents,Regionalbahn,1.3,3269,7015.0,0,160.9844,154.9021,166.8304,162.4712,1.0,1.0,False
094016,Müggelheim,Treptow-Köpenick,residents,Regionalbahn,1.4,3269,7015.0,0,149.4855,143.8377,154.914,150.8661,1.0,1.0,False
094016,Müggelheim,Treptow-Köpenick,residents,S- or U-Bahn,1.0,3269,7015.0,0,118.8429,110.8846,123.2368,116.2784,1.0,1.0,False
094016,Müggelheim,Treptow-Köpenick,residents,S- or U-Bahn,1.3,3269,7015.0,0,91.4176,85.2958,94.7976,89.4449,1.0,1.0,False
094016,Müggelheim,Treptow-Köpenick,residents,S- or U-Bahn,1.4,3269,7015.0,0,84.8878,79.2033,88.0263,83.056,1.0,0.9995,False
095017,Friedrichshagen,Treptow-Köpenick,residents,S-Bahn,1.0,2416,19014.0,0,20.1592,15.3597,27.8433,21.4166,0.7733,0.1571,False
095017,Friedrichshagen,Treptow-Köpenick,residents,S-Bahn,1.3,2416,19014.0,0,15.5071,11.8152,21.4179,16.4743,0.5292,0.0175,False
095017,Friedrichshagen,Treptow-Köpenick,residents,S-Bahn,1.4,2416,19014.0,0,14.3995,10.9712,19.8881,15.2975,0.455,0.0074,False
095017,Friedrichshagen,Treptow-Köpenick,residents,U-Bahn,1.0,2416,19014.0,0,150.4461,141.1381,158.7672,149.273,1.0,1.0,False
095017,Friedrichshagen,Treptow-Köpenick,residents,U-Bahn,1.3,2416,19014.0,0,115.7278,108.5678,122.1286,114.8254,1.0,1.0,False
095017,Friedrichshagen,Treptow-Köpenick,residents,U-Bahn,1.4,2416,19014.0,0,107.4615,100.8129,113.4051,106.6236,1.0,1.0,False
095017,Friedrichshagen,Treptow-Köpenick,residents,Tram,1.0,2416,19014.0,0,5.2102,3.361,7.0529,5.6977,0.0324,0.0,False
095017,Friedrichshagen,Treptow-Köpenick,residents,Tram,1.3,2416,19014.0,0,4.0078,2.5854,5.4253,4.3828,0.0084,0.0,False
095017,Friedrichshagen,Treptow-Köpenick,residents,Tram,1.4,2416,19014.0,0,3.7215,2.4007,5.0378,4.0698,0.0062,0.0,False
095017,Friedrichshagen,Treptow-Köpenick,residents,Bus,1.0,2416,19014.0,0,5.5335,3.4048,8.555,6.8426,0.0676,0.0007,False
095017,Friedrichshagen,Treptow-Köpenick,residents,Bus,1.3,2416,19014.0,0,4.2566,2.6191,6.5808,5.2635,0.0418,0.0,False
095017,Friedrichshagen,Treptow-Köpenick,residents,Bus,1.4,2416,19014.0,0,3.9525,2.432,6.1107,4.8876,0.0385,0.0,False
095017,Friedrichshagen,Treptow-Köpenick,residents,Regionalbahn,1.0,2416,19014.0,0,136.8863,127.8453,144.988,136.3355,1.0,1.0,False
095017,Friedrichshagen,Treptow-Köpenick,residents,Regionalbahn,1.3,2416,19014.0,0,105.2972,98.3426,111.5292,104.8735,1.0,1.0,False
095017,Friedrichshagen,Treptow-Köpenick,residents,Regionalbahn,1.4,2416,19014.0,0,97.776,91.3181,103.5628,97.3825,1.0,1.0,False
095017,Friedrichshagen,Treptow-Köpenick,residents,S- or U-Bahn,1.0,2416,19014.0,0,20.1592,15.3597,27.8433,21.4166,0.7733,0.1571,False
095017,Friedrichshagen,Treptow-Köpenick,residents,S- or U-Bahn,1.3,2416,19014.0,0,15.5071,11.8152,21.4179,16.4743,0.5292,0.0175,False
095017,Friedrichshagen,Treptow-Köpenick,residents,S- or U-Bahn,1.4,2416,19014.0,0,14.3995,10.9712,19.8881,15.2975,0.455,0.0074,False
095018,Rahnsdorf,Treptow-Köpenick,residents,S-Bahn,1.0,4451,11227.0,0,29.4892,22.8843,35.0249,29.0643,0.9168,0.4801,False
095018,Rahnsdorf,Treptow-Köpenick,residents,S-Bahn,1.3,4451,11227.0,0,22.684,17.6033,26.9422,22.3571,0.8352,0.104,False
095018,Rahnsdorf,Treptow-Köpenick,residents,S-Bahn,1.4,4451,11227.0,0,21.0637,16.3459,25.0178,20.7602,0.8086,0.0655,False
095018,Rahnsdorf,Treptow-Köpenick,residents,U-Bahn,1.0,4451,11227.0,0,244.6656,227.1786,260.968,244.4405,1.0,1.0,False
095018,Rahnsdorf,Treptow-Köpenick,residents,U-Bahn,1.3,4451,11227.0,0,188.2043,174.7528,200.7446,188.0312,1.0,1.0,False
095018,Rahnsdorf,Treptow-Köpenick,residents,U-Bahn,1.4,4451,11227.0,0,174.7611,162.2704,186.4057,174.6004,1.0,1.0,False
095018,Rahnsdorf,Treptow-Köpenick,residents,Tram,1.0,4451,11227.0,0,38.8565,22.9057,53.5388,39.8478,0.8939,0.6286,False
095018,Rahnsdorf,Treptow-Köpenick,residents,Tram,1.3,4451,11227.0,0,29.8896,17.6198,41.1837,30.6521,0.8177,0.4986,False
095018,Rahnsdorf,Treptow-Köpenick,residents,Tram,1.4,4451,11227.0,0,27.7547,16.3612,38.242,28.4627,0.7858,0.472,False
095018,Rahnsdorf,Treptow-Köpenick,residents,Bus,1.0,4451,11227.0,0,6.5582,3.8497,10.4836,7.6389,0.1018,0.0,False
095018,Rahnsdorf,Treptow-Köpenick,residents,Bus,1.3,4451,11227.0,0,5.0448,2.9613,8.0643,5.8761,0.0146,0.0,False
095018,Rahnsdorf,Treptow-Köpenick,residents,Bus,1.4,4451,11227.0,0,4.6844,2.7498,7.4883,5.4564,0.0089,0.0,False
095018,Rahnsdorf,Treptow-Köpenick,residents,Regionalbahn,1.0,4451,11227.0,0,211.7143,195.3534,227.9139,212.1505,1.0,1.0,False
095018,Rahnsdorf,Treptow-Köpenick,residents,Regionalbahn,1.3,4451,11227.0,0,162.8571,150.2718,175.3183,163.1927,1.0,1.0,False
095018,Rahnsdorf,Treptow-Köpenick,residents,Regionalbahn,1.4,4451,11227.0,0,151.2245,139.5381,162.7956,151.5361,1.0,1.0,False
095018,Rahnsdorf,Treptow-Köpenick,residents,S- or U-Bahn,1.0,4451,11227.0,0,29.4892,22.8843,35.0249,29.0643,0.9168,0.4801,False
095018,Rahnsdorf,Treptow-Köpenick,residents,S- or U-Bahn,1.3,4451,11227.0,0,22.684,17.6033,26.9422,22.3571,0.8352,0.104,False
095018,Rahnsdorf,Treptow-Köpenick,residents,S- or U-Bahn,1.4,4451,11227.0,0,21.0637,16.3459,25.0178,20.7602,0.8086,0.0655,False
095019,Dammvorstadt,Treptow-Köpenick,residents,S-Bahn,1.0,619,12489.0,0,14.5808,9.4894,20.7968,15.0629,0.4946,0.0002,False
095019,Dammvorstadt,Treptow-Köpenick,residents,S-Bahn,1.3,619,12489.0,0,11.216,7.2996,15.9975,11.5868,0.3091,0.0,False
095019,Dammvorstadt,Treptow-Köpenick,residents,S-Bahn,1.4,619,12489.0,0,10.4149,6.7782,14.8548,10.7592,0.2424,0.0,False
095019,Dammvorstadt,Treptow-Köpenick,residents,U-Bahn,1.0,619,12489.0,0,110.6323,107.0457,116.3151,112.5071,1.0,1.0,False
095019,Dammvorstadt,Treptow-Köpenick,residents,U-Bahn,1.3,619,12489.0,0,85.1018,82.3429,89.4731,86.544,1.0,1.0,False
095019,Dammvorstadt,Treptow-Köpenick,residents,U-Bahn,1.4,619,12489.0,0,79.0231,76.4612,83.0822,80.3622,1.0,1.0,False
095019,Dammvorstadt,Treptow-Köpenick,residents,Tram,1.0,619,12489.0,0,5.6855,3.8715,8.5352,6.4742,0.0211,0.0,False
095019,Dammvorstadt,Treptow-Köpenick,residents,Tram,1.3,619,12489.0,0,4.3735,2.978,6.5655,4.9802,0.0,0.0,False
095019,Dammvorstadt,Treptow-Köpenick,residents,Tram,1.4,619,12489.0,0,4.0611,2.7653,6.0966,4.6245,0.0,0.0,False
095019,Dammvorstadt,Treptow-Köpenick,residents,Bus,1.0,619,12489.0,0,4.6247,2.9043,7.449,5.1627,0.0003,0.0,False
095019,Dammvorstadt,Treptow-Köpenick,residents,Bus,1.3,619,12489.0,0,3.5575,2.2341,5.73,3.9713,0.0003,0.0,False
095019,Dammvorstadt,Treptow-Köpenick,residents,Bus,1.4,619,12489.0,0,3.3034,2.0745,5.3207,3.6877,0.0,0.0,False
095019,Dammvorstadt,Treptow-Köpenick,residents,Regionalbahn,1.0,619,12489.0,0,94.8477,90.3254,100.1215,95.7499,1.0,1.0,False
095019,Dammvorstadt,Treptow-Köpenick,residents,Regionalbahn,1.3,619,12489.0,0,72.9598,69.4811,77.0166,73.6538,1.0,1.0,False
095019,Dammvorstadt,Treptow-Köpenick,residents,Regionalbahn,1.4,619,12489.0,0,67.7484,64.5182,71.5154,68.3928,1.0,1.0,False
095019,Dammvorstadt,Treptow-Köpenick,residents,S- or U-Bahn,1.0,619,12489.0,0,14.5808,9.4894,20.7968,15.0629,0.4946,0.0002,False
095019,Dammvorstadt,Treptow-Köpenick,residents,S- or U-Bahn,1.3,619,12489.0,0,11.216,7.2996,15.9975,11.5868,0.3091,0.0,False
095019,Dammvorstadt,Treptow-Köpenick,residents,S- or U-Bahn,1.4,619,12489.0,0,10.4149,6.7782,14.8548,10.7592,0.2424,0.0,False
095020,Köpenick Nord,Treptow-Köpenick,residents,S-Bahn,1.0,2257,13628.0,0,19.4266,13.7133,25.1797,19.2782,0.7114,0.0643,False
095020,Köpenick Nord,Treptow-Köpenick,residents,S-Bahn,1.3,2257,13628.0,0,14.9435,10.5487,19.369,14.8294,0.4962,0.0023,False
095020,Köpenick Nord,Treptow-Köpenick,residents,S-Bahn,1.4,2257,13628.0,0,13.8761,9.7952,17.9855,13.7702,0.4426,0.0005,False
095020,Köpenick Nord,Treptow-Köpenick,residents,U-Bahn,1.0,2257,13628.0,0,92.5715,85.0079,98.5087,91.4413,1.0,1.0,False
095020,Köpenick Nord,Treptow-Köpenick,residents,U-Bahn,1.3,2257,13628.0,0,71.2089,65.3907,75.7759,70.3395,1.0,1.0,False
095020,Köpenick Nord,Treptow-Köpenick,residents,U-Bahn,1.4,2257,13628.0,0,66.1225,60.7199,70.3633,65.3152,1.0,1.0,False
095020,Köpenick Nord,Treptow-Köpenick,residents,Tram,1.0,2257,13628.0,0,9.0164,4.9048,15.1835,10.6623,0.2556,0.0038,False
095020,Köpenick Nord,Treptow-Köpenick,residents,Tram,1.3,2257,13628.0,0,6.9357,3.7729,11.6796,8.2018,0.1433,0.0,False
095020,Köpenick Nord,Treptow-Köpenick,residents,Tram,1.4,2257,13628.0,0,6.4403,3.5034,10.8453,7.616,0.1062,0.0,False
095020,Köpenick Nord,Treptow-Köpenick,residents,Bus,1.0,2257,13628.0,0,5.0217,3.1285,8.0918,6.0836,0.0408,0.0,False
095020,Köpenick Nord,Treptow-Köpenick,residents,Bus,1.3,2257,13628.0,0,3.8629,2.4066,6.2244,4.6797,0.001,0.0,False
095020,Köpenick Nord,Treptow-Köpenick,residents,Bus,1.4,2257,13628.0,0,3.5869,2.2347,5.7798,4.3454,0.0005,0.0,False
095020,Köpenick Nord,Treptow-Köpenick,residents,Regionalbahn,1.0,2257,13628.0,0,102.6438,98.824,105.7206,102.1064,1.0,1.0,False
095020,Köpenick Nord,Treptow-Köpenick,residents,Regionalbahn,1.3,2257,13628.0,0,78.9568,76.0185,81.3235,78.5434,1.0,1.0,False
095020,Köpenick Nord,Treptow-Köpenick,residents,Regionalbahn,1.4,2257,13628.0,0,73.317,70.5886,75.5147,72.9331,1.0,1.0,False
095020,Köpenick Nord,Treptow-Köpenick,residents,S- or U-Bahn,1.0,2257,13628.0,0,19.4266,13.7133,25.1797,19.2782,0.7114,0.0643,False
095020,Köpenick Nord,Treptow-Köpenick,residents,S- or U-Bahn,1.3,2257,13628.0,0,14.9435,10.5487,19.369,14.8294,0.4962,0.0023,False
095020,Köpenick Nord,Treptow-Köpenick,residents,S- or U-Bahn,1.4,2257,13628.0,0,13.8761,9.7952,17.9855,13.7702,0.4426,0.0005,False
101001,Marzahn Nord,Marzahn-Hellersdorf,residents,S-Bahn,1.0,392,25333.0,0,16.5258,11.2367,20.1423,15.7346,0.5613,0.0,False
101001,Marzahn Nord,Marzahn-Hellersdorf,residents,S-Bahn,1.3,392,25333.0,0,12.7122,8.6436,15.4941,12.1036,0.3371,0.0,False
101001,Marzahn Nord,Marzahn-Hellersdorf,residents,S-Bahn,1.4,392,25333.0,0,11.8042,8.0262,14.3874,11.239,0.1929,0.0,False
101001,Marzahn Nord,Marzahn-Hellersdorf,residents,U-Bahn,1.0,392,25333.0,0,85.2142,79.3899,93.3233,86.0365,1.0,1.0,False
101001,Marzahn Nord,Marzahn-Hellersdorf,residents,U-Bahn,1.3,392,25333.0,0,65.5494,61.0691,71.7871,66.182,1.0,1.0,False
101001,Marzahn Nord,Marzahn-Hellersdorf,residents,U-Bahn,1.4,392,25333.0,0,60.8673,56.707,66.6595,61.4547,1.0,1.0,False
101001,Marzahn Nord,Marzahn-Hellersdorf,residents,Tram,1.0,392,25333.0,0,8.2149,5.8801,13.6067,11.5513,0.2448,0.0326,False
101001,Marzahn Nord,Marzahn-Hellersdorf,residents,Tram,1.3,392,25333.0,0,6.3192,4.5232,10.4667,8.8856,0.1936,0.0,False
101001,Marzahn Nord,Marzahn-Hellersdorf,residents,Tram,1.4,392,25333.0,0,5.8678,4.2001,9.7191,8.2509,0.1834,0.0,False
101001,Marzahn Nord,Marzahn-Hellersdorf,residents,Bus,1.0,392,25333.0,0,5.9496,3.8226,8.5792,6.3735,0.0,0.0,False
101001,Marzahn Nord,Marzahn-Hellersdorf,residents,Bus,1.3,392,25333.0,0,4.5766,2.9405,6.5994,4.9027,0.0,0.0,False
101001,Marzahn Nord,Marzahn-Hellersdorf,residents,Bus,1.4,392,25333.0,0,4.2497,2.7304,6.128,4.5525,0.0,0.0,False
101001,Marzahn Nord,Marzahn-Hellersdorf,residents,Regionalbahn,1.0,392,25333.0,0,16.5463,11.2571,20.1628,15.7458,0.5613,0.0,False
101001,Marzahn Nord,Marzahn-Hellersdorf,residents,Regionalbahn,1.3,392,25333.0,0,12.7279,8.6593,15.5098,12.1122,0.3371,0.0,False
101001,Marzahn Nord,Marzahn-Hellersdorf,residents,Regionalbahn,1.4,392,25333.0,0,11.8188,8.0408,14.402,11.247,0.1933,0.0,False
101001,Marzahn Nord,Marzahn-Hellersdorf,residents,S- or U-Bahn,1.0,392,25333.0,0,16.5258,11.2367,20.1423,15.7346,0.5613,0.0,False
101001,Marzahn Nord,Marzahn-Hellersdorf,residents,S- or U-Bahn,1.3,392,25333.0,0,12.7122,8.6436,15.4941,12.1036,0.3371,0.0,False
101001,Marzahn Nord,Marzahn-Hellersdorf,residents,S- or U-Bahn,1.4,392,25333.0,0,11.8042,8.0262,14.3874,11.239,0.1929,0.0,False
101002,Marzahn Mitte,Marzahn-Hellersdorf,residents,S-Bahn,1.0,709,52352.0,0,17.4146,11.9988,25.5637,19.1622,0.6016,0.161,False
101002,Marzahn Mitte,Marzahn-Hellersdorf,residents,S-Bahn,1.3,709,52352.0,0,13.3959,9.2299,19.6644,14.7401,0.4384,0.023,False
101002,Marzahn Mitte,Marzahn-Hellersdorf,residents,S-Bahn,1.4,709,52352.0,0,12.439,8.5706,18.2598,13.6873,0.3716,0.0,False
101002,Marzahn Mitte,Marzahn-Hellersdorf,residents,U-Bahn,1.0,709,52352.0,0,66.1678,59.8909,72.2822,66.067,1.0,1.0,False
101002,Marzahn Mitte,Marzahn-Hellersdorf,residents,U-Bahn,1.3,709,52352.0,0,50.8983,46.0699,55.6017,50.8208,1.0,1.0,False
101002,Marzahn Mitte,Marzahn-Hellersdorf,residents,U-Bahn,1.4,709,52352.0,0,47.2627,42.7792,51.6301,47.1907,1.0,0.9981,False
101002,Marzahn Mitte,Marzahn-Hellersdorf,residents,Tram,1.0,709,52352.0,0,7.7181,5.2306,11.4837,8.6478,0.0588,0.0079,False
101002,Marzahn Mitte,Marzahn-Hellersdorf,residents,Tram,1.3,709,52352.0,0,5.937,4.0235,8.8337,6.6522,0.023,0.0,False
101002,Marzahn Mitte,Marzahn-Hellersdorf,residents,Tram,1.4,709,52352.0,0,5.513,3.7361,8.2027,6.177,0.0215,0.0,False
101002,Marzahn Mitte,Marzahn-Hellersdorf,residents,Bus,1.0,709,52352.0,0,5.072,3.459,6.5488,5.1456,0.0016,0.0,False
101002,Marzahn Mitte,Marzahn-Hellersdorf,residents,Bus,1.3,709,52352.0,0,3.9015,2.6608,5.0375,3.9582,0.0,0.0,False
101002,Marzahn Mitte,Marzahn-Hellersdorf,residents,Bus,1.4,709,52352.0,0,3.6228,2.4707,4.6777,3.6754,0.0,0.0,False
101002,Marzahn Mitte,Marzahn-Hellersdorf,residents,Regionalbahn,1.0,709,52352.0,0,45.929,37.0399,53.3959,45.1756,1.0,0.911,False
101002,Marzahn Mitte,Marzahn-Hellersdorf,residents,Regionalbahn,1.3,709,52352.0,0,35.33,28.4923,41.0738,34.7504,1.0,0.706,False
101002,Marzahn Mitte,Marzahn-Hellersdorf,residents,Regionalbahn,1.4,709,52352.0,0,32.8064,26.4571,38.1399,32.2683,1.0,0.6098,False
101002,Marzahn Mitte,Marzahn-Hellersdorf,residents,S- or U-Bahn,1.0,709,52352.0,0,17.4146,11.9988,25.5637,19.1622,0.6016,0.161,False
101002,Marzahn Mitte,Marzahn-Hellersdorf,residents,S- or U-Bahn,1.3,709,52352.0,0,13.3959,9.2299,19.6644,14.7401,0.4384,0.023,False
101002,Marzahn Mitte,Marzahn-Hellersdorf,residents,S- or U-Bahn,1.4,709,52352.0,0,12.439,8.5706,18.2598,13.6873,0.3716,0.0,False
101003,Marzahn Süd,Marzahn-Hellersdorf,residents,S-Bahn,1.0,2170,42899.0,0,19.7062,13.4718,31.856,22.5024,0.6695,0.3046,False
101003,Marzahn Süd,Marzahn-Hellersdorf,residents,S-Bahn,1.3,2170,42899.0,0,15.1586,10.3629,24.5046,17.3095,0.5028,0.068,False
101003,Marzahn Süd,Marzahn-Hellersdorf,residents,S-Bahn,1.4,2170,42899.0,0,14.0759,9.6227,22.7543,16.0731,0.4798,0.0311,False
101003,Marzahn Süd,Marzahn-Hellersdorf,residents,U-Bahn,1.0,2170,42899.0,0,51.2128,43.4152,59.3631,51.5886,1.0,0.9977,False
101003,Marzahn Süd,Marzahn-Hellersdorf,residents,U-Bahn,1.3,2170,42899.0,0,39.3945,33.3963,45.664,39.6835,1.0,0.9173,False
101003,Marzahn Süd,Marzahn-Hellersdorf,residents,U-Bahn,1.4,2170,42899.0,0,36.5806,31.0109,42.4022,36.849,0.9999,0.8486,False
101003,Marzahn Süd,Marzahn-Hellersdorf,residents,Tram,1.0,2170,42899.0,0,7.6476,5.6678,10.9807,8.6324,0.0908,0.0009,False
101003,Marzahn Süd,Marzahn-Hellersdorf,residents,Tram,1.3,2170,42899.0,0,5.8828,4.3598,8.4467,6.6403,0.014,0.0,False
101003,Marzahn Süd,Marzahn-Hellersdorf,residents,Tram,1.4,2170,42899.0,0,5.4626,4.0484,7.8433,6.166,0.0068,0.0,False
101003,Marzahn Süd,Marzahn-Hellersdorf,residents,Bus,1.0,2170,42899.0,0,5.5761,3.8182,7.3506,5.812,0.0111,0.0,False
101003,Marzahn Süd,Marzahn-Hellersdorf,residents,Bus,1.3,2170,42899.0,0,4.2893,2.9371,5.6543,4.4707,0.003,0.0,False
101003,Marzahn Süd,Marzahn-Hellersdorf,residents,Bus,1.4,2170,42899.0,0,3.9829,2.7273,5.2504,4.1514,0.0005,0.0,False
101003,Marzahn Süd,Marzahn-Hellersdorf,residents,Regionalbahn,1.0,2170,42899.0,0,77.9964,72.4963,82.0295,76.8222,1.0,1.0,False
101003,Marzahn Süd,Marzahn-Hellersdorf,residents,Regionalbahn,1.3,2170,42899.0,0,59.9972,55.7664,63.0996,59.094,1.0,1.0,False
101003,Marzahn Süd,Marzahn-Hellersdorf,residents,Regionalbahn,1.4,2170,42899.0,0,55.7117,51.7831,58.5925,54.873,1.0,0.9983,False
101003,Marzahn Süd,Marzahn-Hellersdorf,residents,S- or U-Bahn,1.0,2170,42899.0,0,19.7062,13.4718,31.6918,22.0905,0.6695,0.3033,False
101003,Marzahn Süd,Marzahn-Hellersdorf,residents,S- or U-Bahn,1.3,2170,42899.0,0,15.1586,10.3629,24.3783,16.9927,0.5028,0.0166,False
101003,Marzahn Süd,Marzahn-Hellersdorf,residents,S- or U-Bahn,1.4,2170,42899.0,0,14.0759,9.6227,22.637,15.7789,0.4797,0.0,False
102004,Hellersdorf Nord,Marzahn-Hellersdorf,residents,S-Bahn,1.0,663,44418.0,0,61.4138,56.4174,64.8581,60.3753,1.0,1.0,False
102004,Hellersdorf Nord,Marzahn-Hellersdorf,residents,S-Bahn,1.3,663,44418.0,0,47.2414,43.398,49.8909,46.4425,1.0,1.0,False
102004,Hellersdorf Nord,Marzahn-Hellersdorf,residents,S-Bahn,1.4,663,44418.0,0,43.867,40.2982,46.3272,43.1252,1.0,1.0,False
102004,Hellersdorf Nord,Marzahn-Hellersdorf,residents,U-Bahn,1.0,663,44418.0,0,15.0865,9.4358,23.0272,16.4151,0.5032,0.0883,False
102004,Hellersdorf Nord,Marzahn-Hellersdorf,residents,U-Bahn,1.3,663,44418.0,0,11.605,7.2583,17.7132,12.627,0.3655,0.0,False
102004,Hellersdorf Nord,Marzahn-Hellersdorf,residents,U-Bahn,1.4,663,44418.0,0,10.7761,6.7399,16.448,11.725,0.3063,0.0,False
102004,Hellersdorf Nord,Marzahn-Hellersdorf,residents,Tram,1.0,663,44418.0,0,7.7223,5.3432,15.312,10.51,0.2656,0.0079,False
102004,Hellersdorf Nord,Marzahn-Hellersdorf,residents,Tram,1.3,663,44418.0,0,5.9402,4.1102,11.7784,8.0846,0.1188,0.0,False
102004,Hellersdorf Nord,Marzahn-Hellersdorf,residents,Tram,1.4,663,44418.0,0,5.5159,3.8166,10.9371,7.5071,0.0866,0.0,False
102004,Hellersdorf Nord,Marzahn-Hellersdorf,residents,Bus,1.0,663,44418.0,0,5.4884,4.0787,7.8633,5.8894,0.0,0.0,False
102004,Hellersdorf Nord,Marzahn-Hellersdorf,residents,Bus,1.3,663,44418.0,0,4.2219,3.1375,6.0487,4.5303,0.0,0.0,False
102004,Hellersdorf Nord,Marzahn-Hellersdorf,residents,Bus,1.4,663,44418.0,0,3.9203,2.9134,5.6167,4.2067,0.0,0.0,False
102004,Hellersdorf Nord,Marzahn-Hellersdorf,residents,Regionalbahn,1.0,663,44418.0,0,66.4764,62.6836,69.498,65.8019,1.0,1.0,False
102004,Hellersdorf Nord,Marzahn-Hellersdorf,residents,Regionalbahn,1.3,663,44418.0,0,51.1357,48.2182,53.46,50.6168,1.0,1.0,False
102004,Hellersdorf Nord,Marzahn-Hellersdorf,residents,Regionalbahn,1.4,663,44418.0,0,47.4831,44.774,49.6414,47.0014,1.0,1.0,False
102004,Hellersdorf Nord,Marzahn-Hellersdorf,residents,S- or U-Bahn,1.0,663,44418.0,0,15.0865,9.4358,23.0272,16.4151,0.5032,0.0883,False
102004,Hellersdorf Nord,Marzahn-Hellersdorf,residents,S- or U-Bahn,1.3,663,44418.0,0,11.605,7.2583,17.7132,12.627,0.3655,0.0,False
102004,Hellersdorf Nord,Marzahn-Hellersdorf,residents,S- or U-Bahn,1.4,663,44418.0,0,10.7761,6.7399,16.448,11.725,0.3063,0.0,False
102005,Hellersdorf Ost,Marzahn-Hellersdorf,residents,S-Bahn,1.0,369,23755.0,0,47.0887,43.5039,52.1525,47.9216,1.0,1.0,False
102005,Hellersdorf Ost,Marzahn-Hellersdorf,residents,S-Bahn,1.3,369,23755.0,0,36.2221,33.4645,40.1173,36.8628,1.0,0.9707,False
102005,Hellersdorf Ost,Marzahn-Hellersdorf,residents,S-Bahn,1.4,369,23755.0,0,33.6348,31.0742,37.2518,34.2297,1.0,0.8435,False
102005,Hellersdorf Ost,Marzahn-Hellersdorf,residents,U-Bahn,1.0,369,23755.0,0,12.3057,9.3371,17.0326,13.7805,0.3747,0.0007,False
102005,Hellersdorf Ost,Marzahn-Hellersdorf,residents,U-Bahn,1.3,369,23755.0,0,9.466,7.1824,13.102,10.6004,0.1645,0.0,False
102005,Hellersdorf Ost,Marzahn-Hellersdorf,residents,U-Bahn,1.4,369,23755.0,0,8.7898,6.6693,12.1661,9.8432,0.128,0.0,False
102005,Hellersdorf Ost,Marzahn-Hellersdorf,residents,Tram,1.0,369,23755.0,0,8.8849,6.5103,11.4467,9.1748,0.0798,0.0,False
102005,Hellersdorf Ost,Marzahn-Hellersdorf,residents,Tram,1.3,369,23755.0,0,6.8346,5.008,8.8051,7.0576,0.0073,0.0,False
102005,Hellersdorf Ost,Marzahn-Hellersdorf,residents,Tram,1.4,369,23755.0,0,6.3464,4.6502,8.1762,6.5534,0.0059,0.0,False
102005,Hellersdorf Ost,Marzahn-Hellersdorf,residents,Bus,1.0,369,23755.0,0,6.5431,4.4098,9.1221,6.6997,0.0,0.0,False
102005,Hellersdorf Ost,Marzahn-Hellersdorf,residents,Bus,1.3,369,23755.0,0,5.0332,3.3921,7.017,5.1536,0.0,0.0,False
102005,Hellersdorf Ost,Marzahn-Hellersdorf,residents,Bus,1.4,369,23755.0,0,4.6736,3.1498,6.5158,4.7855,0.0,0.0,False
102005,Hellersdorf Ost,Marzahn-Hellersdorf,residents,Regionalbahn,1.0,369,23755.0,0,48.2012,44.9957,53.0219,48.9128,1.0,1.0,False
102005,Hellersdorf Ost,Marzahn-Hellersdorf,residents,Regionalbahn,1.3,369,23755.0,0,37.0778,34.6121,40.786,37.6252,1.0,0.9893,False
102005,Hellersdorf Ost,Marzahn-Hellersdorf,residents,Regionalbahn,1.4,369,23755.0,0,34.4294,32.1398,37.8728,34.9377,1.0,0.9005,False
102005,Hellersdorf Ost,Marzahn-Hellersdorf,residents,S- or U-Bahn,1.0,369,23755.0,0,12.3057,9.3371,17.0326,13.7805,0.3747,0.0007,False
102005,Hellersdorf Ost,Marzahn-Hellersdorf,residents,S- or U-Bahn,1.3,369,23755.0,0,9.466,7.1824,13.102,10.6004,0.1645,0.0,False
102005,Hellersdorf Ost,Marzahn-Hellersdorf,residents,S- or U-Bahn,1.4,369,23755.0,0,8.7898,6.6693,12.1661,9.8432,0.128,0.0,False
102006,Hellersdorf Süd,Marzahn-Hellersdorf,residents,S-Bahn,1.0,416,26760.0,0,25.7976,19.6518,34.8741,26.8202,0.8909,0.3761,False
102006,Hellersdorf Süd,Marzahn-Hellersdorf,residents,S-Bahn,1.3,416,26760.0,0,19.8443,15.1168,26.8262,20.6309,0.7514,0.0928,False
102006,Hellersdorf Süd,Marzahn-Hellersdorf,residents,S-Bahn,1.4,416,26760.0,0,18.4269,14.037,24.9101,19.1573,0.6814,0.0492,False
102006,Hellersdorf Süd,Marzahn-Hellersdorf,residents,U-Bahn,1.0,416,26760.0,0,10.1518,8.1781,12.2546,10.2839,0.0478,0.0,False
102006,Hellersdorf Süd,Marzahn-Hellersdorf,residents,U-Bahn,1.3,416,26760.0,0,7.8091,6.2909,9.4266,7.9107,0.0097,0.0,False
102006,Hellersdorf Süd,Marzahn-Hellersdorf,residents,U-Bahn,1.4,416,26760.0,0,7.2513,5.8415,8.7533,7.3456,0.0,0.0,False
102006,Hellersdorf Süd,Marzahn-Hellersdorf,residents,Tram,1.0,416,26760.0,0,37.2751,28.373,42.4134,35.5196,1.0,0.7304,False
102006,Hellersdorf Süd,Marzahn-Hellersdorf,residents,Tram,1.3,416,26760.0,0,28.6731,21.8254,32.6257,27.3228,0.9169,0.3799,False
102006,Hellersdorf Süd,Marzahn-Hellersdorf,residents,Tram,1.4,416,26760.0,0,26.6251,20.2664,30.2953,25.3712,0.8964,0.2713,False
102006,Hellersdorf Süd,Marzahn-Hellersdorf,residents,Bus,1.0,416,26760.0,0,6.7417,5.3709,8.1094,6.7395,0.0,0.0,False
102006,Hellersdorf Süd,Marzahn-Hellersdorf,residents,Bus,1.3,416,26760.0,0,5.1859,4.1314,6.238,5.1842,0.0,0.0,False
102006,Hellersdorf Süd,Marzahn-Hellersdorf,residents,Bus,1.4,416,26760.0,0,4.8155,3.8363,5.7924,4.8139,0.0,0.0,False
102006,Hellersdorf Süd,Marzahn-Hellersdorf,residents,Regionalbahn,1.0,416,26760.0,0,46.3656,42.1503,50.6842,46.4099,1.0,1.0,False
102006,Hellersdorf Süd,Marzahn-Hellersdorf,residents,Regionalbahn,1.3,416,26760.0,0,35.6659,32.4233,38.9879,35.7,1.0,0.856,False
102006,Hellersdorf Süd,Marzahn-Hellersdorf,residents,Regionalbahn,1.4,416,26760.0,0,33.1183,30.1073,36.203,33.15,1.0,0.7529,False
102006,Hellersdorf Süd,Marzahn-Hellersdorf,residents,S- or U-Bahn,1.0,416,26760.0,0,10.1046,8.1781,12.1935,10.2608,0.0468,0.0,False
102006,Hellersdorf Süd,Marzahn-Hellersdorf,residents,S- or U-Bahn,1.3,416,26760.0,0,7.7728,6.2909,9.3796,7.8929,0.0097,0.0,False
102006,Hellersdorf Süd,Marzahn-Hellersdorf,residents,S- or U-Bahn,1.4,416,26760.0,0,7.2176,5.8415,8.7096,7.3291,0.0,0.0,False
103007,Biesdorf,Marzahn-Hellersdorf,residents,S-Bahn,1.0,8150,30891.0,0,27.6712,18.7542,34.3988,27.0064,0.861,0.4232,False
103007,Biesdorf,Marzahn-Hellersdorf,residents,S-Bahn,1.3,8150,30891.0,0,21.2855,14.4263,26.4606,20.7742,0.7277,0.1427,False
103007,Biesdorf,Marzahn-Hellersdorf,residents,S-Bahn,1.4,8150,30891.0,0,19.7651,13.3959,24.5706,19.2903,0.6909,0.0868,False
103007,Biesdorf,Marzahn-Hellersdorf,residents,U-Bahn,1.0,8150,30891.0,0,26.5707,17.004,34.9795,27.2669,0.8028,0.3946,False
103007,Biesdorf,Marzahn-Hellersdorf,residents,U-Bahn,1.3,8150,30891.0,0,20.439,13.08,26.9073,20.9746,0.7041,0.178,False
103007,Biesdorf,Marzahn-Hellersdorf,residents,U-Bahn,1.4,8150,30891.0,0,18.979,12.1457,24.9854,19.4764,0.6703,0.1334,False
103007,Biesdorf,Marzahn-Hellersdorf,residents,Tram,1.0,8150,30891.0,0,36.0605,26.7344,46.9497,35.5326,0.8993,0.6693,False
103007,Biesdorf,Marzahn-Hellersdorf,residents,Tram,1.3,8150,30891.0,0,27.7388,20.5649,36.1151,27.3327,0.843,0.4273,False
103007,Biesdorf,Marzahn-Hellersdorf,residents,Tram,1.4,8150,30891.0,0,25.7575,19.096,33.5355,25.3804,0.8229,0.3719,False
103007,Biesdorf,Marzahn-Hellersdorf,residents,Bus,1.0,8150,30891.0,0,5.5456,3.502,7.3078,5.6281,0.0048,0.0,False
103007,Biesdorf,Marzahn-Hellersdorf,residents,Bus,1.3,8150,30891.0,0,4.2658,2.6938,5.6214,4.3293,0.0006,0.0,False
103007,Biesdorf,Marzahn-Hellersdorf,residents,Bus,1.4,8150,30891.0,0,3.9611,2.5014,5.2198,4.0201,0.0003,0.0,False
103007,Biesdorf,Marzahn-Hellersdorf,residents,Regionalbahn,1.0,8150,30891.0,0,74.3034,68.131,84.0538,76.0988,1.0,1.0,False
103007,Biesdorf,Marzahn-Hellersdorf,residents,Regionalbahn,1.3,8150,30891.0,0,57.1564,52.4085,64.6568,58.5376,1.0,1.0,False
103007,Biesdorf,Marzahn-Hellersdorf,residents,Regionalbahn,1.4,8150,30891.0,0,53.0738,48.665,60.0385,54.3563,1.0,1.0,False
103007,Biesdorf,Marzahn-Hellersdorf,residents,S- or U-Bahn,1.0,8150,30891.0,0,21.1286,13.4186,27.8284,20.7202,0.6962,0.1871,False
103007,Biesdorf,Marzahn-Hellersdorf,residents,S- or U-Bahn,1.3,8150,30891.0,0,16.2528,10.322,21.4065,15.9386,0.5488,0.0089,False
103007,Biesdorf,Marzahn-Hellersdorf,residents,S- or U-Bahn,1.4,8150,30891.0,0,15.0918,9.5847,19.8774,14.8001,0.5043,0.0002,False
104008,Kaulsdorf,Marzahn-Hellersdorf,residents,S-Bahn,1.0,7243,19827.0,0,27.7446,16.2646,40.0352,28.8607,0.7924,0.4543,False
104008,Kaulsdorf,Marzahn-Hellersdorf,residents,S-Bahn,1.3,7243,19827.0,0,21.342,12.5112,30.7963,22.2006,0.6734,0.2671,False
104008,Kaulsdorf,Marzahn-Hellersdorf,residents,S-Bahn,1.4,7243,19827.0,0,19.8175,11.6176,28.5966,20.6148,0.6425,0.2203,False
104008,Kaulsdorf,Marzahn-Hellersdorf,residents,U-Bahn,1.0,7243,19827.0,0,31.3483,23.1642,40.2014,33.2565,0.9518,0.5408,False
104008,Kaulsdorf,Marzahn-Hellersdorf,residents,U-Bahn,1.3,7243,19827.0,0,24.1141,17.8187,30.9241,25.5819,0.8692,0.2809,False
104008,Kaulsdorf,Marzahn-Hellersdorf,residents,U-Bahn,1.4,7243,19827.0,0,22.3917,16.5459,28.7153,23.7547,0.815,0.2166,False
104008,Kaulsdorf,Marzahn-Hellersdorf,residents,Tram,1.0,7243,19827.0,0,29.9768,23.7447,37.9338,30.5711,0.9598,0.4987,False
104008,Kaulsdorf,Marzahn-Hellersdorf,residents,Tram,1.3,7243,19827.0,0,23.0591,18.2651,29.1799,23.5162,0.8816,0.2138,False
104008,Kaulsdorf,Marzahn-Hellersdorf,residents,Tram,1.4,7243,19827.0,0,21.412,16.9605,27.0956,21.8365,0.8442,0.1204,False
104008,Kaulsdorf,Marzahn-Hellersdorf,residents,Bus,1.0,7243,19827.0,0,5.381,3.5092,7.5618,5.7925,0.0069,0.0,False
104008,Kaulsdorf,Marzahn-Hellersdorf,residents,Bus,1.3,7243,19827.0,0,4.1392,2.6993,5.8168,4.4557,0.0,0.0,False
104008,Kaulsdorf,Marzahn-Hellersdorf,residents,Bus,1.4,7243,19827.0,0,3.8436,2.5065,5.4013,4.1375,0.0,0.0,False
104008,Kaulsdorf,Marzahn-Hellersdorf,residents,Regionalbahn,1.0,7243,19827.0,0,39.1752,28.6533,67.7302,47.0373,0.981,0.7242,False
104008,Kaulsdorf,Marzahn-Hellersdorf,residents,Regionalbahn,1.3,7243,19827.0,0,30.1348,22.041,52.1001,36.1825,0.9334,0.5041,False
104008,Kaulsdorf,Marzahn-Hellersdorf,residents,Regionalbahn,1.4,7243,19827.0,0,27.9823,20.4667,48.3787,33.598,0.9147,0.4401,False
104008,Kaulsdorf,Marzahn-Hellersdorf,residents,S- or U-Bahn,1.0,7243,19827.0,0,23.9275,15.928,36.2725,26.5388,0.7834,0.3782,False
104008,Kaulsdorf,Marzahn-Hellersdorf,residents,S- or U-Bahn,1.3,7243,19827.0,0,18.4058,12.2523,27.9019,20.4145,0.6332,0.2041,False
104008,Kaulsdorf,Marzahn-Hellersdorf,residents,S- or U-Bahn,1.4,7243,19827.0,0,17.0911,11.3772,25.9089,18.9563,0.5829,0.1546,False
104009,Mahlsdorf,Marzahn-Hellersdorf,residents,S-Bahn,1.0,12413,30452.0,0,40.4378,25.1415,50.8353,38.0424,0.8971,0.6795,False
104009,Mahlsdorf,Marzahn-Hellersdorf,residents,S-Bahn,1.3,12413,30452.0,0,31.106,19.3396,39.1041,29.2634,0.8377,0.5336,False
104009,Mahlsdorf,Marzahn-Hellersdorf,residents,S-Bahn,1.4,12413,30452.0,0,28.8841,17.9582,36.311,27.1732,0.8198,0.4673,False
104009,Mahlsdorf,Marzahn-Hellersdorf,residents,U-Bahn,1.0,12413,30452.0,0,62.629,44.2783,77.705,61.2102,1.0,0.9471,False
104009,Mahlsdorf,Marzahn-Hellersdorf,residents,U-Bahn,1.3,12413,30452.0,0,48.1762,34.0602,59.7731,47.0847,1.0,0.8512,False
104009,Mahlsdorf,Marzahn-Hellersdorf,residents,U-Bahn,1.4,12413,30452.0,0,44.735,31.6273,55.5036,43.7215,0.9977,0.7955,False
104009,Mahlsdorf,Marzahn-Hellersdorf,residents,Tram,1.0,12413,30452.0,0,14.54,8.7002,20.9665,15.9584,0.4794,0.094,False
104009,Mahlsdorf,Marzahn-Hellersdorf,residents,Tram,1.3,12413,30452.0,0,11.1846,6.6925,16.1281,12.2757,0.2964,0.0266,False
104009,Mahlsdorf,Marzahn-Hellersdorf,residents,Tram,1.4,12413,30452.0,0,10.3857,6.2144,14.9761,11.3989,0.2491,0.0171,False
104009,Mahlsdorf,Marzahn-Hellersdorf,residents,Bus,1.0,12413,30452.0,0,5.9762,3.6265,8.8881,6.7168,0.0541,0.0,False
104009,Mahlsdorf,Marzahn-Hellersdorf,residents,Bus,1.3,12413,30452.0,0,4.5971,2.7896,6.837,5.1667,0.008,0.0,False
104009,Mahlsdorf,Marzahn-Hellersdorf,residents,Bus,1.4,12413,30452.0,0,4.2687,2.5904,6.3486,4.7977,0.0027,0.0,False
104009,Mahlsdorf,Marzahn-Hellersdorf,residents,Regionalbahn,1.0,12413,30452.0,0,42.4202,25.2093,58.9975,42.6239,0.8981,0.6808,False
104009,Mahlsdorf,Marzahn-Hellersdorf,residents,Regionalbahn,1.3,12413,30452.0,0,32.631,19.3918,45.3827,32.7876,0.8393,0.5532,False
104009,Mahlsdorf,Marzahn-Hellersdorf,residents,Regionalbahn,1.4,12413,30452.0,0,30.3002,18.0066,42.141,30.4457,0.8221,0.5065,False
104009,Mahlsdorf,Marzahn-Hellersdorf,residents,S- or U-Bahn,1.0,12413,30452.0,0,37.0041,24.234,49.3968,36.244,0.8971,0.6267,False
104009,Mahlsdorf,Marzahn-Hellersdorf,residents,S- or U-Bahn,1.3,12413,30452.0,0,28.4647,18.6416,37.9975,27.88,0.8377,0.4574,False
104009,Mahlsdorf,Marzahn-Hellersdorf,residents,S- or U-Bahn,1.4,12413,30452.0,0,26.4315,17.31,35.2834,25.8886,0.8176,0.3955,False
111001,"Malchow, Wartenberg und Falkenberg",Lichtenberg,residents,S-Bahn,1.0,2366,6669.0,0,28.5415,18.7145,34.689,28.6343,0.8728,0.4568,False
111001,"Malchow, Wartenberg und Falkenberg",Lichtenberg,residents,S-Bahn,1.3,2366,6669.0,0,21.955,14.3957,26.6838,22.0264,0.7239,0.1816,False
111001,"Malchow, Wartenberg und Falkenberg",Lichtenberg,residents,S-Bahn,1.4,2366,6669.0,0,20.3868,13.3675,24.7778,20.4531,0.6743,0.137,False
111001,"Malchow, Wartenberg und Falkenberg",Lichtenberg,residents,U-Bahn,1.0,2366,6669.0,0,113.9448,107.1026,138.9297,122.4256,1.0,1.0,False
111001,"Malchow, Wartenberg und Falkenberg",Lichtenberg,residents,U-Bahn,1.3,2366,6669.0,0,87.6498,82.3866,106.869,94.1736,1.0,1.0,False
111001,"Malchow, Wartenberg und Falkenberg",Lichtenberg,residents,U-Bahn,1.4,2366,6669.0,0,81.3891,76.5018,99.2355,87.4469,1.0,1.0,False
111001,"Malchow, Wartenberg und Falkenberg",Lichtenberg,residents,Tram,1.0,2366,6669.0,0,24.7287,19.8249,31.0417,25.448,0.8811,0.2909,False
111001,"Malchow, Wartenberg und Falkenberg",Lichtenberg,residents,Tram,1.3,2366,6669.0,0,19.0221,15.2499,23.8782,19.5754,0.768,0.0715,False
111001,"Malchow, Wartenberg und Falkenberg",Lichtenberg,residents,Tram,1.4,2366,6669.0,0,17.6634,14.1607,22.1727,18.1771,0.6842,0.0524,False
111001,"Malchow, Wartenberg und Falkenberg",Lichtenberg,residents,Bus,1.0,2366,6669.0,0,5.9852,3.7505,9.0587,7.3329,0.0955,0.0025,False
111001,"Malchow, Wartenberg und Falkenberg",Lichtenberg,residents,Bus,1.3,2366,6669.0,0,4.604,2.885,6.9682,5.6407,0.0553,0.0,False
111001,"Malchow, Wartenberg und Falkenberg",Lichtenberg,residents,Bus,1.4,2366,6669.0,0,4.2751,2.6789,6.4705,5.2378,0.0426,0.0,False
111001,"Malchow, Wartenberg und Falkenberg",Lichtenberg,residents,Regionalbahn,1.0,2366,6669.0,0,30.3759,20.4304,45.0434,32.5182,0.8781,0.5151,False
111001,"Malchow, Wartenberg und Falkenberg",Lichtenberg,residents,Regionalbahn,1.3,2366,6669.0,0,23.3661,15.7157,34.6488,25.014,0.7751,0.3305,False
111001,"Malchow, Wartenberg und Falkenberg",Lichtenberg,residents,Regionalbahn,1.4,2366,6669.0,0,21.6971,14.5932,32.1738,23.2273,0.7377,0.2947,False
111001,"Malchow, Wartenberg und Falkenberg",Lichtenberg,residents,S- or U-Bahn,1.0,2366,6669.0,0,28.5415,18.7145,34.689,28.6343,0.8728,0.4568,False
111001,"Malchow, Wartenberg und Falkenberg",Lichtenberg,residents,S- or U-Bahn,1.3,2366,6669.0,0,21.955,14.3957,26.6838,22.0264,0.7239,0.1816,False
111001,"Malchow, Wartenberg und Falkenberg",Lichtenberg,residents,S- or U-Bahn,1.4,2366,6669.0,0,20.3868,13.3675,24.7778,20.4531,0.6743,0.137,False
111002,Neu-Hohenschönhausen Nord,Lichtenberg,residents,S-Bahn,1.0,366,31497.0,0,13.7353,9.7311,18.626,14.4621,0.4137,0.0,False
111002,Neu-Hohenschönhausen Nord,Lichtenberg,residents,S-Bahn,1.3,366,31497.0,0,10.5656,7.4855,14.3277,11.1247,0.1996,0.0,False
111002,Neu-Hohenschönhausen Nord,Lichtenberg,residents,S-Bahn,1.4,366,31497.0,0,9.8109,6.9508,13.3043,10.3301,0.1648,0.0,False
111002,Neu-Hohenschönhausen Nord,Lichtenberg,residents,U-Bahn,1.0,366,31497.0,0,126.5841,123.596,129.8134,126.1854,1.0,1.0,False
111002,Neu-Hohenschönhausen Nord,Lichtenberg,residents,U-Bahn,1.3,366,31497.0,0,97.3724,95.0738,99.8564,97.0657,1.0,1.0,False
111002,Neu-Hohenschönhausen Nord,Lichtenberg,residents,U-Bahn,1.4,366,31497.0,0,90.4172,88.2828,92.7238,90.1324,1.0,1.0,False
111002,Neu-Hohenschönhausen Nord,Lichtenberg,residents,Tram,1.0,366,31497.0,0,10.6741,7.103,15.7836,11.7371,0.3017,0.0,False
111002,Neu-Hohenschönhausen Nord,Lichtenberg,residents,Tram,1.3,366,31497.0,0,8.2109,5.4639,12.1412,9.0285,0.1078,0.0,False
111002,Neu-Hohenschönhausen Nord,Lichtenberg,residents,Tram,1.4,366,31497.0,0,7.6244,5.0736,11.274,8.3836,0.058,0.0,False
111002,Neu-Hohenschönhausen Nord,Lichtenberg,residents,Bus,1.0,366,31497.0,0,5.0969,3.5932,6.4155,5.1538,0.0,0.0,False
111002,Neu-Hohenschönhausen Nord,Lichtenberg,residents,Bus,1.3,366,31497.0,0,3.9207,2.764,4.935,3.9644,0.0,0.0,False
111002,Neu-Hohenschönhausen Nord,Lichtenberg,residents,Bus,1.4,366,31497.0,0,3.6407,2.5666,4.5825,3.6813,0.0,0.0,False
111002,Neu-Hohenschönhausen Nord,Lichtenberg,residents,Regionalbahn,1.0,366,31497.0,0,18.2813,13.7869,23.7025,18.3607,0.6913,0.0188,False
111002,Neu-Hohenschönhausen Nord,Lichtenberg,residents,Regionalbahn,1.3,366,31497.0,0,14.0626,10.6053,18.2327,14.1236,0.4214,0.0,False
111002,Neu-Hohenschönhausen Nord,Lichtenberg,residents,Regionalbahn,1.4,366,31497.0,0,13.0581,9.8478,16.9303,13.1148,0.367,0.0,False
111002,Neu-Hohenschönhausen Nord,Lichtenberg,residents,S- or U-Bahn,1.0,366,31497.0,0,13.7353,9.7311,18.626,14.4621,0.4137,0.0,False
111002,Neu-Hohenschönhausen Nord,Lichtenberg,residents,S- or U-Bahn,1.3,366,31497.0,0,10.5656,7.4855,14.3277,11.1247,0.1996,0.0,False
111002,Neu-Hohenschönhausen Nord,Lichtenberg,residents,S- or U-Bahn,1.4,366,31497.0,0,9.8109,6.9508,13.3043,10.3301,0.1648,0.0,False
111003,Neu-Hohenschönhausen Süd,Lichtenberg,residents,S-Bahn,1.0,287,28149.0,0,13.3102,10.5741,16.1058,13.4045,0.342,0.0,False
111003,Neu-Hohenschönhausen Süd,Lichtenberg,residents,S-Bahn,1.3,287,28149.0,0,10.2386,8.1339,12.3891,10.3111,0.068,0.0,False
111003,Neu-Hohenschönhausen Süd,Lichtenberg,residents,S-Bahn,1.4,287,28149.0,0,9.5073,7.5529,11.5041,9.5746,0.0422,0.0,False
111003,Neu-Hohenschönhausen Süd,Lichtenberg,residents,U-Bahn,1.0,287,28149.0,0,112.4773,109.4158,116.7951,113.0869,1.0,1.0,False
111003,Neu-Hohenschönhausen Süd,Lichtenberg,residents,U-Bahn,1.3,287,28149.0,0,86.521,84.166,89.8424,86.9899,1.0,1.0,False
111003,Neu-Hohenschönhausen Süd,Lichtenberg,residents,U-Bahn,1.4,287,28149.0,0,80.3409,78.1541,83.425,80.7764,1.0,1.0,False
111003,Neu-Hohenschönhausen Süd,Lichtenberg,residents,Tram,1.0,287,28149.0,0,5.8524,4.0976,7.707,6.1061,0.0055,0.0,False
111003,Neu-Hohenschönhausen Süd,Lichtenberg,residents,Tram,1.3,287,28149.0,0,4.5018,3.152,5.9285,4.697,0.0,0.0,False
111003,Neu-Hohenschönhausen Süd,Lichtenberg,residents,Tram,1.4,287,28149.0,0,4.1803,2.9268,5.505,4.3615,0.0,0.0,False
111003,Neu-Hohenschönhausen Süd,Lichtenberg,residents,Bus,1.0,287,28149.0,0,5.584,4.1419,6.8178,5.6545,0.0,0.0,False
111003,Neu-Hohenschönhausen Süd,Lichtenberg,residents,Bus,1.3,287,28149.0,0,4.2954,3.1861,5.2445,4.3497,0.0,0.0,False
111003,Neu-Hohenschönhausen Süd,Lichtenberg,residents,Bus,1.4,287,28149.0,0,3.9886,2.9585,4.8699,4.039,0.0,0.0,False
111003,Neu-Hohenschönhausen Süd,Lichtenberg,residents,Regionalbahn,1.0,287,28149.0,0,17.5647,13.4384,24.19,18.819,0.6628,0.0512,False
111003,Neu-Hohenschönhausen Süd,Lichtenberg,residents,Regionalbahn,1.3,287,28149.0,0,13.5113,10.3372,18.6077,14.4761,0.4445,0.0,False
111003,Neu-Hohenschönhausen Süd,Lichtenberg,residents,Regionalbahn,1.4,287,28149.0,0,12.5462,9.5989,17.2786,13.4421,0.3787,0.0,False
111003,Neu-Hohenschönhausen Süd,Lichtenberg,residents,S- or U-Bahn,1.0,287,28149.0,0,13.3102,10.5741,16.1058,13.4045,0.342,0.0,False
111003,Neu-Hohenschönhausen Süd,Lichtenberg,residents,S- or U-Bahn,1.3,287,28149.0,0,10.2386,8.1339,12.3891,10.3111,0.068,0.0,False
111003,Neu-Hohenschönhausen Süd,Lichtenberg,residents,S- or U-Bahn,1.4,287,28149.0,0,9.5073,7.5529,11.5041,9.5746,0.0422,0.0,False
112004,Alt-Hohenschönhausen Nord,Lichtenberg,residents,S-Bahn,1.0,2526,17158.0,0,28.7707,20.458,38.1174,28.9357,0.9102,0.4773,False
112004,Alt-Hohenschönhausen Nord,Lichtenberg,residents,S-Bahn,1.3,2526,17158.0,0,22.1313,15.7369,29.3211,22.2583,0.7815,0.2287,False
112004,Alt-Hohenschönhausen Nord,Lichtenberg,residents,S-Bahn,1.4,2526,17158.0,0,20.5505,14.6129,27.2267,20.6684,0.7396,0.1214,False
112004,Alt-Hohenschönhausen Nord,Lichtenberg,residents,U-Bahn,1.0,2526,17158.0,0,93.4451,84.5847,99.4345,91.8627,1.0,1.0,False
112004,Alt-Hohenschönhausen Nord,Lichtenberg,residents,U-Bahn,1.3,2526,17158.0,0,71.8808,65.0651,76.4881,70.6636,1.0,1.0,False
112004,Alt-Hohenschönhausen Nord,Lichtenberg,residents,U-Bahn,1.4,2526,17158.0,0,66.7465,60.4176,71.0246,65.6162,1.0,1.0,False
112004,Alt-Hohenschönhausen Nord,Lichtenberg,residents,Tram,1.0,2526,17158.0,0,6.5676,4.3452,12.3301,8.8256,0.1754,0.0065,False
112004,Alt-Hohenschönhausen Nord,Lichtenberg,residents,Tram,1.3,2526,17158.0,0,5.052,3.3424,9.4847,6.7889,0.0899,0.0,False
112004,Alt-Hohenschönhausen Nord,Lichtenberg,residents,Tram,1.4,2526,17158.0,0,4.6911,3.1037,8.8072,6.304,0.0573,0.0,False
112004,Alt-Hohenschönhausen Nord,Lichtenberg,residents,Bus,1.0,2526,17158.0,0,4.563,3.0648,6.4987,5.1283,0.0024,0.0,False
112004,Alt-Hohenschönhausen Nord,Lichtenberg,residents,Bus,1.3,2526,17158.0,0,3.51,2.3576,4.999,3.9448,0.0021,0.0,False
112004,Alt-Hohenschönhausen Nord,Lichtenberg,residents,Bus,1.4,2526,17158.0,0,3.2593,2.1892,4.6419,3.6631,0.0021,0.0,False
112004,Alt-Hohenschönhausen Nord,Lichtenberg,residents,Regionalbahn,1.0,2526,17158.0,0,34.9581,26.788,45.7812,37.5524,1.0,0.6415,False
112004,Alt-Hohenschönhausen Nord,Lichtenberg,residents,Regionalbahn,1.3,2526,17158.0,0,26.8908,20.6061,35.2163,28.8865,0.9633,0.4105,False
112004,Alt-Hohenschönhausen Nord,Lichtenberg,residents,Regionalbahn,1.4,2526,17158.0,0,24.9701,19.1343,32.7009,26.8232,0.9393,0.3635,False
112004,Alt-Hohenschönhausen Nord,Lichtenberg,residents,S- or U-Bahn,1.0,2526,17158.0,0,28.7707,20.458,38.1174,28.9357,0.9102,0.4773,False
112004,Alt-Hohenschönhausen Nord,Lichtenberg,residents,S- or U-Bahn,1.3,2526,17158.0,0,22.1313,15.7369,29.3211,22.2583,0.7815,0.2287,False
112004,Alt-Hohenschönhausen Nord,Lichtenberg,residents,S- or U-Bahn,1.4,2526,17158.0,0,20.5505,14.6129,27.2267,20.6684,0.7396,0.1214,False
112005,Alt-Hohenschönhausen Süd,Lichtenberg,residents,S-Bahn,1.0,1531,36687.0,0,48.6947,43.4329,52.295,47.6036,1.0,0.9985,False
112005,Alt-Hohenschönhausen Süd,Lichtenberg,residents,S-Bahn,1.3,1531,36687.0,0,37.4575,33.41,40.2269,36.6181,1.0,0.8755,False
112005,Alt-Hohenschönhausen Süd,Lichtenberg,residents,S-Bahn,1.4,1531,36687.0,0,34.7819,31.0235,37.3536,34.0026,1.0,0.7926,False
112005,Alt-Hohenschönhausen Süd,Lichtenberg,residents,U-Bahn,1.0,1531,36687.0,0,57.2209,52.2248,63.3669,58.8751,1.0,1.0,False
112005,Alt-Hohenschönhausen Süd,Lichtenberg,residents,U-Bahn,1.3,1531,36687.0,0,44.0161,40.1729,48.7438,45.2885,1.0,1.0,False
112005,Alt-Hohenschönhausen Süd,Lichtenberg,residents,U-Bahn,1.4,1531,36687.0,0,40.8721,37.3035,45.2621,42.0536,1.0,1.0,False
112005,Alt-Hohenschönhausen Süd,Lichtenberg,residents,Tram,1.0,1531,36687.0,0,6.3462,4.5416,9.4106,7.0303,0.0169,0.0,False
112005,Alt-Hohenschönhausen Süd,Lichtenberg,residents,Tram,1.3,1531,36687.0,0,4.8817,3.4935,7.2389,5.408,0.0001,0.0,False
112005,Alt-Hohenschönhausen Süd,Lichtenberg,residents,Tram,1.4,1531,36687.0,0,4.533,3.244,6.7219,5.0217,0.0,0.0,False
112005,Alt-Hohenschönhausen Süd,Lichtenberg,residents,Bus,1.0,1531,36687.0,0,8.2075,5.3167,12.3763,8.8543,0.0807,0.0,False
112005,Alt-Hohenschönhausen Süd,Lichtenberg,residents,Bus,1.3,1531,36687.0,0,6.3135,4.0898,9.5202,6.811,0.0049,0.0,False
112005,Alt-Hohenschönhausen Süd,Lichtenberg,residents,Bus,1.4,1531,36687.0,0,5.8625,3.7976,8.8402,6.3245,0.0035,0.0,False
112005,Alt-Hohenschönhausen Süd,Lichtenberg,residents,Regionalbahn,1.0,1531,36687.0,0,60.6723,56.5065,63.878,60.4424,1.0,1.0,False
112005,Alt-Hohenschönhausen Süd,Lichtenberg,residents,Regionalbahn,1.3,1531,36687.0,0,46.671,43.4665,49.1369,46.4942,1.0,1.0,False
112005,Alt-Hohenschönhausen Süd,Lichtenberg,residents,Regionalbahn,1.4,1531,36687.0,0,43.3374,40.3618,45.6271,43.1732,1.0,1.0,False
112005,Alt-Hohenschönhausen Süd,Lichtenberg,residents,S- or U-Bahn,1.0,1531,36687.0,0,48.6947,43.4329,51.7213,47.3637,1.0,0.9985,False
112005,Alt-Hohenschönhausen Süd,Lichtenberg,residents,S- or U-Bahn,1.3,1531,36687.0,0,37.4575,33.41,39.7856,36.4336,1.0,0.8755,False
112005,Alt-Hohenschönhausen Süd,Lichtenberg,residents,S- or U-Bahn,1.4,1531,36687.0,0,34.7819,31.0235,36.9438,33.8312,1.0,0.7926,False
113006,Fennpfuhl,Lichtenberg,residents,S-Bahn,1.0,276,34639.0,0,19.6694,13.1511,26.9983,20.0639,0.6926,0.1006,False
113006,Fennpfuhl,Lichtenberg,residents,S-Bahn,1.3,276,34639.0,0,15.1303,10.1162,20.7679,15.4338,0.5174,0.0,False
113006,Fennpfuhl,Lichtenberg,residents,S-Bahn,1.4,276,34639.0,0,14.0496,9.3936,19.2845,14.3314,0.4356,0.0,False
113006,Fennpfuhl,Lichtenberg,residents,U-Bahn,1.0,276,34639.0,0,32.8479,28.2467,38.5845,33.7929,1.0,0.6543,False
113006,Fennpfuhl,Lichtenberg,residents,U-Bahn,1.3,276,34639.0,0,25.2676,21.7282,29.6804,25.9946,1.0,0.2364,False
113006,Fennpfuhl,Lichtenberg,residents,U-Bahn,1.4,276,34639.0,0,23.4628,20.1762,27.5603,24.1378,1.0,0.1206,False
113006,Fennpfuhl,Lichtenberg,residents,Tram,1.0,276,34639.0,0,5.8891,4.2036,7.3989,5.976,0.0,0.0,False
113006,Fennpfuhl,Lichtenberg,residents,Tram,1.3,276,34639.0,0,4.5301,3.2335,5.6915,4.5969,0.0,0.0,False
113006,Fennpfuhl,Lichtenberg,residents,Tram,1.4,276,34639.0,0,4.2065,3.0026,5.2849,4.2686,0.0,0.0,False
113006,Fennpfuhl,Lichtenberg,residents,Bus,1.0,276,34639.0,0,5.0896,3.4596,7.6595,5.4435,0.0,0.0,False
113006,Fennpfuhl,Lichtenberg,residents,Bus,1.3,276,34639.0,0,3.9151,2.6612,5.8919,4.1873,0.0,0.0,False
113006,Fennpfuhl,Lichtenberg,residents,Bus,1.4,276,34639.0,0,3.6354,2.4711,5.4711,3.8882,0.0,0.0,False
113006,Fennpfuhl,Lichtenberg,residents,Regionalbahn,1.0,276,34639.0,0,55.0537,50.8373,59.8739,55.3845,1.0,1.0,False
113006,Fennpfuhl,Lichtenberg,residents,Regionalbahn,1.3,276,34639.0,0,42.349,39.1056,46.0569,42.6034,1.0,1.0,False
113006,Fennpfuhl,Lichtenberg,residents,Regionalbahn,1.4,276,34639.0,0,39.3241,36.3123,42.7671,39.5603,1.0,0.989,False
113006,Fennpfuhl,Lichtenberg,residents,S- or U-Bahn,1.0,276,34639.0,0,19.6694,13.1511,26.9983,20.0413,0.6926,0.1006,False
113006,Fennpfuhl,Lichtenberg,residents,S- or U-Bahn,1.3,276,34639.0,0,15.1303,10.1162,20.7679,15.4163,0.5174,0.0,False
113006,Fennpfuhl,Lichtenberg,residents,S- or U-Bahn,1.4,276,34639.0,0,14.0496,9.3936,19.2845,14.3152,0.4356,0.0,False
113007,Alt-Lichtenberg,Lichtenberg,residents,S-Bahn,1.0,1448,34747.0,0,20.2874,15.7353,26.7519,22.435,0.8073,0.186,False
113007,Alt-Lichtenberg,Lichtenberg,residents,S-Bahn,1.3,1448,34747.0,0,15.6057,12.104,20.5784,17.2577,0.5306,0.088,False
113007,Alt-Lichtenberg,Lichtenberg,residents,S-Bahn,1.4,1448,34747.0,0,14.491,11.2395,19.1085,16.025,0.4468,0.053,False
113007,Alt-Lichtenberg,Lichtenberg,residents,U-Bahn,1.0,1448,34747.0,0,16.4288,10.0748,24.7285,19.6234,0.5483,0.1819,False
113007,Alt-Lichtenberg,Lichtenberg,residents,U-Bahn,1.3,1448,34747.0,0,12.6376,7.7498,19.0219,15.0949,0.3649,0.1241,False
113007,Alt-Lichtenberg,Lichtenberg,residents,U-Bahn,1.4,1448,34747.0,0,11.7349,7.1963,17.6632,14.0167,0.3323,0.0905,False
113007,Alt-Lichtenberg,Lichtenberg,residents,Tram,1.0,1448,34747.0,0,6.6331,4.0141,10.156,7.1426,0.0195,0.0,False
113007,Alt-Lichtenberg,Lichtenberg,residents,Tram,1.3,1448,34747.0,0,5.1024,3.0878,7.8123,5.4943,0.0,0.0,False
113007,Alt-Lichtenberg,Lichtenberg,residents,Tram,1.4,1448,34747.0,0,4.7379,2.8672,7.2543,5.1019,0.0,0.0,False
113007,Alt-Lichtenberg,Lichtenberg,residents,Bus,1.0,1448,34747.0,0,5.8865,3.4525,8.6329,6.1797,0.0067,0.0,False
113007,Alt-Lichtenberg,Lichtenberg,residents,Bus,1.3,1448,34747.0,0,4.528,2.6558,6.6407,4.7536,0.0,0.0,False
113007,Alt-Lichtenberg,Lichtenberg,residents,Bus,1.4,1448,34747.0,0,4.2046,2.4661,6.1664,4.414,0.0,0.0,False
113007,Alt-Lichtenberg,Lichtenberg,residents,Regionalbahn,1.0,1448,34747.0,0,26.8751,17.8706,37.228,28.0731,0.8235,0.3922,False
113007,Alt-Lichtenberg,Lichtenberg,residents,Regionalbahn,1.3,1448,34747.0,0,20.6732,13.7466,28.6369,21.5947,0.7026,0.2059,False
113007,Alt-Lichtenberg,Lichtenberg,residents,Regionalbahn,1.4,1448,34747.0,0,19.1965,12.7647,26.5915,20.0522,0.6755,0.148,False
113007,Alt-Lichtenberg,Lichtenberg,residents,S- or U-Bahn,1.0,1448,34747.0,0,16.3287,10.0748,23.5983,18.3084,0.5474,0.1503,False
113007,Alt-Lichtenberg,Lichtenberg,residents,S- or U-Bahn,1.3,1448,34747.0,0,12.5605,7.7498,18.1526,14.0833,0.3442,0.071,False
113007,Alt-Lichtenberg,Lichtenberg,residents,S- or U-Bahn,1.4,1448,34747.0,0,11.6634,7.1963,16.856,13.0774,0.3172,0.0437,False
113008,Frankfurter Allee Süd,Lichtenberg,residents,S-Bahn,1.0,47,10506.0,0,15.9374,13.6447,17.1877,15.0393,0.6107,0.0,False
113008,Frankfurter Allee Süd,Lichtenberg,residents,S-Bahn,1.3,47,10506.0,0,12.2596,10.4959,13.2213,11.5687,0.0642,0.0,False
113008,Frankfurter Allee Süd,Lichtenberg,residents,S-Bahn,1.4,47,10506.0,0,11.3839,9.7462,12.2769,10.7424,0.0,0.0,False
113008,Frankfurter Allee Süd,Lichtenberg,residents,U-Bahn,1.0,47,10506.0,0,9.9348,8.078,10.957,9.9634,0.1051,0.0,False
113008,Frankfurter Allee Süd,Lichtenberg,residents,U-Bahn,1.3,47,10506.0,0,7.6422,6.2138,8.4285,7.6642,0.0293,0.0,False
113008,Frankfurter Allee Süd,Lichtenberg,residents,U-Bahn,1.4,47,10506.0,0,7.0963,5.77,7.8265,7.1167,0.0276,0.0,False
113008,Frankfurter Allee Süd,Lichtenberg,residents,Tram,1.0,47,10506.0,0,12.8395,9.9776,14.4521,12.2537,0.2077,0.0,False
113008,Frankfurter Allee Süd,Lichtenberg,residents,Tram,1.3,47,10506.0,0,9.8765,7.6751,11.117,9.4259,0.0096,0.0,False
113008,Frankfurter Allee Süd,Lichtenberg,residents,Tram,1.4,47,10506.0,0,9.1711,7.1269,10.3229,8.7526,0.0032,0.0,False
113008,Frankfurter Allee Süd,Lichtenberg,residents,Bus,1.0,47,10506.0,0,9.2673,6.4231,10.834,8.5572,0.0,0.0,False
113008,Frankfurter Allee Süd,Lichtenberg,residents,Bus,1.3,47,10506.0,0,7.1287,4.9408,8.3339,6.5824,0.0,0.0,False
113008,Frankfurter Allee Süd,Lichtenberg,residents,Bus,1.4,47,10506.0,0,6.6195,4.5879,7.7386,6.1123,0.0,0.0,False
113008,Frankfurter Allee Süd,Lichtenberg,residents,Regionalbahn,1.0,47,10506.0,0,22.6482,17.8057,24.4319,20.5206,0.8976,0.0,False
113008,Frankfurter Allee Süd,Lichtenberg,residents,Regionalbahn,1.3,47,10506.0,0,17.4217,13.6967,18.7938,15.7851,0.7376,0.0,False
113008,Frankfurter Allee Süd,Lichtenberg,residents,Regionalbahn,1.4,47,10506.0,0,16.1773,12.7183,17.4514,14.6576,0.6362,0.0,False
113008,Frankfurter Allee Süd,Lichtenberg,residents,S- or U-Bahn,1.0,47,10506.0,0,9.9348,7.4981,10.957,9.4484,0.0116,0.0,False
113008,Frankfurter Allee Süd,Lichtenberg,residents,S- or U-Bahn,1.3,47,10506.0,0,7.6422,5.7678,8.4285,7.268,0.0,0.0,False
113008,Frankfurter Allee Süd,Lichtenberg,residents,S- or U-Bahn,1.4,47,10506.0,0,7.0963,5.3558,7.8265,6.7488,0.0,0.0,False
114009,Neu-Lichtenberg,Lichtenberg,residents,S-Bahn,1.0,1145,36104.0,0,12.7821,9.0942,16.6385,12.7945,0.3587,0.0,False
114009,Neu-Lichtenberg,Lichtenberg,residents,S-Bahn,1.3,1145,36104.0,0,9.8324,6.9955,12.7989,9.842,0.0715,0.0,False
114009,Neu-Lichtenberg,Lichtenberg,residents,S-Bahn,1.4,1145,36104.0,0,9.1301,6.4959,11.8847,9.139,0.0259,0.0,False
114009,Neu-Lichtenberg,Lichtenberg,residents,U-Bahn,1.0,1145,36104.0,0,15.3554,9.648,22.4348,15.9173,0.5112,0.0217,False
114009,Neu-Lichtenberg,Lichtenberg,residents,U-Bahn,1.3,1145,36104.0,0,11.8118,7.4215,17.2575,12.2441,0.3782,0.0002,False
114009,Neu-Lichtenberg,Lichtenberg,residents,U-Bahn,1.4,1145,36104.0,0,10.9681,6.8914,16.0249,11.3695,0.301,0.0,False
114009,Neu-Lichtenberg,Lichtenberg,residents,Tram,1.0,1145,36104.0,0,16.2025,10.8339,21.3305,16.1429,0.578,0.006,False
114009,Neu-Lichtenberg,Lichtenberg,residents,Tram,1.3,1145,36104.0,0,12.4635,8.3338,16.408,12.4176,0.3329,0.0,False
114009,Neu-Lichtenberg,Lichtenberg,residents,Tram,1.4,1145,36104.0,0,11.5732,7.7385,15.236,11.5306,0.2688,0.0,False
114009,Neu-Lichtenberg,Lichtenberg,residents,Bus,1.0,1145,36104.0,0,4.2378,2.9229,5.7055,4.3647,0.0,0.0,False
114009,Neu-Lichtenberg,Lichtenberg,residents,Bus,1.3,1145,36104.0,0,3.2598,2.2484,4.3889,3.3575,0.0,0.0,False
114009,Neu-Lichtenberg,Lichtenberg,residents,Bus,1.4,1145,36104.0,0,3.027,2.0878,4.0754,3.1177,0.0,0.0,False
114009,Neu-Lichtenberg,Lichtenberg,residents,Regionalbahn,1.0,1145,36104.0,0,17.2303,12.9799,21.1331,16.9184,0.6541,0.0073,False
114009,Neu-Lichtenberg,Lichtenberg,residents,Regionalbahn,1.3,1145,36104.0,0,13.2541,9.9846,16.2563,13.0142,0.3288,0.0,False
114009,Neu-Lichtenberg,Lichtenberg,residents,Regionalbahn,1.4,1145,36104.0,0,12.3074,9.2714,15.0951,12.0846,0.2528,0.0,False
114009,Neu-Lichtenberg,Lichtenberg,residents,S- or U-Bahn,1.0,1145,36104.0,0,9.8409,7.3249,12.7927,10.2306,0.1334,0.0,False
114009,Neu-Lichtenberg,Lichtenberg,residents,S- or U-Bahn,1.3,1145,36104.0,0,7.5699,5.6345,9.8406,7.8697,0.0117,0.0,False
114009,Neu-Lichtenberg,Lichtenberg,residents,S- or U-Bahn,1.4,1145,36104.0,0,7.0292,5.2321,9.1377,7.3076,0.0,0.0,False
114010,Friedrichsfelde Nord,Lichtenberg,residents,S-Bahn,1.0,393,16554.0,0,14.6273,11.2382,17.3533,15.6584,0.4921,0.0301,False
114010,Friedrichsfelde Nord,Lichtenberg,residents,S-Bahn,1.3,393,16554.0,0,11.2517,8.6448,13.3487,12.0449,0.1576,0.0156,False
114010,Friedrichsfelde Nord,Lichtenberg,residents,S-Bahn,1.4,393,16554.0,0,10.448,8.0273,12.3952,11.1846,0.1262,0.0077,False
114010,Friedrichsfelde Nord,Lichtenberg,residents,U-Bahn,1.0,393,16554.0,0,17.4081,14.0602,27.0023,19.7113,0.673,0.1592,False
114010,Friedrichsfelde Nord,Lichtenberg,residents,U-Bahn,1.3,393,16554.0,0,13.3909,10.8156,20.771,15.1625,0.3937,0.0,False
114010,Friedrichsfelde Nord,Lichtenberg,residents,U-Bahn,1.4,393,16554.0,0,12.4344,10.043,19.2874,14.0795,0.3148,0.0,False
114010,Friedrichsfelde Nord,Lichtenberg,residents,Tram,1.0,393,16554.0,0,10.1893,6.7985,14.9237,11.2665,0.247,0.0,False
114010,Friedrichsfelde Nord,Lichtenberg,residents,Tram,1.3,393,16554.0,0,7.8379,5.2296,11.4798,8.6666,0.1056,0.0,False
114010,Friedrichsfelde Nord,Lichtenberg,residents,Tram,1.4,393,16554.0,0,7.278,4.8561,10.6598,8.0475,0.0799,0.0,False
114010,Friedrichsfelde Nord,Lichtenberg,residents,Bus,1.0,393,16554.0,0,4.3784,3.2356,6.294,4.9002,0.0215,0.0,False
114010,Friedrichsfelde Nord,Lichtenberg,residents,Bus,1.3,393,16554.0,0,3.368,2.4889,4.8416,3.7694,0.0089,0.0,False
114010,Friedrichsfelde Nord,Lichtenberg,residents,Bus,1.4,393,16554.0,0,3.1274,2.3111,4.4957,3.5001,0.0005,0.0,False
114010,Friedrichsfelde Nord,Lichtenberg,residents,Regionalbahn,1.0,393,16554.0,0,32.5424,22.7809,40.4347,31.5349,0.9055,0.5612,False
114010,Friedrichsfelde Nord,Lichtenberg,residents,Regionalbahn,1.3,393,16554.0,0,25.0326,17.5238,31.1036,24.2576,0.8017,0.326,False
114010,Friedrichsfelde Nord,Lichtenberg,residents,Regionalbahn,1.4,393,16554.0,0,23.2445,16.2721,28.8819,22.525,0.7891,0.2123,False
114010,Friedrichsfelde Nord,Lichtenberg,residents,S- or U-Bahn,1.0,393,16554.0,0,14.0075,10.9683,16.4956,14.0482,0.3458,0.0003,False
114010,Friedrichsfelde Nord,Lichtenberg,residents,S- or U-Bahn,1.3,393,16554.0,0,10.775,8.4371,12.6889,10.8063,0.1121,0.0,False
114010,Friedrichsfelde Nord,Lichtenberg,residents,S- or U-Bahn,1.4,393,16554.0,0,10.0054,7.8345,11.7826,10.0344,0.0821,0.0,False
114011,Friedrichsfelde Süd,Lichtenberg,residents,S-Bahn,1.0,264,28721.0,0,21.9666,15.6615,26.4284,21.4442,0.7841,0.1408,False
114011,Friedrichsfelde Süd,Lichtenberg,residents,S-Bahn,1.3,264,28721.0,0,16.8974,12.0473,20.3295,16.4955,0.6262,0.0,False
114011,Friedrichsfelde Süd,Lichtenberg,residents,S-Bahn,1.4,264,28721.0,0,15.6904,11.1868,18.8774,15.3173,0.5329,0.0,False
114011,Friedrichsfelde Süd,Lichtenberg,residents,U-Bahn,1.0,264,28721.0,0,16.0031,11.1377,21.0149,16.1881,0.5391,0.0006,False
114011,Friedrichsfelde Süd,Lichtenberg,residents,U-Bahn,1.3,264,28721.0,0,12.3101,8.5674,16.1653,12.4524,0.3145,0.0,False
114011,Friedrichsfelde Süd,Lichtenberg,residents,U-Bahn,1.4,264,28721.0,0,11.4308,7.9555,15.0106,11.5629,0.2508,0.0,False
114011,Friedrichsfelde Süd,Lichtenberg,residents,Tram,1.0,264,28721.0,0,18.24,10.9584,24.2968,17.84,0.6451,0.0878,False
114011,Friedrichsfelde Süd,Lichtenberg,residents,Tram,1.3,264,28721.0,0,14.0308,8.4295,18.6899,13.7231,0.4508,0.0,False
114011,Friedrichsfelde Süd,Lichtenberg,residents,Tram,1.4,264,28721.0,0,13.0286,7.8274,17.3549,12.7428,0.3736,0.0,False
114011,Friedrichsfelde Süd,Lichtenberg,residents,Bus,1.0,264,28721.0,0,4.143,2.9947,5.3962,4.2582,0.0,0.0,False
114011,Friedrichsfelde Süd,Lichtenberg,residents,Bus,1.3,264,28721.0,0,3.1869,2.3036,4.1509,3.2755,0.0,0.0,False
114011,Friedrichsfelde Süd,Lichtenberg,residents,Bus,1.4,264,28721.0,0,2.9593,2.1391,3.8544,3.0415,0.0,0.0,False
114011,Friedrichsfelde Süd,Lichtenberg,residents,Regionalbahn,1.0,264,28721.0,0,40.4645,32.9409,45.9887,39.5552,1.0,0.8355,False
114011,Friedrichsfelde Süd,Lichtenberg,residents,Regionalbahn,1.3,264,28721.0,0,31.1266,25.3392,35.3759,30.4271,1.0,0.5452,False
114011,Friedrichsfelde Süd,Lichtenberg,residents,Regionalbahn,1.4,264,28721.0,0,28.9032,23.5292,32.849,28.2537,1.0,0.4464,False
114011,Friedrichsfelde Süd,Lichtenberg,residents,S- or U-Bahn,1.0,264,28721.0,0,12.9201,10.1271,15.9531,12.6183,0.3231,0.0,False
114011,Friedrichsfelde Süd,Lichtenberg,residents,S- or U-Bahn,1.3,264,28721.0,0,9.9385,7.7901,12.2716,9.7064,0.008,0.0,False
114011,Friedrichsfelde Süd,Lichtenberg,residents,S- or U-Bahn,1.4,264,28721.0,0,9.2286,7.2336,11.3951,9.013,0.0,0.0,False
115012,Rummelsburger Bucht,Lichtenberg,residents,S-Bahn,1.0,382,4973.0,0,10.5975,7.5123,18.654,13.9285,0.3508,0.0755,False
115012,Rummelsburger Bucht,Lichtenberg,residents,S-Bahn,1.3,382,4973.0,0,8.1519,5.7787,14.3492,10.7142,0.2204,0.0222,False
115012,Rummelsburger Bucht,Lichtenberg,residents,S-Bahn,1.4,382,4973.0,0,7.5696,5.3659,13.3243,9.9489,0.1552,0.0033,False
115012,Rummelsburger Bucht,Lichtenberg,residents,U-Bahn,1.0,382,4973.0,0,38.5988,34.1419,46.4968,40.2343,1.0,0.9432,False
115012,Rummelsburger Bucht,Lichtenberg,residents,U-Bahn,1.3,382,4973.0,0,29.6914,26.263,35.7667,30.9495,1.0,0.488,False
115012,Rummelsburger Bucht,Lichtenberg,residents,U-Bahn,1.4,382,4973.0,0,27.5706,24.3871,33.212,28.7388,1.0,0.3465,False
115012,Rummelsburger Bucht,Lichtenberg,residents,Tram,1.0,382,4973.0,0,5.1921,3.4226,7.8926,6.2265,0.0335,0.0,False
115012,Rummelsburger Bucht,Lichtenberg,residents,Tram,1.3,382,4973.0,0,3.9939,2.6328,6.0713,4.7896,0.0026,0.0,False
115012,Rummelsburger Bucht,Lichtenberg,residents,Tram,1.4,382,4973.0,0,3.7086,2.4447,5.6376,4.4475,0.0026,0.0,False
115012,Rummelsburger Bucht,Lichtenberg,residents,Bus,1.0,382,4973.0,0,4.1344,2.7209,7.125,4.9219,0.0058,0.0,False
115012,Rummelsburger Bucht,Lichtenberg,residents,Bus,1.3,382,4973.0,0,3.1803,2.093,5.4808,3.7861,0.0,0.0,False
115012,Rummelsburger Bucht,Lichtenberg,residents,Bus,1.4,382,4973.0,0,2.9531,1.9435,5.0893,3.5157,0.0,0.0,False
115012,Rummelsburger Bucht,Lichtenberg,residents,Regionalbahn,1.0,382,4973.0,0,19.9141,15.1936,28.2387,23.9612,0.7683,0.1665,False
115012,Rummelsburger Bucht,Lichtenberg,residents,Regionalbahn,1.3,382,4973.0,0,15.3186,11.6874,21.722,18.4317,0.5147,0.1079,False
115012,Rummelsburger Bucht,Lichtenberg,residents,Regionalbahn,1.4,382,4973.0,0,14.2244,10.8526,20.1705,17.1152,0.4673,0.0855,False
115012,Rummelsburger Bucht,Lichtenberg,residents,S- or U-Bahn,1.0,382,4973.0,0,10.5975,7.5123,18.654,13.9285,0.3508,0.0755,False
115012,Rummelsburger Bucht,Lichtenberg,residents,S- or U-Bahn,1.3,382,4973.0,0,8.1519,5.7787,14.3492,10.7142,0.2204,0.0222,False
115012,Rummelsburger Bucht,Lichtenberg,residents,S- or U-Bahn,1.4,382,4973.0,0,7.5696,5.3659,13.3243,9.9489,0.1552,0.0033,False
115013,Karlshorst,Lichtenberg,residents,S-Bahn,1.0,2890,31857.0,0,23.255,17.1509,29.6164,23.591,0.8317,0.2362,False
115013,Karlshorst,Lichtenberg,residents,S-Bahn,1.3,2890,31857.0,0,17.8885,13.193,22.7819,18.1469,0.6646,0.0471,False
115013,Karlshorst,Lichtenberg,residents,S-Bahn,1.4,2890,31857.0,0,16.6107,12.2506,21.1546,16.8507,0.5978,0.0246,False
115013,Karlshorst,Lichtenberg,residents,U-Bahn,1.0,2890,31857.0,0,29.9841,23.3267,39.3529,31.3003,0.9702,0.4978,False
115013,Karlshorst,Lichtenberg,residents,U-Bahn,1.3,2890,31857.0,0,23.0647,17.9436,30.2715,24.0772,0.8859,0.2591,False
115013,Karlshorst,Lichtenberg,residents,U-Bahn,1.4,2890,31857.0,0,21.4172,16.6619,28.1092,22.3574,0.8265,0.1671,False
115013,Karlshorst,Lichtenberg,residents,Tram,1.0,2890,31857.0,0,8.9068,5.5988,13.9763,10.1681,0.2167,0.0015,False
115013,Karlshorst,Lichtenberg,residents,Tram,1.3,2890,31857.0,0,6.8514,4.3068,10.751,7.8216,0.1023,0.0001,False
115013,Karlshorst,Lichtenberg,residents,Tram,1.4,2890,31857.0,0,6.362,3.9991,9.9831,7.2629,0.0715,0.0001,False
115013,Karlshorst,Lichtenberg,residents,Bus,1.0,2890,31857.0,0,4.7042,3.0001,6.6581,5.4915,0.0366,0.0,False
115013,Karlshorst,Lichtenberg,residents,Bus,1.3,2890,31857.0,0,3.6187,2.3078,5.1216,4.2243,0.0044,0.0,False
115013,Karlshorst,Lichtenberg,residents,Bus,1.4,2890,31857.0,0,3.3602,2.1429,4.7558,3.9225,0.0009,0.0,False
115013,Karlshorst,Lichtenberg,residents,Regionalbahn,1.0,2890,31857.0,0,63.0952,58.7759,67.0934,63.3804,1.0,1.0,False
115013,Karlshorst,Lichtenberg,residents,Regionalbahn,1.3,2890,31857.0,0,48.5348,45.2123,51.6103,48.7542,1.0,1.0,False
115013,Karlshorst,Lichtenberg,residents,Regionalbahn,1.4,2890,31857.0,0,45.068,41.9828,47.9239,45.2717,1.0,1.0,False
115013,Karlshorst,Lichtenberg,residents,S- or U-Bahn,1.0,2890,31857.0,0,20.0806,15.9443,23.9732,20.3072,0.802,0.0904,False
115013,Karlshorst,Lichtenberg,residents,S- or U-Bahn,1.3,2890,31857.0,0,15.4467,12.2648,18.4409,15.6209,0.5506,0.0022,False
115013,Karlshorst,Lichtenberg,residents,S- or U-Bahn,1.4,2890,31857.0,0,14.3433,11.3888,17.1237,14.5051,0.4251,0.0,False
121001,Ost 1 - Reginhardstraße,Reinickendorf,residents,S-Bahn,1.0,1623,28713.0,0,19.4462,13.7674,24.709,19.1675,0.6975,0.0832,False
121001,Ost 1 - Reginhardstraße,Reinickendorf,residents,S-Bahn,1.3,1623,28713.0,0,14.9586,10.5903,19.0069,14.7442,0.4964,0.0,False
121001,Ost 1 - Reginhardstraße,Reinickendorf,residents,S-Bahn,1.4,1623,28713.0,0,13.8901,9.8338,17.6493,13.6911,0.4507,0.0,False
121001,Ost 1 - Reginhardstraße,Reinickendorf,residents,U-Bahn,1.0,1623,28713.0,0,13.733,8.7321,18.4901,14.2395,0.4298,0.0095,False
121001,Ost 1 - Reginhardstraße,Reinickendorf,residents,U-Bahn,1.3,1623,28713.0,0,10.5638,6.717,14.2232,10.9534,0.2177,0.0,False
121001,Ost 1 - Reginhardstraße,Reinickendorf,residents,U-Bahn,1.4,1623,28713.0,0,9.8093,6.2372,13.2072,10.1711,0.1747,0.0,False
121001,Ost 1 - Reginhardstraße,Reinickendorf,residents,Tram,1.0,1623,28713.0,0,26.9738,19.3884,32.0276,25.6618,0.8753,0.3153,False
121001,Ost 1 - Reginhardstraße,Reinickendorf,residents,Tram,1.3,1623,28713.0,0,20.7491,14.9142,24.6366,19.7399,0.7482,0.0296,False
121001,Ost 1 - Reginhardstraße,Reinickendorf,residents,Tram,1.4,1623,28713.0,0,19.267,13.8489,22.8769,18.3299,0.7093,0.0,False
121001,Ost 1 - Reginhardstraße,Reinickendorf,residents,Bus,1.0,1623,28713.0,0,3.5936,2.3729,4.8046,3.6521,0.0,0.0,False
121001,Ost 1 - Reginhardstraße,Reinickendorf,residents,Bus,1.3,1623,28713.0,0,2.7643,1.8253,3.6958,2.8093,0.0,0.0,False
121001,Ost 1 - Reginhardstraße,Reinickendorf,residents,Bus,1.4,1623,28713.0,0,2.5668,1.695,3.4318,2.6087,0.0,0.0,False
121001,Ost 1 - Reginhardstraße,Reinickendorf,residents,Regionalbahn,1.0,1623,28713.0,0,52.3855,44.7711,58.4715,52.0712,1.0,1.0,False
121001,Ost 1 - Reginhardstraße,Reinickendorf,residents,Regionalbahn,1.3,1623,28713.0,0,40.2965,34.4393,44.9781,40.0547,1.0,0.9082,False
121001,Ost 1 - Reginhardstraße,Reinickendorf,residents,Regionalbahn,1.4,1623,28713.0,0,37.4182,31.9793,41.7654,37.1937,1.0,0.8188,False
121001,Ost 1 - Reginhardstraße,Reinickendorf,residents,S- or U-Bahn,1.0,1623,28713.0,0,10.61,7.3564,13.7674,10.4539,0.1329,0.0,False
121001,Ost 1 - Reginhardstraße,Reinickendorf,residents,S- or U-Bahn,1.3,1623,28713.0,0,8.1615,5.6588,10.5903,8.0415,0.0,0.0,False
121001,Ost 1 - Reginhardstraße,Reinickendorf,residents,S- or U-Bahn,1.4,1623,28713.0,0,7.5786,5.2546,9.8338,7.4671,0.0,0.0,False
121002,Ost 2 - Alt-Reinickendorf,Reinickendorf,residents,S-Bahn,1.0,1578,28621.0,0,21.2485,14.6014,29.2383,22.0408,0.7391,0.2213,False
121002,Ost 2 - Alt-Reinickendorf,Reinickendorf,residents,S-Bahn,1.3,1578,28621.0,0,16.345,11.2319,22.491,16.9545,0.5764,0.0117,False
121002,Ost 2 - Alt-Reinickendorf,Reinickendorf,residents,S-Bahn,1.4,1578,28621.0,0,15.1775,10.4296,20.8845,15.7434,0.5071,0.0,False
121002,Ost 2 - Alt-Reinickendorf,Reinickendorf,residents,U-Bahn,1.0,1578,28621.0,0,12.3155,8.3057,17.333,13.0186,0.3573,0.0099,False
121002,Ost 2 - Alt-Reinickendorf,Reinickendorf,residents,U-Bahn,1.3,1578,28621.0,0,9.4735,6.389,13.3331,10.0143,0.1664,0.0071,False
121002,Ost 2 - Alt-Reinickendorf,Reinickendorf,residents,U-Bahn,1.4,1578,28621.0,0,8.7968,5.9327,12.3807,9.299,0.1137,0.0,False
121002,Ost 2 - Alt-Reinickendorf,Reinickendorf,residents,Tram,1.0,1578,28621.0,0,41.8958,31.0346,54.2598,41.6774,0.9845,0.7732,False
121002,Ost 2 - Alt-Reinickendorf,Reinickendorf,residents,Tram,1.3,1578,28621.0,0,32.2275,23.8728,41.7383,32.0595,0.9357,0.5489,False
121002,Ost 2 - Alt-Reinickendorf,Reinickendorf,residents,Tram,1.4,1578,28621.0,0,29.9256,22.1676,38.757,29.7696,0.921,0.4974,False
121002,Ost 2 - Alt-Reinickendorf,Reinickendorf,residents,Bus,1.0,1578,28621.0,0,4.0525,2.7315,5.8367,4.5681,0.0092,0.0,False
121002,Ost 2 - Alt-Reinickendorf,Reinickendorf,residents,Bus,1.3,1578,28621.0,0,3.1173,2.1011,4.4898,3.5139,0.0,0.0,False
121002,Ost 2 - Alt-Reinickendorf,Reinickendorf,residents,Bus,1.4,1578,28621.0,0,2.8946,1.951,4.1691,3.263,0.0,0.0,False
121002,Ost 2 - Alt-Reinickendorf,Reinickendorf,residents,Regionalbahn,1.0,1578,28621.0,0,75.3992,64.3219,85.9751,74.4344,1.0,1.0,False
121002,Ost 2 - Alt-Reinickendorf,Reinickendorf,residents,Regionalbahn,1.3,1578,28621.0,0,57.9994,49.4784,66.1347,57.2572,1.0,1.0,False
121002,Ost 2 - Alt-Reinickendorf,Reinickendorf,residents,Regionalbahn,1.4,1578,28621.0,0,53.8566,45.9442,61.4108,53.1674,1.0,1.0,False
121002,Ost 2 - Alt-Reinickendorf,Reinickendorf,residents,S- or U-Bahn,1.0,1578,28621.0,0,10.482,7.5048,15.1337,11.4065,0.2526,0.0,False
121002,Ost 2 - Alt-Reinickendorf,Reinickendorf,residents,S- or U-Bahn,1.3,1578,28621.0,0,8.0631,5.7729,11.6413,8.7743,0.083,0.0,False
121002,Ost 2 - Alt-Reinickendorf,Reinickendorf,residents,S- or U-Bahn,1.4,1578,28621.0,0,7.4872,5.3606,10.8098,8.1475,0.0433,0.0,False
122003,West 4 - Auguste-Viktoria-Allee,Reinickendorf,residents,S-Bahn,1.0,1449,28423.0,0,18.703,13.9537,22.8466,18.4437,0.7195,0.0442,False
122003,West 4 - Auguste-Viktoria-Allee,Reinickendorf,residents,S-Bahn,1.3,1449,28423.0,0,14.3869,10.7336,17.5743,14.1875,0.4563,0.0,False
122003,West 4 - Auguste-Viktoria-Allee,Reinickendorf,residents,S-Bahn,1.4,1449,28423.0,0,13.3593,9.9669,16.319,13.1741,0.3779,0.0,False
122003,West 4 - Auguste-Viktoria-Allee,Reinickendorf,residents,U-Bahn,1.0,1449,28423.0,0,23.8107,16.7309,28.5061,22.6962,0.7915,0.2007,False
122003,West 4 - Auguste-Viktoria-Allee,Reinickendorf,residents,U-Bahn,1.3,1449,28423.0,0,18.316,12.8699,21.9278,17.4586,0.6401,0.0175,False
122003,West 4 - Auguste-Viktoria-Allee,Reinickendorf,residents,U-Bahn,1.4,1449,28423.0,0,17.0077,11.9507,20.3615,16.2116,0.5882,0.0,False
122003,West 4 - Auguste-Viktoria-Allee,Reinickendorf,residents,Tram,1.0,1449,28423.0,0,61.0596,54.1827,67.8164,61.074,1.0,1.0,False
122003,West 4 - Auguste-Viktoria-Allee,Reinickendorf,residents,Tram,1.3,1449,28423.0,0,46.9689,41.679,52.1665,46.98,1.0,0.9997,False
122003,West 4 - Auguste-Viktoria-Allee,Reinickendorf,residents,Tram,1.4,1449,28423.0,0,43.614,38.7019,48.4403,43.6243,1.0,0.9784,False
122003,West 4 - Auguste-Viktoria-Allee,Reinickendorf,residents,Bus,1.0,1449,28423.0,0,3.4964,2.3486,5.4105,4.1573,0.0,0.0,False
122003,West 4 - Auguste-Viktoria-Allee,Reinickendorf,residents,Bus,1.3,1449,28423.0,0,2.6895,1.8066,4.162,3.1979,0.0,0.0,False
122003,West 4 - Auguste-Viktoria-Allee,Reinickendorf,residents,Bus,1.4,1449,28423.0,0,2.4974,1.6776,3.8647,2.9695,0.0,0.0,False
122003,West 4 - Auguste-Viktoria-Allee,Reinickendorf,residents,Regionalbahn,1.0,1449,28423.0,0,105.7248,100.5693,112.7446,106.6194,1.0,1.0,False
122003,West 4 - Auguste-Viktoria-Allee,Reinickendorf,residents,Regionalbahn,1.3,1449,28423.0,0,81.3268,77.361,86.7266,82.0149,1.0,1.0,False
122003,West 4 - Auguste-Viktoria-Allee,Reinickendorf,residents,Regionalbahn,1.4,1449,28423.0,0,75.5177,71.8352,80.5319,76.1567,1.0,1.0,False
122003,West 4 - Auguste-Viktoria-Allee,Reinickendorf,residents,S- or U-Bahn,1.0,1449,28423.0,0,15.7975,11.5541,18.703,14.9557,0.5655,0.0,False
122003,West 4 - Auguste-Viktoria-Allee,Reinickendorf,residents,S- or U-Bahn,1.3,1449,28423.0,0,12.1519,8.8878,14.3869,11.5044,0.1843,0.0,False
122003,West 4 - Auguste-Viktoria-Allee,Reinickendorf,residents,S- or U-Bahn,1.4,1449,28423.0,0,11.2839,8.2529,13.3593,10.6826,0.0944,0.0,False
122004,West 1 - Tegel-Süd/Flughafensee,Reinickendorf,residents,S-Bahn,1.0,2376,17375.0,0,37.6747,32.1632,45.3059,40.2366,0.9959,0.7958,False
122004,West 1 - Tegel-Süd/Flughafensee,Reinickendorf,residents,S-Bahn,1.3,2376,17375.0,0,28.9805,24.7409,34.8507,30.9513,0.953,0.4424,False
122004,West 1 - Tegel-Süd/Flughafensee,Reinickendorf,residents,S-Bahn,1.4,2376,17375.0,0,26.9105,22.9737,32.3614,28.7404,0.9352,0.2999,False
122004,West 1 - Tegel-Süd/Flughafensee,Reinickendorf,residents,U-Bahn,1.0,2376,17375.0,0,53.6973,46.7914,64.7888,54.4728,0.9854,0.9744,False
122004,West 1 - Tegel-Süd/Flughafensee,Reinickendorf,residents,U-Bahn,1.3,2376,17375.0,0,41.3056,35.9934,49.8375,41.9022,0.9834,0.8999,False
122004,West 1 - Tegel-Süd/Flughafensee,Reinickendorf,residents,U-Bahn,1.4,2376,17375.0,0,38.3552,33.4224,46.2777,38.9092,0.9834,0.8529,False
122004,West 1 - Tegel-Süd/Flughafensee,Reinickendorf,residents,Tram,1.0,2376,17375.0,0,97.849,89.3567,106.7373,96.3268,1.0,1.0,False
122004,West 1 - Tegel-Süd/Flughafensee,Reinickendorf,residents,Tram,1.3,2376,17375.0,0,75.2684,68.7359,82.1056,74.0975,1.0,1.0,False
122004,West 1 - Tegel-Süd/Flughafensee,Reinickendorf,residents,Tram,1.4,2376,17375.0,0,69.8921,63.8262,76.2409,68.8048,1.0,0.9975,False
122004,West 1 - Tegel-Süd/Flughafensee,Reinickendorf,residents,Bus,1.0,2376,17375.0,0,5.4271,3.3738,8.0611,6.1249,0.0228,0.0,False
122004,West 1 - Tegel-Süd/Flughafensee,Reinickendorf,residents,Bus,1.3,2376,17375.0,0,4.1747,2.5952,6.2008,4.7115,0.0012,0.0,False
122004,West 1 - Tegel-Süd/Flughafensee,Reinickendorf,residents,Bus,1.4,2376,17375.0,0,3.8765,2.4099,5.7579,4.3749,0.0,0.0,False
122004,West 1 - Tegel-Süd/Flughafensee,Reinickendorf,residents,Regionalbahn,1.0,2376,17375.0,0,135.7187,127.6858,141.8091,127.6613,1.0,1.0,False
122004,West 1 - Tegel-Süd/Flughafensee,Reinickendorf,residents,Regionalbahn,1.3,2376,17375.0,0,104.399,98.2198,109.0839,98.201,1.0,1.0,False
122004,West 1 - Tegel-Süd/Flughafensee,Reinickendorf,residents,Regionalbahn,1.4,2376,17375.0,0,96.9419,91.2041,101.2922,91.1866,1.0,1.0,False
122004,West 1 - Tegel-Süd/Flughafensee,Reinickendorf,residents,S- or U-Bahn,1.0,2376,17375.0,0,36.7804,31.0832,41.3876,35.9457,0.9813,0.7759,False
122004,West 1 - Tegel-Süd/Flughafensee,Reinickendorf,residents,S- or U-Bahn,1.3,2376,17375.0,0,28.2926,23.9102,31.8366,27.6505,0.9364,0.3784,False
122004,West 1 - Tegel-Süd/Flughafensee,Reinickendorf,residents,S- or U-Bahn,1.4,2376,17375.0,0,26.2717,22.2023,29.5625,25.6755,0.9185,0.2222,False
122005,West 5 - Tegel,Reinickendorf,residents,S-Bahn,1.0,785,11434.0,0,15.8379,11.4005,24.0146,17.8936,0.6005,0.1067,False
122005,West 5 - Tegel,Reinickendorf,residents,S-Bahn,1.3,785,11434.0,0,12.183,8.7696,18.4728,13.7643,0.3801,0.0022,False
122005,West 5 - Tegel,Reinickendorf,residents,S-Bahn,1.4,785,11434.0,0,11.3128,8.1432,17.1533,12.7811,0.3344,0.0014,False
122005,West 5 - Tegel,Reinickendorf,residents,U-Bahn,1.0,785,11434.0,0,59.3376,55.0868,65.9221,60.116,1.0,1.0,False
122005,West 5 - Tegel,Reinickendorf,residents,U-Bahn,1.3,785,11434.0,0,45.6443,42.3744,50.7093,46.2431,1.0,1.0,False
122005,West 5 - Tegel,Reinickendorf,residents,U-Bahn,1.4,785,11434.0,0,42.384,39.3477,47.0872,42.94,1.0,1.0,False
122005,West 5 - Tegel,Reinickendorf,residents,Tram,1.0,785,11434.0,0,113.9077,109.8018,118.8799,114.5134,1.0,1.0,False
122005,West 5 - Tegel,Reinickendorf,residents,Tram,1.3,785,11434.0,0,87.6213,84.4629,91.4461,88.0872,1.0,1.0,False
122005,West 5 - Tegel,Reinickendorf,residents,Tram,1.4,785,11434.0,0,81.3626,78.4298,84.9142,81.7953,1.0,1.0,False
122005,West 5 - Tegel,Reinickendorf,residents,Bus,1.0,785,11434.0,0,6.8683,4.1124,12.6809,8.6615,0.1456,0.0,False
122005,West 5 - Tegel,Reinickendorf,residents,Bus,1.3,785,11434.0,0,5.2833,3.1634,9.7546,6.6627,0.0744,0.0,False
122005,West 5 - Tegel,Reinickendorf,residents,Bus,1.4,785,11434.0,0,4.9059,2.9374,9.0578,6.1868,0.0727,0.0,False
122005,West 5 - Tegel,Reinickendorf,residents,Regionalbahn,1.0,785,11434.0,0,159.0741,155.1782,162.3359,160.0165,1.0,1.0,False
122005,West 5 - Tegel,Reinickendorf,residents,Regionalbahn,1.3,785,11434.0,0,122.3647,119.3679,124.8738,123.0896,1.0,1.0,False
122005,West 5 - Tegel,Reinickendorf,residents,Regionalbahn,1.4,785,11434.0,0,113.6244,110.8416,115.9542,114.2975,1.0,1.0,False
122005,West 5 - Tegel,Reinickendorf,residents,S- or U-Bahn,1.0,785,11434.0,0,15.8379,11.4005,24.0146,17.8936,0.6005,0.1067,False
122005,West 5 - Tegel,Reinickendorf,residents,S- or U-Bahn,1.3,785,11434.0,0,12.183,8.7696,18.4728,13.7643,0.3801,0.0022,False
122005,West 5 - Tegel,Reinickendorf,residents,S- or U-Bahn,1.4,785,11434.0,0,11.3128,8.1432,17.1533,12.7811,0.3344,0.0014,False
124006,West 2 - Heiligensee/Konradshöhe,Reinickendorf,residents,S-Bahn,1.0,8092,24209.0,0,24.9667,16.4893,61.4902,36.9794,0.7899,0.413,False
124006,West 2 - Heiligensee/Konradshöhe,Reinickendorf,residents,S-Bahn,1.3,8092,24209.0,0,19.2051,12.6841,47.3002,28.4457,0.668,0.3321,False
124006,West 2 - Heiligensee/Konradshöhe,Reinickendorf,residents,S-Bahn,1.4,8092,24209.0,0,17.8333,11.7781,43.9216,26.4138,0.6254,0.3178,False
124006,West 2 - Heiligensee/Konradshöhe,Reinickendorf,residents,U-Bahn,1.0,8092,24209.0,0,133.3172,120.6647,142.4314,130.9829,1.0,1.0,False
124006,West 2 - Heiligensee/Konradshöhe,Reinickendorf,residents,U-Bahn,1.3,8092,24209.0,0,102.5517,92.819,109.5626,100.7561,1.0,1.0,False
124006,West 2 - Heiligensee/Konradshöhe,Reinickendorf,residents,U-Bahn,1.4,8092,24209.0,0,95.2266,86.1891,101.7367,93.5592,1.0,1.0,False
124006,West 2 - Heiligensee/Konradshöhe,Reinickendorf,residents,Tram,1.0,8092,24209.0,0,188.3075,176.5173,198.8444,186.7381,1.0,1.0,False
124006,West 2 - Heiligensee/Konradshöhe,Reinickendorf,residents,Tram,1.3,8092,24209.0,0,144.8519,135.7826,152.9573,143.6447,1.0,1.0,False
124006,West 2 - Heiligensee/Konradshöhe,Reinickendorf,residents,Tram,1.4,8092,24209.0,0,134.5053,126.0838,142.0317,133.3843,1.0,1.0,False
124006,West 2 - Heiligensee/Konradshöhe,Reinickendorf,residents,Bus,1.0,8092,24209.0,0,6.6158,4.185,9.8241,7.3036,0.0376,0.0,False
124006,West 2 - Heiligensee/Konradshöhe,Reinickendorf,residents,Bus,1.3,8092,24209.0,0,5.0891,3.2192,7.557,5.6182,0.0123,0.0,False
124006,West 2 - Heiligensee/Konradshöhe,Reinickendorf,residents,Bus,1.4,8092,24209.0,0,4.7256,2.9893,7.0172,5.2169,0.0073,0.0,False
124006,West 2 - Heiligensee/Konradshöhe,Reinickendorf,residents,Regionalbahn,1.0,8092,24209.0,0,244.3603,231.1462,250.7039,240.6818,1.0,1.0,False
124006,West 2 - Heiligensee/Konradshöhe,Reinickendorf,residents,Regionalbahn,1.3,8092,24209.0,0,187.9694,177.8048,192.8491,185.1398,1.0,1.0,False
124006,West 2 - Heiligensee/Konradshöhe,Reinickendorf,residents,Regionalbahn,1.4,8092,24209.0,0,174.543,165.1045,179.0742,171.9155,1.0,1.0,False
124006,West 2 - Heiligensee/Konradshöhe,Reinickendorf,residents,S- or U-Bahn,1.0,8092,24209.0,0,24.9667,16.4893,61.4902,36.9781,0.7899,0.413,False
124006,West 2 - Heiligensee/Konradshöhe,Reinickendorf,residents,S- or U-Bahn,1.3,8092,24209.0,0,19.2051,12.6841,47.3002,28.4447,0.668,0.3321,False
124006,West 2 - Heiligensee/Konradshöhe,Reinickendorf,residents,S- or U-Bahn,1.4,8092,24209.0,0,17.8333,11.7781,43.9216,26.4129,0.6254,0.3178,False
124007,Nord 1 - Frohnau/Hermsdorf,Reinickendorf,residents,S-Bahn,1.0,10019,32739.0,0,19.5277,14.2651,25.5638,20.1757,0.7182,0.128,False
124007,Nord 1 - Frohnau/Hermsdorf,Reinickendorf,residents,S-Bahn,1.3,10019,32739.0,0,15.0213,10.9732,19.6644,15.5197,0.501,0.0173,False
124007,Nord 1 - Frohnau/Hermsdorf,Reinickendorf,residents,S-Bahn,1.4,10019,32739.0,0,13.9484,10.1894,18.2598,14.4112,0.4294,0.0129,False
124007,Nord 1 - Frohnau/Hermsdorf,Reinickendorf,residents,U-Bahn,1.0,10019,32739.0,0,79.4591,61.807,102.6309,81.9487,1.0,1.0,False
124007,Nord 1 - Frohnau/Hermsdorf,Reinickendorf,residents,U-Bahn,1.3,10019,32739.0,0,61.1224,47.5439,78.9468,63.0375,1.0,1.0,False
124007,Nord 1 - Frohnau/Hermsdorf,Reinickendorf,residents,U-Bahn,1.4,10019,32739.0,0,56.7565,44.1479,73.3078,58.5348,1.0,0.9964,False
124007,Nord 1 - Frohnau/Hermsdorf,Reinickendorf,residents,Tram,1.0,10019,32739.0,0,116.6712,101.1544,139.1254,119.8537,1.0,1.0,False
124007,Nord 1 - Frohnau/Hermsdorf,Reinickendorf,residents,Tram,1.3,10019,32739.0,0,89.747,77.811,107.0195,92.1952,1.0,1.0,False
124007,Nord 1 - Frohnau/Hermsdorf,Reinickendorf,residents,Tram,1.4,10019,32739.0,0,83.3365,72.2531,99.3753,85.6098,1.0,1.0,False
124007,Nord 1 - Frohnau/Hermsdorf,Reinickendorf,residents,Bus,1.0,10019,32739.0,0,6.4205,4.0486,9.9656,7.3267,0.0649,0.0,False
124007,Nord 1 - Frohnau/Hermsdorf,Reinickendorf,residents,Bus,1.3,10019,32739.0,0,4.9388,3.1143,7.6659,5.6359,0.0131,0.0,False
124007,Nord 1 - Frohnau/Hermsdorf,Reinickendorf,residents,Bus,1.4,10019,32739.0,0,4.586,2.8919,7.1183,5.2334,0.0061,0.0,False
124007,Nord 1 - Frohnau/Hermsdorf,Reinickendorf,residents,Regionalbahn,1.0,10019,32739.0,0,195.3571,177.9164,218.6742,197.9734,1.0,1.0,False
124007,Nord 1 - Frohnau/Hermsdorf,Reinickendorf,residents,Regionalbahn,1.3,10019,32739.0,0,150.2747,136.8588,168.2109,152.2872,1.0,1.0,False
124007,Nord 1 - Frohnau/Hermsdorf,Reinickendorf,residents,Regionalbahn,1.4,10019,32739.0,0,139.5408,127.0831,156.1958,141.4095,1.0,1.0,False
124007,Nord 1 - Frohnau/Hermsdorf,Reinickendorf,residents,S- or U-Bahn,1.0,10019,32739.0,0,19.5277,14.2651,25.5638,20.1757,0.7182,0.128,False
124007,Nord 1 - Frohnau/Hermsdorf,Reinickendorf,residents,S- or U-Bahn,1.3,10019,32739.0,0,15.0213,10.9732,19.6644,15.5197,0.501,0.0173,False
124007,Nord 1 - Frohnau/Hermsdorf,Reinickendorf,residents,S- or U-Bahn,1.4,10019,32739.0,0,13.9484,10.1894,18.2598,14.4112,0.4294,0.0129,False
125008,West 3 - Borsigwalde/Freie Scholle,Reinickendorf,residents,S-Bahn,1.0,2238,16805.0,0,21.3459,16.3119,25.7009,21.0024,0.7917,0.116,False
125008,West 3 - Borsigwalde/Freie Scholle,Reinickendorf,residents,S-Bahn,1.3,2238,16805.0,0,16.42,12.5476,19.7699,16.1557,0.6079,0.0002,False
125008,West 3 - Borsigwalde/Freie Scholle,Reinickendorf,residents,S-Bahn,1.4,2238,16805.0,0,15.2471,11.6513,18.3578,15.0017,0.5308,0.0,False
125008,West 3 - Borsigwalde/Freie Scholle,Reinickendorf,residents,U-Bahn,1.0,2238,16805.0,0,39.241,33.2376,45.3201,38.8976,0.9851,0.8653,False
125008,West 3 - Borsigwalde/Freie Scholle,Reinickendorf,residents,U-Bahn,1.3,2238,16805.0,0,30.1854,25.5674,34.8616,29.9212,0.9736,0.5141,False
125008,West 3 - Borsigwalde/Freie Scholle,Reinickendorf,residents,U-Bahn,1.4,2238,16805.0,0,28.0293,23.7411,32.3715,27.784,0.9692,0.361,False
125008,West 3 - Borsigwalde/Freie Scholle,Reinickendorf,residents,Tram,1.0,2238,16805.0,0,98.0127,92.5107,102.6023,97.2184,1.0,1.0,False
125008,West 3 - Borsigwalde/Freie Scholle,Reinickendorf,residents,Tram,1.3,2238,16805.0,0,75.3944,71.1621,78.9248,74.7834,1.0,1.0,False
125008,West 3 - Borsigwalde/Freie Scholle,Reinickendorf,residents,Tram,1.4,2238,16805.0,0,70.0091,66.0791,73.2873,69.4417,1.0,1.0,False
125008,West 3 - Borsigwalde/Freie Scholle,Reinickendorf,residents,Bus,1.0,2238,16805.0,0,4.671,3.1593,6.9855,5.1542,0.0,0.0,False
125008,West 3 - Borsigwalde/Freie Scholle,Reinickendorf,residents,Bus,1.3,2238,16805.0,0,3.5931,2.4303,5.3735,3.9648,0.0,0.0,False
125008,West 3 - Borsigwalde/Freie Scholle,Reinickendorf,residents,Bus,1.4,2238,16805.0,0,3.3364,2.2567,4.9897,3.6816,0.0,0.0,False
125008,West 3 - Borsigwalde/Freie Scholle,Reinickendorf,residents,Regionalbahn,1.0,2238,16805.0,0,150.0012,138.6034,158.0046,149.1178,1.0,1.0,False
125008,West 3 - Borsigwalde/Freie Scholle,Reinickendorf,residents,Regionalbahn,1.3,2238,16805.0,0,115.3855,106.618,121.542,114.706,1.0,1.0,False
125008,West 3 - Borsigwalde/Freie Scholle,Reinickendorf,residents,Regionalbahn,1.4,2238,16805.0,0,107.1437,99.0024,112.8604,106.5127,1.0,1.0,False
125008,West 3 - Borsigwalde/Freie Scholle,Reinickendorf,residents,S- or U-Bahn,1.0,2238,16805.0,0,21.0759,15.6845,24.978,20.5982,0.7768,0.1058,False
125008,West 3 - Borsigwalde/Freie Scholle,Reinickendorf,residents,S- or U-Bahn,1.3,2238,16805.0,0,16.2123,12.065,19.2139,15.8448,0.5816,0.0002,False
125008,West 3 - Borsigwalde/Freie Scholle,Reinickendorf,residents,S- or U-Bahn,1.4,2238,16805.0,0,15.0542,11.2032,17.8414,14.713,0.5054,0.0,False
125009,Nord 2 - Waidmannslust/Wittenau/Lübars,Reinickendorf,residents,S-Bahn,1.0,5586,32434.0,0,18.5224,13.4165,24.8498,21.5122,0.6819,0.1798,False
125009,Nord 2 - Waidmannslust/Wittenau/Lübars,Reinickendorf,residents,S-Bahn,1.3,5586,32434.0,0,14.248,10.3203,19.1152,16.5478,0.4495,0.1018,False
125009,Nord 2 - Waidmannslust/Wittenau/Lübars,Reinickendorf,residents,S-Bahn,1.4,5586,32434.0,0,13.2303,9.5832,17.7499,15.3659,0.3855,0.0884,False
125009,Nord 2 - Waidmannslust/Wittenau/Lübars,Reinickendorf,residents,U-Bahn,1.0,5586,32434.0,0,17.391,11.3961,34.7469,23.5983,0.597,0.3224,False
125009,Nord 2 - Waidmannslust/Wittenau/Lübars,Reinickendorf,residents,U-Bahn,1.3,5586,32434.0,0,13.3777,8.7662,26.7284,18.1525,0.4521,0.19,False
125009,Nord 2 - Waidmannslust/Wittenau/Lübars,Reinickendorf,residents,U-Bahn,1.4,5586,32434.0,0,12.4222,8.14,24.8192,16.8559,0.4159,0.1457,False
125009,Nord 2 - Waidmannslust/Wittenau/Lübars,Reinickendorf,residents,Tram,1.0,5586,32434.0,0,63.6442,54.9459,72.6212,63.1913,1.0,0.9928,False
125009,Nord 2 - Waidmannslust/Wittenau/Lübars,Reinickendorf,residents,Tram,1.3,5586,32434.0,0,48.9571,42.2661,55.8624,48.6087,1.0,0.9619,False
125009,Nord 2 - Waidmannslust/Wittenau/Lübars,Reinickendorf,residents,Tram,1.4,5586,32434.0,0,45.4602,39.2471,51.8723,45.1367,0.9999,0.9441,False
125009,Nord 2 - Waidmannslust/Wittenau/Lübars,Reinickendorf,residents,Bus,1.0,5586,32434.0,0,5.1184,3.2221,7.1008,5.5846,0.0163,0.0,False
125009,Nord 2 - Waidmannslust/Wittenau/Lübars,Reinickendorf,residents,Bus,1.3,5586,32434.0,0,3.9372,2.4785,5.4622,4.2958,0.0034,0.0,False
125009,Nord 2 - Waidmannslust/Wittenau/Lübars,Reinickendorf,residents,Bus,1.4,5586,32434.0,0,3.656,2.3015,5.072,3.989,0.001,0.0,False
125009,Nord 2 - Waidmannslust/Wittenau/Lübars,Reinickendorf,residents,Regionalbahn,1.0,5586,32434.0,0,127.9027,111.1254,147.8985,129.1756,1.0,1.0,False
125009,Nord 2 - Waidmannslust/Wittenau/Lübars,Reinickendorf,residents,Regionalbahn,1.3,5586,32434.0,0,98.3867,85.4811,113.7681,99.3659,1.0,1.0,False
125009,Nord 2 - Waidmannslust/Wittenau/Lübars,Reinickendorf,residents,Regionalbahn,1.4,5586,32434.0,0,91.359,79.3753,105.6418,92.2683,1.0,1.0,False
125009,Nord 2 - Waidmannslust/Wittenau/Lübars,Reinickendorf,residents,S- or U-Bahn,1.0,5586,32434.0,0,13.5762,10.1153,19.1061,17.6052,0.4105,0.1428,False
125009,Nord 2 - Waidmannslust/Wittenau/Lübars,Reinickendorf,residents,S- or U-Bahn,1.3,5586,32434.0,0,10.4432,7.781,14.697,13.5425,0.2365,0.1018,False
125009,Nord 2 - Waidmannslust/Wittenau/Lübars,Reinickendorf,residents,S- or U-Bahn,1.4,5586,32434.0,0,9.6973,7.2252,13.6472,12.5751,0.2042,0.0884,False
126010,Rollbergesiedlung,Reinickendorf,residents,S-Bahn,1.0,940,9803.0,0,18.8509,15.956,22.1713,18.4221,0.8122,0.0,False
126010,Rollbergesiedlung,Reinickendorf,residents,S-Bahn,1.3,940,9803.0,0,14.5007,12.2739,17.0549,14.1708,0.4258,0.0,False
126010,Rollbergesiedlung,Reinickendorf,residents,S-Bahn,1.4,940,9803.0,0,13.4649,11.3972,15.8367,13.1586,0.3172,0.0,False
126010,Rollbergesiedlung,Reinickendorf,residents,U-Bahn,1.0,940,9803.0,0,29.1378,21.3014,33.9643,27.7376,0.934,0.4643,False
126010,Rollbergesiedlung,Reinickendorf,residents,U-Bahn,1.3,940,9803.0,0,22.4137,16.3857,26.1264,21.3366,0.8409,0.0,False
126010,Rollbergesiedlung,Reinickendorf,residents,U-Bahn,1.4,940,9803.0,0,20.8127,15.2153,24.2602,19.8126,0.7743,0.0,False
126010,Rollbergesiedlung,Reinickendorf,residents,Tram,1.0,940,9803.0,0,60.7534,55.2778,64.9908,59.6667,1.0,1.0,False
126010,Rollbergesiedlung,Reinickendorf,residents,Tram,1.3,940,9803.0,0,46.7334,42.5214,49.993,45.8975,1.0,0.9937,False
126010,Rollbergesiedlung,Reinickendorf,residents,Tram,1.4,940,9803.0,0,43.3953,39.4841,46.422,42.6191,1.0,0.9797,False
126010,Rollbergesiedlung,Reinickendorf,residents,Bus,1.0,940,9803.0,0,4.0026,2.6253,5.2404,4.1893,0.0019,0.0,False
126010,Rollbergesiedlung,Reinickendorf,residents,Bus,1.3,940,9803.0,0,3.079,2.0194,4.0311,3.2225,0.0,0.0,False
126010,Rollbergesiedlung,Reinickendorf,residents,Bus,1.4,940,9803.0,0,2.859,1.8752,3.7431,2.9924,0.0,0.0,False
126010,Rollbergesiedlung,Reinickendorf,residents,Regionalbahn,1.0,940,9803.0,0,145.3329,137.4215,150.1594,143.864,1.0,1.0,False
126010,Rollbergesiedlung,Reinickendorf,residents,Regionalbahn,1.3,940,9803.0,0,111.7945,105.7089,115.5073,110.6646,1.0,1.0,False
126010,Rollbergesiedlung,Reinickendorf,residents,Regionalbahn,1.4,940,9803.0,0,103.8092,98.1582,107.2567,102.76,1.0,1.0,False
126010,Rollbergesiedlung,Reinickendorf,residents,S- or U-Bahn,1.0,940,9803.0,0,18.8509,15.956,22.1713,18.4221,0.8122,0.0,False
126010,Rollbergesiedlung,Reinickendorf,residents,S- or U-Bahn,1.3,940,9803.0,0,14.5007,12.2739,17.0549,14.1708,0.4258,0.0,False
126010,Rollbergesiedlung,Reinickendorf,residents,S- or U-Bahn,1.4,940,9803.0,0,13.4649,11.3972,15.8367,13.1586,0.3172,0.0,False
126011,MV Nord,Reinickendorf,residents,S-Bahn,1.0,293,27417.0,0,32.9534,26.2856,40.0885,32.9888,0.9313,0.6072,False
126011,MV Nord,Reinickendorf,residents,S-Bahn,1.3,293,27417.0,0,25.3487,20.2197,30.8373,25.376,0.9082,0.2655,False
126011,MV Nord,Reinickendorf,residents,S-Bahn,1.4,293,27417.0,0,23.5381,18.7755,28.6346,23.5634,0.9082,0.2249,False
126011,MV Nord,Reinickendorf,residents,U-Bahn,1.0,293,27417.0,0,33.3952,26.2269,41.0702,34.2177,0.9442,0.6502,False
126011,MV Nord,Reinickendorf,residents,U-Bahn,1.3,293,27417.0,0,25.6886,20.1745,31.5924,26.3213,0.9084,0.3482,False
126011,MV Nord,Reinickendorf,residents,U-Bahn,1.4,293,27417.0,0,23.8537,18.7335,29.3358,24.4412,0.9075,0.2337,False
126011,MV Nord,Reinickendorf,residents,Tram,1.0,293,27417.0,0,25.3,18.0376,32.9295,25.8903,0.944,0.3176,False
126011,MV Nord,Reinickendorf,residents,Tram,1.3,293,27417.0,0,19.4616,13.8751,25.3304,19.9156,0.6695,0.0762,False
126011,MV Nord,Reinickendorf,residents,Tram,1.4,293,27417.0,0,18.0715,12.884,23.521,18.493,0.612,0.0473,False
126011,MV Nord,Reinickendorf,residents,Bus,1.0,293,27417.0,0,3.5759,2.8049,5.9691,4.4297,0.0,0.0,False
126011,MV Nord,Reinickendorf,residents,Bus,1.3,293,27417.0,0,2.7507,2.1576,4.5916,3.4075,0.0,0.0,False
126011,MV Nord,Reinickendorf,residents,Bus,1.4,293,27417.0,0,2.5542,2.0035,4.2636,3.1641,0.0,0.0,False
126011,MV Nord,Reinickendorf,residents,Regionalbahn,1.0,293,27417.0,0,126.6623,123.8896,131.6613,127.9033,1.0,1.0,False
126011,MV Nord,Reinickendorf,residents,Regionalbahn,1.3,293,27417.0,0,97.4325,95.2997,101.2779,98.3871,1.0,1.0,False
126011,MV Nord,Reinickendorf,residents,Regionalbahn,1.4,293,27417.0,0,90.473,88.4926,94.0438,91.3595,1.0,1.0,False
126011,MV Nord,Reinickendorf,residents,S- or U-Bahn,1.0,293,27417.0,0,32.2425,25.519,39.6481,32.6364,0.9313,0.5694,False
126011,MV Nord,Reinickendorf,residents,S- or U-Bahn,1.3,293,27417.0,0,24.8019,19.63,30.4986,25.105,0.9082,0.2629,False
126011,MV Nord,Reinickendorf,residents,S- or U-Bahn,1.4,293,27417.0,0,23.0303,18.2279,28.3201,23.3117,0.9075,0.2199,False
126012,MV Süd,Reinickendorf,residents,S-Bahn,1.0,829,13782.0,0,28.6354,20.8154,36.7299,28.52,0.9221,0.4843,False
126012,MV Süd,Reinickendorf,residents,S-Bahn,1.3,829,13782.0,0,22.0272,16.0118,28.2538,21.9385,0.8441,0.0707,False
126012,MV Süd,Reinickendorf,residents,S-Bahn,1.4,829,13782.0,0,20.4539,14.8681,26.2357,20.3714,0.7331,0.0,False
126012,MV Süd,Reinickendorf,residents,U-Bahn,1.0,829,13782.0,0,26.6824,18.7539,34.7769,26.4952,0.8618,0.4229,False
126012,MV Süd,Reinickendorf,residents,U-Bahn,1.3,829,13782.0,0,20.5249,14.4261,26.7514,20.3809,0.7314,0.0,False
126012,MV Süd,Reinickendorf,residents,U-Bahn,1.4,829,13782.0,0,19.0588,13.3956,24.8406,18.9251,0.6885,0.0,False
126012,MV Süd,Reinickendorf,residents,Tram,1.0,829,13782.0,0,24.6815,19.4474,31.9613,26.2159,0.9432,0.2798,False
126012,MV Süd,Reinickendorf,residents,Tram,1.3,829,13782.0,0,18.9858,14.9595,24.5856,20.166,0.7153,0.125,False
126012,MV Süd,Reinickendorf,residents,Tram,1.4,829,13782.0,0,17.6296,13.891,22.8295,18.7256,0.6644,0.0683,False
126012,MV Süd,Reinickendorf,residents,Bus,1.0,829,13782.0,0,3.3431,2.2435,4.1138,3.581,0.0,0.0,False
126012,MV Süd,Reinickendorf,residents,Bus,1.3,829,13782.0,0,2.5716,1.7258,3.1644,2.7546,0.0,0.0,False
126012,MV Süd,Reinickendorf,residents,Bus,1.4,829,13782.0,0,2.3879,1.6025,2.9384,2.5578,0.0,0.0,False
126012,MV Süd,Reinickendorf,residents,Regionalbahn,1.0,829,13782.0,0,113.0394,109.321,119.6604,114.7055,1.0,1.0,False
126012,MV Süd,Reinickendorf,residents,Regionalbahn,1.3,829,13782.0,0,86.9534,84.0931,92.0465,88.235,1.0,1.0,False
126012,MV Süd,Reinickendorf,residents,Regionalbahn,1.4,829,13782.0,0,80.7424,78.0864,85.4717,81.9325,1.0,1.0,False
126012,MV Süd,Reinickendorf,residents,S- or U-Bahn,1.0,829,13782.0,0,26.6824,18.7539,34.7769,26.4935,0.8618,0.4229,False
126012,MV Süd,Reinickendorf,residents,S- or U-Bahn,1.3,829,13782.0,0,20.5249,14.4261,26.7514,20.3796,0.7314,0.0,False
126012,MV Süd,Reinickendorf,residents,S- or U-Bahn,1.4,829,13782.0,0,19.0588,13.3956,24.8406,18.9239,0.6885,0.0,False
Berlin,Berlin,,buildings,S-Bahn,1.0,503625,,0,28.7137,17.8626,45.2469,36.6218,0.8201,0.4742,False
Berlin,Berlin,,buildings,S-Bahn,1.3,503625,,0,22.0875,13.7404,34.8053,28.1706,0.7083,0.3243,False
Berlin,Berlin,,buildings,S-Bahn,1.4,503625,,0,20.5098,12.759,32.3192,26.1584,0.6713,0.2874,False
Berlin,Berlin,,buildings,U-Bahn,1.0,503625,,0,47.0477,20.4296,82.6634,60.0758,0.8123,0.653,False
Berlin,Berlin,,buildings,U-Bahn,1.3,503625,,0,36.1905,15.7151,63.5873,46.2121,0.7611,0.571,False
Berlin,Berlin,,buildings,U-Bahn,1.4,503625,,0,33.6055,14.5926,59.0453,42.9113,0.7433,0.5434,False
Berlin,Berlin,,buildings,Tram,1.0,503625,,0,62.4363,19.8739,156.3433,92.574,0.8001,0.6668,False
Berlin,Berlin,,buildings,Tram,1.3,503625,,0,48.0279,15.2876,120.2641,71.2107,0.7538,0.6108,False
Berlin,Berlin,,buildings,Tram,1.4,503625,,0,44.5973,14.1956,111.6738,66.1243,0.7382,0.5928,False
Berlin,Berlin,,buildings,Bus,1.0,503625,,0,5.6626,3.6396,8.4543,6.6185,0.0496,0.0023,False
Berlin,Berlin,,buildings,Bus,1.3,503625,,0,4.3559,2.7997,6.5033,5.0911,0.0155,0.0007,False
Berlin,Berlin,,buildings,Bus,1.4,503625,,0,4.0447,2.5997,6.0388,4.7275,0.0103,0.0005,False
Berlin,Berlin,,buildings,Regionalbahn,1.0,503625,,0,69.182,43.012,103.9887,82.2474,0.9688,0.8705,False
Berlin,Berlin,,buildings,Regionalbahn,1.3,503625,,0,53.2169,33.0862,79.9913,63.2672,0.9465,0.7892,False
Berlin,Berlin,,buildings,Regionalbahn,1.4,503625,,0,49.4157,30.7229,74.2776,58.7481,0.9375,0.7607,False
Berlin,Berlin,,buildings,S- or U-Bahn,1.0,503625,,0,22.8753,12.9193,37.154,30.4507,0.6932,0.3621,False
Berlin,Berlin,,buildings,S- or U-Bahn,1.3,503625,,0,17.5964,9.938,28.58,23.4236,0.5788,0.2256,False
Berlin,Berlin,,buildings,S- or U-Bahn,1.4,503625,,0,16.3395,9.2281,26.5386,21.7505,0.5422,0.1932,False
011001,Tiergarten Süd,Mitte,buildings,S-Bahn,1.0,1243,,0,20.6422,16.376,25.3459,20.3355,0.8037,0.0885,False
011001,Tiergarten Süd,Mitte,buildings,S-Bahn,1.3,1243,,0,15.8786,12.597,19.4968,15.6427,0.58,0.0,False
011001,Tiergarten Süd,Mitte,buildings,S-Bahn,1.4,1243,,0,14.7444,11.6972,18.1042,14.5253,0.4811,0.0,False
011001,Tiergarten Süd,Mitte,buildings,U-Bahn,1.0,1243,,0,10.8566,8.2572,13.6733,11.4084,0.1858,0.0,False
011001,Tiergarten Süd,Mitte,buildings,U-Bahn,1.3,1243,,0,8.3512,6.3517,10.518,8.7757,0.0676,0.0,False
011001,Tiergarten Süd,Mitte,buildings,U-Bahn,1.4,1243,,0,7.7547,5.898,9.7667,8.1489,0.0394,0.0,False
011001,Tiergarten Süd,Mitte,buildings,Tram,1.0,1243,,0,45.7417,37.8789,50.197,43.5627,0.9944,0.9187,False
011001,Tiergarten Süd,Mitte,buildings,Tram,1.3,1243,,0,35.1859,29.1376,38.6131,33.5098,0.9799,0.7353,False
011001,Tiergarten Süd,Mitte,buildings,Tram,1.4,1243,,0,32.6726,27.0564,35.855,31.1162,0.9662,0.6605,False
011001,Tiergarten Süd,Mitte,buildings,Bus,1.0,1243,,0,4.6041,3.0815,6.297,4.8945,0.0008,0.0,False
011001,Tiergarten Süd,Mitte,buildings,Bus,1.3,1243,,0,3.5416,2.3704,4.8439,3.765,0.0,0.0,False
011001,Tiergarten Süd,Mitte,buildings,Bus,1.4,1243,,0,3.2886,2.2011,4.4979,3.4961,0.0,0.0,False
011001,Tiergarten Süd,Mitte,buildings,Regionalbahn,1.0,1243,,0,25.5062,20.3164,32.713,26.9989,0.8906,0.313,False
011001,Tiergarten Süd,Mitte,buildings,Regionalbahn,1.3,1243,,0,19.6202,15.628,25.1639,20.7683,0.7659,0.1601,False
011001,Tiergarten Süd,Mitte,buildings,Regionalbahn,1.4,1243,,0,18.2187,14.5117,23.3664,19.2849,0.7273,0.1191,False
011001,Tiergarten Süd,Mitte,buildings,S- or U-Bahn,1.0,1243,,0,10.6779,7.9205,13.6129,11.1123,0.181,0.0,False
011001,Tiergarten Süd,Mitte,buildings,S- or U-Bahn,1.3,1243,,0,8.2137,6.0927,10.4715,8.5479,0.0499,0.0,False
011001,Tiergarten Süd,Mitte,buildings,S- or U-Bahn,1.4,1243,,0,7.627,5.6575,9.7235,7.9374,0.0274,0.0,False
011002,Regierungsviertel,Mitte,buildings,S-Bahn,1.0,3573,,0,9.516,8.8935,10.0211,10.97,0.1338,0.0,False
011002,Regierungsviertel,Mitte,buildings,S-Bahn,1.3,3573,,0,7.32,6.8412,7.7085,8.4384,0.0823,0.0,False
011002,Regierungsviertel,Mitte,buildings,S-Bahn,1.4,3573,,0,6.7972,6.3525,7.1579,7.8357,0.073,0.0,False
011002,Regierungsviertel,Mitte,buildings,U-Bahn,1.0,3573,,0,7.5778,6.4343,8.3426,7.2259,0.0,0.0,False
011002,Regierungsviertel,Mitte,buildings,U-Bahn,1.3,3573,,0,5.8291,4.9494,6.4174,5.5584,0.0,0.0,False
011002,Regierungsviertel,Mitte,buildings,U-Bahn,1.4,3573,,0,5.4127,4.5959,5.959,5.1613,0.0,0.0,False
011002,Regierungsviertel,Mitte,buildings,Tram,1.0,3573,,0,21.1156,19.8811,22.013,19.7218,0.8715,0.0031,False
011002,Regierungsviertel,Mitte,buildings,Tram,1.3,3573,,0,16.2428,15.2932,16.9331,15.1706,0.7982,0.0,False
011002,Regierungsviertel,Mitte,buildings,Tram,1.4,3573,,0,15.0826,14.2008,15.7236,14.087,0.5458,0.0,False
011002,Regierungsviertel,Mitte,buildings,Bus,1.0,3573,,0,5.3493,4.6653,6.0985,5.1872,0.0,0.0,False
011002,Regierungsviertel,Mitte,buildings,Bus,1.3,3573,,0,4.1148,3.5887,4.6911,3.9901,0.0,0.0,False
011002,Regierungsviertel,Mitte,buildings,Bus,1.4,3573,,0,3.8209,3.3324,4.356,3.7051,0.0,0.0,False
011002,Regierungsviertel,Mitte,buildings,Regionalbahn,1.0,3573,,0,11.2259,10.4262,13.5709,14.6193,0.241,0.084,False
011002,Regierungsviertel,Mitte,buildings,Regionalbahn,1.3,3573,,0,8.6353,8.0201,10.4391,11.2457,0.1898,0.0064,False
011002,Regierungsviertel,Mitte,buildings,Regionalbahn,1.4,3573,,0,8.0185,7.4473,9.6935,10.4424,0.1744,0.0034,False
011002,Regierungsviertel,Mitte,buildings,S- or U-Bahn,1.0,3573,,0,7.573,6.4286,8.3156,7.1684,0.0,0.0,False
011002,Regierungsviertel,Mitte,buildings,S- or U-Bahn,1.3,3573,,0,5.8254,4.9451,6.3966,5.5142,0.0,0.0,False
011002,Regierungsviertel,Mitte,buildings,S- or U-Bahn,1.4,3573,,0,5.4093,4.5918,5.9397,5.1203,0.0,0.0,False
011003,Alexanderplatz,Mitte,buildings,S-Bahn,1.0,3157,,0,12.7046,8.9441,16.3259,12.8023,0.3383,0.0,False
011003,Alexanderplatz,Mitte,buildings,S-Bahn,1.3,3157,,0,9.7727,6.88,12.5584,9.8479,0.1207,0.0,False
011003,Alexanderplatz,Mitte,buildings,S-Bahn,1.4,3157,,0,9.0747,6.3886,11.6613,9.1445,0.0722,0.0,False
011003,Alexanderplatz,Mitte,buildings,U-Bahn,1.0,3157,,0,7.6275,5.3876,10.308,7.899,0.0247,0.0,False
011003,Alexanderplatz,Mitte,buildings,U-Bahn,1.3,3157,,0,5.8673,4.1443,7.9293,6.0762,0.0,0.0,False
011003,Alexanderplatz,Mitte,buildings,U-Bahn,1.4,3157,,0,5.4482,3.8483,7.3629,5.6421,0.0,0.0,False
011003,Alexanderplatz,Mitte,buildings,Tram,1.0,3157,,0,8.4034,5.3796,17.6436,12.6238,0.274,0.1052,False
011003,Alexanderplatz,Mitte,buildings,Tram,1.3,3157,,0,6.4642,4.1382,13.572,9.7106,0.2357,0.0105,False
011003,Alexanderplatz,Mitte,buildings,Tram,1.4,3157,,0,6.0024,3.8426,12.6026,9.017,0.2186,0.0,False
011003,Alexanderplatz,Mitte,buildings,Bus,1.0,3157,,0,3.8652,2.7204,5.1194,4.0147,0.0,0.0,False
011003,Alexanderplatz,Mitte,buildings,Bus,1.3,3157,,0,2.9732,2.0927,3.938,3.0883,0.0,0.0,False
011003,Alexanderplatz,Mitte,buildings,Bus,1.4,3157,,0,2.7608,1.9432,3.6567,2.8677,0.0,0.0,False
011003,Alexanderplatz,Mitte,buildings,Regionalbahn,1.0,3157,,0,33.037,23.4869,42.072,32.936,0.9734,0.5952,False
011003,Alexanderplatz,Mitte,buildings,Regionalbahn,1.3,3157,,0,25.4131,18.0669,32.3631,25.3354,0.8812,0.3345,False
011003,Alexanderplatz,Mitte,buildings,Regionalbahn,1.4,3157,,0,23.5979,16.7764,30.0515,23.5257,0.8343,0.2528,False
011003,Alexanderplatz,Mitte,buildings,S- or U-Bahn,1.0,3157,,0,6.6804,4.9349,9.2511,7.2156,0.0181,0.0,False
011003,Alexanderplatz,Mitte,buildings,S- or U-Bahn,1.3,3157,,0,5.1388,3.7961,7.1162,5.5505,0.0,0.0,False
011003,Alexanderplatz,Mitte,buildings,S- or U-Bahn,1.4,3157,,0,4.7717,3.5249,6.6079,5.154,0.0,0.0,False
011004,Brunnenstraße Süd,Mitte,buildings,S-Bahn,1.0,1899,,0,16.9254,12.9644,21.3067,17.2889,0.6198,0.0068,False
011004,Brunnenstraße Süd,Mitte,buildings,S-Bahn,1.3,1899,,0,13.0195,9.9727,16.3898,13.2992,0.3491,0.0,False
011004,Brunnenstraße Süd,Mitte,buildings,S-Bahn,1.4,1899,,0,12.0896,9.2603,15.2191,12.3492,0.2601,0.0,False
011004,Brunnenstraße Süd,Mitte,buildings,U-Bahn,1.0,1899,,0,8.0881,5.8592,10.3657,8.0229,0.0074,0.0,False
011004,Brunnenstraße Süd,Mitte,buildings,U-Bahn,1.3,1899,,0,6.2216,4.5071,7.9736,6.1715,0.0,0.0,False
011004,Brunnenstraße Süd,Mitte,buildings,U-Bahn,1.4,1899,,0,5.7772,4.1851,7.404,5.7306,0.0,0.0,False
011004,Brunnenstraße Süd,Mitte,buildings,Tram,1.0,1899,,0,6.1518,4.2557,8.2628,6.6939,0.0358,0.0,False
011004,Brunnenstraße Süd,Mitte,buildings,Tram,1.3,1899,,0,4.7322,3.2736,6.356,5.1491,0.0032,0.0,False
011004,Brunnenstraße Süd,Mitte,buildings,Tram,1.4,1899,,0,4.3942,3.0398,5.902,4.7813,0.0,0.0,False
011004,Brunnenstraße Süd,Mitte,buildings,Bus,1.0,1899,,0,4.9066,3.548,6.3652,5.0264,0.0,0.0,False
011004,Brunnenstraße Süd,Mitte,buildings,Bus,1.3,1899,,0,3.7743,2.7292,4.8963,3.8665,0.0,0.0,False
011004,Brunnenstraße Süd,Mitte,buildings,Bus,1.4,1899,,0,3.5047,2.5343,4.5466,3.5903,0.0,0.0,False
011004,Brunnenstraße Süd,Mitte,buildings,Regionalbahn,1.0,1899,,0,32.9632,29.2375,36.8221,33.0356,1.0,0.6983,False
011004,Brunnenstraße Süd,Mitte,buildings,Regionalbahn,1.3,1899,,0,25.3563,22.4904,28.3247,25.412,1.0,0.1264,False
011004,Brunnenstraße Süd,Mitte,buildings,Regionalbahn,1.4,1899,,0,23.5451,20.8839,26.3015,23.5968,0.9989,0.0253,False
011004,Brunnenstraße Süd,Mitte,buildings,S- or U-Bahn,1.0,1899,,0,7.9749,5.8144,10.0407,7.8153,0.0021,0.0,False
011004,Brunnenstraße Süd,Mitte,buildings,S- or U-Bahn,1.3,1899,,0,6.1345,4.4726,7.7236,6.0118,0.0,0.0,False
011004,Brunnenstraße Süd,Mitte,buildings,S- or U-Bahn,1.4,1899,,0,5.6964,4.1531,7.172,5.5824,0.0,0.0,False
012005,Moabit West,Mitte,buildings,S-Bahn,1.0,2405,,0,16.4581,12.0416,20.3761,16.0995,0.5917,0.0021,False
012005,Moabit West,Mitte,buildings,S-Bahn,1.3,2405,,0,12.6601,9.2627,15.6739,12.3842,0.3027,0.0,False
012005,Moabit West,Mitte,buildings,S-Bahn,1.4,2405,,0,11.7558,8.6011,14.5544,11.4996,0.2108,0.0,False
012005,Moabit West,Mitte,buildings,U-Bahn,1.0,2405,,0,13.7238,9.0458,18.4229,13.8839,0.432,0.0091,False
012005,Moabit West,Mitte,buildings,U-Bahn,1.3,2405,,0,10.5568,6.9583,14.1715,10.68,0.1958,0.0017,False
012005,Moabit West,Mitte,buildings,U-Bahn,1.4,2405,,0,9.8027,6.4613,13.1592,9.9171,0.1343,0.0,False
012005,Moabit West,Mitte,buildings,Tram,1.0,2405,,0,16.6389,11.4449,21.5532,17.1203,0.5958,0.0495,False
012005,Moabit West,Mitte,buildings,Tram,1.3,2405,,0,12.7991,8.8038,16.5794,13.1694,0.3551,0.0075,False
012005,Moabit West,Mitte,buildings,Tram,1.4,2405,,0,11.8849,8.1749,15.3951,12.2288,0.2857,0.0046,False
012005,Moabit West,Mitte,buildings,Bus,1.0,2405,,0,4.614,2.9158,6.659,5.0245,0.0079,0.0,False
012005,Moabit West,Mitte,buildings,Bus,1.3,2405,,0,3.5492,2.2429,5.1223,3.865,0.0046,0.0,False
012005,Moabit West,Mitte,buildings,Bus,1.4,2405,,0,3.2957,2.0827,4.7564,3.5889,0.0029,0.0,False
012005,Moabit West,Mitte,buildings,Regionalbahn,1.0,2405,,0,41.7878,37.8449,44.9142,40.8872,1.0,0.9264,False
012005,Moabit West,Mitte,buildings,Regionalbahn,1.3,2405,,0,32.1445,29.1115,34.5494,31.4517,1.0,0.6857,False
012005,Moabit West,Mitte,buildings,Regionalbahn,1.4,2405,,0,29.8484,27.0321,32.0816,29.2052,0.9988,0.4819,False
012005,Moabit West,Mitte,buildings,S- or U-Bahn,1.0,2405,,0,11.2425,7.6399,14.5571,11.329,0.2241,0.0,False
012005,Moabit West,Mitte,buildings,S- or U-Bahn,1.3,2405,,0,8.6481,5.8768,11.1978,8.7146,0.0761,0.0,False
012005,Moabit West,Mitte,buildings,S- or U-Bahn,1.4,2405,,0,8.0304,5.4571,10.3979,8.0921,0.0353,0.0,False
012006,Moabit Ost,Mitte,buildings,S-Bahn,1.0,1895,,0,13.8336,10.5207,17.5334,13.9472,0.4206,0.0026,False
012006,Moabit Ost,Mitte,buildings,S-Bahn,1.3,1895,,0,10.6413,8.0929,13.4872,10.7286,0.1462,0.0,False
012006,Moabit Ost,Mitte,buildings,S-Bahn,1.4,1895,,0,9.8812,7.5148,12.5238,9.9623,0.0828,0.0,False
012006,Moabit Ost,Mitte,buildings,U-Bahn,1.0,1895,,0,13.2847,9.6617,16.202,13.028,0.3573,0.0021,False
012006,Moabit Ost,Mitte,buildings,U-Bahn,1.3,1895,,0,10.219,7.4321,12.4631,10.0215,0.0955,0.0,False
012006,Moabit Ost,Mitte,buildings,U-Bahn,1.4,1895,,0,9.4891,6.9012,11.5729,9.3057,0.0412,0.0,False
012006,Moabit Ost,Mitte,buildings,Tram,1.0,1895,,0,11.0662,7.1325,16.0269,11.7867,0.3034,0.0026,False
012006,Moabit Ost,Mitte,buildings,Tram,1.3,1895,,0,8.5125,5.4865,12.3284,9.0667,0.1245,0.0026,False
012006,Moabit Ost,Mitte,buildings,Tram,1.4,1895,,0,7.9044,5.0946,11.4478,8.4191,0.085,0.0021,False
012006,Moabit Ost,Mitte,buildings,Bus,1.0,1895,,0,3.8736,2.5006,5.4316,4.0979,0.0026,0.0,False
012006,Moabit Ost,Mitte,buildings,Bus,1.3,1895,,0,2.9797,1.9236,4.1782,3.1522,0.0026,0.0,False
012006,Moabit Ost,Mitte,buildings,Bus,1.4,1895,,0,2.7668,1.7862,3.8797,2.9271,0.0026,0.0,False
012006,Moabit Ost,Mitte,buildings,Regionalbahn,1.0,1895,,0,29.2435,20.118,35.8409,27.7449,0.8549,0.4755,False
012006,Moabit Ost,Mitte,buildings,Regionalbahn,1.3,1895,,0,22.495,15.4754,27.5699,21.3422,0.7604,0.114,False
012006,Moabit Ost,Mitte,buildings,Regionalbahn,1.4,1895,,0,20.8882,14.37,25.6006,19.8178,0.7251,0.0512,False
012006,Moabit Ost,Mitte,buildings,S- or U-Bahn,1.0,1895,,0,11.8631,8.4637,14.9308,11.6794,0.2449,0.0021,False
012006,Moabit Ost,Mitte,buildings,S- or U-Bahn,1.3,1895,,0,9.1255,6.5105,11.4852,8.9842,0.0565,0.0,False
012006,Moabit Ost,Mitte,buildings,S- or U-Bahn,1.4,1895,,0,8.4737,6.0455,10.6648,8.3424,0.029,0.0,False
013007,Osloer Straße,Mitte,buildings,S-Bahn,1.0,2954,,0,12.8083,8.3473,17.6251,13.7075,0.3886,0.0213,False
013007,Osloer Straße,Mitte,buildings,S-Bahn,1.3,2954,,0,9.8525,6.421,13.5578,10.5442,0.1649,0.0,False
013007,Osloer Straße,Mitte,buildings,S-Bahn,1.4,2954,,0,9.1488,5.9623,12.5894,9.7911,0.1435,0.0,False
013007,Osloer Straße,Mitte,buildings,U-Bahn,1.0,2954,,0,16.7455,12.0155,21.3185,16.7503,0.6026,0.0071,False
013007,Osloer Straße,Mitte,buildings,U-Bahn,1.3,2954,,0,12.8812,9.2427,16.3988,12.8848,0.3517,0.0,False
013007,Osloer Straße,Mitte,buildings,U-Bahn,1.4,2954,,0,11.9611,8.5825,15.2275,11.9645,0.2712,0.0,False
013007,Osloer Straße,Mitte,buildings,Tram,1.0,2954,,0,8.7871,6.1357,14.6959,10.3999,0.2427,0.0,False
013007,Osloer Straße,Mitte,buildings,Tram,1.3,2954,,0,6.7593,4.7198,11.3045,7.9999,0.0809,0.0,False
013007,Osloer Straße,Mitte,buildings,Tram,1.4,2954,,0,6.2765,4.3826,10.4971,7.4285,0.0433,0.0,False
013007,Osloer Straße,Mitte,buildings,Bus,1.0,2954,,0,6.5683,4.1262,11.4411,7.9388,0.132,0.0,False
013007,Osloer Straße,Mitte,buildings,Bus,1.3,2954,,0,5.0525,3.174,8.8008,6.1068,0.0,0.0,False
013007,Osloer Straße,Mitte,buildings,Bus,1.4,2954,,0,4.6916,2.9473,8.1722,5.6706,0.0,0.0,False
013007,Osloer Straße,Mitte,buildings,Regionalbahn,1.0,2954,,0,23.888,15.7793,35.093,25.5661,0.784,0.3822,False
013007,Osloer Straße,Mitte,buildings,Regionalbahn,1.3,2954,,0,18.3754,12.138,26.9946,19.6662,0.6293,0.132,False
013007,Osloer Straße,Mitte,buildings,Regionalbahn,1.4,2954,,0,17.0628,11.271,25.0664,18.2615,0.589,0.0633,False
013007,Osloer Straße,Mitte,buildings,S- or U-Bahn,1.0,2954,,0,10.2457,7.5918,14.1223,10.7935,0.2004,0.0,False
013007,Osloer Straße,Mitte,buildings,S- or U-Bahn,1.3,2954,,0,7.8813,5.8399,10.8633,8.3027,0.0061,0.0,False
013007,Osloer Straße,Mitte,buildings,S- or U-Bahn,1.4,2954,,0,7.3183,5.4227,10.0874,7.7096,0.0034,0.0,False
013008,Brunnenstraße Nord,Mitte,buildings,S-Bahn,1.0,1684,,0,11.796,8.0701,15.6159,12.0142,0.2975,0.0,False
013008,Brunnenstraße Nord,Mitte,buildings,S-Bahn,1.3,1684,,0,9.0739,6.2078,12.0122,9.2417,0.0778,0.0,False
013008,Brunnenstraße Nord,Mitte,buildings,S-Bahn,1.4,1684,,0,8.4257,5.7643,11.1542,8.5815,0.0428,0.0,False
013008,Brunnenstraße Nord,Mitte,buildings,U-Bahn,1.0,1684,,0,9.204,6.4965,12.5018,9.4709,0.0914,0.0,False
013008,Brunnenstraße Nord,Mitte,buildings,U-Bahn,1.3,1684,,0,7.08,4.9973,9.6168,7.2853,0.0012,0.0,False
013008,Brunnenstraße Nord,Mitte,buildings,U-Bahn,1.4,1684,,0,6.5743,4.6404,8.9299,6.765,0.0,0.0,False
013008,Brunnenstraße Nord,Mitte,buildings,Tram,1.0,1684,,0,17.2321,10.4989,24.463,17.1031,0.579,0.0125,False
013008,Brunnenstraße Nord,Mitte,buildings,Tram,1.3,1684,,0,13.2555,8.076,18.8177,13.1562,0.4329,0.0,False
013008,Brunnenstraße Nord,Mitte,buildings,Tram,1.4,1684,,0,12.3087,7.4992,17.4736,12.2165,0.3789,0.0,False
013008,Brunnenstraße Nord,Mitte,buildings,Bus,1.0,1684,,0,3.644,2.3693,5.1752,3.9243,0.0,0.0,False
013008,Brunnenstraße Nord,Mitte,buildings,Bus,1.3,1684,,0,2.8031,1.8225,3.9809,3.0187,0.0,0.0,False
013008,Brunnenstraße Nord,Mitte,buildings,Bus,1.4,1684,,0,2.6029,1.6924,3.6966,2.8031,0.0,0.0,False
013008,Brunnenstraße Nord,Mitte,buildings,Regionalbahn,1.0,1684,,0,22.8963,16.8639,28.7194,22.5371,0.8195,0.193,False
013008,Brunnenstraße Nord,Mitte,buildings,Regionalbahn,1.3,1684,,0,17.6125,12.9722,22.0918,17.3362,0.636,0.0018,False
013008,Brunnenstraße Nord,Mitte,buildings,Regionalbahn,1.4,1684,,0,16.3545,12.0456,20.5139,16.0979,0.5855,0.0,False
013008,Brunnenstraße Nord,Mitte,buildings,S- or U-Bahn,1.0,1684,,0,7.6475,5.5079,9.7287,7.7873,0.0178,0.0,False
013008,Brunnenstraße Nord,Mitte,buildings,S- or U-Bahn,1.3,1684,,0,5.8827,4.2368,7.4836,5.9902,0.0,0.0,False
013008,Brunnenstraße Nord,Mitte,buildings,S- or U-Bahn,1.4,1684,,0,5.4625,3.9342,6.9491,5.5624,0.0,0.0,False
014009,Parkviertel,Mitte,buildings,S-Bahn,1.0,3967,,0,40.5776,32.4965,45.2513,38.5722,0.9907,0.8097,False
014009,Parkviertel,Mitte,buildings,S-Bahn,1.3,3967,,0,31.2135,24.9973,34.8087,29.6709,0.9629,0.5765,False
014009,Parkviertel,Mitte,buildings,S-Bahn,1.4,3967,,0,28.984,23.2118,32.3223,27.5515,0.9503,0.4232,False
014009,Parkviertel,Mitte,buildings,U-Bahn,1.0,3967,,0,12.0096,7.8998,17.9629,14.7785,0.3559,0.1215,False
014009,Parkviertel,Mitte,buildings,U-Bahn,1.3,3967,,0,9.2382,6.0768,13.8176,11.3681,0.1938,0.0436,False
014009,Parkviertel,Mitte,buildings,U-Bahn,1.4,3967,,0,8.5783,5.6427,12.8307,10.5561,0.1588,0.0106,False
014009,Parkviertel,Mitte,buildings,Tram,1.0,3967,,0,20.6404,10.8981,30.7713,21.2422,0.6224,0.2811,False
014009,Parkviertel,Mitte,buildings,Tram,1.3,3967,,0,15.8773,8.3832,23.6702,16.3401,0.5296,0.0539,False
014009,Parkviertel,Mitte,buildings,Tram,1.4,3967,,0,14.7432,7.7844,21.9795,15.173,0.4903,0.0323,False
014009,Parkviertel,Mitte,buildings,Bus,1.0,3967,,0,5.853,3.981,8.5212,7.3777,0.1016,0.0028,False
014009,Parkviertel,Mitte,buildings,Bus,1.3,3967,,0,4.5023,3.0623,6.5548,5.6751,0.0479,0.0,False
014009,Parkviertel,Mitte,buildings,Bus,1.4,3967,,0,4.1807,2.8436,6.0866,5.2698,0.0265,0.0,False
014009,Parkviertel,Mitte,buildings,Regionalbahn,1.0,3967,,0,66.2002,59.2339,74.8382,66.9537,1.0,1.0,False
014009,Parkviertel,Mitte,buildings,Regionalbahn,1.3,3967,,0,50.9233,45.5645,57.5678,51.5029,1.0,1.0,False
014009,Parkviertel,Mitte,buildings,Regionalbahn,1.4,3967,,0,47.2859,42.3099,53.4558,47.8241,1.0,0.995,False
014009,Parkviertel,Mitte,buildings,S- or U-Bahn,1.0,3967,,0,12.0096,7.8952,17.9629,14.7705,0.3559,0.1215,False
014009,Parkviertel,Mitte,buildings,S- or U-Bahn,1.3,3967,,0,9.2382,6.0733,13.8176,11.3619,0.1938,0.0436,False
014009,Parkviertel,Mitte,buildings,S- or U-Bahn,1.4,3967,,0,8.5783,5.6395,12.8307,10.5503,0.1586,0.0106,False
014010,Wedding Zentrum,Mitte,buildings,S-Bahn,1.0,2080,,0,17.9251,13.9665,21.945,17.882,0.6899,0.012,False
014010,Wedding Zentrum,Mitte,buildings,S-Bahn,1.3,2080,,0,13.7885,10.7435,16.8808,13.7554,0.3909,0.0,False
014010,Wedding Zentrum,Mitte,buildings,S-Bahn,1.4,2080,,0,12.8036,9.9761,15.675,12.7729,0.2957,0.0,False
014010,Wedding Zentrum,Mitte,buildings,U-Bahn,1.0,2080,,0,7.3909,5.1995,9.4768,7.382,0.0,0.0,False
014010,Wedding Zentrum,Mitte,buildings,U-Bahn,1.3,2080,,0,5.6853,3.9996,7.2899,5.6785,0.0,0.0,False
014010,Wedding Zentrum,Mitte,buildings,U-Bahn,1.4,2080,,0,5.2792,3.7139,6.7692,5.2729,0.0,0.0,False
014010,Wedding Zentrum,Mitte,buildings,Tram,1.0,2080,,0,13.142,8.1989,17.9639,13.179,0.4087,0.0,False
014010,Wedding Zentrum,Mitte,buildings,Tram,1.3,2080,,0,10.1092,6.3069,13.8184,10.1377,0.174,0.0,False
014010,Wedding Zentrum,Mitte,buildings,Tram,1.4,2080,,0,9.3872,5.8564,12.8314,9.4136,0.1154,0.0,False
014010,Wedding Zentrum,Mitte,buildings,Bus,1.0,2080,,0,4.0696,2.7353,5.6005,4.2987,0.0,0.0,False
014010,Wedding Zentrum,Mitte,buildings,Bus,1.3,2080,,0,3.1305,2.1041,4.3081,3.3067,0.0,0.0,False
014010,Wedding Zentrum,Mitte,buildings,Bus,1.4,2080,,0,2.9069,1.9538,4.0004,3.0705,0.0,0.0,False
014010,Wedding Zentrum,Mitte,buildings,Regionalbahn,1.0,2080,,0,38.6273,30.2541,43.5061,36.6414,1.0,0.7529,False
014010,Wedding Zentrum,Mitte,buildings,Regionalbahn,1.3,2080,,0,29.7133,23.2724,33.4662,28.1857,0.9514,0.4846,False
014010,Wedding Zentrum,Mitte,buildings,Regionalbahn,1.4,2080,,0,27.591,21.6101,31.0758,26.1724,0.9312,0.3423,False
014010,Wedding Zentrum,Mitte,buildings,S- or U-Bahn,1.0,2080,,0,7.3581,5.1995,9.3403,7.306,0.0,0.0,False
014010,Wedding Zentrum,Mitte,buildings,S- or U-Bahn,1.3,2080,,0,5.6601,3.9996,7.1848,5.62,0.0,0.0,False
014010,Wedding Zentrum,Mitte,buildings,S- or U-Bahn,1.4,2080,,0,5.2558,3.7139,6.6716,5.2186,0.0,0.0,False
021001,Südliche  Friedrichstadt,Friedrichshain-Kreuzberg,buildings,S-Bahn,1.0,1257,,0,26.3018,14.8384,33.3838,24.2469,0.7454,0.3325,False
021001,Südliche  Friedrichstadt,Friedrichshain-Kreuzberg,buildings,S-Bahn,1.3,1257,,0,20.2322,11.4142,25.6799,18.6515,0.6595,0.0756,False
021001,Südliche  Friedrichstadt,Friedrichshain-Kreuzberg,buildings,S-Bahn,1.4,1257,,0,18.787,10.5989,23.8456,17.3192,0.6388,0.0366,False
021001,Südliche  Friedrichstadt,Friedrichshain-Kreuzberg,buildings,U-Bahn,1.0,1257,,0,7.2315,5.2287,9.9191,7.5569,0.008,0.0,False
021001,Südliche  Friedrichstadt,Friedrichshain-Kreuzberg,buildings,U-Bahn,1.3,1257,,0,5.5627,4.0221,7.6301,5.813,0.0,0.0,False
021001,Südliche  Friedrichstadt,Friedrichshain-Kreuzberg,buildings,U-Bahn,1.4,1257,,0,5.1653,3.7348,7.0851,5.3978,0.0,0.0,False
021001,Südliche  Friedrichstadt,Friedrichshain-Kreuzberg,buildings,Tram,1.0,1257,,0,40.9775,35.0837,45.7394,40.1335,1.0,0.9006,False
021001,Südliche  Friedrichstadt,Friedrichshain-Kreuzberg,buildings,Tram,1.3,1257,,0,31.5212,26.9875,35.1841,30.8719,1.0,0.5975,False
021001,Südliche  Friedrichstadt,Friedrichshain-Kreuzberg,buildings,Tram,1.4,1257,,0,29.2697,25.0598,32.671,28.6668,1.0,0.4375,False
021001,Südliche  Friedrichstadt,Friedrichshain-Kreuzberg,buildings,Bus,1.0,1257,,0,3.8204,2.501,5.2471,4.0357,0.0,0.0,False
021001,Südliche  Friedrichstadt,Friedrichshain-Kreuzberg,buildings,Bus,1.3,1257,,0,2.9388,1.9238,4.0362,3.1044,0.0,0.0,False
021001,Südliche  Friedrichstadt,Friedrichshain-Kreuzberg,buildings,Bus,1.4,1257,,0,2.7288,1.7864,3.7479,2.8827,0.0,0.0,False
021001,Südliche  Friedrichstadt,Friedrichshain-Kreuzberg,buildings,Regionalbahn,1.0,1257,,0,34.825,23.7115,40.2292,31.9967,0.9125,0.6372,False
021001,Südliche  Friedrichstadt,Friedrichshain-Kreuzberg,buildings,Regionalbahn,1.3,1257,,0,26.7884,18.2396,30.9456,24.6128,0.8496,0.3119,False
021001,Südliche  Friedrichstadt,Friedrichshain-Kreuzberg,buildings,Regionalbahn,1.4,1257,,0,24.875,16.9368,28.7352,22.8548,0.8178,0.1687,False
021001,Südliche  Friedrichstadt,Friedrichshain-Kreuzberg,buildings,S- or U-Bahn,1.0,1257,,0,6.8045,5.0179,9.3373,7.2336,0.008,0.0,False
021001,Südliche  Friedrichstadt,Friedrichshain-Kreuzberg,buildings,S- or U-Bahn,1.3,1257,,0,5.2342,3.8599,7.1825,5.5643,0.0,0.0,False
021001,Südliche  Friedrichstadt,Friedrichshain-Kreuzberg,buildings,S- or U-Bahn,1.4,1257,,0,4.8604,3.5842,6.6695,5.1669,0.0,0.0,False
022002,Tempelhofer Vorstadt,Friedrichshain-Kreuzberg,buildings,S-Bahn,1.0,4157,,0,31.5854,21.5127,42.3276,31.6499,0.9225,0.5603,False
022002,Tempelhofer Vorstadt,Friedrichshain-Kreuzberg,buildings,S-Bahn,1.3,4157,,0,24.2965,16.5482,32.5597,24.3461,0.7917,0.3175,False
022002,Tempelhofer Vorstadt,Friedrichshain-Kreuzberg,buildings,S-Bahn,1.4,4157,,0,22.561,15.3662,30.234,22.6071,0.7602,0.26,False
022002,Tempelhofer Vorstadt,Friedrichshain-Kreuzberg,buildings,U-Bahn,1.0,4157,,0,8.3992,6.1833,10.6545,8.4249,0.032,0.0,False
022002,Tempelhofer Vorstadt,Friedrichshain-Kreuzberg,buildings,U-Bahn,1.3,4157,,0,6.4609,4.7564,8.1958,6.4807,0.001,0.0,False
022002,Tempelhofer Vorstadt,Friedrichshain-Kreuzberg,buildings,U-Bahn,1.4,4157,,0,5.9994,4.4167,7.6104,6.0178,0.0,0.0,False
022002,Tempelhofer Vorstadt,Friedrichshain-Kreuzberg,buildings,Tram,1.0,4157,,0,57.5497,52.8122,63.1018,58.2679,1.0,1.0,False
022002,Tempelhofer Vorstadt,Friedrichshain-Kreuzberg,buildings,Tram,1.3,4157,,0,44.269,40.6248,48.5398,44.8214,1.0,1.0,False
022002,Tempelhofer Vorstadt,Friedrichshain-Kreuzberg,buildings,Tram,1.4,4157,,0,41.1069,37.723,45.0727,41.6199,1.0,1.0,False
022002,Tempelhofer Vorstadt,Friedrichshain-Kreuzberg,buildings,Bus,1.0,4157,,0,4.0571,2.817,5.4602,4.3001,0.0002,0.0,False
022002,Tempelhofer Vorstadt,Friedrichshain-Kreuzberg,buildings,Bus,1.3,4157,,0,3.1208,2.1669,4.2001,3.3078,0.0,0.0,False
022002,Tempelhofer Vorstadt,Friedrichshain-Kreuzberg,buildings,Bus,1.4,4157,,0,2.8979,2.0121,3.9001,3.0715,0.0,0.0,False
022002,Tempelhofer Vorstadt,Friedrichshain-Kreuzberg,buildings,Regionalbahn,1.0,4157,,0,43.765,37.8884,49.1979,43.0048,0.9995,0.917,False
022002,Tempelhofer Vorstadt,Friedrichshain-Kreuzberg,buildings,Regionalbahn,1.3,4157,,0,33.6654,29.1449,37.8446,33.0806,0.9937,0.7164,False
022002,Tempelhofer Vorstadt,Friedrichshain-Kreuzberg,buildings,Regionalbahn,1.4,4157,,0,31.2607,27.0631,35.1414,30.7177,0.9875,0.5872,False
022002,Tempelhofer Vorstadt,Friedrichshain-Kreuzberg,buildings,S- or U-Bahn,1.0,4157,,0,8.3992,6.1833,10.6545,8.3866,0.0229,0.0,False
022002,Tempelhofer Vorstadt,Friedrichshain-Kreuzberg,buildings,S- or U-Bahn,1.3,4157,,0,6.4609,4.7564,8.1958,6.4512,0.001,0.0,False
022002,Tempelhofer Vorstadt,Friedrichshain-Kreuzberg,buildings,S- or U-Bahn,1.4,4157,,0,5.9994,4.4167,7.6104,5.9904,0.0,0.0,False
023003,Nördliche Luisenstadt,Friedrichshain-Kreuzberg,buildings,S-Bahn,1.0,1322,,0,27.6521,24.7368,30.2717,27.0343,0.9977,0.2821,False
023003,Nördliche Luisenstadt,Friedrichshain-Kreuzberg,buildings,S-Bahn,1.3,1322,,0,21.2708,19.0283,23.2859,20.7956,0.9251,0.0,False
023003,Nördliche Luisenstadt,Friedrichshain-Kreuzberg,buildings,S-Bahn,1.4,1322,,0,19.7515,17.6692,21.6226,19.3102,0.8782,0.0,False
023003,Nördliche Luisenstadt,Friedrichshain-Kreuzberg,buildings,U-Bahn,1.0,1322,,0,8.5662,6.1006,11.0976,8.7581,0.0499,0.0,False
023003,Nördliche Luisenstadt,Friedrichshain-Kreuzberg,buildings,U-Bahn,1.3,1322,,0,6.5894,4.6928,8.5366,6.737,0.0038,0.0,False
023003,Nördliche Luisenstadt,Friedrichshain-Kreuzberg,buildings,U-Bahn,1.4,1322,,0,6.1187,4.3576,7.9269,6.2558,0.0,0.0,False
023003,Nördliche Luisenstadt,Friedrichshain-Kreuzberg,buildings,Tram,1.0,1322,,0,33.6241,26.8593,40.587,32.9963,0.9697,0.6384,False
023003,Nördliche Luisenstadt,Friedrichshain-Kreuzberg,buildings,Tram,1.3,1322,,0,25.8647,20.661,31.2208,25.3817,0.9236,0.326,False
023003,Nördliche Luisenstadt,Friedrichshain-Kreuzberg,buildings,Tram,1.4,1322,,0,24.0172,19.1852,28.9907,23.5688,0.916,0.1362,False
023003,Nördliche Luisenstadt,Friedrichshain-Kreuzberg,buildings,Bus,1.0,1322,,0,2.8136,1.885,3.7018,2.8207,0.0,0.0,False
023003,Nördliche Luisenstadt,Friedrichshain-Kreuzberg,buildings,Bus,1.3,1322,,0,2.1643,1.45,2.8475,2.1698,0.0,0.0,False
023003,Nördliche Luisenstadt,Friedrichshain-Kreuzberg,buildings,Bus,1.4,1322,,0,2.0097,1.3465,2.6441,2.0148,0.0,0.0,False
023003,Nördliche Luisenstadt,Friedrichshain-Kreuzberg,buildings,Regionalbahn,1.0,1322,,0,27.6288,24.7301,30.2076,27.1762,0.9909,0.2761,False
023003,Nördliche Luisenstadt,Friedrichshain-Kreuzberg,buildings,Regionalbahn,1.3,1322,,0,21.2529,19.0232,23.2366,20.9048,0.9372,0.0,False
023003,Nördliche Luisenstadt,Friedrichshain-Kreuzberg,buildings,Regionalbahn,1.4,1322,,0,19.7349,17.6644,21.5769,19.4116,0.907,0.0,False
023003,Nördliche Luisenstadt,Friedrichshain-Kreuzberg,buildings,S- or U-Bahn,1.0,1322,,0,8.5662,6.1006,11.0976,8.7099,0.0477,0.0,False
023003,Nördliche Luisenstadt,Friedrichshain-Kreuzberg,buildings,S- or U-Bahn,1.3,1322,,0,6.5894,4.6928,8.5366,6.6999,0.0,0.0,False
023003,Nördliche Luisenstadt,Friedrichshain-Kreuzberg,buildings,S- or U-Bahn,1.4,1322,,0,6.1187,4.3576,7.9269,6.2213,0.0,0.0,False
023004,Südliche Luisenstadt,Friedrichshain-Kreuzberg,buildings,S-Bahn,1.0,1497,,0,32.3684,25.1145,36.6323,30.7246,0.9953,0.5711,False
023004,Südliche Luisenstadt,Friedrichshain-Kreuzberg,buildings,S-Bahn,1.3,1497,,0,24.8988,19.3188,28.1787,23.6343,0.9145,0.0969,False
023004,Südliche Luisenstadt,Friedrichshain-Kreuzberg,buildings,S-Bahn,1.4,1497,,0,23.1203,17.9389,26.1659,21.9462,0.8804,0.0073,False
023004,Südliche Luisenstadt,Friedrichshain-Kreuzberg,buildings,U-Bahn,1.0,1497,,0,11.4664,8.7104,14.5001,11.9084,0.2285,0.0,False
023004,Südliche Luisenstadt,Friedrichshain-Kreuzberg,buildings,U-Bahn,1.3,1497,,0,8.8203,6.7003,11.1539,9.1603,0.0795,0.0,False
023004,Südliche Luisenstadt,Friedrichshain-Kreuzberg,buildings,U-Bahn,1.4,1497,,0,8.1903,6.2217,10.3572,8.506,0.0407,0.0,False
023004,Südliche Luisenstadt,Friedrichshain-Kreuzberg,buildings,Tram,1.0,1497,,0,28.3856,21.0463,33.6415,27.4484,0.9372,0.4469,False
023004,Südliche Luisenstadt,Friedrichshain-Kreuzberg,buildings,Tram,1.3,1497,,0,21.8351,16.1894,25.8781,21.1141,0.8303,0.0454,False
023004,Südliche Luisenstadt,Friedrichshain-Kreuzberg,buildings,Tram,1.4,1497,,0,20.2754,15.0331,24.0297,19.606,0.7542,0.018,False
023004,Südliche Luisenstadt,Friedrichshain-Kreuzberg,buildings,Bus,1.0,1497,,0,5.0282,3.2288,6.9273,5.2768,0.0,0.0,False
023004,Südliche Luisenstadt,Friedrichshain-Kreuzberg,buildings,Bus,1.3,1497,,0,3.8678,2.4837,5.3287,4.0591,0.0,0.0,False
023004,Südliche Luisenstadt,Friedrichshain-Kreuzberg,buildings,Bus,1.4,1497,,0,3.5916,2.3063,4.948,3.7692,0.0,0.0,False
023004,Südliche Luisenstadt,Friedrichshain-Kreuzberg,buildings,Regionalbahn,1.0,1497,,0,37.9105,34.9366,41.9826,38.7323,1.0,0.9773,False
023004,Südliche Luisenstadt,Friedrichshain-Kreuzberg,buildings,Regionalbahn,1.3,1497,,0,29.1619,26.8743,32.2943,29.7941,1.0,0.4188,False
023004,Südliche Luisenstadt,Friedrichshain-Kreuzberg,buildings,Regionalbahn,1.4,1497,,0,27.0789,24.9547,29.9876,27.6659,1.0,0.2492,False
023004,Südliche Luisenstadt,Friedrichshain-Kreuzberg,buildings,S- or U-Bahn,1.0,1497,,0,11.4664,8.7104,14.5001,11.9082,0.2278,0.0,False
023004,Südliche Luisenstadt,Friedrichshain-Kreuzberg,buildings,S- or U-Bahn,1.3,1497,,0,8.8203,6.7003,11.1539,9.1601,0.0795,0.0,False
023004,Südliche Luisenstadt,Friedrichshain-Kreuzberg,buildings,S- or U-Bahn,1.4,1497,,0,8.1903,6.2217,10.3572,8.5058,0.0407,0.0,False
024005,Karl-Marx-Allee Nord,Friedrichshain-Kreuzberg,buildings,S-Bahn,1.0,719,,0,23.3363,20.3927,25.6197,22.9006,0.9736,0.0083,False
024005,Karl-Marx-Allee Nord,Friedrichshain-Kreuzberg,buildings,S-Bahn,1.3,719,,0,17.951,15.6867,19.7075,17.6159,0.8081,0.0,False
024005,Karl-Marx-Allee Nord,Friedrichshain-Kreuzberg,buildings,S-Bahn,1.4,719,,0,16.6688,14.5662,18.2998,16.3576,0.7024,0.0,False
024005,Karl-Marx-Allee Nord,Friedrichshain-Kreuzberg,buildings,U-Bahn,1.0,719,,0,13.2557,9.8379,16.8335,13.4917,0.3922,0.0,False
024005,Karl-Marx-Allee Nord,Friedrichshain-Kreuzberg,buildings,U-Bahn,1.3,719,,0,10.1967,7.5676,12.9488,10.3782,0.1433,0.0,False
024005,Karl-Marx-Allee Nord,Friedrichshain-Kreuzberg,buildings,U-Bahn,1.4,719,,0,9.4683,7.027,12.0239,9.6369,0.0793,0.0,False
024005,Karl-Marx-Allee Nord,Friedrichshain-Kreuzberg,buildings,Tram,1.0,719,,0,6.2191,4.36,8.3139,6.5736,0.0056,0.0,False
024005,Karl-Marx-Allee Nord,Friedrichshain-Kreuzberg,buildings,Tram,1.3,719,,0,4.784,3.3538,6.3953,5.0566,0.0,0.0,False
024005,Karl-Marx-Allee Nord,Friedrichshain-Kreuzberg,buildings,Tram,1.4,719,,0,4.4422,3.1143,5.9385,4.6954,0.0,0.0,False
024005,Karl-Marx-Allee Nord,Friedrichshain-Kreuzberg,buildings,Bus,1.0,719,,0,7.4842,4.7669,9.7869,7.366,0.0,0.0,False
024005,Karl-Marx-Allee Nord,Friedrichshain-Kreuzberg,buildings,Bus,1.3,719,,0,5.7571,3.6668,7.5284,5.6662,0.0,0.0,False
024005,Karl-Marx-Allee Nord,Friedrichshain-Kreuzberg,buildings,Bus,1.4,719,,0,5.3459,3.4049,6.9907,5.2614,0.0,0.0,False
024005,Karl-Marx-Allee Nord,Friedrichshain-Kreuzberg,buildings,Regionalbahn,1.0,719,,0,30.2439,26.8545,34.5686,30.6573,1.0,0.516,False
024005,Karl-Marx-Allee Nord,Friedrichshain-Kreuzberg,buildings,Regionalbahn,1.3,719,,0,23.2646,20.6573,26.5913,23.5825,0.9847,0.0807,False
024005,Karl-Marx-Allee Nord,Friedrichshain-Kreuzberg,buildings,Regionalbahn,1.4,719,,0,21.6028,19.1818,24.6919,21.8981,0.9485,0.0278,False
024005,Karl-Marx-Allee Nord,Friedrichshain-Kreuzberg,buildings,S- or U-Bahn,1.0,719,,0,13.2194,9.8379,16.2127,12.994,0.3658,0.0,False
024005,Karl-Marx-Allee Nord,Friedrichshain-Kreuzberg,buildings,S- or U-Bahn,1.3,719,,0,10.1688,7.5676,12.4713,9.9954,0.0779,0.0,False
024005,Karl-Marx-Allee Nord,Friedrichshain-Kreuzberg,buildings,S- or U-Bahn,1.4,719,,0,9.4424,7.027,11.5805,9.2815,0.0334,0.0,False
024006,Karl-Marx-Allee Süd,Friedrichshain-Kreuzberg,buildings,S-Bahn,1.0,696,,0,13.1789,10.1149,16.334,13.28,0.3448,0.0,False
024006,Karl-Marx-Allee Süd,Friedrichshain-Kreuzberg,buildings,S-Bahn,1.3,696,,0,10.1376,7.7807,12.5646,10.2154,0.0805,0.0,False
024006,Karl-Marx-Allee Süd,Friedrichshain-Kreuzberg,buildings,S-Bahn,1.4,696,,0,9.4135,7.2249,11.6671,9.4857,0.0402,0.0,False
024006,Karl-Marx-Allee Süd,Friedrichshain-Kreuzberg,buildings,U-Bahn,1.0,696,,0,10.484,7.9312,13.2615,11.1144,0.181,0.0029,False
024006,Karl-Marx-Allee Süd,Friedrichshain-Kreuzberg,buildings,U-Bahn,1.3,696,,0,8.0646,6.101,10.2011,8.5495,0.0661,0.0,False
024006,Karl-Marx-Allee Süd,Friedrichshain-Kreuzberg,buildings,U-Bahn,1.4,696,,0,7.4885,5.6652,9.4725,7.9388,0.0345,0.0,False
024006,Karl-Marx-Allee Süd,Friedrichshain-Kreuzberg,buildings,Tram,1.0,696,,0,11.5724,5.7464,20.5138,13.2792,0.4181,0.0057,False
024006,Karl-Marx-Allee Süd,Friedrichshain-Kreuzberg,buildings,Tram,1.3,696,,0,8.9018,4.4203,15.7799,10.2147,0.2816,0.0,False
024006,Karl-Marx-Allee Süd,Friedrichshain-Kreuzberg,buildings,Tram,1.4,696,,0,8.266,4.1046,14.6527,9.4851,0.2299,0.0,False
024006,Karl-Marx-Allee Süd,Friedrichshain-Kreuzberg,buildings,Bus,1.0,696,,0,3.9213,2.7261,5.4361,4.1148,0.0029,0.0,False
024006,Karl-Marx-Allee Süd,Friedrichshain-Kreuzberg,buildings,Bus,1.3,696,,0,3.0164,2.097,4.1817,3.1652,0.0,0.0,False
024006,Karl-Marx-Allee Süd,Friedrichshain-Kreuzberg,buildings,Bus,1.4,696,,0,2.8009,1.9472,3.883,2.9391,0.0,0.0,False
024006,Karl-Marx-Allee Süd,Friedrichshain-Kreuzberg,buildings,Regionalbahn,1.0,696,,0,19.3668,13.4714,23.8132,18.4144,0.681,0.0014,False
024006,Karl-Marx-Allee Süd,Friedrichshain-Kreuzberg,buildings,Regionalbahn,1.3,696,,0,14.8975,10.3626,18.3178,14.1649,0.4986,0.0,False
024006,Karl-Marx-Allee Süd,Friedrichshain-Kreuzberg,buildings,Regionalbahn,1.4,696,,0,13.8334,9.6225,17.0094,13.1531,0.4224,0.0,False
024006,Karl-Marx-Allee Süd,Friedrichshain-Kreuzberg,buildings,S- or U-Bahn,1.0,696,,0,9.1108,6.9852,10.7998,8.9939,0.0201,0.0,False
024006,Karl-Marx-Allee Süd,Friedrichshain-Kreuzberg,buildings,S- or U-Bahn,1.3,696,,0,7.0083,5.3732,8.3076,6.9184,0.0,0.0,False
024006,Karl-Marx-Allee Süd,Friedrichshain-Kreuzberg,buildings,S- or U-Bahn,1.4,696,,0,6.5077,4.9894,7.7142,6.4242,0.0,0.0,False
025007,Frankfurter Allee Nord,Friedrichshain-Kreuzberg,buildings,S-Bahn,1.0,980,,0,14.1089,11.7153,16.7021,13.9331,0.3847,0.0,False
025007,Frankfurter Allee Nord,Friedrichshain-Kreuzberg,buildings,S-Bahn,1.3,980,,0,10.853,9.0118,12.8477,10.7178,0.0704,0.0,False
025007,Frankfurter Allee Nord,Friedrichshain-Kreuzberg,buildings,S-Bahn,1.4,980,,0,10.0778,8.3681,11.93,9.9522,0.0224,0.0,False
025007,Frankfurter Allee Nord,Friedrichshain-Kreuzberg,buildings,U-Bahn,1.0,980,,0,9.9019,7.126,13.7208,10.8635,0.2041,0.0,False
025007,Frankfurter Allee Nord,Friedrichshain-Kreuzberg,buildings,U-Bahn,1.3,980,,0,7.6168,5.4816,10.5545,8.3565,0.0929,0.0,False
025007,Frankfurter Allee Nord,Friedrichshain-Kreuzberg,buildings,U-Bahn,1.4,980,,0,7.0728,5.09,9.8006,7.7596,0.0633,0.0,False
025007,Frankfurter Allee Nord,Friedrichshain-Kreuzberg,buildings,Tram,1.0,980,,0,6.4515,4.4883,8.3674,6.4225,0.0,0.0,False
025007,Frankfurter Allee Nord,Friedrichshain-Kreuzberg,buildings,Tram,1.3,980,,0,4.9627,3.4525,6.4364,4.9404,0.0,0.0,False
025007,Frankfurter Allee Nord,Friedrichshain-Kreuzberg,buildings,Tram,1.4,980,,0,4.6082,3.2059,5.9767,4.5875,0.0,0.0,False
025007,Frankfurter Allee Nord,Friedrichshain-Kreuzberg,buildings,Bus,1.0,980,,0,9.239,7.1187,11.3993,9.0471,0.0,0.0,False
025007,Frankfurter Allee Nord,Friedrichshain-Kreuzberg,buildings,Bus,1.3,980,,0,7.1069,5.4759,8.7687,6.9593,0.0,0.0,False
025007,Frankfurter Allee Nord,Friedrichshain-Kreuzberg,buildings,Bus,1.4,980,,0,6.5993,5.0848,8.1423,6.4622,0.0,0.0,False
025007,Frankfurter Allee Nord,Friedrichshain-Kreuzberg,buildings,Regionalbahn,1.0,980,,0,35.157,32.1616,37.6949,34.8308,1.0,0.8602,False
025007,Frankfurter Allee Nord,Friedrichshain-Kreuzberg,buildings,Regionalbahn,1.3,980,,0,27.0438,24.7397,28.9961,26.7929,1.0,0.152,False
025007,Frankfurter Allee Nord,Friedrichshain-Kreuzberg,buildings,Regionalbahn,1.4,980,,0,25.1121,22.9726,26.925,24.8791,1.0,0.0296,False
025007,Frankfurter Allee Nord,Friedrichshain-Kreuzberg,buildings,S- or U-Bahn,1.0,980,,0,9.6167,6.8062,12.1637,9.4184,0.0531,0.0,False
025007,Frankfurter Allee Nord,Friedrichshain-Kreuzberg,buildings,S- or U-Bahn,1.3,980,,0,7.3975,5.2356,9.3567,7.2449,0.0,0.0,False
025007,Frankfurter Allee Nord,Friedrichshain-Kreuzberg,buildings,S- or U-Bahn,1.4,980,,0,6.8691,4.8616,8.6884,6.7274,0.0,0.0,False
025008,Frankfurter Allee Süd FK,Friedrichshain-Kreuzberg,buildings,S-Bahn,1.0,2008,,0,14.391,10.8976,17.6432,14.4049,0.4407,0.0005,False
025008,Frankfurter Allee Süd FK,Friedrichshain-Kreuzberg,buildings,S-Bahn,1.3,2008,,0,11.07,8.3828,13.5717,11.0807,0.1414,0.0,False
025008,Frankfurter Allee Süd FK,Friedrichshain-Kreuzberg,buildings,S-Bahn,1.4,2008,,0,10.2793,7.784,12.6023,10.2892,0.0712,0.0,False
025008,Frankfurter Allee Süd FK,Friedrichshain-Kreuzberg,buildings,U-Bahn,1.0,2008,,0,12.1612,8.1905,19.3258,15.7158,0.365,0.131,False
025008,Frankfurter Allee Süd FK,Friedrichshain-Kreuzberg,buildings,U-Bahn,1.3,2008,,0,9.3548,6.3004,14.866,12.0891,0.2445,0.0652,False
025008,Frankfurter Allee Süd FK,Friedrichshain-Kreuzberg,buildings,U-Bahn,1.4,2008,,0,8.6866,5.8504,13.8041,11.2255,0.2092,0.0354,False
025008,Frankfurter Allee Süd FK,Friedrichshain-Kreuzberg,buildings,Tram,1.0,2008,,0,5.4237,3.5064,12.1932,8.8182,0.2136,0.0239,False
025008,Frankfurter Allee Süd FK,Friedrichshain-Kreuzberg,buildings,Tram,1.3,2008,,0,4.1721,2.6972,9.3794,6.7832,0.1315,0.0005,False
025008,Frankfurter Allee Süd FK,Friedrichshain-Kreuzberg,buildings,Tram,1.4,2008,,0,3.8741,2.5046,8.7094,6.2987,0.0966,0.0005,False
025008,Frankfurter Allee Süd FK,Friedrichshain-Kreuzberg,buildings,Bus,1.0,2008,,0,4.6356,3.0812,6.2851,4.7554,0.0,0.0,False
025008,Frankfurter Allee Süd FK,Friedrichshain-Kreuzberg,buildings,Bus,1.3,2008,,0,3.5659,2.3701,4.8347,3.658,0.0,0.0,False
025008,Frankfurter Allee Süd FK,Friedrichshain-Kreuzberg,buildings,Bus,1.4,2008,,0,3.3112,2.2008,4.4894,3.3967,0.0,0.0,False
025008,Frankfurter Allee Süd FK,Friedrichshain-Kreuzberg,buildings,Regionalbahn,1.0,2008,,0,20.8936,15.8129,24.5925,20.1529,0.7764,0.0463,False
025008,Frankfurter Allee Süd FK,Friedrichshain-Kreuzberg,buildings,Regionalbahn,1.3,2008,,0,16.072,12.1638,18.9173,15.5022,0.5772,0.0005,False
025008,Frankfurter Allee Süd FK,Friedrichshain-Kreuzberg,buildings,Regionalbahn,1.4,2008,,0,14.924,11.2949,17.5661,14.3949,0.4945,0.0005,False
025008,Frankfurter Allee Süd FK,Friedrichshain-Kreuzberg,buildings,S- or U-Bahn,1.0,2008,,0,10.2534,7.6214,13.2977,10.7966,0.1375,0.0005,False
025008,Frankfurter Allee Süd FK,Friedrichshain-Kreuzberg,buildings,S- or U-Bahn,1.3,2008,,0,7.8873,5.8626,10.229,8.3051,0.0528,0.0,False
025008,Frankfurter Allee Süd FK,Friedrichshain-Kreuzberg,buildings,S- or U-Bahn,1.4,2008,,0,7.3239,5.4439,9.4983,7.7119,0.0349,0.0,False
031001,Buch,Pankow,buildings,S-Bahn,1.0,2248,,0,26.6379,20.2549,32.7324,30.364,0.8995,0.3572,False
031001,Buch,Pankow,buildings,S-Bahn,1.3,2248,,0,20.4907,15.5807,25.1788,23.3569,0.7736,0.1575,False
031001,Buch,Pankow,buildings,S-Bahn,1.4,2248,,0,19.0271,14.4678,23.3803,21.6886,0.7157,0.129,False
031001,Buch,Pankow,buildings,U-Bahn,1.0,2248,,0,198.4716,178.6743,204.8813,188.3883,1.0,1.0,False
031001,Buch,Pankow,buildings,U-Bahn,1.3,2248,,0,152.6705,137.4418,157.601,144.9141,1.0,1.0,False
031001,Buch,Pankow,buildings,U-Bahn,1.4,2248,,0,141.7654,127.6245,146.3438,134.5631,1.0,1.0,False
031001,Buch,Pankow,buildings,Tram,1.0,2248,,0,114.2484,102.067,122.6803,106.2809,1.0,0.9978,False
031001,Buch,Pankow,buildings,Tram,1.3,2248,,0,87.8834,78.513,94.3695,81.7545,1.0,0.9769,False
031001,Buch,Pankow,buildings,Tram,1.4,2248,,0,81.606,72.905,87.6288,75.9149,1.0,0.9457,False
031001,Buch,Pankow,buildings,Bus,1.0,2248,,0,7.6075,4.8039,12.8246,8.9788,0.1641,0.0004,False
031001,Buch,Pankow,buildings,Bus,1.3,2248,,0,5.852,3.6953,9.8651,6.9067,0.0334,0.0,False
031001,Buch,Pankow,buildings,Bus,1.4,2248,,0,5.434,3.4314,9.1604,6.4134,0.0169,0.0,False
031001,Buch,Pankow,buildings,Regionalbahn,1.0,2248,,0,74.8005,66.5706,79.8196,71.5296,1.0,0.9889,False
031001,Buch,Pankow,buildings,Regionalbahn,1.3,2248,,0,57.5388,51.2082,61.3997,55.0227,0.9996,0.9631,False
031001,Buch,Pankow,buildings,Regionalbahn,1.4,2248,,0,53.4289,47.5504,57.014,51.0925,0.9978,0.9617,False
031001,Buch,Pankow,buildings,S- or U-Bahn,1.0,2248,,0,26.6379,20.2549,32.7324,30.364,0.8995,0.3572,False
031001,Buch,Pankow,buildings,S- or U-Bahn,1.3,2248,,0,20.4907,15.5807,25.1788,23.3569,0.7736,0.1575,False
031001,Buch,Pankow,buildings,S- or U-Bahn,1.4,2248,,0,19.0271,14.4678,23.3803,21.6886,0.7157,0.129,False
032002,Blankenfelde/Niederschönhausen,Pankow,buildings,S-Bahn,1.0,11678,,0,58.7422,42.312,71.8563,59.9164,1.0,0.9079,False
032002,Blankenfelde/Niederschönhausen,Pankow,buildings,S-Bahn,1.3,11678,,0,45.1863,32.5477,55.2741,46.0895,0.9974,0.795,False
032002,Blankenfelde/Niederschönhausen,Pankow,buildings,S-Bahn,1.4,11678,,0,41.9587,30.2229,51.3259,42.7974,0.9949,0.7543,False
032002,Blankenfelde/Niederschönhausen,Pankow,buildings,U-Bahn,1.0,11678,,0,69.749,55.7971,87.3261,73.9418,1.0,0.9973,False
032002,Blankenfelde/Niederschönhausen,Pankow,buildings,U-Bahn,1.3,11678,,0,53.6531,42.9208,67.1739,56.8783,1.0,0.962,False
032002,Blankenfelde/Niederschönhausen,Pankow,buildings,U-Bahn,1.4,11678,,0,49.8207,39.855,62.3758,52.8156,1.0,0.9351,False
032002,Blankenfelde/Niederschönhausen,Pankow,buildings,Tram,1.0,11678,,0,18.1158,8.9374,26.8641,24.3241,0.5808,0.2083,False
032002,Blankenfelde/Niederschönhausen,Pankow,buildings,Tram,1.3,11678,,0,13.9353,6.8749,20.6647,18.7108,0.4615,0.1752,False
032002,Blankenfelde/Niederschönhausen,Pankow,buildings,Tram,1.4,11678,,0,12.9399,6.3839,19.1887,17.3743,0.4143,0.1665,False
032002,Blankenfelde/Niederschönhausen,Pankow,buildings,Bus,1.0,11678,,0,6.5625,4.3199,9.7706,8.2184,0.1109,0.0098,False
032002,Blankenfelde/Niederschönhausen,Pankow,buildings,Bus,1.3,11678,,0,5.0481,3.323,7.5158,6.3218,0.0711,0.0045,False
032002,Blankenfelde/Niederschönhausen,Pankow,buildings,Bus,1.4,11678,,0,4.6875,3.0856,6.979,5.8703,0.0611,0.0031,False
032002,Blankenfelde/Niederschönhausen,Pankow,buildings,Regionalbahn,1.0,11678,,0,95.9806,86.0076,109.574,99.0843,1.0,1.0,False
032002,Blankenfelde/Niederschönhausen,Pankow,buildings,Regionalbahn,1.3,11678,,0,73.8312,66.1597,84.2877,76.2187,1.0,1.0,False
032002,Blankenfelde/Niederschönhausen,Pankow,buildings,Regionalbahn,1.4,11678,,0,68.5576,61.434,78.2671,70.7745,1.0,1.0,False
032002,Blankenfelde/Niederschönhausen,Pankow,buildings,S- or U-Bahn,1.0,11678,,0,58.407,42.086,71.4946,59.6805,1.0,0.9071,False
032002,Blankenfelde/Niederschönhausen,Pankow,buildings,S- or U-Bahn,1.3,11678,,0,44.9285,32.3738,54.9959,45.9081,0.9974,0.7905,False
032002,Blankenfelde/Niederschönhausen,Pankow,buildings,S- or U-Bahn,1.4,11678,,0,41.7193,30.0614,51.0676,42.6289,0.9949,0.7512,False
032003,Buchholz,Pankow,buildings,S-Bahn,1.0,8447,,0,41.8016,31.9734,54.6599,42.3453,0.9543,0.7953,False
032003,Buchholz,Pankow,buildings,S-Bahn,1.3,8447,,0,32.1551,24.5949,42.0461,32.5733,0.9236,0.5684,False
032003,Buchholz,Pankow,buildings,S-Bahn,1.4,8447,,0,29.8583,22.8382,39.0428,30.2466,0.9026,0.4946,False
032003,Buchholz,Pankow,buildings,U-Bahn,1.0,8447,,0,96.8217,84.2318,109.2112,95.9124,1.0,1.0,False
032003,Buchholz,Pankow,buildings,U-Bahn,1.3,8447,,0,74.4782,64.7937,84.0086,73.7788,1.0,1.0,False
032003,Buchholz,Pankow,buildings,U-Bahn,1.4,8447,,0,69.1583,60.1656,78.008,68.5089,1.0,1.0,False
032003,Buchholz,Pankow,buildings,Tram,1.0,8447,,0,14.7495,9.1208,21.3125,15.3599,0.4898,0.0333,False
032003,Buchholz,Pankow,buildings,Tram,1.3,8447,,0,11.3458,7.016,16.3942,11.8153,0.3153,0.0,False
032003,Buchholz,Pankow,buildings,Tram,1.4,8447,,0,10.5354,6.5149,15.2232,10.9713,0.2603,0.0,False
032003,Buchholz,Pankow,buildings,Bus,1.0,8447,,0,10.1894,6.369,14.2138,10.4765,0.2145,0.0,False
032003,Buchholz,Pankow,buildings,Bus,1.3,8447,,0,7.838,4.8993,10.9337,8.0588,0.044,0.0,False
032003,Buchholz,Pankow,buildings,Bus,1.4,8447,,0,7.2781,4.5493,10.1527,7.4832,0.0195,0.0,False
032003,Buchholz,Pankow,buildings,Regionalbahn,1.0,8447,,0,67.3708,55.4502,74.4971,65.2178,1.0,1.0,False
032003,Buchholz,Pankow,buildings,Regionalbahn,1.3,8447,,0,51.8237,42.654,57.3055,50.1675,1.0,0.9996,False
032003,Buchholz,Pankow,buildings,Regionalbahn,1.4,8447,,0,48.122,39.6073,53.2122,46.5841,1.0,0.9898,False
032003,Buchholz,Pankow,buildings,S- or U-Bahn,1.0,8447,,0,41.8016,31.9734,54.6599,42.3453,0.9543,0.7953,False
032003,Buchholz,Pankow,buildings,S- or U-Bahn,1.3,8447,,0,32.1551,24.5949,42.0461,32.5733,0.9236,0.5684,False
032003,Buchholz,Pankow,buildings,S- or U-Bahn,1.4,8447,,0,29.8583,22.8382,39.0428,30.2466,0.9026,0.4946,False
033004,Karow,Pankow,buildings,S-Bahn,1.0,6378,,0,22.1047,15.1536,33.1704,23.8383,0.7559,0.317,False
033004,Karow,Pankow,buildings,S-Bahn,1.3,6378,,0,17.0036,11.6566,25.5157,18.3372,0.5844,0.1074,False
033004,Karow,Pankow,buildings,S-Bahn,1.4,6378,,0,15.7891,10.824,23.6931,17.0274,0.5359,0.0533,False
033004,Karow,Pankow,buildings,U-Bahn,1.0,6378,,0,134.5144,126.1376,144.0536,134.9969,1.0,1.0,False
033004,Karow,Pankow,buildings,U-Bahn,1.3,6378,,0,103.4726,97.0289,110.8105,103.8437,1.0,1.0,False
033004,Karow,Pankow,buildings,U-Bahn,1.4,6378,,0,96.0817,90.0983,102.8954,96.4263,1.0,1.0,False
033004,Karow,Pankow,buildings,Tram,1.0,6378,,0,69.1928,62.9897,78.7889,70.9947,1.0,1.0,False
033004,Karow,Pankow,buildings,Tram,1.3,6378,,0,53.2252,48.4536,60.6068,54.6113,1.0,1.0,False
033004,Karow,Pankow,buildings,Tram,1.4,6378,,0,49.4234,44.9926,56.2778,50.7105,1.0,0.9978,False
033004,Karow,Pankow,buildings,Bus,1.0,6378,,0,7.0775,4.1331,10.2667,7.7673,0.087,0.0,False
033004,Karow,Pankow,buildings,Bus,1.3,6378,,0,5.4442,3.1793,7.8975,5.9748,0.0194,0.0,False
033004,Karow,Pankow,buildings,Bus,1.4,6378,,0,5.0553,2.9522,7.3334,5.5481,0.0067,0.0,False
033004,Karow,Pankow,buildings,Regionalbahn,1.0,6378,,0,22.2472,15.6199,32.6841,23.9785,0.7703,0.3147,False
033004,Karow,Pankow,buildings,Regionalbahn,1.3,6378,,0,17.1132,12.0153,25.1416,18.445,0.5913,0.1061,False
033004,Karow,Pankow,buildings,Regionalbahn,1.4,6378,,0,15.8909,11.1571,23.3458,17.1275,0.5461,0.0555,False
033004,Karow,Pankow,buildings,S- or U-Bahn,1.0,6378,,0,22.1047,15.1536,33.1704,23.8383,0.7559,0.317,False
033004,Karow,Pankow,buildings,S- or U-Bahn,1.3,6378,,0,17.0036,11.6566,25.5157,18.3372,0.5844,0.1074,False
033004,Karow,Pankow,buildings,S- or U-Bahn,1.4,6378,,0,15.7891,10.824,23.6931,17.0274,0.5359,0.0533,False
033005,Blankenburg/Heinersdorf/Märchenland,Pankow,buildings,S-Bahn,1.0,15372,,0,30.6555,21.5441,39.4838,30.7339,0.9033,0.5185,False
033005,Blankenburg/Heinersdorf/Märchenland,Pankow,buildings,S-Bahn,1.3,15372,,0,23.5811,16.5724,30.3722,23.6415,0.8051,0.2611,False
033005,Blankenburg/Heinersdorf/Märchenland,Pankow,buildings,S-Bahn,1.4,15372,,0,21.8968,15.3887,28.2027,21.9528,0.7646,0.2112,False
033005,Blankenburg/Heinersdorf/Märchenland,Pankow,buildings,U-Bahn,1.0,15372,,0,67.606,46.8476,84.9698,66.2512,1.0,0.9312,False
033005,Blankenburg/Heinersdorf/Märchenland,Pankow,buildings,U-Bahn,1.3,15372,,0,52.0046,36.0366,65.3614,50.9625,1.0,0.8296,False
033005,Blankenburg/Heinersdorf/Märchenland,Pankow,buildings,U-Bahn,1.4,15372,,0,48.29,33.4626,60.6927,47.3223,0.9995,0.7996,False
033005,Blankenburg/Heinersdorf/Märchenland,Pankow,buildings,Tram,1.0,15372,,0,23.5684,12.8687,33.9171,24.6915,0.7153,0.3331,False
033005,Blankenburg/Heinersdorf/Märchenland,Pankow,buildings,Tram,1.3,15372,,0,18.1296,9.899,26.09,18.9935,0.6126,0.16,False
033005,Blankenburg/Heinersdorf/Märchenland,Pankow,buildings,Tram,1.4,15372,,0,16.8346,9.1919,24.2265,17.6368,0.5755,0.1199,False
033005,Blankenburg/Heinersdorf/Märchenland,Pankow,buildings,Bus,1.0,15372,,0,6.9444,4.528,10.9671,8.3422,0.1425,0.0,False
033005,Blankenburg/Heinersdorf/Märchenland,Pankow,buildings,Bus,1.3,15372,,0,5.3419,3.4831,8.4362,6.4171,0.0487,0.0,False
033005,Blankenburg/Heinersdorf/Märchenland,Pankow,buildings,Bus,1.4,15372,,0,4.9603,3.2343,7.8336,5.9587,0.0233,0.0,False
033005,Blankenburg/Heinersdorf/Märchenland,Pankow,buildings,Regionalbahn,1.0,15372,,0,72.7559,61.6097,83.2401,72.278,1.0,0.9992,False
033005,Blankenburg/Heinersdorf/Märchenland,Pankow,buildings,Regionalbahn,1.3,15372,,0,55.9661,47.3921,64.0309,55.5985,1.0,0.991,False
033005,Blankenburg/Heinersdorf/Märchenland,Pankow,buildings,Regionalbahn,1.4,15372,,0,51.9685,44.0069,59.4572,51.6272,1.0,0.9809,False
033005,Blankenburg/Heinersdorf/Märchenland,Pankow,buildings,S- or U-Bahn,1.0,15372,,0,29.6555,21.5301,39.3139,30.4126,0.9033,0.4888,False
033005,Blankenburg/Heinersdorf/Märchenland,Pankow,buildings,S- or U-Bahn,1.3,15372,,0,22.8119,16.5616,30.2415,23.3943,0.8051,0.2564,False
033005,Blankenburg/Heinersdorf/Märchenland,Pankow,buildings,S- or U-Bahn,1.4,15372,,0,21.1825,15.3787,28.0814,21.7233,0.7642,0.2112,False
034006,Schönholz/Wilhelmsruh/Rosenthal,Pankow,buildings,S-Bahn,1.0,5659,,0,45.2111,32.9407,54.5343,43.6842,0.9698,0.7948,False
034006,Schönholz/Wilhelmsruh/Rosenthal,Pankow,buildings,S-Bahn,1.3,5659,,0,34.7778,25.339,41.9495,33.6032,0.9424,0.6614,False
034006,Schönholz/Wilhelmsruh/Rosenthal,Pankow,buildings,S-Bahn,1.4,5659,,0,32.2937,23.529,38.9531,31.203,0.9272,0.6008,False
034006,Schönholz/Wilhelmsruh/Rosenthal,Pankow,buildings,U-Bahn,1.0,5659,,0,51.2139,44.7237,58.574,50.7361,1.0,0.9535,False
034006,Schönholz/Wilhelmsruh/Rosenthal,Pankow,buildings,U-Bahn,1.3,5659,,0,39.3953,34.4028,45.0569,39.0278,1.0,0.8744,False
034006,Schönholz/Wilhelmsruh/Rosenthal,Pankow,buildings,U-Bahn,1.4,5659,,0,36.5814,31.9455,41.8386,36.2401,0.9996,0.8185,False
034006,Schönholz/Wilhelmsruh/Rosenthal,Pankow,buildings,Tram,1.0,5659,,0,14.0002,8.9982,19.9438,15.3404,0.4434,0.0717,False
034006,Schönholz/Wilhelmsruh/Rosenthal,Pankow,buildings,Tram,1.3,5659,,0,10.7694,6.9217,15.3414,11.8003,0.2656,0.0049,False
034006,Schönholz/Wilhelmsruh/Rosenthal,Pankow,buildings,Tram,1.4,5659,,0,10.0001,6.4273,14.2456,10.9574,0.2241,0.0009,False
034006,Schönholz/Wilhelmsruh/Rosenthal,Pankow,buildings,Bus,1.0,5659,,0,5.8929,3.7385,8.5583,6.4896,0.0313,0.0,False
034006,Schönholz/Wilhelmsruh/Rosenthal,Pankow,buildings,Bus,1.3,5659,,0,4.533,2.8758,6.5833,4.992,0.0027,0.0,False
034006,Schönholz/Wilhelmsruh/Rosenthal,Pankow,buildings,Bus,1.4,5659,,0,4.2092,2.6704,6.1131,4.6354,0.0011,0.0,False
034006,Schönholz/Wilhelmsruh/Rosenthal,Pankow,buildings,Regionalbahn,1.0,5659,,0,97.0264,84.7884,106.78,95.1166,1.0,1.0,False
034006,Schönholz/Wilhelmsruh/Rosenthal,Pankow,buildings,Regionalbahn,1.3,5659,,0,74.6357,65.2218,82.1385,73.1666,1.0,1.0,False
034006,Schönholz/Wilhelmsruh/Rosenthal,Pankow,buildings,Regionalbahn,1.4,5659,,0,69.3046,60.5631,76.2714,67.9404,1.0,1.0,False
034006,Schönholz/Wilhelmsruh/Rosenthal,Pankow,buildings,S- or U-Bahn,1.0,5659,,0,44.3955,32.9258,53.961,43.0908,0.9698,0.7948,False
034006,Schönholz/Wilhelmsruh/Rosenthal,Pankow,buildings,S- or U-Bahn,1.3,5659,,0,34.1504,25.3275,41.5084,33.1468,0.9424,0.6588,False
034006,Schönholz/Wilhelmsruh/Rosenthal,Pankow,buildings,S- or U-Bahn,1.4,5659,,0,31.7111,23.5184,38.5435,30.7792,0.9272,0.5893,False
034007,Pankow Zentrum,Pankow,buildings,S-Bahn,1.0,2734,,0,17.4244,13.0226,22.5169,17.9543,0.6372,0.0549,False
034007,Pankow Zentrum,Pankow,buildings,S-Bahn,1.3,2734,,0,13.4034,10.0174,17.3207,13.811,0.3994,0.0,False
034007,Pankow Zentrum,Pankow,buildings,S-Bahn,1.4,2734,,0,12.446,9.3019,16.0835,12.8245,0.3281,0.0,False
034007,Pankow Zentrum,Pankow,buildings,U-Bahn,1.0,2734,,0,23.9903,18.1609,33.2342,26.8737,0.8383,0.316,False
034007,Pankow Zentrum,Pankow,buildings,U-Bahn,1.3,2734,,0,18.4541,13.9699,25.5648,20.6721,0.6737,0.18,False
034007,Pankow Zentrum,Pankow,buildings,U-Bahn,1.4,2734,,0,17.1359,12.9721,23.7387,19.1955,0.5911,0.1544,False
034007,Pankow Zentrum,Pankow,buildings,Tram,1.0,2734,,0,8.8237,5.5479,13.5954,9.7142,0.1829,0.0,False
034007,Pankow Zentrum,Pankow,buildings,Tram,1.3,2734,,0,6.7874,4.2676,10.458,7.4725,0.034,0.0,False
034007,Pankow Zentrum,Pankow,buildings,Tram,1.4,2734,,0,6.3026,3.9628,9.711,6.9387,0.008,0.0,False
034007,Pankow Zentrum,Pankow,buildings,Bus,1.0,2734,,0,4.8705,3.0903,7.7581,5.5427,0.0011,0.0,False
034007,Pankow Zentrum,Pankow,buildings,Bus,1.3,2734,,0,3.7465,2.3771,5.9678,4.2637,0.0,0.0,False
034007,Pankow Zentrum,Pankow,buildings,Bus,1.4,2734,,0,3.4789,2.2073,5.5415,3.9591,0.0,0.0,False
034007,Pankow Zentrum,Pankow,buildings,Regionalbahn,1.0,2734,,0,63.5494,47.062,78.8612,63.8314,1.0,0.9989,False
034007,Pankow Zentrum,Pankow,buildings,Regionalbahn,1.3,2734,,0,48.8842,36.2015,60.6624,49.1011,1.0,0.9272,False
034007,Pankow Zentrum,Pankow,buildings,Regionalbahn,1.4,2734,,0,45.3924,33.6157,56.3294,45.5939,1.0,0.8563,False
034007,Pankow Zentrum,Pankow,buildings,S- or U-Bahn,1.0,2734,,0,16.9373,12.5679,21.6597,17.3151,0.613,0.0435,False
034007,Pankow Zentrum,Pankow,buildings,S- or U-Bahn,1.3,2734,,0,13.0287,9.6676,16.6613,13.3193,0.3548,0.0,False
034007,Pankow Zentrum,Pankow,buildings,S- or U-Bahn,1.4,2734,,0,12.0981,8.977,15.4712,12.3679,0.282,0.0,False
034008,Pankow Süd,Pankow,buildings,S-Bahn,1.0,1275,,0,17.845,14.6,21.4514,18.2906,0.7224,0.0392,False
034008,Pankow Süd,Pankow,buildings,S-Bahn,1.3,1275,,0,13.7269,11.2308,16.5011,14.0697,0.3733,0.0,False
034008,Pankow Süd,Pankow,buildings,S-Bahn,1.4,1275,,0,12.7464,10.4286,15.3224,13.0647,0.2753,0.0,False
034008,Pankow Süd,Pankow,buildings,U-Bahn,1.0,1275,,0,12.2457,7.8645,17.307,13.0752,0.338,0.0102,False
034008,Pankow Süd,Pankow,buildings,U-Bahn,1.3,1275,,0,9.4198,6.0496,13.3131,10.0579,0.1765,0.0039,False
034008,Pankow Süd,Pankow,buildings,U-Bahn,1.4,1275,,0,8.747,5.6175,12.3622,9.3395,0.1388,0.0024,False
034008,Pankow Süd,Pankow,buildings,Tram,1.0,1275,,0,7.7712,5.4881,11.1746,8.5181,0.0855,0.0,False
034008,Pankow Süd,Pankow,buildings,Tram,1.3,1275,,0,5.9779,4.2216,8.5959,6.5524,0.0086,0.0,False
034008,Pankow Süd,Pankow,buildings,Tram,1.4,1275,,0,5.5509,3.92,7.9819,6.0843,0.0031,0.0,False
034008,Pankow Süd,Pankow,buildings,Bus,1.0,1275,,0,4.9962,3.2231,6.8787,5.3176,0.0102,0.0,False
034008,Pankow Süd,Pankow,buildings,Bus,1.3,1275,,0,3.8432,2.4793,5.2913,4.0905,0.0071,0.0,False
034008,Pankow Süd,Pankow,buildings,Bus,1.4,1275,,0,3.5687,2.3022,4.9134,3.7983,0.0031,0.0,False
034008,Pankow Süd,Pankow,buildings,Regionalbahn,1.0,1275,,0,49.782,42.7858,55.8666,50.0283,1.0,0.9875,False
034008,Pankow Süd,Pankow,buildings,Regionalbahn,1.3,1275,,0,38.2938,32.9122,42.9743,38.4833,1.0,0.8871,False
034008,Pankow Süd,Pankow,buildings,Regionalbahn,1.4,1275,,0,35.5586,30.5613,39.9047,35.7345,1.0,0.7835,False
034008,Pankow Süd,Pankow,buildings,S- or U-Bahn,1.0,1275,,0,11.7371,7.6859,16.5254,12.1605,0.3051,0.0,False
034008,Pankow Süd,Pankow,buildings,S- or U-Bahn,1.3,1275,,0,9.0285,5.9122,12.7118,9.3543,0.12,0.0,False
034008,Pankow Süd,Pankow,buildings,S- or U-Bahn,1.4,1275,,0,8.3836,5.4899,11.8038,8.6861,0.069,0.0,False
035009,Weißensee,Pankow,buildings,S-Bahn,1.0,3362,,0,30.1105,25.6929,39.9459,32.485,1.0,0.5054,False
035009,Weißensee,Pankow,buildings,S-Bahn,1.3,3362,,0,23.1619,19.7638,30.7276,24.9885,0.9863,0.2677,False
035009,Weißensee,Pankow,buildings,S-Bahn,1.4,3362,,0,21.5075,18.3521,28.5328,23.2036,0.9604,0.2049,False
035009,Weißensee,Pankow,buildings,U-Bahn,1.0,3362,,0,49.7796,39.3304,58.9771,49.5168,1.0,0.9375,False
035009,Weißensee,Pankow,buildings,U-Bahn,1.3,3362,,0,38.292,30.2542,45.367,38.0898,1.0,0.7561,False
035009,Weißensee,Pankow,buildings,U-Bahn,1.4,3362,,0,35.5568,28.0932,42.1265,35.3691,1.0,0.7153,False
035009,Weißensee,Pankow,buildings,Tram,1.0,3362,,0,5.9011,4.0476,9.2337,7.2253,0.0886,0.0,False
035009,Weißensee,Pankow,buildings,Tram,1.3,3362,,0,4.5393,3.1136,7.1028,5.5579,0.0131,0.0,False
035009,Weißensee,Pankow,buildings,Tram,1.4,3362,,0,4.215,2.8912,6.5955,5.1609,0.0128,0.0,False
035009,Weißensee,Pankow,buildings,Bus,1.0,3362,,0,4.7266,3.0649,7.0098,5.3652,0.0128,0.0,False
035009,Weißensee,Pankow,buildings,Bus,1.3,3362,,0,3.6358,2.3576,5.3922,4.1271,0.0128,0.0,False
035009,Weißensee,Pankow,buildings,Bus,1.4,3362,,0,3.3761,2.1892,5.007,3.8323,0.0128,0.0,False
035009,Weißensee,Pankow,buildings,Regionalbahn,1.0,3362,,0,73.7074,66.2985,78.5927,72.4161,1.0,1.0,False
035009,Weißensee,Pankow,buildings,Regionalbahn,1.3,3362,,0,56.698,50.9989,60.4559,55.7047,1.0,1.0,False
035009,Weißensee,Pankow,buildings,Regionalbahn,1.4,3362,,0,52.6481,47.3561,56.1376,51.7258,1.0,1.0,False
035009,Weißensee,Pankow,buildings,S- or U-Bahn,1.0,3362,,0,30.1105,25.6792,39.8835,32.4644,1.0,0.5054,False
035009,Weißensee,Pankow,buildings,S- or U-Bahn,1.3,3362,,0,23.1619,19.7532,30.6796,24.9726,0.9863,0.2656,False
035009,Weißensee,Pankow,buildings,S- or U-Bahn,1.4,3362,,0,21.5075,18.3423,28.4882,23.1889,0.9604,0.2046,False
035010,Weißensee Ost,Pankow,buildings,S-Bahn,1.0,2222,,0,50.1215,42.0635,54.3172,48.7976,1.0,0.9896,False
035010,Weißensee Ost,Pankow,buildings,S-Bahn,1.3,2222,,0,38.555,32.3566,41.7825,37.5366,1.0,0.8429,False
035010,Weißensee Ost,Pankow,buildings,S-Bahn,1.4,2222,,0,35.8011,30.0454,38.798,34.8554,1.0,0.752,False
035010,Weißensee Ost,Pankow,buildings,U-Bahn,1.0,2222,,0,85.5736,77.8911,90.8515,84.3104,1.0,1.0,False
035010,Weißensee Ost,Pankow,buildings,U-Bahn,1.3,2222,,0,65.8258,59.9162,69.8858,64.8541,1.0,1.0,False
035010,Weißensee Ost,Pankow,buildings,U-Bahn,1.4,2222,,0,61.124,55.6365,64.8939,60.2217,1.0,1.0,False
035010,Weißensee Ost,Pankow,buildings,Tram,1.0,2222,,0,10.4927,5.9466,17.6895,11.8527,0.3389,0.0,False
035010,Weißensee Ost,Pankow,buildings,Tram,1.3,2222,,0,8.0713,4.5743,13.6073,9.1175,0.1526,0.0,False
035010,Weißensee Ost,Pankow,buildings,Tram,1.4,2222,,0,7.4948,4.2476,12.6354,8.4662,0.09,0.0,False
035010,Weißensee Ost,Pankow,buildings,Bus,1.0,2222,,0,6.1684,3.8142,8.7838,6.678,0.0423,0.0,False
035010,Weißensee Ost,Pankow,buildings,Bus,1.3,2222,,0,4.7449,2.934,6.7568,5.137,0.0144,0.0,False
035010,Weißensee Ost,Pankow,buildings,Bus,1.4,2222,,0,4.406,2.7244,6.2742,4.77,0.0014,0.0,False
035010,Weißensee Ost,Pankow,buildings,Regionalbahn,1.0,2222,,0,51.4045,42.2552,58.6907,51.8124,1.0,0.9892,False
035010,Weißensee Ost,Pankow,buildings,Regionalbahn,1.3,2222,,0,39.5419,32.504,45.1467,39.8557,1.0,0.8578,False
035010,Weißensee Ost,Pankow,buildings,Regionalbahn,1.4,2222,,0,36.7175,30.1823,41.922,37.0089,1.0,0.7583,False
035010,Weißensee Ost,Pankow,buildings,S- or U-Bahn,1.0,2222,,0,50.1215,42.0635,54.3172,48.7976,1.0,0.9896,False
035010,Weißensee Ost,Pankow,buildings,S- or U-Bahn,1.3,2222,,0,38.555,32.3566,41.7825,37.5366,1.0,0.8429,False
035010,Weißensee Ost,Pankow,buildings,S- or U-Bahn,1.4,2222,,0,35.8011,30.0454,38.798,34.8554,1.0,0.752,False
036011,Prenzlauer Berg Nordwest,Pankow,buildings,S-Bahn,1.0,1550,,0,11.4944,8.9361,13.7703,11.6292,0.1819,0.0,False
036011,Prenzlauer Berg Nordwest,Pankow,buildings,S-Bahn,1.3,1550,,0,8.8418,6.874,10.5926,8.9455,0.0458,0.0,False
036011,Prenzlauer Berg Nordwest,Pankow,buildings,S-Bahn,1.4,1550,,0,8.2103,6.383,9.836,8.3066,0.02,0.0,False
036011,Prenzlauer Berg Nordwest,Pankow,buildings,U-Bahn,1.0,1550,,0,15.4235,10.4941,19.1743,14.5696,0.5168,0.0,False
036011,Prenzlauer Berg Nordwest,Pankow,buildings,U-Bahn,1.3,1550,,0,11.8642,8.0724,14.7494,11.2074,0.2168,0.0,False
036011,Prenzlauer Berg Nordwest,Pankow,buildings,U-Bahn,1.4,1550,,0,11.0168,7.4958,13.6959,10.4068,0.1129,0.0,False
036011,Prenzlauer Berg Nordwest,Pankow,buildings,Tram,1.0,1550,,0,6.3049,4.4845,8.8283,7.0487,0.051,0.0,False
036011,Prenzlauer Berg Nordwest,Pankow,buildings,Tram,1.3,1550,,0,4.8499,3.4496,6.791,5.422,0.0,0.0,False
036011,Prenzlauer Berg Nordwest,Pankow,buildings,Tram,1.4,1550,,0,4.5035,3.2032,6.3059,5.0348,0.0,0.0,False
036011,Prenzlauer Berg Nordwest,Pankow,buildings,Bus,1.0,1550,,0,11.2162,7.2923,13.7502,10.3819,0.1252,0.0,False
036011,Prenzlauer Berg Nordwest,Pankow,buildings,Bus,1.3,1550,,0,8.6279,5.6095,10.577,7.9861,0.0,0.0,False
036011,Prenzlauer Berg Nordwest,Pankow,buildings,Bus,1.4,1550,,0,8.0116,5.2088,9.8215,7.4157,0.0,0.0,False
036011,Prenzlauer Berg Nordwest,Pankow,buildings,Regionalbahn,1.0,1550,,0,28.2702,25.4007,30.8914,28.2455,1.0,0.3381,False
036011,Prenzlauer Berg Nordwest,Pankow,buildings,Regionalbahn,1.3,1550,,0,21.7463,19.539,23.7626,21.7273,0.9497,0.0084,False
036011,Prenzlauer Berg Nordwest,Pankow,buildings,Regionalbahn,1.4,1550,,0,20.193,18.1434,22.0653,20.1754,0.9187,0.0,False
036011,Prenzlauer Berg Nordwest,Pankow,buildings,S- or U-Bahn,1.0,1550,,0,9.8673,7.8298,12.0743,9.8885,0.0458,0.0,False
036011,Prenzlauer Berg Nordwest,Pankow,buildings,S- or U-Bahn,1.3,1550,,0,7.5902,6.0229,9.288,7.6066,0.0,0.0,False
036011,Prenzlauer Berg Nordwest,Pankow,buildings,S- or U-Bahn,1.4,1550,,0,7.048,5.5927,8.6245,7.0632,0.0,0.0,False
036012,Prenzlauer Berg Nord,Pankow,buildings,S-Bahn,1.0,659,,0,10.2309,7.1887,12.8866,10.6098,0.173,0.0,False
036012,Prenzlauer Berg Nord,Pankow,buildings,S-Bahn,1.3,659,,0,7.8699,5.5298,9.9128,8.1614,0.0516,0.0,False
036012,Prenzlauer Berg Nord,Pankow,buildings,S-Bahn,1.4,659,,0,7.3078,5.1348,9.2047,7.5785,0.0167,0.0,False
036012,Prenzlauer Berg Nord,Pankow,buildings,U-Bahn,1.0,659,,0,22.3725,12.0213,34.1573,23.4191,0.6768,0.3581,False
036012,Prenzlauer Berg Nord,Pankow,buildings,U-Bahn,1.3,659,,0,17.2096,9.2472,26.2748,18.0147,0.5964,0.0804,False
036012,Prenzlauer Berg Nord,Pankow,buildings,U-Bahn,1.4,659,,0,15.9804,8.5866,24.3981,16.7279,0.5432,0.0379,False
036012,Prenzlauer Berg Nord,Pankow,buildings,Tram,1.0,659,,0,5.4755,3.9721,7.1955,5.6963,0.0,0.0,False
036012,Prenzlauer Berg Nord,Pankow,buildings,Tram,1.3,659,,0,4.2119,3.0555,5.535,4.3817,0.0,0.0,False
036012,Prenzlauer Berg Nord,Pankow,buildings,Tram,1.4,659,,0,3.9111,2.8372,5.1396,4.0688,0.0,0.0,False
036012,Prenzlauer Berg Nord,Pankow,buildings,Bus,1.0,659,,0,5.2351,3.6132,7.1133,5.4486,0.0,0.0,False
036012,Prenzlauer Berg Nord,Pankow,buildings,Bus,1.3,659,,0,4.027,2.7794,5.4718,4.1913,0.0,0.0,False
036012,Prenzlauer Berg Nord,Pankow,buildings,Bus,1.4,659,,0,3.7394,2.5809,5.0809,3.8919,0.0,0.0,False
036012,Prenzlauer Berg Nord,Pankow,buildings,Regionalbahn,1.0,659,,0,49.9789,39.6277,61.7637,50.9219,1.0,1.0,False
036012,Prenzlauer Berg Nord,Pankow,buildings,Regionalbahn,1.3,659,,0,38.4453,30.4828,47.5105,39.1707,1.0,0.7739,False
036012,Prenzlauer Berg Nord,Pankow,buildings,Regionalbahn,1.4,659,,0,35.6992,28.3055,44.1169,36.3728,1.0,0.6889,False
036012,Prenzlauer Berg Nord,Pankow,buildings,S- or U-Bahn,1.0,659,,0,10.2309,7.1887,12.8866,10.5925,0.173,0.0,False
036012,Prenzlauer Berg Nord,Pankow,buildings,S- or U-Bahn,1.3,659,,0,7.8699,5.5298,9.9128,8.148,0.0516,0.0,False
036012,Prenzlauer Berg Nord,Pankow,buildings,S- or U-Bahn,1.4,659,,0,7.3078,5.1348,9.2047,7.566,0.0167,0.0,False
036013,Helmholtzplatz,Pankow,buildings,S-Bahn,1.0,825,,0,12.1123,8.8543,15.027,11.9794,0.2533,0.0,False
036013,Helmholtzplatz,Pankow,buildings,S-Bahn,1.3,825,,0,9.3171,6.811,11.5592,9.2149,0.0461,0.0,False
036013,Helmholtzplatz,Pankow,buildings,S-Bahn,1.4,825,,0,8.6516,6.3245,10.7336,8.5567,0.0024,0.0,False
036013,Helmholtzplatz,Pankow,buildings,U-Bahn,1.0,825,,0,11.3426,7.9691,15.6241,11.7979,0.28,0.0,False
036013,Helmholtzplatz,Pankow,buildings,U-Bahn,1.3,825,,0,8.7251,6.1301,12.0185,9.0753,0.0655,0.0,False
036013,Helmholtzplatz,Pankow,buildings,U-Bahn,1.4,825,,0,8.1019,5.6922,11.1601,8.427,0.0279,0.0,False
036013,Helmholtzplatz,Pankow,buildings,Tram,1.0,825,,0,4.5146,3.1018,5.8832,4.5662,0.0,0.0,False
036013,Helmholtzplatz,Pankow,buildings,Tram,1.3,825,,0,3.4727,2.386,4.5255,3.5125,0.0,0.0,False
036013,Helmholtzplatz,Pankow,buildings,Tram,1.4,825,,0,3.2247,2.2156,4.2023,3.2616,0.0,0.0,False
036013,Helmholtzplatz,Pankow,buildings,Bus,1.0,825,,0,7.993,5.4162,11.0291,8.1558,0.0048,0.0,False
036013,Helmholtzplatz,Pankow,buildings,Bus,1.3,825,,0,6.1485,4.1663,8.484,6.2737,0.0,0.0,False
036013,Helmholtzplatz,Pankow,buildings,Bus,1.4,825,,0,5.7093,3.8687,7.878,5.8256,0.0,0.0,False
036013,Helmholtzplatz,Pankow,buildings,Regionalbahn,1.0,825,,0,42.2117,38.2468,46.3845,42.2483,1.0,1.0,False
036013,Helmholtzplatz,Pankow,buildings,Regionalbahn,1.3,825,,0,32.4705,29.4206,35.6804,32.4987,1.0,0.7067,False
036013,Helmholtzplatz,Pankow,buildings,Regionalbahn,1.4,825,,0,30.1512,27.3191,33.1318,30.1773,1.0,0.5248,False
036013,Helmholtzplatz,Pankow,buildings,S- or U-Bahn,1.0,825,,0,9.5455,6.8009,11.7139,9.231,0.0024,0.0,False
036013,Helmholtzplatz,Pankow,buildings,S- or U-Bahn,1.3,825,,0,7.3427,5.2315,9.0107,7.1008,0.0,0.0,False
036013,Helmholtzplatz,Pankow,buildings,S- or U-Bahn,1.4,825,,0,6.8182,4.8578,8.3671,6.5936,0.0,0.0,False
036014,Prenzlauer Berg Ost,Pankow,buildings,S-Bahn,1.0,1705,,0,14.0387,10.1876,22.2599,16.1206,0.4587,0.0205,False
036014,Prenzlauer Berg Ost,Pankow,buildings,S-Bahn,1.3,1705,,0,10.799,7.8366,17.123,12.4005,0.3261,0.0117,False
036014,Prenzlauer Berg Ost,Pankow,buildings,S-Bahn,1.4,1705,,0,10.0276,7.2769,15.8999,11.5147,0.285,0.0106,False
036014,Prenzlauer Berg Ost,Pankow,buildings,U-Bahn,1.0,1705,,0,41.104,23.0544,50.5201,38.0346,0.9501,0.6979,False
036014,Prenzlauer Berg Ost,Pankow,buildings,U-Bahn,1.3,1705,,0,31.6185,17.7342,38.8616,29.2574,0.7795,0.5642,False
036014,Prenzlauer Berg Ost,Pankow,buildings,U-Bahn,1.4,1705,,0,29.36,16.4674,36.0858,27.1676,0.7572,0.4657,False
036014,Prenzlauer Berg Ost,Pankow,buildings,Tram,1.0,1705,,0,8.8965,5.6553,14.8673,10.2315,0.2481,0.0,False
036014,Prenzlauer Berg Ost,Pankow,buildings,Tram,1.3,1705,,0,6.8435,4.3502,11.4364,7.8704,0.0657,0.0,False
036014,Prenzlauer Berg Ost,Pankow,buildings,Tram,1.4,1705,,0,6.3546,4.0395,10.6195,7.3082,0.0446,0.0,False
036014,Prenzlauer Berg Ost,Pankow,buildings,Bus,1.0,1705,,0,9.219,6.0401,11.8452,9.0802,0.0393,0.0,False
036014,Prenzlauer Berg Ost,Pankow,buildings,Bus,1.3,1705,,0,7.0916,4.6462,9.1117,6.9848,0.0111,0.0,False
036014,Prenzlauer Berg Ost,Pankow,buildings,Bus,1.4,1705,,0,6.585,4.3143,8.4609,6.4859,0.0094,0.0,False
036014,Prenzlauer Berg Ost,Pankow,buildings,Regionalbahn,1.0,1705,,0,64.4708,45.7084,73.5608,61.2224,1.0,1.0,False
036014,Prenzlauer Berg Ost,Pankow,buildings,Regionalbahn,1.3,1705,,0,49.5929,35.1603,56.5852,47.0942,1.0,0.9953,False
036014,Prenzlauer Berg Ost,Pankow,buildings,Regionalbahn,1.4,1705,,0,46.0506,32.6489,52.5434,43.7303,1.0,0.9126,False
036014,Prenzlauer Berg Ost,Pankow,buildings,S- or U-Bahn,1.0,1705,,0,14.0145,10.1876,22.2599,16.1196,0.4581,0.0205,False
036014,Prenzlauer Berg Ost,Pankow,buildings,S- or U-Bahn,1.3,1705,,0,10.7804,7.8366,17.123,12.3997,0.3261,0.0117,False
036014,Prenzlauer Berg Ost,Pankow,buildings,S- or U-Bahn,1.4,1705,,0,10.0103,7.2769,15.8999,11.514,0.285,0.0106,False
037015,Prenzlauer Berg Südwest,Pankow,buildings,S-Bahn,1.0,1499,,0,24.2945,21.3472,26.7613,23.8672,0.9833,0.0287,False
037015,Prenzlauer Berg Südwest,Pankow,buildings,S-Bahn,1.3,1499,,0,18.688,16.4209,20.5856,18.3594,0.8732,0.0,False
037015,Prenzlauer Berg Südwest,Pankow,buildings,S-Bahn,1.4,1499,,0,17.3532,15.248,19.1152,17.048,0.7652,0.0,False
037015,Prenzlauer Berg Südwest,Pankow,buildings,U-Bahn,1.0,1499,,0,8.8719,6.4181,11.8227,9.1705,0.0787,0.0,False
037015,Prenzlauer Berg Südwest,Pankow,buildings,U-Bahn,1.3,1499,,0,6.8246,4.937,9.0944,7.0542,0.0007,0.0,False
037015,Prenzlauer Berg Südwest,Pankow,buildings,U-Bahn,1.4,1499,,0,6.3371,4.5844,8.4448,6.5504,0.0,0.0,False
037015,Prenzlauer Berg Südwest,Pankow,buildings,Tram,1.0,1499,,0,6.8364,4.5596,9.432,7.0519,0.0013,0.0,False
037015,Prenzlauer Berg Südwest,Pankow,buildings,Tram,1.3,1499,,0,5.2588,3.5074,7.2554,5.4245,0.0,0.0,False
037015,Prenzlauer Berg Südwest,Pankow,buildings,Tram,1.4,1499,,0,4.8831,3.2568,6.7372,5.037,0.0,0.0,False
037015,Prenzlauer Berg Südwest,Pankow,buildings,Bus,1.0,1499,,0,5.994,4.1791,8.2921,6.5307,0.0093,0.0,False
037015,Prenzlauer Berg Südwest,Pankow,buildings,Bus,1.3,1499,,0,4.6108,3.2147,6.3786,5.0236,0.0,0.0,False
037015,Prenzlauer Berg Südwest,Pankow,buildings,Bus,1.4,1499,,0,4.2815,2.9851,5.923,4.6648,0.0,0.0,False
037015,Prenzlauer Berg Südwest,Pankow,buildings,Regionalbahn,1.0,1499,,0,45.9733,41.9991,51.5962,46.0652,1.0,1.0,False
037015,Prenzlauer Berg Südwest,Pankow,buildings,Regionalbahn,1.3,1499,,0,35.3641,32.307,39.6894,35.4348,1.0,0.8599,False
037015,Prenzlauer Berg Südwest,Pankow,buildings,Regionalbahn,1.4,1499,,0,32.8381,29.9994,36.8545,32.9037,1.0,0.7498,False
037015,Prenzlauer Berg Südwest,Pankow,buildings,S- or U-Bahn,1.0,1499,,0,8.8719,6.4181,11.8227,9.0883,0.0634,0.0,False
037015,Prenzlauer Berg Südwest,Pankow,buildings,S- or U-Bahn,1.3,1499,,0,6.8246,4.937,9.0944,6.991,0.0,0.0,False
037015,Prenzlauer Berg Südwest,Pankow,buildings,S- or U-Bahn,1.4,1499,,0,6.3371,4.5844,8.4448,6.4917,0.0,0.0,False
037016,Prenzlauer Berg Süd,Pankow,buildings,S-Bahn,1.0,1180,,0,23.0398,18.7313,26.3209,22.2014,0.9085,0.0136,False
037016,Prenzlauer Berg Süd,Pankow,buildings,S-Bahn,1.3,1180,,0,17.7229,14.4087,20.2469,17.078,0.7008,0.0,False
037016,Prenzlauer Berg Süd,Pankow,buildings,S-Bahn,1.4,1180,,0,16.457,13.3795,18.8007,15.8582,0.6203,0.0,False
037016,Prenzlauer Berg Süd,Pankow,buildings,U-Bahn,1.0,1180,,0,24.2933,20.0123,27.9583,23.9591,0.9407,0.1568,False
037016,Prenzlauer Berg Süd,Pankow,buildings,U-Bahn,1.3,1180,,0,18.6871,15.3941,21.5063,18.4301,0.7805,0.0,False
037016,Prenzlauer Berg Süd,Pankow,buildings,U-Bahn,1.4,1180,,0,17.3523,14.2945,19.9702,17.1136,0.6847,0.0,False
037016,Prenzlauer Berg Süd,Pankow,buildings,Tram,1.0,1180,,0,5.0987,3.4196,6.4728,5.1058,0.0,0.0,False
037016,Prenzlauer Berg Süd,Pankow,buildings,Tram,1.3,1180,,0,3.9221,2.6304,4.9791,3.9275,0.0,0.0,False
037016,Prenzlauer Berg Süd,Pankow,buildings,Tram,1.4,1180,,0,3.6419,2.4426,4.6234,3.647,0.0,0.0,False
037016,Prenzlauer Berg Süd,Pankow,buildings,Bus,1.0,1180,,0,10.6411,6.8538,14.2417,10.4079,0.1992,0.0,False
037016,Prenzlauer Berg Süd,Pankow,buildings,Bus,1.3,1180,,0,8.1854,5.2721,10.9552,8.0061,0.0051,0.0,False
037016,Prenzlauer Berg Süd,Pankow,buildings,Bus,1.4,1180,,0,7.6008,4.8956,10.1727,7.4342,0.0,0.0,False
037016,Prenzlauer Berg Süd,Pankow,buildings,Regionalbahn,1.0,1180,,0,53.7459,48.9057,56.9686,52.9979,1.0,1.0,False
037016,Prenzlauer Berg Süd,Pankow,buildings,Regionalbahn,1.3,1180,,0,41.343,37.6198,43.822,40.7676,1.0,1.0,False
037016,Prenzlauer Berg Süd,Pankow,buildings,Regionalbahn,1.4,1180,,0,38.3899,34.9327,40.6919,37.8556,1.0,0.9983,False
037016,Prenzlauer Berg Süd,Pankow,buildings,S- or U-Bahn,1.0,1180,,0,19.5482,16.676,22.557,19.427,0.8492,0.0,False
037016,Prenzlauer Berg Süd,Pankow,buildings,S- or U-Bahn,1.3,1180,,0,15.0371,12.8277,17.3515,14.9438,0.5034,0.0,False
037016,Prenzlauer Berg Süd,Pankow,buildings,S- or U-Bahn,1.4,1180,,0,13.963,11.9114,16.1121,13.8764,0.3619,0.0,False
041001,Charlottenburg Nord,Charlottenburg-Wilmersdorf,buildings,S-Bahn,1.0,3068,,0,27.9368,24.7178,34.9323,29.511,0.9899,0.4113,False
041001,Charlottenburg Nord,Charlottenburg-Wilmersdorf,buildings,S-Bahn,1.3,3068,,0,21.4899,19.0137,26.871,22.7007,0.9505,0.1111,False
041001,Charlottenburg Nord,Charlottenburg-Wilmersdorf,buildings,S-Bahn,1.4,3068,,0,19.9549,17.6556,24.9516,21.0793,0.9172,0.0515,False
041001,Charlottenburg Nord,Charlottenburg-Wilmersdorf,buildings,U-Bahn,1.0,3068,,0,24.4956,19.6998,31.6664,25.6484,0.8703,0.2862,False
041001,Charlottenburg Nord,Charlottenburg-Wilmersdorf,buildings,U-Bahn,1.3,3068,,0,18.8428,15.1537,24.3587,19.7295,0.7581,0.1317,False
041001,Charlottenburg Nord,Charlottenburg-Wilmersdorf,buildings,U-Bahn,1.4,3068,,0,17.4969,14.0713,22.6188,18.3203,0.6835,0.09,False
041001,Charlottenburg Nord,Charlottenburg-Wilmersdorf,buildings,Tram,1.0,3068,,0,46.5914,38.248,55.4191,48.3004,1.0,0.9645,False
041001,Charlottenburg Nord,Charlottenburg-Wilmersdorf,buildings,Tram,1.3,3068,,0,35.8395,29.4215,42.6301,37.1542,0.999,0.7314,False
041001,Charlottenburg Nord,Charlottenburg-Wilmersdorf,buildings,Tram,1.4,3068,,0,33.2795,27.32,39.5851,34.5003,0.9984,0.6297,False
041001,Charlottenburg Nord,Charlottenburg-Wilmersdorf,buildings,Bus,1.0,3068,,0,6.4379,3.972,9.4691,6.9379,0.0271,0.0003,False
041001,Charlottenburg Nord,Charlottenburg-Wilmersdorf,buildings,Bus,1.3,3068,,0,4.9522,3.0554,7.2839,5.3369,0.016,0.0,False
041001,Charlottenburg Nord,Charlottenburg-Wilmersdorf,buildings,Bus,1.4,3068,,0,4.5985,2.8372,6.7637,4.9557,0.0062,0.0,False
041001,Charlottenburg Nord,Charlottenburg-Wilmersdorf,buildings,Regionalbahn,1.0,3068,,0,35.057,26.8949,43.4087,36.6416,0.9964,0.6493,False
041001,Charlottenburg Nord,Charlottenburg-Wilmersdorf,buildings,Regionalbahn,1.3,3068,,0,26.9669,20.6884,33.3913,28.1859,0.9762,0.3761,False
041001,Charlottenburg Nord,Charlottenburg-Wilmersdorf,buildings,Regionalbahn,1.4,3068,,0,25.0407,19.2106,31.0062,26.1726,0.9553,0.2852,False
041001,Charlottenburg Nord,Charlottenburg-Wilmersdorf,buildings,S- or U-Bahn,1.0,3068,,0,23.5181,19.2016,26.7843,22.3253,0.8651,0.1017,False
041001,Charlottenburg Nord,Charlottenburg-Wilmersdorf,buildings,S- or U-Bahn,1.3,3068,,0,18.0909,14.7704,20.6033,17.1733,0.737,0.0013,False
041001,Charlottenburg Nord,Charlottenburg-Wilmersdorf,buildings,S- or U-Bahn,1.4,3068,,0,16.7987,13.7154,19.1317,15.9466,0.6538,0.0007,False
042002,Heerstraße,Charlottenburg-Wilmersdorf,buildings,S-Bahn,1.0,3046,,0,16.7736,10.9336,23.8958,19.2007,0.5778,0.1894,False
042002,Heerstraße,Charlottenburg-Wilmersdorf,buildings,S-Bahn,1.3,3046,,0,12.9028,8.4105,18.3814,14.7697,0.3815,0.0453,False
042002,Heerstraße,Charlottenburg-Wilmersdorf,buildings,S-Bahn,1.4,3046,,0,11.9812,7.8097,17.0684,13.7148,0.3198,0.0292,False
042002,Heerstraße,Charlottenburg-Wilmersdorf,buildings,U-Bahn,1.0,3046,,0,35.1978,24.0697,49.7533,35.7521,0.829,0.6494,False
042002,Heerstraße,Charlottenburg-Wilmersdorf,buildings,U-Bahn,1.3,3046,,0,27.0753,18.5151,38.2717,27.5016,0.8063,0.388,False
042002,Heerstraße,Charlottenburg-Wilmersdorf,buildings,U-Bahn,1.4,3046,,0,25.1413,17.1926,35.5381,25.5372,0.7958,0.3244,False
042002,Heerstraße,Charlottenburg-Wilmersdorf,buildings,Tram,1.0,3046,,0,132.1888,122.5281,141.7687,133.8954,1.0,1.0,False
042002,Heerstraße,Charlottenburg-Wilmersdorf,buildings,Tram,1.3,3046,,0,101.6837,94.2524,109.0528,102.9964,1.0,1.0,False
042002,Heerstraße,Charlottenburg-Wilmersdorf,buildings,Tram,1.4,3046,,0,94.4206,87.5201,101.2633,95.6396,1.0,1.0,False
042002,Heerstraße,Charlottenburg-Wilmersdorf,buildings,Bus,1.0,3046,,0,7.883,5.5973,13.7654,10.1465,0.2239,0.0279,False
042002,Heerstraße,Charlottenburg-Wilmersdorf,buildings,Bus,1.3,3046,,0,6.0639,4.3056,10.5888,7.805,0.0762,0.001,False
042002,Heerstraße,Charlottenburg-Wilmersdorf,buildings,Bus,1.4,3046,,0,5.6307,3.9981,9.8324,7.2475,0.0545,0.0003,False
042002,Heerstraße,Charlottenburg-Wilmersdorf,buildings,Regionalbahn,1.0,3046,,0,74.6193,65.2981,82.5974,74.6642,1.0,1.0,False
042002,Heerstraße,Charlottenburg-Wilmersdorf,buildings,Regionalbahn,1.3,3046,,0,57.3995,50.2293,63.5365,57.434,1.0,1.0,False
042002,Heerstraße,Charlottenburg-Wilmersdorf,buildings,Regionalbahn,1.4,3046,,0,53.2995,46.6415,58.9981,53.3316,1.0,1.0,False
042002,Heerstraße,Charlottenburg-Wilmersdorf,buildings,S- or U-Bahn,1.0,3046,,0,13.3375,9.2225,18.9312,15.1867,0.4179,0.065,False
042002,Heerstraße,Charlottenburg-Wilmersdorf,buildings,S- or U-Bahn,1.3,3046,,0,10.2596,7.0942,14.5624,11.6821,0.2249,0.019,False
042002,Heerstraße,Charlottenburg-Wilmersdorf,buildings,S- or U-Bahn,1.4,3046,,0,9.5268,6.5875,13.5223,10.8476,0.1632,0.0184,False
042003,Westend,Charlottenburg-Wilmersdorf,buildings,S-Bahn,1.0,2544,,0,21.573,15.9017,26.305,21.7461,0.7909,0.1309,False
042003,Westend,Charlottenburg-Wilmersdorf,buildings,S-Bahn,1.3,2544,,0,16.5946,12.2321,20.2346,16.7278,0.581,0.0444,False
042003,Westend,Charlottenburg-Wilmersdorf,buildings,S-Bahn,1.4,2544,,0,15.4093,11.3584,18.7893,15.5329,0.5204,0.0314,False
042003,Westend,Charlottenburg-Wilmersdorf,buildings,U-Bahn,1.0,2544,,0,14.004,9.8629,19.156,15.012,0.4572,0.0456,False
042003,Westend,Charlottenburg-Wilmersdorf,buildings,U-Bahn,1.3,2544,,0,10.7723,7.5868,14.7354,11.5477,0.2339,0.0035,False
042003,Westend,Charlottenburg-Wilmersdorf,buildings,U-Bahn,1.4,2544,,0,10.0029,7.0449,13.6829,10.7229,0.1745,0.0,False
042003,Westend,Charlottenburg-Wilmersdorf,buildings,Tram,1.0,2544,,0,98.3655,89.1544,105.7492,97.6204,1.0,1.0,False
042003,Westend,Charlottenburg-Wilmersdorf,buildings,Tram,1.3,2544,,0,75.6657,68.5803,81.3455,75.0927,1.0,1.0,False
042003,Westend,Charlottenburg-Wilmersdorf,buildings,Tram,1.4,2544,,0,70.261,63.6817,75.5351,69.7289,1.0,1.0,False
042003,Westend,Charlottenburg-Wilmersdorf,buildings,Bus,1.0,2544,,0,5.3036,3.6263,7.2479,5.9705,0.0413,0.0,False
042003,Westend,Charlottenburg-Wilmersdorf,buildings,Bus,1.3,2544,,0,4.0797,2.7894,5.5753,4.5927,0.0185,0.0,False
042003,Westend,Charlottenburg-Wilmersdorf,buildings,Bus,1.4,2544,,0,3.7883,2.5902,5.1771,4.2646,0.0,0.0,False
042003,Westend,Charlottenburg-Wilmersdorf,buildings,Regionalbahn,1.0,2544,,0,54.6609,48.2421,62.7231,54.2353,1.0,0.9831,False
042003,Westend,Charlottenburg-Wilmersdorf,buildings,Regionalbahn,1.3,2544,,0,42.0469,37.1093,48.2485,41.7194,1.0,0.9159,False
042003,Westend,Charlottenburg-Wilmersdorf,buildings,Regionalbahn,1.4,2544,,0,39.0435,34.4586,44.8022,38.7395,1.0,0.8789,False
042003,Westend,Charlottenburg-Wilmersdorf,buildings,S- or U-Bahn,1.0,2544,,0,12.4368,8.9963,15.9313,12.8847,0.316,0.0106,False
042003,Westend,Charlottenburg-Wilmersdorf,buildings,S- or U-Bahn,1.3,2544,,0,9.5668,6.9203,12.2548,9.9113,0.0947,0.0,False
042003,Westend,Charlottenburg-Wilmersdorf,buildings,S- or U-Bahn,1.4,2544,,0,8.8834,6.426,11.3795,9.2034,0.0802,0.0,False
043004,Schloss Charlottenburg,Charlottenburg-Wilmersdorf,buildings,S-Bahn,1.0,1729,,0,13.9182,10.4479,16.9212,13.6116,0.406,0.0,False
043004,Schloss Charlottenburg,Charlottenburg-Wilmersdorf,buildings,S-Bahn,1.3,1729,,0,10.7063,8.0369,13.0163,10.4705,0.1157,0.0,False
043004,Schloss Charlottenburg,Charlottenburg-Wilmersdorf,buildings,S-Bahn,1.4,1729,,0,9.9415,7.4628,12.0866,9.7226,0.0515,0.0,False
043004,Schloss Charlottenburg,Charlottenburg-Wilmersdorf,buildings,U-Bahn,1.0,1729,,0,13.4459,9.3049,18.1663,14.2349,0.4118,0.0104,False
043004,Schloss Charlottenburg,Charlottenburg-Wilmersdorf,buildings,U-Bahn,1.3,1729,,0,10.343,7.1576,13.9741,10.9499,0.1961,0.0,False
043004,Schloss Charlottenburg,Charlottenburg-Wilmersdorf,buildings,U-Bahn,1.4,1729,,0,9.6042,6.6464,12.976,10.1678,0.1452,0.0,False
043004,Schloss Charlottenburg,Charlottenburg-Wilmersdorf,buildings,Tram,1.0,1729,,0,70.3962,65.9811,74.8341,71.1838,1.0,1.0,False
043004,Schloss Charlottenburg,Charlottenburg-Wilmersdorf,buildings,Tram,1.3,1729,,0,54.1509,50.7547,57.5647,54.7567,1.0,1.0,False
043004,Schloss Charlottenburg,Charlottenburg-Wilmersdorf,buildings,Tram,1.4,1729,,0,50.283,47.1294,53.4529,50.8455,1.0,1.0,False
043004,Schloss Charlottenburg,Charlottenburg-Wilmersdorf,buildings,Bus,1.0,1729,,0,4.492,2.9191,7.1044,5.1025,0.0023,0.0,False
043004,Schloss Charlottenburg,Charlottenburg-Wilmersdorf,buildings,Bus,1.3,1729,,0,3.4554,2.2455,5.465,3.925,0.0,0.0,False
043004,Schloss Charlottenburg,Charlottenburg-Wilmersdorf,buildings,Bus,1.4,1729,,0,3.2085,2.0851,5.0746,3.6446,0.0,0.0,False
043004,Schloss Charlottenburg,Charlottenburg-Wilmersdorf,buildings,Regionalbahn,1.0,1729,,0,25.2821,16.9373,30.8029,24.2258,0.8161,0.2857,False
043004,Schloss Charlottenburg,Charlottenburg-Wilmersdorf,buildings,Regionalbahn,1.3,1729,,0,19.4478,13.0287,23.6946,18.6353,0.6923,0.0185,False
043004,Schloss Charlottenburg,Charlottenburg-Wilmersdorf,buildings,Regionalbahn,1.4,1729,,0,18.0587,12.0981,22.0021,17.3042,0.6507,0.0046,False
043004,Schloss Charlottenburg,Charlottenburg-Wilmersdorf,buildings,S- or U-Bahn,1.0,1729,,0,10.438,7.7113,13.1559,10.4087,0.1053,0.0,False
043004,Schloss Charlottenburg,Charlottenburg-Wilmersdorf,buildings,S- or U-Bahn,1.3,1729,,0,8.0292,5.9318,10.1199,8.0067,0.0139,0.0,False
043004,Schloss Charlottenburg,Charlottenburg-Wilmersdorf,buildings,S- or U-Bahn,1.4,1729,,0,7.4557,5.5081,9.3971,7.4348,0.0046,0.0,False
043005,Mierendorffplatz,Charlottenburg-Wilmersdorf,buildings,S-Bahn,1.0,1101,,0,16.2441,13.135,19.1886,16.4143,0.5922,0.0254,False
043005,Mierendorffplatz,Charlottenburg-Wilmersdorf,buildings,S-Bahn,1.3,1101,,0,12.4954,10.1039,14.7605,12.6263,0.228,0.0,False
043005,Mierendorffplatz,Charlottenburg-Wilmersdorf,buildings,S-Bahn,1.4,1101,,0,11.6029,9.3821,13.7062,11.7245,0.149,0.0,False
043005,Mierendorffplatz,Charlottenburg-Wilmersdorf,buildings,U-Bahn,1.0,1101,,0,10.736,7.5274,13.2525,10.437,0.139,0.0,False
043005,Mierendorffplatz,Charlottenburg-Wilmersdorf,buildings,U-Bahn,1.3,1101,,0,8.2585,5.7903,10.1943,8.0285,0.0082,0.0,False
043005,Mierendorffplatz,Charlottenburg-Wilmersdorf,buildings,U-Bahn,1.4,1101,,0,7.6686,5.3767,9.4661,7.455,0.0036,0.0,False
043005,Mierendorffplatz,Charlottenburg-Wilmersdorf,buildings,Tram,1.0,1101,,0,43.3242,39.8597,46.9376,43.7312,1.0,1.0,False
043005,Mierendorffplatz,Charlottenburg-Wilmersdorf,buildings,Tram,1.3,1101,,0,33.3263,30.6613,36.1058,33.6394,1.0,0.8084,False
043005,Mierendorffplatz,Charlottenburg-Wilmersdorf,buildings,Tram,1.4,1101,,0,30.9459,28.4712,33.5268,31.2366,1.0,0.5949,False
043005,Mierendorffplatz,Charlottenburg-Wilmersdorf,buildings,Bus,1.0,1101,,0,4.8676,3.6026,6.417,5.1185,0.0,0.0,False
043005,Mierendorffplatz,Charlottenburg-Wilmersdorf,buildings,Bus,1.3,1101,,0,3.7443,2.7712,4.9361,3.9373,0.0,0.0,False
043005,Mierendorffplatz,Charlottenburg-Wilmersdorf,buildings,Bus,1.4,1101,,0,3.4768,2.5733,4.5836,3.6561,0.0,0.0,False
043005,Mierendorffplatz,Charlottenburg-Wilmersdorf,buildings,Regionalbahn,1.0,1101,,0,15.6529,12.7938,18.5441,15.8728,0.5649,0.0227,False
043005,Mierendorffplatz,Charlottenburg-Wilmersdorf,buildings,Regionalbahn,1.3,1101,,0,12.0407,9.8414,14.2647,12.2098,0.1798,0.0,False
043005,Mierendorffplatz,Charlottenburg-Wilmersdorf,buildings,Regionalbahn,1.4,1101,,0,11.1806,9.1384,13.2458,11.3377,0.1362,0.0,False
043005,Mierendorffplatz,Charlottenburg-Wilmersdorf,buildings,S- or U-Bahn,1.0,1101,,0,10.736,7.4615,13.2488,10.4115,0.1362,0.0,False
043005,Mierendorffplatz,Charlottenburg-Wilmersdorf,buildings,S- or U-Bahn,1.3,1101,,0,8.2585,5.7396,10.1914,8.0088,0.0082,0.0,False
043005,Mierendorffplatz,Charlottenburg-Wilmersdorf,buildings,S- or U-Bahn,1.4,1101,,0,7.6686,5.3296,9.4634,7.4368,0.0036,0.0,False
043006,Otto-Suhr-Allee/Kantstraße,Charlottenburg-Wilmersdorf,buildings,S-Bahn,1.0,2437,,0,18.4946,11.5747,24.5808,18.2156,0.5962,0.0542,False
043006,Otto-Suhr-Allee/Kantstraße,Charlottenburg-Wilmersdorf,buildings,S-Bahn,1.3,2437,,0,14.2266,8.9036,18.9083,14.012,0.4739,0.0,False
043006,Otto-Suhr-Allee/Kantstraße,Charlottenburg-Wilmersdorf,buildings,S-Bahn,1.4,2437,,0,13.2104,8.2677,17.5577,13.0111,0.4321,0.0,False
043006,Otto-Suhr-Allee/Kantstraße,Charlottenburg-Wilmersdorf,buildings,U-Bahn,1.0,2437,,0,8.3006,5.6017,11.9158,9.4767,0.1407,0.0021,False
043006,Otto-Suhr-Allee/Kantstraße,Charlottenburg-Wilmersdorf,buildings,U-Bahn,1.3,2437,,0,6.3851,4.309,9.166,7.2898,0.0632,0.0,False
043006,Otto-Suhr-Allee/Kantstraße,Charlottenburg-Wilmersdorf,buildings,U-Bahn,1.4,2437,,0,5.929,4.0012,8.5113,6.7691,0.0468,0.0,False
043006,Otto-Suhr-Allee/Kantstraße,Charlottenburg-Wilmersdorf,buildings,Tram,1.0,2437,,0,49.536,41.444,54.3637,47.207,1.0,0.9134,False
043006,Otto-Suhr-Allee/Kantstraße,Charlottenburg-Wilmersdorf,buildings,Tram,1.3,2437,,0,38.1047,31.88,41.8182,36.3131,0.9943,0.7907,False
043006,Otto-Suhr-Allee/Kantstraße,Charlottenburg-Wilmersdorf,buildings,Tram,1.4,2437,,0,35.3829,29.6028,38.8312,33.7193,0.9877,0.7403,False
043006,Otto-Suhr-Allee/Kantstraße,Charlottenburg-Wilmersdorf,buildings,Bus,1.0,2437,,0,3.9985,2.7174,5.2271,4.0777,0.0,0.0,False
043006,Otto-Suhr-Allee/Kantstraße,Charlottenburg-Wilmersdorf,buildings,Bus,1.3,2437,,0,3.0757,2.0903,4.0209,3.1367,0.0,0.0,False
043006,Otto-Suhr-Allee/Kantstraße,Charlottenburg-Wilmersdorf,buildings,Bus,1.4,2437,,0,2.856,1.941,3.7337,2.9127,0.0,0.0,False
043006,Otto-Suhr-Allee/Kantstraße,Charlottenburg-Wilmersdorf,buildings,Regionalbahn,1.0,2437,,0,29.2064,23.917,36.0219,30.1737,0.9446,0.4538,False
043006,Otto-Suhr-Allee/Kantstraße,Charlottenburg-Wilmersdorf,buildings,Regionalbahn,1.3,2437,,0,22.4665,18.3977,27.7091,23.2106,0.8654,0.199,False
043006,Otto-Suhr-Allee/Kantstraße,Charlottenburg-Wilmersdorf,buildings,Regionalbahn,1.4,2437,,0,20.8617,17.0836,25.7299,21.5527,0.8334,0.1465,False
043006,Otto-Suhr-Allee/Kantstraße,Charlottenburg-Wilmersdorf,buildings,S- or U-Bahn,1.0,2437,,0,7.8254,5.4752,10.5615,8.903,0.1231,0.0021,False
043006,Otto-Suhr-Allee/Kantstraße,Charlottenburg-Wilmersdorf,buildings,S- or U-Bahn,1.3,2437,,0,6.0196,4.2117,8.1242,6.8485,0.0628,0.0,False
043006,Otto-Suhr-Allee/Kantstraße,Charlottenburg-Wilmersdorf,buildings,S- or U-Bahn,1.4,2437,,0,5.5896,3.9109,7.5439,6.3593,0.046,0.0,False
044007,Grunewald,Charlottenburg-Wilmersdorf,buildings,S-Bahn,1.0,3274,,0,20.6023,15.8804,27.2584,22.0361,0.7755,0.1759,False
044007,Grunewald,Charlottenburg-Wilmersdorf,buildings,S-Bahn,1.3,3274,,0,15.8479,12.2157,20.968,16.9508,0.5626,0.0672,False
044007,Grunewald,Charlottenburg-Wilmersdorf,buildings,S-Bahn,1.4,3274,,0,14.7159,11.3432,19.4703,15.7401,0.4805,0.0516,False
044007,Grunewald,Charlottenburg-Wilmersdorf,buildings,U-Bahn,1.0,3274,,0,39.9581,33.3775,48.6032,40.9169,1.0,0.8662,False
044007,Grunewald,Charlottenburg-Wilmersdorf,buildings,U-Bahn,1.3,3274,,0,30.737,25.675,37.3871,31.4745,0.9997,0.5312,False
044007,Grunewald,Charlottenburg-Wilmersdorf,buildings,U-Bahn,1.4,3274,,0,28.5415,23.8411,34.7166,29.2263,0.9976,0.4377,False
044007,Grunewald,Charlottenburg-Wilmersdorf,buildings,Tram,1.0,3274,,0,122.5523,111.7718,132.7597,122.1484,1.0,1.0,False
044007,Grunewald,Charlottenburg-Wilmersdorf,buildings,Tram,1.3,3274,,0,94.271,85.9783,102.1229,93.9603,1.0,1.0,False
044007,Grunewald,Charlottenburg-Wilmersdorf,buildings,Tram,1.4,3274,,0,87.5374,79.837,94.8284,87.2488,1.0,1.0,False
044007,Grunewald,Charlottenburg-Wilmersdorf,buildings,Bus,1.0,3274,,0,5.122,3.3324,7.3104,5.6533,0.0089,0.0,False
044007,Grunewald,Charlottenburg-Wilmersdorf,buildings,Bus,1.3,3274,,0,3.94,2.5634,5.6234,4.3487,0.0,0.0,False
044007,Grunewald,Charlottenburg-Wilmersdorf,buildings,Bus,1.4,3274,,0,3.6586,2.3803,5.2217,4.038,0.0,0.0,False
044007,Grunewald,Charlottenburg-Wilmersdorf,buildings,Regionalbahn,1.0,3274,,0,53.9525,42.6806,63.5944,53.4275,1.0,0.9927,False
044007,Grunewald,Charlottenburg-Wilmersdorf,buildings,Regionalbahn,1.3,3274,,0,41.5019,32.8312,48.9188,41.0981,1.0,0.8369,False
044007,Grunewald,Charlottenburg-Wilmersdorf,buildings,Regionalbahn,1.4,3274,,0,38.5375,30.4861,45.4246,38.1625,1.0,0.7645,False
044007,Grunewald,Charlottenburg-Wilmersdorf,buildings,S- or U-Bahn,1.0,3274,,0,20.6023,15.8804,27.1361,21.1874,0.7755,0.1649,False
044007,Grunewald,Charlottenburg-Wilmersdorf,buildings,S- or U-Bahn,1.3,3274,,0,15.8479,12.2157,20.8739,16.298,0.5626,0.0,False
044007,Grunewald,Charlottenburg-Wilmersdorf,buildings,S- or U-Bahn,1.4,3274,,0,14.7159,11.3432,19.383,15.1338,0.4805,0.0,False
044008,Schmargendorf,Charlottenburg-Wilmersdorf,buildings,S-Bahn,1.0,2644,,0,23.0846,15.2945,29.6317,23.0066,0.7602,0.2424,False
044008,Schmargendorf,Charlottenburg-Wilmersdorf,buildings,S-Bahn,1.3,2644,,0,17.7574,11.765,22.7937,17.6974,0.6335,0.0582,False
044008,Schmargendorf,Charlottenburg-Wilmersdorf,buildings,S-Bahn,1.4,2644,,0,16.489,10.9246,21.1655,16.4333,0.5722,0.0242,False
044008,Schmargendorf,Charlottenburg-Wilmersdorf,buildings,U-Bahn,1.0,2644,,0,19.3323,8.7352,25.5685,17.6597,0.5825,0.079,False
044008,Schmargendorf,Charlottenburg-Wilmersdorf,buildings,U-Bahn,1.3,2644,,0,14.871,6.7194,19.6681,13.5844,0.4928,0.0,False
044008,Schmargendorf,Charlottenburg-Wilmersdorf,buildings,U-Bahn,1.4,2644,,0,13.8088,6.2394,18.2632,12.6141,0.4175,0.0,False
044008,Schmargendorf,Charlottenburg-Wilmersdorf,buildings,Tram,1.0,2644,,0,123.9115,116.2493,130.2591,123.454,1.0,1.0,False
044008,Schmargendorf,Charlottenburg-Wilmersdorf,buildings,Tram,1.3,2644,,0,95.3166,89.4225,100.1993,94.9646,1.0,1.0,False
044008,Schmargendorf,Charlottenburg-Wilmersdorf,buildings,Tram,1.4,2644,,0,88.5082,83.0352,93.0422,88.1814,1.0,1.0,False
044008,Schmargendorf,Charlottenburg-Wilmersdorf,buildings,Bus,1.0,2644,,0,4.8316,3.1826,6.6089,5.0164,0.0011,0.0,False
044008,Schmargendorf,Charlottenburg-Wilmersdorf,buildings,Bus,1.3,2644,,0,3.7166,2.4482,5.0838,3.8588,0.0,0.0,False
044008,Schmargendorf,Charlottenburg-Wilmersdorf,buildings,Bus,1.4,2644,,0,3.4511,2.2733,4.7207,3.5832,0.0,0.0,False
044008,Schmargendorf,Charlottenburg-Wilmersdorf,buildings,Regionalbahn,1.0,2644,,0,64.3605,59.0526,69.2012,63.8181,1.0,1.0,False
044008,Schmargendorf,Charlottenburg-Wilmersdorf,buildings,Regionalbahn,1.3,2644,,0,49.5081,45.4251,53.2317,49.0908,1.0,0.9977,False
044008,Schmargendorf,Charlottenburg-Wilmersdorf,buildings,Regionalbahn,1.4,2644,,0,45.9718,42.1804,49.4294,45.5844,1.0,0.9905,False
044008,Schmargendorf,Charlottenburg-Wilmersdorf,buildings,S- or U-Bahn,1.0,2644,,0,17.764,8.3573,23.8883,16.5078,0.5556,0.0238,False
044008,Schmargendorf,Charlottenburg-Wilmersdorf,buildings,S- or U-Bahn,1.3,2644,,0,13.6646,6.4287,18.3756,12.6983,0.438,0.0,False
044008,Schmargendorf,Charlottenburg-Wilmersdorf,buildings,S- or U-Bahn,1.4,2644,,0,12.6885,5.9695,17.0631,11.7913,0.3665,0.0,False
045009,Halensee,Charlottenburg-Wilmersdorf,buildings,S-Bahn,1.0,1388,,0,12.6132,9.4816,15.2859,12.4854,0.268,0.0,False
045009,Halensee,Charlottenburg-Wilmersdorf,buildings,S-Bahn,1.3,1388,,0,9.7024,7.2936,11.7584,9.6042,0.054,0.0,False
045009,Halensee,Charlottenburg-Wilmersdorf,buildings,S-Bahn,1.4,1388,,0,9.0094,6.7726,10.9185,8.9181,0.0108,0.0,False
045009,Halensee,Charlottenburg-Wilmersdorf,buildings,U-Bahn,1.0,1388,,0,15.1162,9.2357,20.7462,15.2688,0.5072,0.0079,False
045009,Halensee,Charlottenburg-Wilmersdorf,buildings,U-Bahn,1.3,1388,,0,11.6279,7.1044,15.9586,11.7452,0.3091,0.0,False
045009,Halensee,Charlottenburg-Wilmersdorf,buildings,U-Bahn,1.4,1388,,0,10.7973,6.5969,14.8187,10.9063,0.2363,0.0,False
045009,Halensee,Charlottenburg-Wilmersdorf,buildings,Tram,1.0,1388,,0,88.1121,81.9699,91.6499,87.21,1.0,1.0,False
045009,Halensee,Charlottenburg-Wilmersdorf,buildings,Tram,1.3,1388,,0,67.7786,63.0538,70.5,67.0847,1.0,1.0,False
045009,Halensee,Charlottenburg-Wilmersdorf,buildings,Tram,1.4,1388,,0,62.9372,58.5499,65.4642,62.2929,1.0,1.0,False
045009,Halensee,Charlottenburg-Wilmersdorf,buildings,Bus,1.0,1388,,0,4.5607,3.0263,6.2536,4.851,0.0,0.0,False
045009,Halensee,Charlottenburg-Wilmersdorf,buildings,Bus,1.3,1388,,0,3.5082,2.3279,4.8105,3.7316,0.0,0.0,False
045009,Halensee,Charlottenburg-Wilmersdorf,buildings,Bus,1.4,1388,,0,3.2576,2.1616,4.4669,3.465,0.0,0.0,False
045009,Halensee,Charlottenburg-Wilmersdorf,buildings,Regionalbahn,1.0,1388,,0,20.5337,15.3933,26.6402,20.574,0.7615,0.1023,False
045009,Halensee,Charlottenburg-Wilmersdorf,buildings,Regionalbahn,1.3,1388,,0,15.7952,11.841,20.4925,15.8261,0.5814,0.0065,False
045009,Halensee,Charlottenburg-Wilmersdorf,buildings,Regionalbahn,1.4,1388,,0,14.6669,10.9952,19.0287,14.6957,0.4769,0.0058,False
045009,Halensee,Charlottenburg-Wilmersdorf,buildings,S- or U-Bahn,1.0,1388,,0,9.5134,7.1907,12.0256,9.464,0.0238,0.0,False
045009,Halensee,Charlottenburg-Wilmersdorf,buildings,S- or U-Bahn,1.3,1388,,0,7.318,5.5313,9.2504,7.28,0.0,0.0,False
045009,Halensee,Charlottenburg-Wilmersdorf,buildings,S- or U-Bahn,1.4,1388,,0,6.7953,5.1362,8.5897,6.76,0.0,0.0,False
045010,Lietzenburger Straße,Charlottenburg-Wilmersdorf,buildings,S-Bahn,1.0,1820,,0,17.2745,11.8842,22.1569,16.9031,0.606,0.0,False
045010,Lietzenburger Straße,Charlottenburg-Wilmersdorf,buildings,S-Bahn,1.3,1820,,0,13.2881,9.1417,17.0437,13.0024,0.3912,0.0,False
045010,Lietzenburger Straße,Charlottenburg-Wilmersdorf,buildings,S-Bahn,1.4,1820,,0,12.3389,8.4887,15.8263,12.0736,0.3071,0.0,False
045010,Lietzenburger Straße,Charlottenburg-Wilmersdorf,buildings,U-Bahn,1.0,1820,,0,7.309,5.1064,10.3428,7.7386,0.0181,0.0,False
045010,Lietzenburger Straße,Charlottenburg-Wilmersdorf,buildings,U-Bahn,1.3,1820,,0,5.6223,3.928,7.956,5.9528,0.0,0.0,False
045010,Lietzenburger Straße,Charlottenburg-Wilmersdorf,buildings,U-Bahn,1.4,1820,,0,5.2207,3.6475,7.3877,5.5276,0.0,0.0,False
045010,Lietzenburger Straße,Charlottenburg-Wilmersdorf,buildings,Tram,1.0,1820,,0,65.1936,59.1387,71.2078,65.0583,1.0,1.0,False
045010,Lietzenburger Straße,Charlottenburg-Wilmersdorf,buildings,Tram,1.3,1820,,0,50.1489,45.4913,54.7752,50.0448,1.0,1.0,False
045010,Lietzenburger Straße,Charlottenburg-Wilmersdorf,buildings,Tram,1.4,1820,,0,46.5669,42.2419,50.8627,46.4702,1.0,0.9984,False
045010,Lietzenburger Straße,Charlottenburg-Wilmersdorf,buildings,Bus,1.0,1820,,0,4.2132,2.9063,5.6731,4.4353,0.0,0.0,False
045010,Lietzenburger Straße,Charlottenburg-Wilmersdorf,buildings,Bus,1.3,1820,,0,3.2409,2.2356,4.3639,3.4117,0.0,0.0,False
045010,Lietzenburger Straße,Charlottenburg-Wilmersdorf,buildings,Bus,1.4,1820,,0,3.0094,2.076,4.0522,3.168,0.0,0.0,False
045010,Lietzenburger Straße,Charlottenburg-Wilmersdorf,buildings,Regionalbahn,1.0,1820,,0,30.1236,21.6587,37.7174,29.5769,0.8874,0.5022,False
045010,Lietzenburger Straße,Charlottenburg-Wilmersdorf,buildings,Regionalbahn,1.3,1820,,0,23.172,16.6606,29.0134,22.7515,0.8005,0.2159,False
045010,Lietzenburger Straße,Charlottenburg-Wilmersdorf,buildings,Regionalbahn,1.4,1820,,0,21.5169,15.4705,26.941,21.1264,0.767,0.1566,False
045010,Lietzenburger Straße,Charlottenburg-Wilmersdorf,buildings,S- or U-Bahn,1.0,1820,,0,6.9062,5.038,9.3478,7.2224,0.0044,0.0,False
045010,Lietzenburger Straße,Charlottenburg-Wilmersdorf,buildings,S- or U-Bahn,1.3,1820,,0,5.3124,3.8754,7.1906,5.5557,0.0,0.0,False
045010,Lietzenburger Straße,Charlottenburg-Wilmersdorf,buildings,S- or U-Bahn,1.4,1820,,0,4.933,3.5986,6.677,5.1589,0.0,0.0,False
045011,Volkspark Wilmersdorf,Charlottenburg-Wilmersdorf,buildings,S-Bahn,1.0,2294,,0,18.4223,12.4534,24.988,18.675,0.6312,0.075,False
045011,Volkspark Wilmersdorf,Charlottenburg-Wilmersdorf,buildings,S-Bahn,1.3,2294,,0,14.171,9.5795,19.2215,14.3654,0.4568,0.0,False
045011,Volkspark Wilmersdorf,Charlottenburg-Wilmersdorf,buildings,S-Bahn,1.4,2294,,0,13.1588,8.8953,17.8486,13.3393,0.3954,0.0,False
045011,Volkspark Wilmersdorf,Charlottenburg-Wilmersdorf,buildings,U-Bahn,1.0,2294,,0,7.2359,5.4645,9.6121,7.5483,0.0122,0.0,False
045011,Volkspark Wilmersdorf,Charlottenburg-Wilmersdorf,buildings,U-Bahn,1.3,2294,,0,5.5661,4.2035,7.3939,5.8064,0.0,0.0,False
045011,Volkspark Wilmersdorf,Charlottenburg-Wilmersdorf,buildings,U-Bahn,1.4,2294,,0,5.1685,3.9032,6.8658,5.3916,0.0,0.0,False
045011,Volkspark Wilmersdorf,Charlottenburg-Wilmersdorf,buildings,Tram,1.0,2294,,0,89.1091,81.8068,95.4192,88.3558,1.0,1.0,False
045011,Volkspark Wilmersdorf,Charlottenburg-Wilmersdorf,buildings,Tram,1.3,2294,,0,68.5455,62.9283,73.3994,67.966,1.0,1.0,False
045011,Volkspark Wilmersdorf,Charlottenburg-Wilmersdorf,buildings,Tram,1.4,2294,,0,63.6494,58.4334,68.1566,63.1113,1.0,1.0,False
045011,Volkspark Wilmersdorf,Charlottenburg-Wilmersdorf,buildings,Bus,1.0,2294,,0,4.2554,2.7254,5.7723,4.3018,0.0,0.0,False
045011,Volkspark Wilmersdorf,Charlottenburg-Wilmersdorf,buildings,Bus,1.3,2294,,0,3.2734,2.0964,4.4402,3.3091,0.0,0.0,False
045011,Volkspark Wilmersdorf,Charlottenburg-Wilmersdorf,buildings,Bus,1.4,2294,,0,3.0396,1.9467,4.1231,3.0727,0.0,0.0,False
045011,Volkspark Wilmersdorf,Charlottenburg-Wilmersdorf,buildings,Regionalbahn,1.0,2294,,0,45.8609,40.8955,50.3364,45.5682,1.0,1.0,False
045011,Volkspark Wilmersdorf,Charlottenburg-Wilmersdorf,buildings,Regionalbahn,1.3,2294,,0,35.2776,31.4581,38.7203,35.0525,1.0,0.8269,False
045011,Volkspark Wilmersdorf,Charlottenburg-Wilmersdorf,buildings,Regionalbahn,1.4,2294,,0,32.7578,29.2111,35.9546,32.5487,1.0,0.7053,False
045011,Volkspark Wilmersdorf,Charlottenburg-Wilmersdorf,buildings,S- or U-Bahn,1.0,2294,,0,7.1875,5.4422,9.4558,7.3385,0.0,0.0,False
045011,Volkspark Wilmersdorf,Charlottenburg-Wilmersdorf,buildings,S- or U-Bahn,1.3,2294,,0,5.5288,4.1863,7.2737,5.645,0.0,0.0,False
045011,Volkspark Wilmersdorf,Charlottenburg-Wilmersdorf,buildings,S- or U-Bahn,1.4,2294,,0,5.1339,3.8873,6.7541,5.2418,0.0,0.0,False
051001,Hakenfelde,Spandau,buildings,S-Bahn,1.0,5206,,0,71.7376,58.0755,81.1225,71.5326,1.0,1.0,False
051001,Hakenfelde,Spandau,buildings,S-Bahn,1.3,5206,,0,55.1828,44.6734,62.4019,55.0251,1.0,0.9996,False
051001,Hakenfelde,Spandau,buildings,S-Bahn,1.4,5206,,0,51.2412,41.4825,57.9446,51.0947,1.0,0.9988,False
051001,Hakenfelde,Spandau,buildings,U-Bahn,1.0,5206,,0,61.6066,49.9948,69.6684,61.9353,1.0,1.0,False
051001,Hakenfelde,Spandau,buildings,U-Bahn,1.3,5206,,0,47.3897,38.4576,53.5911,47.6426,1.0,0.9837,False
051001,Hakenfelde,Spandau,buildings,U-Bahn,1.4,5206,,0,44.0047,35.7106,49.7631,44.2395,1.0,0.9416,False
051001,Hakenfelde,Spandau,buildings,Tram,1.0,5206,,0,191.712,185.4756,202.09,195.2474,1.0,1.0,False
051001,Hakenfelde,Spandau,buildings,Tram,1.3,5206,,0,147.4708,142.6735,155.4538,150.1903,1.0,1.0,False
051001,Hakenfelde,Spandau,buildings,Tram,1.4,5206,,0,136.9372,132.4825,144.35,139.4624,1.0,1.0,False
051001,Hakenfelde,Spandau,buildings,Bus,1.0,5206,,0,7.4479,4.881,10.2043,8.3585,0.0423,0.0156,False
051001,Hakenfelde,Spandau,buildings,Bus,1.3,5206,,0,5.7291,3.7546,7.8494,6.4296,0.0159,0.015,False
051001,Hakenfelde,Spandau,buildings,Bus,1.4,5206,,0,5.3199,3.4864,7.2888,5.9703,0.0156,0.015,False
051001,Hakenfelde,Spandau,buildings,Regionalbahn,1.0,5206,,0,70.9043,58.4842,80.9575,70.666,1.0,1.0,False
051001,Hakenfelde,Spandau,buildings,Regionalbahn,1.3,5206,,0,54.5417,44.9878,62.275,54.3585,1.0,0.9996,False
051001,Hakenfelde,Spandau,buildings,Regionalbahn,1.4,5206,,0,50.6459,41.7744,57.8268,50.4757,1.0,0.999,False
051001,Hakenfelde,Spandau,buildings,S- or U-Bahn,1.0,5206,,0,61.6066,49.9948,69.6684,61.9353,1.0,1.0,False
051001,Hakenfelde,Spandau,buildings,S- or U-Bahn,1.3,5206,,0,47.3897,38.4576,53.5911,47.6426,1.0,0.9837,False
051001,Hakenfelde,Spandau,buildings,S- or U-Bahn,1.4,5206,,0,44.0047,35.7106,49.7631,44.2395,1.0,0.9416,False
051002,Falkenhagener Feld,Spandau,buildings,S-Bahn,1.0,5451,,0,47.5363,35.9062,67.3164,51.4889,1.0,0.8929,False
051002,Falkenhagener Feld,Spandau,buildings,S-Bahn,1.3,5451,,0,36.5664,27.6202,51.7818,39.6069,0.9996,0.6716,False
051002,Falkenhagener Feld,Spandau,buildings,S-Bahn,1.4,5451,,0,33.9545,25.6473,48.0831,36.7778,0.9974,0.607,False
051002,Falkenhagener Feld,Spandau,buildings,U-Bahn,1.0,5451,,0,48.568,36.9406,68.1197,52.1948,1.0,0.8943,False
051002,Falkenhagener Feld,Spandau,buildings,U-Bahn,1.3,5451,,0,37.36,28.4158,52.3998,40.1499,1.0,0.7089,False
051002,Falkenhagener Feld,Spandau,buildings,U-Bahn,1.4,5451,,0,34.6914,26.3861,48.6569,37.282,0.9996,0.6402,False
051002,Falkenhagener Feld,Spandau,buildings,Tram,1.0,5451,,0,213.8633,203.8872,232.4778,217.4408,1.0,1.0,False
051002,Falkenhagener Feld,Spandau,buildings,Tram,1.3,5451,,0,164.5102,156.8363,178.8291,167.2621,1.0,1.0,False
051002,Falkenhagener Feld,Spandau,buildings,Tram,1.4,5451,,0,152.7595,145.6337,166.0556,155.3148,1.0,1.0,False
051002,Falkenhagener Feld,Spandau,buildings,Bus,1.0,5451,,0,4.7242,3.1612,6.6824,5.1993,0.0053,0.0,False
051002,Falkenhagener Feld,Spandau,buildings,Bus,1.3,5451,,0,3.634,2.4317,5.1403,3.9995,0.0017,0.0,False
051002,Falkenhagener Feld,Spandau,buildings,Bus,1.4,5451,,0,3.3744,2.258,4.7731,3.7138,0.0,0.0,False
051002,Falkenhagener Feld,Spandau,buildings,Regionalbahn,1.0,5451,,0,37.6327,30.5983,44.2356,37.0857,0.9409,0.7637,False
051002,Falkenhagener Feld,Spandau,buildings,Regionalbahn,1.3,5451,,0,28.9482,23.5372,34.0274,28.5274,0.9138,0.4473,False
051002,Falkenhagener Feld,Spandau,buildings,Regionalbahn,1.4,5451,,0,26.8805,21.856,31.5969,26.4898,0.9024,0.3418,False
051002,Falkenhagener Feld,Spandau,buildings,S- or U-Bahn,1.0,5451,,0,47.1991,35.6117,66.7158,50.9085,1.0,0.8842,False
051002,Falkenhagener Feld,Spandau,buildings,S- or U-Bahn,1.3,5451,,0,36.307,27.3936,51.3199,39.1604,0.9996,0.6661,False
051002,Falkenhagener Feld,Spandau,buildings,S- or U-Bahn,1.4,5451,,0,33.7137,25.4369,47.6542,36.3632,0.9971,0.603,False
051003,Spandau Mitte,Spandau,buildings,S-Bahn,1.0,3756,,0,25.335,15.0187,35.0086,25.6037,0.7505,0.3895,False
051003,Spandau Mitte,Spandau,buildings,S-Bahn,1.3,3756,,0,19.4884,11.5529,26.9297,19.6951,0.6166,0.1419,False
051003,Spandau Mitte,Spandau,buildings,S-Bahn,1.4,3756,,0,18.0964,10.7277,25.0061,18.2883,0.5809,0.0929,False
051003,Spandau Mitte,Spandau,buildings,U-Bahn,1.0,3756,,0,19.58,12.6957,26.2178,19.5816,0.6592,0.1696,False
051003,Spandau Mitte,Spandau,buildings,U-Bahn,1.3,3756,,0,15.0615,9.7659,20.1676,15.0628,0.5032,0.0122,False
051003,Spandau Mitte,Spandau,buildings,U-Bahn,1.4,3756,,0,13.9857,9.0684,18.727,13.9869,0.4436,0.0091,False
051003,Spandau Mitte,Spandau,buildings,Tram,1.0,3756,,0,175.1361,164.6975,182.2123,171.176,1.0,1.0,False
051003,Spandau Mitte,Spandau,buildings,Tram,1.3,3756,,0,134.72,126.6904,140.1633,131.6739,1.0,1.0,False
051003,Spandau Mitte,Spandau,buildings,Tram,1.4,3756,,0,125.0972,117.6411,130.1516,122.2686,1.0,1.0,False
051003,Spandau Mitte,Spandau,buildings,Bus,1.0,3756,,0,4.024,2.7909,5.5974,4.5798,0.0157,0.0,False
051003,Spandau Mitte,Spandau,buildings,Bus,1.3,3756,,0,3.0954,2.1468,4.3057,3.5229,0.0048,0.0,False
051003,Spandau Mitte,Spandau,buildings,Bus,1.4,3756,,0,2.8743,1.9935,3.9981,3.2713,0.0027,0.0,False
051003,Spandau Mitte,Spandau,buildings,Regionalbahn,1.0,3756,,0,27.8726,16.582,37.0565,28.6637,0.7995,0.4446,False
051003,Spandau Mitte,Spandau,buildings,Regionalbahn,1.3,3756,,0,21.4405,12.7554,28.505,22.049,0.6778,0.2061,False
051003,Spandau Mitte,Spandau,buildings,Regionalbahn,1.4,3756,,0,19.909,11.8443,26.4689,20.4741,0.6459,0.1643,False
051003,Spandau Mitte,Spandau,buildings,S- or U-Bahn,1.0,3756,,0,17.491,10.831,24.7815,18.2161,0.6097,0.1313,False
051003,Spandau Mitte,Spandau,buildings,S- or U-Bahn,1.3,3756,,0,13.4546,8.3315,19.0627,14.0124,0.4353,0.0122,False
051003,Spandau Mitte,Spandau,buildings,S- or U-Bahn,1.4,3756,,0,12.4935,7.7364,17.7011,13.0115,0.3767,0.0091,False
052004,Brunsbütteler Damm,Spandau,buildings,S-Bahn,1.0,6574,,0,57.3998,46.6187,72.5548,59.5714,1.0,0.9854,False
052004,Brunsbütteler Damm,Spandau,buildings,S-Bahn,1.3,6574,,0,44.1537,35.8605,55.8114,45.8241,1.0,0.8922,False
052004,Brunsbütteler Damm,Spandau,buildings,S-Bahn,1.4,6574,,0,40.9999,33.2991,51.8248,42.551,1.0,0.8272,False
052004,Brunsbütteler Damm,Spandau,buildings,U-Bahn,1.0,6574,,0,59.9203,49.2675,75.1843,62.1612,1.0,0.9919,False
052004,Brunsbütteler Damm,Spandau,buildings,U-Bahn,1.3,6574,,0,46.0925,37.8981,57.8341,47.8163,1.0,0.9303,False
052004,Brunsbütteler Damm,Spandau,buildings,U-Bahn,1.4,6574,,0,42.8002,35.1911,53.7031,44.4008,1.0,0.8833,False
052004,Brunsbütteler Damm,Spandau,buildings,Tram,1.0,6574,,0,230.3178,219.8017,245.6888,232.4464,1.0,1.0,False
052004,Brunsbütteler Damm,Spandau,buildings,Tram,1.3,6574,,0,177.1675,169.0782,188.9913,178.8049,1.0,1.0,False
052004,Brunsbütteler Damm,Spandau,buildings,Tram,1.4,6574,,0,164.5127,157.0012,175.492,166.0331,1.0,1.0,False
052004,Brunsbütteler Damm,Spandau,buildings,Bus,1.0,6574,,0,5.5311,3.6414,7.8532,5.8837,0.0033,0.0,False
052004,Brunsbütteler Damm,Spandau,buildings,Bus,1.3,6574,,0,4.2547,2.8011,6.0409,4.5259,0.0,0.0,False
052004,Brunsbütteler Damm,Spandau,buildings,Bus,1.4,6574,,0,3.9508,2.601,5.6095,4.2026,0.0,0.0,False
052004,Brunsbütteler Damm,Spandau,buildings,Regionalbahn,1.0,6574,,0,42.8634,32.9552,49.98,40.6154,0.9589,0.8027,False
052004,Brunsbütteler Damm,Spandau,buildings,Regionalbahn,1.3,6574,,0,32.9719,25.3501,38.4462,31.2426,0.9309,0.6372,False
052004,Brunsbütteler Damm,Spandau,buildings,Regionalbahn,1.4,6574,,0,30.6167,23.5394,35.7,29.011,0.9153,0.5359,False
052004,Brunsbütteler Damm,Spandau,buildings,S- or U-Bahn,1.0,6574,,0,57.3998,46.6187,72.5548,59.5714,1.0,0.9854,False
052004,Brunsbütteler Damm,Spandau,buildings,S- or U-Bahn,1.3,6574,,0,44.1537,35.8605,55.8114,45.8241,1.0,0.8922,False
052004,Brunsbütteler Damm,Spandau,buildings,S- or U-Bahn,1.4,6574,,0,40.9999,33.2991,51.8248,42.551,1.0,0.8272,False
052005,Heerstraße,Spandau,buildings,S-Bahn,1.0,5234,,0,64.78,55.9389,73.7487,65.9033,1.0,1.0,False
052005,Heerstraße,Spandau,buildings,S-Bahn,1.3,5234,,0,49.8308,43.0299,56.7298,50.6948,1.0,0.9778,False
052005,Heerstraße,Spandau,buildings,S-Bahn,1.4,5234,,0,46.2714,39.9563,52.6776,47.0738,1.0,0.9593,False
052005,Heerstraße,Spandau,buildings,U-Bahn,1.0,5234,,0,65.1781,56.7911,75.9204,67.4251,1.0,1.0,False
052005,Heerstraße,Spandau,buildings,U-Bahn,1.3,5234,,0,50.137,43.6854,58.4003,51.8655,1.0,0.995,False
052005,Heerstraße,Spandau,buildings,U-Bahn,1.4,5234,,0,46.5558,40.5651,54.2289,48.1608,1.0,0.969,False
052005,Heerstraße,Spandau,buildings,Tram,1.0,5234,,0,221.7034,212.325,241.5883,227.2775,1.0,1.0,False
052005,Heerstraße,Spandau,buildings,Tram,1.3,5234,,0,170.5411,163.3269,185.8371,174.8288,1.0,1.0,False
052005,Heerstraße,Spandau,buildings,Tram,1.4,5234,,0,158.3596,151.6607,172.5631,162.341,1.0,1.0,False
052005,Heerstraße,Spandau,buildings,Bus,1.0,5234,,0,6.0003,3.8968,8.6048,6.7787,0.0585,0.0,False
052005,Heerstraße,Spandau,buildings,Bus,1.3,5234,,0,4.6156,2.9976,6.6191,5.2144,0.0201,0.0,False
052005,Heerstraße,Spandau,buildings,Bus,1.4,5234,,0,4.2859,2.7835,6.1463,4.8419,0.0117,0.0,False
052005,Heerstraße,Spandau,buildings,Regionalbahn,1.0,5234,,0,60.4805,54.3135,66.1162,59.896,1.0,1.0,False
052005,Heerstraße,Spandau,buildings,Regionalbahn,1.3,5234,,0,46.5235,41.7796,50.8586,46.0738,1.0,0.9736,False
052005,Heerstraße,Spandau,buildings,Regionalbahn,1.4,5234,,0,43.2004,38.7954,47.2259,42.7828,1.0,0.9564,False
052005,Heerstraße,Spandau,buildings,S- or U-Bahn,1.0,5234,,0,64.2851,55.5758,73.5665,65.6834,1.0,1.0,False
052005,Heerstraße,Spandau,buildings,S- or U-Bahn,1.3,5234,,0,49.4501,42.7506,56.5896,50.5257,1.0,0.9771,False
052005,Heerstraße,Spandau,buildings,S- or U-Bahn,1.4,5234,,0,45.9179,39.697,52.5475,46.9167,1.0,0.9587,False
052006,Wilhelmstadt,Spandau,buildings,S-Bahn,1.0,5827,,0,39.3504,28.6267,51.9885,40.9927,0.9641,0.7146,False
052006,Wilhelmstadt,Spandau,buildings,S-Bahn,1.3,5827,,0,30.2696,22.0206,39.9912,31.5328,0.9217,0.5104,False
052006,Wilhelmstadt,Spandau,buildings,S-Bahn,1.4,5827,,0,28.1075,20.4477,37.1347,29.2805,0.8921,0.406,False
052006,Wilhelmstadt,Spandau,buildings,U-Bahn,1.0,5827,,0,40.953,30.1497,58.964,43.9438,0.9715,0.7536,False
052006,Wilhelmstadt,Spandau,buildings,U-Bahn,1.3,5827,,0,31.5023,23.1921,45.3569,33.8029,0.9355,0.5392,False
052006,Wilhelmstadt,Spandau,buildings,U-Bahn,1.4,5827,,0,29.2521,21.5355,42.1171,31.3884,0.9125,0.4822,False
052006,Wilhelmstadt,Spandau,buildings,Tram,1.0,5827,,0,186.8981,179.7476,197.9171,188.1277,1.0,1.0,False
052006,Wilhelmstadt,Spandau,buildings,Tram,1.3,5827,,0,143.7677,138.2674,152.2439,144.7136,1.0,1.0,False
052006,Wilhelmstadt,Spandau,buildings,Tram,1.4,5827,,0,133.4986,128.3912,141.3693,134.3769,1.0,1.0,False
052006,Wilhelmstadt,Spandau,buildings,Bus,1.0,5827,,0,6.0894,3.7237,9.3928,7.1673,0.0865,0.0007,False
052006,Wilhelmstadt,Spandau,buildings,Bus,1.3,5827,,0,4.6842,2.8644,7.2253,5.5133,0.0178,0.0005,False
052006,Wilhelmstadt,Spandau,buildings,Bus,1.4,5827,,0,4.3496,2.6598,6.7092,5.1195,0.0074,0.0,False
052006,Wilhelmstadt,Spandau,buildings,Regionalbahn,1.0,5827,,0,40.473,29.4283,59.1808,43.4864,0.9607,0.735,False
052006,Wilhelmstadt,Spandau,buildings,Regionalbahn,1.3,5827,,0,31.1331,22.6372,45.5237,33.4511,0.9149,0.5342,False
052006,Wilhelmstadt,Spandau,buildings,Regionalbahn,1.4,5827,,0,28.9093,21.0202,42.272,31.0617,0.886,0.475,False
052006,Wilhelmstadt,Spandau,buildings,S- or U-Bahn,1.0,5827,,0,38.9962,28.3264,51.9629,40.6737,0.9631,0.7021,False
052006,Wilhelmstadt,Spandau,buildings,S- or U-Bahn,1.3,5827,,0,29.9971,21.7895,39.9715,31.2875,0.9164,0.4997,False
052006,Wilhelmstadt,Spandau,buildings,S- or U-Bahn,1.4,5827,,0,27.8544,20.2332,37.1164,29.0527,0.8879,0.3976,False
053007,Haselhorst,Spandau,buildings,S-Bahn,1.0,2251,,0,66.3971,58.1104,72.7694,63.864,1.0,0.9707,False
053007,Haselhorst,Spandau,buildings,S-Bahn,1.3,2251,,0,51.0747,44.7003,55.9764,49.1262,1.0,0.9263,False
053007,Haselhorst,Spandau,buildings,S-Bahn,1.4,2251,,0,47.4265,41.5074,51.9781,45.6171,0.9996,0.9143,False
053007,Haselhorst,Spandau,buildings,U-Bahn,1.0,2251,,0,24.9712,15.7352,39.1805,27.2116,0.7681,0.4749,False
053007,Haselhorst,Spandau,buildings,U-Bahn,1.3,2251,,0,19.2086,12.104,30.1389,20.932,0.669,0.2559,False
053007,Haselhorst,Spandau,buildings,U-Bahn,1.4,2251,,0,17.8366,11.2394,27.9861,19.4368,0.6206,0.1195,False
053007,Haselhorst,Spandau,buildings,Tram,1.0,2251,,0,144.0832,137.3667,149.8073,142.9915,1.0,1.0,False
053007,Haselhorst,Spandau,buildings,Tram,1.3,2251,,0,110.8333,105.6667,115.2364,109.9934,1.0,1.0,False
053007,Haselhorst,Spandau,buildings,Tram,1.4,2251,,0,102.9166,98.1191,107.0052,102.1368,1.0,1.0,False
053007,Haselhorst,Spandau,buildings,Bus,1.0,2251,,0,6.1732,4.0675,8.2834,6.6539,0.0275,0.0044,False
053007,Haselhorst,Spandau,buildings,Bus,1.3,2251,,0,4.7486,3.1288,6.3718,5.1184,0.0169,0.0,False
053007,Haselhorst,Spandau,buildings,Bus,1.4,2251,,0,4.4094,2.9054,5.9167,4.7528,0.0169,0.0,False
053007,Haselhorst,Spandau,buildings,Regionalbahn,1.0,2251,,0,67.61,59.3979,73.5002,64.8785,1.0,0.9747,False
053007,Haselhorst,Spandau,buildings,Regionalbahn,1.3,2251,,0,52.0077,45.6907,56.5386,49.9065,1.0,0.9294,False
053007,Haselhorst,Spandau,buildings,Regionalbahn,1.4,2251,,0,48.2929,42.427,52.5001,46.3418,1.0,0.9169,False
053007,Haselhorst,Spandau,buildings,S- or U-Bahn,1.0,2251,,0,24.9712,15.7352,39.1805,27.2116,0.7681,0.4749,False
053007,Haselhorst,Spandau,buildings,S- or U-Bahn,1.3,2251,,0,19.2086,12.104,30.1389,20.932,0.669,0.2559,False
053007,Haselhorst,Spandau,buildings,S- or U-Bahn,1.4,2251,,0,17.8366,11.2394,27.9861,19.4368,0.6206,0.1195,False
053008,Siemensstadt,Spandau,buildings,S-Bahn,1.0,1233,,0,59.2488,47.1127,67.3487,58.5071,1.0,0.9854,False
053008,Siemensstadt,Spandau,buildings,S-Bahn,1.3,1233,,0,45.576,36.2405,51.8067,45.0054,1.0,0.9505,False
053008,Siemensstadt,Spandau,buildings,S-Bahn,1.4,1233,,0,42.3205,33.6519,48.1062,41.7908,1.0,0.8938,False
053008,Siemensstadt,Spandau,buildings,U-Bahn,1.0,1233,,0,15.2974,8.5057,22.9536,16.3641,0.5101,0.0633,False
053008,Siemensstadt,Spandau,buildings,U-Bahn,1.3,1233,,0,11.7672,6.5429,17.6566,12.5878,0.3431,0.0251,False
053008,Siemensstadt,Spandau,buildings,U-Bahn,1.4,1233,,0,10.9267,6.0755,16.3954,11.6887,0.3114,0.0227,False
053008,Siemensstadt,Spandau,buildings,Tram,1.0,1233,,0,100.3897,91.9182,112.9368,103.354,1.0,1.0,False
053008,Siemensstadt,Spandau,buildings,Tram,1.3,1233,,0,77.2229,70.7063,86.8745,79.5031,1.0,1.0,False
053008,Siemensstadt,Spandau,buildings,Tram,1.4,1233,,0,71.7069,65.6559,80.6691,73.8243,1.0,1.0,False
053008,Siemensstadt,Spandau,buildings,Bus,1.0,1233,,0,6.4238,3.7052,9.572,6.9931,0.0414,0.0,False
053008,Siemensstadt,Spandau,buildings,Bus,1.3,1233,,0,4.9414,2.8501,7.3631,5.3793,0.0024,0.0,False
053008,Siemensstadt,Spandau,buildings,Bus,1.4,1233,,0,4.5885,2.6466,6.8372,4.995,0.0024,0.0,False
053008,Siemensstadt,Spandau,buildings,Regionalbahn,1.0,1233,,0,60.9089,49.3537,69.0338,60.4285,1.0,0.9927,False
053008,Siemensstadt,Spandau,buildings,Regionalbahn,1.3,1233,,0,46.853,37.9644,53.1029,46.4835,1.0,0.9692,False
053008,Siemensstadt,Spandau,buildings,Regionalbahn,1.4,1233,,0,43.5063,35.2526,49.3098,43.1632,1.0,0.927,False
053008,Siemensstadt,Spandau,buildings,S- or U-Bahn,1.0,1233,,0,15.2974,8.5057,22.9536,16.3641,0.5101,0.0633,False
053008,Siemensstadt,Spandau,buildings,S- or U-Bahn,1.3,1233,,0,11.7672,6.5429,17.6566,12.5878,0.3431,0.0251,False
053008,Siemensstadt,Spandau,buildings,S- or U-Bahn,1.4,1233,,0,10.9267,6.0755,16.3954,11.6887,0.3114,0.0227,False
054009,Gatow/Kladow,Spandau,buildings,S-Bahn,1.0,10587,,0,187.7944,161.8918,199.1629,176.2343,1.0,1.0,False
054009,Gatow/Kladow,Spandau,buildings,S-Bahn,1.3,10587,,0,144.4572,124.5322,153.2022,135.5648,1.0,1.0,False
054009,Gatow/Kladow,Spandau,buildings,S-Bahn,1.4,10587,,0,134.1388,115.637,142.2592,125.8816,1.0,1.0,False
054009,Gatow/Kladow,Spandau,buildings,U-Bahn,1.0,10587,,0,186.9744,161.0719,198.3429,175.4204,1.0,1.0,False
054009,Gatow/Kladow,Spandau,buildings,U-Bahn,1.3,10587,,0,143.8265,123.9014,152.5715,134.9388,1.0,1.0,False
054009,Gatow/Kladow,Spandau,buildings,U-Bahn,1.4,10587,,0,133.5532,115.0513,141.6735,125.3003,1.0,1.0,False
054009,Gatow/Kladow,Spandau,buildings,Tram,1.0,10587,,0,331.0522,306.1089,342.7819,319.0151,1.0,1.0,False
054009,Gatow/Kladow,Spandau,buildings,Tram,1.3,10587,,0,254.6556,235.4684,263.6784,245.3962,1.0,1.0,False
054009,Gatow/Kladow,Spandau,buildings,Tram,1.4,10587,,0,236.4659,218.6492,244.8442,227.8679,1.0,1.0,False
054009,Gatow/Kladow,Spandau,buildings,Bus,1.0,10587,,0,5.5044,3.6427,7.9333,6.4243,0.0442,0.0022,False
054009,Gatow/Kladow,Spandau,buildings,Bus,1.3,10587,,0,4.2341,2.8021,6.1026,4.9418,0.009,0.0,False
054009,Gatow/Kladow,Spandau,buildings,Bus,1.4,10587,,0,3.9317,2.6019,5.6667,4.5888,0.0056,0.0,False
054009,Gatow/Kladow,Spandau,buildings,Regionalbahn,1.0,10587,,0,186.7284,160.8259,198.0969,175.1719,1.0,1.0,False
054009,Gatow/Kladow,Spandau,buildings,Regionalbahn,1.3,10587,,0,143.6373,123.7122,152.3823,134.7476,1.0,1.0,False
054009,Gatow/Kladow,Spandau,buildings,Regionalbahn,1.4,10587,,0,133.3775,114.8756,141.4978,125.1228,1.0,1.0,False
054009,Gatow/Kladow,Spandau,buildings,S- or U-Bahn,1.0,10587,,0,186.9744,161.0719,198.3429,175.4193,1.0,1.0,False
054009,Gatow/Kladow,Spandau,buildings,S- or U-Bahn,1.3,10587,,0,143.8265,123.9014,152.5715,134.9379,1.0,1.0,False
054009,Gatow/Kladow,Spandau,buildings,S- or U-Bahn,1.4,10587,,0,133.5532,115.0513,141.6735,125.2995,1.0,1.0,False
061001,Schloßstraße,Steglitz-Zehlendorf,buildings,S-Bahn,1.0,1782,,0,17.9258,13.1353,23.5799,18.2432,0.6403,0.0629,False
061001,Schloßstraße,Steglitz-Zehlendorf,buildings,S-Bahn,1.3,1782,,0,13.7891,10.1041,18.1383,14.0333,0.4198,0.0,False
061001,Schloßstraße,Steglitz-Zehlendorf,buildings,S-Bahn,1.4,1782,,0,12.8041,9.3823,16.8428,13.0309,0.3659,0.0,False
061001,Schloßstraße,Steglitz-Zehlendorf,buildings,U-Bahn,1.0,1782,,0,10.5176,6.8635,13.8097,10.4945,0.1633,0.0,False
061001,Schloßstraße,Steglitz-Zehlendorf,buildings,U-Bahn,1.3,1782,,0,8.0905,5.2796,10.6228,8.0727,0.0286,0.0,False
061001,Schloßstraße,Steglitz-Zehlendorf,buildings,U-Bahn,1.4,1782,,0,7.5126,4.9025,9.8641,7.4961,0.0107,0.0,False
061001,Schloßstraße,Steglitz-Zehlendorf,buildings,Tram,1.0,1782,,0,137.5601,133.6525,142.9078,138.154,1.0,1.0,False
061001,Schloßstraße,Steglitz-Zehlendorf,buildings,Tram,1.3,1782,,0,105.8155,102.8096,109.9291,106.2723,1.0,1.0,False
061001,Schloßstraße,Steglitz-Zehlendorf,buildings,Tram,1.4,1782,,0,98.2572,95.466,102.077,98.6814,1.0,1.0,False
061001,Schloßstraße,Steglitz-Zehlendorf,buildings,Bus,1.0,1782,,0,4.3761,2.7877,6.0506,4.4921,0.0,0.0,False
061001,Schloßstraße,Steglitz-Zehlendorf,buildings,Bus,1.3,1782,,0,3.3662,2.1444,4.6543,3.4555,0.0,0.0,False
061001,Schloßstraße,Steglitz-Zehlendorf,buildings,Bus,1.4,1782,,0,3.1258,1.9912,4.3218,3.2087,0.0,0.0,False
061001,Schloßstraße,Steglitz-Zehlendorf,buildings,Regionalbahn,1.0,1782,,0,71.8071,66.6155,77.7397,72.0074,1.0,1.0,False
061001,Schloßstraße,Steglitz-Zehlendorf,buildings,Regionalbahn,1.3,1782,,0,55.2362,51.2427,59.7998,55.3903,1.0,1.0,False
061001,Schloßstraße,Steglitz-Zehlendorf,buildings,Regionalbahn,1.4,1782,,0,51.2908,47.5825,55.5284,51.4338,1.0,1.0,False
061001,Schloßstraße,Steglitz-Zehlendorf,buildings,S- or U-Bahn,1.0,1782,,0,10.5176,6.6437,13.8097,10.4162,0.1633,0.0,False
061001,Schloßstraße,Steglitz-Zehlendorf,buildings,S- or U-Bahn,1.3,1782,,0,8.0905,5.1106,10.6228,8.0125,0.0286,0.0,False
061001,Schloßstraße,Steglitz-Zehlendorf,buildings,S- or U-Bahn,1.4,1782,,0,7.5126,4.7455,9.8641,7.4402,0.0107,0.0,False
061002,Albrechtstraße,Steglitz-Zehlendorf,buildings,S-Bahn,1.0,3886,,0,14.1221,9.6311,18.7105,14.2161,0.446,0.0,False
061002,Albrechtstraße,Steglitz-Zehlendorf,buildings,S-Bahn,1.3,3886,,0,10.8632,7.4086,14.3927,10.9354,0.2164,0.0,False
061002,Albrechtstraße,Steglitz-Zehlendorf,buildings,S-Bahn,1.4,3886,,0,10.0872,6.8794,13.3647,10.1543,0.1477,0.0,False
061002,Albrechtstraße,Steglitz-Zehlendorf,buildings,U-Bahn,1.0,3886,,0,25.3507,16.0245,36.105,26.123,0.7828,0.4002,False
061002,Albrechtstraße,Steglitz-Zehlendorf,buildings,U-Bahn,1.3,3886,,0,19.5006,12.3265,27.7731,20.0946,0.6413,0.166,False
061002,Albrechtstraße,Steglitz-Zehlendorf,buildings,U-Bahn,1.4,3886,,0,18.1077,11.4461,25.7893,18.6593,0.6042,0.1009,False
061002,Albrechtstraße,Steglitz-Zehlendorf,buildings,Tram,1.0,3886,,0,148.861,139.7259,154.8877,146.3794,1.0,1.0,False
061002,Albrechtstraße,Steglitz-Zehlendorf,buildings,Tram,1.3,3886,,0,114.5085,107.4815,119.1444,112.5995,1.0,1.0,False
061002,Albrechtstraße,Steglitz-Zehlendorf,buildings,Tram,1.4,3886,,0,106.3293,99.8042,110.6341,104.5567,1.0,1.0,False
061002,Albrechtstraße,Steglitz-Zehlendorf,buildings,Bus,1.0,3886,,0,3.9889,2.7458,5.6223,4.2518,0.0,0.0,False
061002,Albrechtstraße,Steglitz-Zehlendorf,buildings,Bus,1.3,3886,,0,3.0684,2.1121,4.3249,3.2706,0.0,0.0,False
061002,Albrechtstraße,Steglitz-Zehlendorf,buildings,Bus,1.4,3886,,0,2.8492,1.9613,4.0159,3.037,0.0,0.0,False
061002,Albrechtstraße,Steglitz-Zehlendorf,buildings,Regionalbahn,1.0,3886,,0,53.3231,49.4571,57.077,53.285,1.0,1.0,False
061002,Albrechtstraße,Steglitz-Zehlendorf,buildings,Regionalbahn,1.3,3886,,0,41.0178,38.0439,43.9054,40.9885,1.0,0.9954,False
061002,Albrechtstraße,Steglitz-Zehlendorf,buildings,Regionalbahn,1.4,3886,,0,38.0879,35.3265,40.7693,38.0607,1.0,0.9799,False
061002,Albrechtstraße,Steglitz-Zehlendorf,buildings,S- or U-Bahn,1.0,3886,,0,14.0678,9.5674,18.7105,14.1809,0.4434,0.0,False
061002,Albrechtstraße,Steglitz-Zehlendorf,buildings,S- or U-Bahn,1.3,3886,,0,10.8214,7.3595,14.3927,10.9084,0.2164,0.0,False
061002,Albrechtstraße,Steglitz-Zehlendorf,buildings,S- or U-Bahn,1.4,3886,,0,10.0484,6.8338,13.3647,10.1292,0.1477,0.0,False
062003,Lankwitz,Steglitz-Zehlendorf,buildings,S-Bahn,1.0,7185,,0,21.8906,16.3018,30.6184,23.4324,0.821,0.2735,False
062003,Lankwitz,Steglitz-Zehlendorf,buildings,S-Bahn,1.3,7185,,0,16.8389,12.5399,23.5526,18.0249,0.5846,0.0256,False
062003,Lankwitz,Steglitz-Zehlendorf,buildings,S-Bahn,1.4,7185,,0,15.6362,11.6442,21.8703,16.7374,0.5271,0.0006,False
062003,Lankwitz,Steglitz-Zehlendorf,buildings,U-Bahn,1.0,7185,,0,53.0873,44.4724,66.5923,54.9724,1.0,0.9957,False
062003,Lankwitz,Steglitz-Zehlendorf,buildings,U-Bahn,1.3,7185,,0,40.8364,34.2095,51.2248,42.2864,1.0,0.8917,False
062003,Lankwitz,Steglitz-Zehlendorf,buildings,U-Bahn,1.4,7185,,0,37.9195,31.766,47.5659,39.266,1.0,0.8145,False
062003,Lankwitz,Steglitz-Zehlendorf,buildings,Tram,1.0,7185,,0,194.6635,183.1513,206.034,193.6647,1.0,1.0,False
062003,Lankwitz,Steglitz-Zehlendorf,buildings,Tram,1.3,7185,,0,149.7411,140.8856,158.4877,148.9729,1.0,1.0,False
062003,Lankwitz,Steglitz-Zehlendorf,buildings,Tram,1.4,7185,,0,139.0453,130.8224,147.1672,138.3319,1.0,1.0,False
062003,Lankwitz,Steglitz-Zehlendorf,buildings,Bus,1.0,7185,,0,5.2713,3.4899,7.2625,5.5851,0.0043,0.0,False
062003,Lankwitz,Steglitz-Zehlendorf,buildings,Bus,1.3,7185,,0,4.0549,2.6845,5.5866,4.2963,0.0,0.0,False
062003,Lankwitz,Steglitz-Zehlendorf,buildings,Bus,1.4,7185,,0,3.7652,2.4928,5.1875,3.9894,0.0,0.0,False
062003,Lankwitz,Steglitz-Zehlendorf,buildings,Regionalbahn,1.0,7185,,0,37.0858,27.7187,47.5537,37.2731,0.9609,0.6978,False
062003,Lankwitz,Steglitz-Zehlendorf,buildings,Regionalbahn,1.3,7185,,0,28.5275,21.3221,36.5798,28.6716,0.8971,0.454,False
062003,Lankwitz,Steglitz-Zehlendorf,buildings,Regionalbahn,1.4,7185,,0,26.4899,19.7991,33.967,26.6237,0.8707,0.3759,False
062003,Lankwitz,Steglitz-Zehlendorf,buildings,S- or U-Bahn,1.0,7185,,0,21.8906,16.3018,30.5512,23.4076,0.821,0.2718,False
062003,Lankwitz,Steglitz-Zehlendorf,buildings,S- or U-Bahn,1.3,7185,,0,16.8389,12.5399,23.5009,18.0059,0.5846,0.0252,False
062003,Lankwitz,Steglitz-Zehlendorf,buildings,S- or U-Bahn,1.4,7185,,0,15.6362,11.6442,21.8223,16.7197,0.5271,0.0006,False
062004,Ostpreußendamm,Steglitz-Zehlendorf,buildings,S-Bahn,1.0,7439,,0,20.2676,14.6512,29.4241,22.0688,0.7388,0.2356,False
062004,Ostpreußendamm,Steglitz-Zehlendorf,buildings,S-Bahn,1.3,7439,,0,15.5904,11.2701,22.634,16.976,0.5368,0.0651,False
062004,Ostpreußendamm,Steglitz-Zehlendorf,buildings,S-Bahn,1.4,7439,,0,14.4768,10.4651,21.0172,15.7634,0.4696,0.0235,False
062004,Ostpreußendamm,Steglitz-Zehlendorf,buildings,U-Bahn,1.0,7439,,0,85.1253,75.9879,91.6244,82.7079,1.0,1.0,False
062004,Ostpreußendamm,Steglitz-Zehlendorf,buildings,U-Bahn,1.3,7439,,0,65.481,58.4523,70.4803,63.6214,1.0,0.9987,False
062004,Ostpreußendamm,Steglitz-Zehlendorf,buildings,U-Bahn,1.4,7439,,0,60.8038,54.2771,65.446,59.077,1.0,0.9969,False
062004,Ostpreußendamm,Steglitz-Zehlendorf,buildings,Tram,1.0,7439,,0,221.1172,209.6126,227.8754,218.5075,1.0,1.0,False
062004,Ostpreußendamm,Steglitz-Zehlendorf,buildings,Tram,1.3,7439,,0,170.0901,161.2405,175.2888,168.0827,1.0,1.0,False
062004,Ostpreußendamm,Steglitz-Zehlendorf,buildings,Tram,1.4,7439,,0,157.9408,149.7233,162.7682,156.0768,1.0,1.0,False
062004,Ostpreußendamm,Steglitz-Zehlendorf,buildings,Bus,1.0,7439,,0,4.8448,2.9499,7.3971,5.5529,0.0315,0.0,False
062004,Ostpreußendamm,Steglitz-Zehlendorf,buildings,Bus,1.3,7439,,0,3.7268,2.2692,5.6901,4.2715,0.0,0.0,False
062004,Ostpreußendamm,Steglitz-Zehlendorf,buildings,Bus,1.4,7439,,0,3.4606,2.1071,5.2836,3.9664,0.0,0.0,False
062004,Ostpreußendamm,Steglitz-Zehlendorf,buildings,Regionalbahn,1.0,7439,,0,31.2375,20.7466,40.3699,31.4005,0.8728,0.5342,False
062004,Ostpreußendamm,Steglitz-Zehlendorf,buildings,Regionalbahn,1.3,7439,,0,24.0288,15.9589,31.0538,24.1542,0.7845,0.2867,False
062004,Ostpreußendamm,Steglitz-Zehlendorf,buildings,Regionalbahn,1.4,7439,,0,22.3125,14.819,28.8356,22.4289,0.7418,0.225,False
062004,Ostpreußendamm,Steglitz-Zehlendorf,buildings,S- or U-Bahn,1.0,7439,,0,20.2676,14.6512,29.4241,22.0688,0.7388,0.2356,False
062004,Ostpreußendamm,Steglitz-Zehlendorf,buildings,S- or U-Bahn,1.3,7439,,0,15.5904,11.2701,22.634,16.976,0.5368,0.0651,False
062004,Ostpreußendamm,Steglitz-Zehlendorf,buildings,S- or U-Bahn,1.4,7439,,0,14.4768,10.4651,21.0172,15.7634,0.4696,0.0235,False
063005,Teltower Damm,Steglitz-Zehlendorf,buildings,S-Bahn,1.0,7425,,0,24.836,17.2477,32.5292,25.1358,0.8185,0.3302,False
063005,Teltower Damm,Steglitz-Zehlendorf,buildings,S-Bahn,1.3,7425,,0,19.1046,13.2674,25.0224,19.3352,0.6788,0.087,False
063005,Teltower Damm,Steglitz-Zehlendorf,buildings,S-Bahn,1.4,7425,,0,17.74,12.3198,23.2351,17.9541,0.624,0.0555,False
063005,Teltower Damm,Steglitz-Zehlendorf,buildings,U-Bahn,1.0,7425,,0,53.951,44.5748,63.0509,54.1399,1.0,0.9632,False
063005,Teltower Damm,Steglitz-Zehlendorf,buildings,U-Bahn,1.3,7425,,0,41.5008,34.2883,48.5007,41.6461,1.0,0.8524,False
063005,Teltower Damm,Steglitz-Zehlendorf,buildings,U-Bahn,1.4,7425,,0,38.5364,31.8391,45.0363,38.6714,1.0,0.8018,False
063005,Teltower Damm,Steglitz-Zehlendorf,buildings,Tram,1.0,7425,,0,237.2522,224.7375,248.3834,236.4871,1.0,1.0,False
063005,Teltower Damm,Steglitz-Zehlendorf,buildings,Tram,1.3,7425,,0,182.5017,172.875,191.0642,181.9131,1.0,1.0,False
063005,Teltower Damm,Steglitz-Zehlendorf,buildings,Tram,1.4,7425,,0,169.4659,160.5268,177.4167,168.9193,1.0,1.0,False
063005,Teltower Damm,Steglitz-Zehlendorf,buildings,Bus,1.0,7425,,0,5.4383,3.6088,7.5952,5.742,0.0004,0.0004,False
063005,Teltower Damm,Steglitz-Zehlendorf,buildings,Bus,1.3,7425,,0,4.1833,2.776,5.8425,4.4169,0.0004,0.0,False
063005,Teltower Damm,Steglitz-Zehlendorf,buildings,Bus,1.4,7425,,0,3.8845,2.5777,5.4252,4.1014,0.0004,0.0,False
063005,Teltower Damm,Steglitz-Zehlendorf,buildings,Regionalbahn,1.0,7425,,0,87.3834,77.8405,96.2855,86.8248,1.0,1.0,False
063005,Teltower Damm,Steglitz-Zehlendorf,buildings,Regionalbahn,1.3,7425,,0,67.218,59.8773,74.0657,66.7883,1.0,1.0,False
063005,Teltower Damm,Steglitz-Zehlendorf,buildings,Regionalbahn,1.4,7425,,0,62.4167,55.6004,68.7753,62.0177,1.0,1.0,False
063005,Teltower Damm,Steglitz-Zehlendorf,buildings,S- or U-Bahn,1.0,7425,,0,24.836,17.2477,32.5292,25.1358,0.8185,0.3302,False
063005,Teltower Damm,Steglitz-Zehlendorf,buildings,S- or U-Bahn,1.3,7425,,0,19.1046,13.2674,25.0224,19.3352,0.6788,0.087,False
063005,Teltower Damm,Steglitz-Zehlendorf,buildings,S- or U-Bahn,1.4,7425,,0,17.74,12.3198,23.2351,17.9541,0.624,0.0555,False
063006,Drakestraße,Steglitz-Zehlendorf,buildings,S-Bahn,1.0,11243,,0,24.9441,16.9092,33.1196,25.3343,0.8174,0.349,False
063006,Drakestraße,Steglitz-Zehlendorf,buildings,S-Bahn,1.3,11243,,0,19.1878,13.0071,25.4766,19.4879,0.6686,0.0939,False
063006,Drakestraße,Steglitz-Zehlendorf,buildings,S-Bahn,1.4,11243,,0,17.8172,12.078,23.6568,18.0959,0.6193,0.068,False
063006,Drakestraße,Steglitz-Zehlendorf,buildings,U-Bahn,1.0,11243,,0,48.0691,35.0901,61.4661,48.7831,0.9966,0.8333,False
063006,Drakestraße,Steglitz-Zehlendorf,buildings,U-Bahn,1.3,11243,,0,36.9763,26.9924,47.2816,37.5255,0.9776,0.6685,False
063006,Drakestraße,Steglitz-Zehlendorf,buildings,U-Bahn,1.4,11243,,0,34.3351,25.0643,43.9044,34.8451,0.9629,0.6101,False
063006,Drakestraße,Steglitz-Zehlendorf,buildings,Tram,1.0,11243,,0,203.8246,182.5134,219.7937,201.7531,1.0,1.0,False
063006,Drakestraße,Steglitz-Zehlendorf,buildings,Tram,1.3,11243,,0,156.7882,140.3949,169.072,155.1947,1.0,1.0,False
063006,Drakestraße,Steglitz-Zehlendorf,buildings,Tram,1.4,11243,,0,145.589,130.3667,156.9955,144.1093,1.0,1.0,False
063006,Drakestraße,Steglitz-Zehlendorf,buildings,Bus,1.0,11243,,0,5.1052,3.3676,6.8447,5.3435,0.0088,0.0,False
063006,Drakestraße,Steglitz-Zehlendorf,buildings,Bus,1.3,11243,,0,3.9271,2.5905,5.2651,4.1104,0.0032,0.0,False
063006,Drakestraße,Steglitz-Zehlendorf,buildings,Bus,1.4,11243,,0,3.6466,2.4054,4.8891,3.8168,0.0012,0.0,False
063006,Drakestraße,Steglitz-Zehlendorf,buildings,Regionalbahn,1.0,11243,,0,53.188,43.7389,62.492,53.6886,1.0,0.9705,False
063006,Drakestraße,Steglitz-Zehlendorf,buildings,Regionalbahn,1.3,11243,,0,40.9138,33.6453,48.0708,41.2989,1.0,0.8642,False
063006,Drakestraße,Steglitz-Zehlendorf,buildings,Regionalbahn,1.4,11243,,0,37.9914,31.2421,44.6372,38.349,1.0,0.7988,False
063006,Drakestraße,Steglitz-Zehlendorf,buildings,S- or U-Bahn,1.0,11243,,0,24.8221,16.8233,33.1196,25.2994,0.8158,0.349,False
063006,Drakestraße,Steglitz-Zehlendorf,buildings,S- or U-Bahn,1.3,11243,,0,19.0939,12.941,25.4766,19.4611,0.6674,0.0939,False
063006,Drakestraße,Steglitz-Zehlendorf,buildings,S- or U-Bahn,1.4,11243,,0,17.7301,12.0167,23.6568,18.071,0.6173,0.068,False
064007,Zehlendorf Südwest,Steglitz-Zehlendorf,buildings,S-Bahn,1.0,7755,,0,30.3666,16.7551,43.2665,33.0969,0.7925,0.5054,False
064007,Zehlendorf Südwest,Steglitz-Zehlendorf,buildings,S-Bahn,1.3,7755,,0,23.3589,12.8885,33.2819,25.4591,0.6867,0.3198,False
064007,Zehlendorf Südwest,Steglitz-Zehlendorf,buildings,S-Bahn,1.4,7755,,0,21.6904,11.9679,30.9046,23.6406,0.6591,0.2698,False
064007,Zehlendorf Südwest,Steglitz-Zehlendorf,buildings,U-Bahn,1.0,7755,,0,90.0151,56.7598,133.5759,97.4018,1.0,1.0,False
064007,Zehlendorf Südwest,Steglitz-Zehlendorf,buildings,U-Bahn,1.3,7755,,0,69.2424,43.6614,102.7507,74.9244,1.0,0.9959,False
064007,Zehlendorf Südwest,Steglitz-Zehlendorf,buildings,U-Bahn,1.4,7755,,0,64.2965,40.5427,95.4114,69.5727,1.0,0.976,False
064007,Zehlendorf Südwest,Steglitz-Zehlendorf,buildings,Tram,1.0,7755,,0,285.7607,262.9485,327.8497,296.9298,1.0,1.0,False
064007,Zehlendorf Südwest,Steglitz-Zehlendorf,buildings,Tram,1.3,7755,,0,219.8159,202.2681,252.1921,228.4076,1.0,1.0,False
064007,Zehlendorf Südwest,Steglitz-Zehlendorf,buildings,Tram,1.4,7755,,0,204.1148,187.8204,234.1784,212.0927,1.0,1.0,False
064007,Zehlendorf Südwest,Steglitz-Zehlendorf,buildings,Bus,1.0,7755,,0,5.8991,3.8722,8.7077,7.421,0.0797,0.0181,False
064007,Zehlendorf Südwest,Steglitz-Zehlendorf,buildings,Bus,1.3,7755,,0,4.5378,2.9786,6.6983,5.7085,0.0478,0.0049,False
064007,Zehlendorf Südwest,Steglitz-Zehlendorf,buildings,Bus,1.4,7755,,0,4.2136,2.7659,6.2198,5.3007,0.0402,0.0006,False
064007,Zehlendorf Südwest,Steglitz-Zehlendorf,buildings,Regionalbahn,1.0,7755,,0,47.2047,35.0676,58.3199,47.0899,0.9469,0.8346,False
064007,Zehlendorf Südwest,Steglitz-Zehlendorf,buildings,Regionalbahn,1.3,7755,,0,36.3113,26.9751,44.8615,36.223,0.9101,0.691,False
064007,Zehlendorf Südwest,Steglitz-Zehlendorf,buildings,Regionalbahn,1.4,7755,,0,33.7176,25.0483,41.6571,33.6356,0.902,0.6374,False
064007,Zehlendorf Südwest,Steglitz-Zehlendorf,buildings,S- or U-Bahn,1.0,7755,,0,30.3666,16.7551,43.2665,33.0862,0.7925,0.5054,False
064007,Zehlendorf Südwest,Steglitz-Zehlendorf,buildings,S- or U-Bahn,1.3,7755,,0,23.3589,12.8885,33.2819,25.4509,0.6867,0.3198,False
064007,Zehlendorf Südwest,Steglitz-Zehlendorf,buildings,S- or U-Bahn,1.4,7755,,0,21.6904,11.9679,30.9046,23.633,0.6591,0.2698,False
064008,Zehlendorf Nord,Steglitz-Zehlendorf,buildings,S-Bahn,1.0,11373,,0,25.4738,17.0577,36.3044,26.948,0.8243,0.411,False
064008,Zehlendorf Nord,Steglitz-Zehlendorf,buildings,S-Bahn,1.3,11373,,0,19.5952,13.1213,27.9265,20.7293,0.6687,0.1858,False
064008,Zehlendorf Nord,Steglitz-Zehlendorf,buildings,S-Bahn,1.4,11373,,0,18.1956,12.1841,25.9317,19.2486,0.6218,0.1209,False
064008,Zehlendorf Nord,Steglitz-Zehlendorf,buildings,U-Bahn,1.0,11373,,0,14.9999,10.1704,21.919,16.7501,0.5,0.0979,False
064008,Zehlendorf Nord,Steglitz-Zehlendorf,buildings,U-Bahn,1.3,11373,,0,11.5384,7.8234,16.8608,12.8847,0.3244,0.0136,False
064008,Zehlendorf Nord,Steglitz-Zehlendorf,buildings,U-Bahn,1.4,11373,,0,10.7142,7.2646,15.6565,11.9644,0.2762,0.0014,False
064008,Zehlendorf Nord,Steglitz-Zehlendorf,buildings,Tram,1.0,11373,,0,197.1722,178.8659,215.6653,196.7088,1.0,1.0,False
064008,Zehlendorf Nord,Steglitz-Zehlendorf,buildings,Tram,1.3,11373,,0,151.6709,137.5892,165.8964,151.3145,1.0,1.0,False
064008,Zehlendorf Nord,Steglitz-Zehlendorf,buildings,Tram,1.4,11373,,0,140.8373,127.7614,154.0466,140.5063,1.0,1.0,False
064008,Zehlendorf Nord,Steglitz-Zehlendorf,buildings,Bus,1.0,11373,,0,5.6177,3.7354,7.7369,6.0334,0.0062,0.0,False
064008,Zehlendorf Nord,Steglitz-Zehlendorf,buildings,Bus,1.3,11373,,0,4.3213,2.8734,5.9514,4.6411,0.0009,0.0,False
064008,Zehlendorf Nord,Steglitz-Zehlendorf,buildings,Bus,1.4,11373,,0,4.0126,2.6681,5.5263,4.3096,0.0005,0.0,False
064008,Zehlendorf Nord,Steglitz-Zehlendorf,buildings,Regionalbahn,1.0,11373,,0,87.5661,78.4234,99.0317,88.2329,1.0,1.0,False
064008,Zehlendorf Nord,Steglitz-Zehlendorf,buildings,Regionalbahn,1.3,11373,,0,67.3585,60.3257,76.1783,67.8715,1.0,1.0,False
064008,Zehlendorf Nord,Steglitz-Zehlendorf,buildings,Regionalbahn,1.4,11373,,0,62.5472,56.0167,70.737,63.0235,1.0,1.0,False
064008,Zehlendorf Nord,Steglitz-Zehlendorf,buildings,S- or U-Bahn,1.0,11373,,0,12.8248,9.4043,16.0756,12.8486,0.3316,0.0027,False
064008,Zehlendorf Nord,Steglitz-Zehlendorf,buildings,S- or U-Bahn,1.3,11373,,0,9.8653,7.234,12.3659,9.8835,0.0747,0.0006,False
064008,Zehlendorf Nord,Steglitz-Zehlendorf,buildings,S- or U-Bahn,1.4,11373,,0,9.1606,6.7173,11.4826,9.1775,0.0352,0.0,False
071001,Schöneberg Nordwest,Tempelhof-Schöneberg,buildings,S-Bahn,1.0,940,,0,25.0322,20.896,28.5855,24.568,0.9787,0.1404,False
071001,Schöneberg Nordwest,Tempelhof-Schöneberg,buildings,S-Bahn,1.3,940,,0,19.2555,16.0738,21.9889,18.8985,0.833,0.0,False
071001,Schöneberg Nordwest,Tempelhof-Schöneberg,buildings,S-Bahn,1.4,940,,0,17.8801,14.9257,20.4182,17.5486,0.7479,0.0,False
071001,Schöneberg Nordwest,Tempelhof-Schöneberg,buildings,U-Bahn,1.0,940,,0,6.2667,4.6159,8.1601,6.3759,0.0,0.0,False
071001,Schöneberg Nordwest,Tempelhof-Schöneberg,buildings,U-Bahn,1.3,940,,0,4.8205,3.5507,6.277,4.9045,0.0,0.0,False
071001,Schöneberg Nordwest,Tempelhof-Schöneberg,buildings,U-Bahn,1.4,940,,0,4.4762,3.2971,5.8286,4.5542,0.0,0.0,False
071001,Schöneberg Nordwest,Tempelhof-Schöneberg,buildings,Tram,1.0,940,,0,55.3473,52.2479,58.9161,55.3966,1.0,1.0,False
071001,Schöneberg Nordwest,Tempelhof-Schöneberg,buildings,Tram,1.3,940,,0,42.5748,40.1907,45.32,42.6128,1.0,1.0,False
071001,Schöneberg Nordwest,Tempelhof-Schöneberg,buildings,Tram,1.4,940,,0,39.5338,37.3199,42.0829,39.569,1.0,1.0,False
071001,Schöneberg Nordwest,Tempelhof-Schöneberg,buildings,Bus,1.0,940,,0,4.0871,2.9404,5.4926,4.2244,0.0,0.0,False
071001,Schöneberg Nordwest,Tempelhof-Schöneberg,buildings,Bus,1.3,940,,0,3.1439,2.2618,4.2251,3.2495,0.0,0.0,False
071001,Schöneberg Nordwest,Tempelhof-Schöneberg,buildings,Bus,1.4,940,,0,2.9193,2.1003,3.9233,3.0174,0.0,0.0,False
071001,Schöneberg Nordwest,Tempelhof-Schöneberg,buildings,Regionalbahn,1.0,940,,0,45.1631,39.9716,48.9126,44.0002,1.0,0.9809,False
071001,Schöneberg Nordwest,Tempelhof-Schöneberg,buildings,Regionalbahn,1.3,940,,0,34.7408,30.7474,37.6251,33.8463,1.0,0.784,False
071001,Schöneberg Nordwest,Tempelhof-Schöneberg,buildings,Regionalbahn,1.4,940,,0,32.2593,28.5511,34.9376,31.4287,1.0,0.6543,False
071001,Schöneberg Nordwest,Tempelhof-Schöneberg,buildings,S- or U-Bahn,1.0,940,,0,6.2667,4.6159,8.1601,6.3759,0.0,0.0,False
071001,Schöneberg Nordwest,Tempelhof-Schöneberg,buildings,S- or U-Bahn,1.3,940,,0,4.8205,3.5507,6.277,4.9045,0.0,0.0,False
071001,Schöneberg Nordwest,Tempelhof-Schöneberg,buildings,S- or U-Bahn,1.4,940,,0,4.4762,3.2971,5.8286,4.5542,0.0,0.0,False
071002,Schöneberg Nordost,Tempelhof-Schöneberg,buildings,S-Bahn,1.0,905,,0,14.4456,9.3341,21.3579,15.2407,0.4785,0.0,False
071002,Schöneberg Nordost,Tempelhof-Schöneberg,buildings,S-Bahn,1.3,905,,0,11.112,7.1801,16.4291,11.7236,0.326,0.0,False
071002,Schöneberg Nordost,Tempelhof-Schöneberg,buildings,S-Bahn,1.4,905,,0,10.3183,6.6672,15.2556,10.8862,0.263,0.0,False
071002,Schöneberg Nordost,Tempelhof-Schöneberg,buildings,U-Bahn,1.0,905,,0,7.3355,5.5416,9.1758,7.3505,0.0,0.0,False
071002,Schöneberg Nordost,Tempelhof-Schöneberg,buildings,U-Bahn,1.3,905,,0,5.6427,4.2628,7.0583,5.6543,0.0,0.0,False
071002,Schöneberg Nordost,Tempelhof-Schöneberg,buildings,U-Bahn,1.4,905,,0,5.2397,3.9583,6.5541,5.2504,0.0,0.0,False
071002,Schöneberg Nordost,Tempelhof-Schöneberg,buildings,Tram,1.0,905,,0,66.9593,63.2476,70.264,66.9379,1.0,1.0,False
071002,Schöneberg Nordost,Tempelhof-Schöneberg,buildings,Tram,1.3,905,,0,51.5072,48.652,54.0492,51.4907,1.0,1.0,False
071002,Schöneberg Nordost,Tempelhof-Schöneberg,buildings,Tram,1.4,905,,0,47.8281,45.1769,50.1886,47.8128,1.0,1.0,False
071002,Schöneberg Nordost,Tempelhof-Schöneberg,buildings,Bus,1.0,905,,0,4.0731,2.7278,5.495,4.1915,0.0,0.0,False
071002,Schöneberg Nordost,Tempelhof-Schöneberg,buildings,Bus,1.3,905,,0,3.1332,2.0983,4.2269,3.2242,0.0,0.0,False
071002,Schöneberg Nordost,Tempelhof-Schöneberg,buildings,Bus,1.4,905,,0,2.9094,1.9484,3.925,2.9939,0.0,0.0,False
071002,Schöneberg Nordost,Tempelhof-Schöneberg,buildings,Regionalbahn,1.0,905,,0,36.8692,32.5823,42.4478,37.3203,1.0,0.8641,False
071002,Schöneberg Nordost,Tempelhof-Schöneberg,buildings,Regionalbahn,1.3,905,,0,28.361,25.0633,32.6522,28.7079,1.0,0.3912,False
071002,Schöneberg Nordost,Tempelhof-Schöneberg,buildings,Regionalbahn,1.4,905,,0,26.3352,23.2731,30.3199,26.6573,1.0,0.274,False
071002,Schöneberg Nordost,Tempelhof-Schöneberg,buildings,S- or U-Bahn,1.0,905,,0,7.005,5.063,8.913,7.091,0.0,0.0,False
071002,Schöneberg Nordost,Tempelhof-Schöneberg,buildings,S- or U-Bahn,1.3,905,,0,5.3885,3.8946,6.8562,5.4546,0.0,0.0,False
071002,Schöneberg Nordost,Tempelhof-Schöneberg,buildings,S- or U-Bahn,1.4,905,,0,5.0036,3.6164,6.3665,5.065,0.0,0.0,False
072003,Schöneberg Südwest,Tempelhof-Schöneberg,buildings,S-Bahn,1.0,782,,0,18.1906,8.3712,25.9583,17.5583,0.5652,0.1279,False
072003,Schöneberg Südwest,Tempelhof-Schöneberg,buildings,S-Bahn,1.3,782,,0,13.9928,6.4394,19.9679,13.5064,0.4514,0.0,False
072003,Schöneberg Südwest,Tempelhof-Schöneberg,buildings,S-Bahn,1.4,782,,0,12.9933,5.9795,18.5416,12.5417,0.4118,0.0,False
072003,Schöneberg Südwest,Tempelhof-Schöneberg,buildings,U-Bahn,1.0,782,,0,6.3403,4.6277,7.9583,6.285,0.0,0.0,False
072003,Schöneberg Südwest,Tempelhof-Schöneberg,buildings,U-Bahn,1.3,782,,0,4.8772,3.5597,6.1218,4.8346,0.0,0.0,False
072003,Schöneberg Südwest,Tempelhof-Schöneberg,buildings,U-Bahn,1.4,782,,0,4.5288,3.3055,5.6845,4.4893,0.0,0.0,False
072003,Schöneberg Südwest,Tempelhof-Schöneberg,buildings,Tram,1.0,782,,0,81.8627,73.4642,88.9008,80.9614,1.0,1.0,False
072003,Schöneberg Südwest,Tempelhof-Schöneberg,buildings,Tram,1.3,782,,0,62.9713,56.5109,68.3852,62.278,1.0,1.0,False
072003,Schöneberg Südwest,Tempelhof-Schöneberg,buildings,Tram,1.4,782,,0,58.4734,52.4744,63.5006,57.8295,1.0,1.0,False
072003,Schöneberg Südwest,Tempelhof-Schöneberg,buildings,Bus,1.0,782,,0,3.9361,2.6454,5.3104,4.0116,0.0,0.0,False
072003,Schöneberg Südwest,Tempelhof-Schöneberg,buildings,Bus,1.3,782,,0,3.0277,2.0349,4.0849,3.0858,0.0,0.0,False
072003,Schöneberg Südwest,Tempelhof-Schöneberg,buildings,Bus,1.4,782,,0,2.8115,1.8896,3.7931,2.8654,0.0,0.0,False
072003,Schöneberg Südwest,Tempelhof-Schöneberg,buildings,Regionalbahn,1.0,782,,0,38.2104,30.8164,44.3237,37.5916,1.0,0.7826,False
072003,Schöneberg Südwest,Tempelhof-Schöneberg,buildings,Regionalbahn,1.3,782,,0,29.3926,23.7049,34.0952,28.9166,0.9974,0.468,False
072003,Schöneberg Südwest,Tempelhof-Schöneberg,buildings,Regionalbahn,1.4,782,,0,27.2931,22.0117,31.6598,26.8512,0.9898,0.344,False
072003,Schöneberg Südwest,Tempelhof-Schöneberg,buildings,S- or U-Bahn,1.0,782,,0,5.9482,4.3039,7.4593,5.8957,0.0,0.0,False
072003,Schöneberg Südwest,Tempelhof-Schöneberg,buildings,S- or U-Bahn,1.3,782,,0,4.5756,3.3107,5.7379,4.5351,0.0,0.0,False
072003,Schöneberg Südwest,Tempelhof-Schöneberg,buildings,S- or U-Bahn,1.4,782,,0,4.2487,3.0742,5.3281,4.2112,0.0,0.0,False
072004,Schöneberg Südost,Tempelhof-Schöneberg,buildings,S-Bahn,1.0,1419,,0,10.2038,7.5249,13.4849,10.7031,0.1994,0.0,False
072004,Schöneberg Südost,Tempelhof-Schöneberg,buildings,S-Bahn,1.3,1419,,0,7.849,5.7884,10.373,8.2331,0.0366,0.0,False
072004,Schöneberg Südost,Tempelhof-Schöneberg,buildings,S-Bahn,1.4,1419,,0,7.2884,5.3749,9.6321,7.645,0.0162,0.0,False
072004,Schöneberg Südost,Tempelhof-Schöneberg,buildings,U-Bahn,1.0,1419,,0,12.7818,8.6595,17.1846,13.4065,0.3777,0.0028,False
072004,Schöneberg Südost,Tempelhof-Schöneberg,buildings,U-Bahn,1.3,1419,,0,9.8321,6.6612,13.2189,10.3127,0.1825,0.0,False
072004,Schöneberg Südost,Tempelhof-Schöneberg,buildings,U-Bahn,1.4,1419,,0,9.1298,6.1854,12.2747,9.5761,0.1416,0.0,False
072004,Schöneberg Südost,Tempelhof-Schöneberg,buildings,Tram,1.0,1419,,0,82.7905,76.8745,88.4984,83.3877,1.0,1.0,False
072004,Schöneberg Südost,Tempelhof-Schöneberg,buildings,Tram,1.3,1419,,0,63.685,59.1342,68.0757,64.1444,1.0,1.0,False
072004,Schöneberg Südost,Tempelhof-Schöneberg,buildings,Tram,1.4,1419,,0,59.1361,54.9103,63.2132,59.5626,1.0,1.0,False
072004,Schöneberg Südost,Tempelhof-Schöneberg,buildings,Bus,1.0,1419,,0,3.6551,2.4402,5.0816,3.8527,0.0,0.0,False
072004,Schöneberg Südost,Tempelhof-Schöneberg,buildings,Bus,1.3,1419,,0,2.8116,1.8771,3.9089,2.9637,0.0,0.0,False
072004,Schöneberg Südost,Tempelhof-Schöneberg,buildings,Bus,1.4,1419,,0,2.6108,1.743,3.6297,2.752,0.0,0.0,False
072004,Schöneberg Südost,Tempelhof-Schöneberg,buildings,Regionalbahn,1.0,1419,,0,25.3331,18.1338,31.9516,24.7913,0.8393,0.3157,False
072004,Schöneberg Südost,Tempelhof-Schöneberg,buildings,Regionalbahn,1.3,1419,,0,19.487,13.9491,24.5782,19.0702,0.716,0.0127,False
072004,Schöneberg Südost,Tempelhof-Schöneberg,buildings,Regionalbahn,1.4,1419,,0,18.0951,12.9527,22.8226,17.7081,0.6582,0.0,False
072004,Schöneberg Südost,Tempelhof-Schöneberg,buildings,S- or U-Bahn,1.0,1419,,0,7.9916,5.8329,10.2183,7.9813,0.0113,0.0,False
072004,Schöneberg Südost,Tempelhof-Schöneberg,buildings,S- or U-Bahn,1.3,1419,,0,6.1474,4.4868,7.8602,6.1395,0.0,0.0,False
072004,Schöneberg Südost,Tempelhof-Schöneberg,buildings,S- or U-Bahn,1.4,1419,,0,5.7083,4.1663,7.2988,5.7009,0.0,0.0,False
073005,Friedenau West,Tempelhof-Schöneberg,buildings,S-Bahn,1.0,1253,,0,12.5792,10.5114,14.5499,12.4146,0.1979,0.0,False
073005,Friedenau West,Tempelhof-Schöneberg,buildings,S-Bahn,1.3,1253,,0,9.6763,8.0857,11.1922,9.5497,0.0192,0.0,False
073005,Friedenau West,Tempelhof-Schöneberg,buildings,S-Bahn,1.4,1253,,0,8.9851,7.5081,10.3928,8.8676,0.0008,0.0,False
073005,Friedenau West,Tempelhof-Schöneberg,buildings,U-Bahn,1.0,1253,,0,7.2955,5.296,9.2303,7.2635,0.0,0.0,False
073005,Friedenau West,Tempelhof-Schöneberg,buildings,U-Bahn,1.3,1253,,0,5.6119,4.0739,7.1003,5.5873,0.0,0.0,False
073005,Friedenau West,Tempelhof-Schöneberg,buildings,U-Bahn,1.4,1253,,0,5.2111,3.7829,6.5931,5.1882,0.0,0.0,False
073005,Friedenau West,Tempelhof-Schöneberg,buildings,Tram,1.0,1253,,0,110.1155,106.4246,115.3218,110.9868,1.0,1.0,False
073005,Friedenau West,Tempelhof-Schöneberg,buildings,Tram,1.3,1253,,0,84.7042,81.8651,88.7091,85.3744,1.0,1.0,False
073005,Friedenau West,Tempelhof-Schöneberg,buildings,Tram,1.4,1253,,0,78.6539,76.0176,82.3727,79.2763,1.0,1.0,False
073005,Friedenau West,Tempelhof-Schöneberg,buildings,Bus,1.0,1253,,0,4.0319,2.6997,5.7807,4.3192,0.0,0.0,False
073005,Friedenau West,Tempelhof-Schöneberg,buildings,Bus,1.3,1253,,0,3.1014,2.0767,4.4467,3.3225,0.0,0.0,False
073005,Friedenau West,Tempelhof-Schöneberg,buildings,Bus,1.4,1253,,0,2.8799,1.9283,4.1291,3.0852,0.0,0.0,False
073005,Friedenau West,Tempelhof-Schöneberg,buildings,Regionalbahn,1.0,1253,,0,53.0522,48.3389,58.0646,52.6906,1.0,1.0,False
073005,Friedenau West,Tempelhof-Schöneberg,buildings,Regionalbahn,1.3,1253,,0,40.8094,37.1838,44.6651,40.5312,1.0,0.9585,False
073005,Friedenau West,Tempelhof-Schöneberg,buildings,Regionalbahn,1.4,1253,,0,37.8944,34.5278,41.4747,37.6361,1.0,0.9202,False
073005,Friedenau West,Tempelhof-Schöneberg,buildings,S- or U-Bahn,1.0,1253,,0,7.2955,5.296,9.2303,7.2488,0.0,0.0,False
073005,Friedenau West,Tempelhof-Schöneberg,buildings,S- or U-Bahn,1.3,1253,,0,5.6119,4.0739,7.1003,5.576,0.0,0.0,False
073005,Friedenau West,Tempelhof-Schöneberg,buildings,S- or U-Bahn,1.4,1253,,0,5.2111,3.7829,6.5931,5.1777,0.0,0.0,False
073006,Friedenau Ost,Tempelhof-Schöneberg,buildings,S-Bahn,1.0,1301,,0,10.187,7.9414,13.6088,10.7755,0.2045,0.0,False
073006,Friedenau Ost,Tempelhof-Schöneberg,buildings,S-Bahn,1.3,1301,,0,7.8362,6.1087,10.4683,8.2889,0.0108,0.0,False
073006,Friedenau Ost,Tempelhof-Schöneberg,buildings,S-Bahn,1.4,1301,,0,7.2764,5.6724,9.7206,7.6968,0.0038,0.0,False
073006,Friedenau Ost,Tempelhof-Schöneberg,buildings,U-Bahn,1.0,1301,,0,17.6887,12.4739,24.0398,18.5932,0.6003,0.0869,False
073006,Friedenau Ost,Tempelhof-Schöneberg,buildings,U-Bahn,1.3,1301,,0,13.6067,9.5953,18.4922,14.3024,0.4389,0.0092,False
073006,Friedenau Ost,Tempelhof-Schöneberg,buildings,U-Bahn,1.4,1301,,0,12.6348,8.9099,17.1713,13.2808,0.382,0.0,False
073006,Friedenau Ost,Tempelhof-Schöneberg,buildings,Tram,1.0,1301,,0,113.2793,107.0994,118.7615,112.7397,1.0,1.0,False
073006,Friedenau Ost,Tempelhof-Schöneberg,buildings,Tram,1.3,1301,,0,87.1379,82.3841,91.355,86.7228,1.0,1.0,False
073006,Friedenau Ost,Tempelhof-Schöneberg,buildings,Tram,1.4,1301,,0,80.9138,76.4996,84.8296,80.5284,1.0,1.0,False
073006,Friedenau Ost,Tempelhof-Schöneberg,buildings,Bus,1.0,1301,,0,3.9986,2.8846,5.5251,4.444,0.0092,0.0,False
073006,Friedenau Ost,Tempelhof-Schöneberg,buildings,Bus,1.3,1301,,0,3.0759,2.2189,4.2501,3.4185,0.0015,0.0,False
073006,Friedenau Ost,Tempelhof-Schöneberg,buildings,Bus,1.4,1301,,0,2.8562,2.0604,3.9465,3.1743,0.0008,0.0,False
073006,Friedenau Ost,Tempelhof-Schöneberg,buildings,Regionalbahn,1.0,1301,,0,40.0682,34.6289,44.2073,38.9557,0.9923,0.8862,False
073006,Friedenau Ost,Tempelhof-Schöneberg,buildings,Regionalbahn,1.3,1301,,0,30.8217,26.6376,34.0056,29.9659,0.9716,0.5642,False
073006,Friedenau Ost,Tempelhof-Schöneberg,buildings,Regionalbahn,1.4,1301,,0,28.6201,24.735,31.5766,27.8255,0.9577,0.3736,False
073006,Friedenau Ost,Tempelhof-Schöneberg,buildings,S- or U-Bahn,1.0,1301,,0,9.8831,7.6236,13.3863,10.5297,0.2045,0.0,False
073006,Friedenau Ost,Tempelhof-Schöneberg,buildings,S- or U-Bahn,1.3,1301,,0,7.6024,5.8643,10.2972,8.0997,0.0108,0.0,False
073006,Friedenau Ost,Tempelhof-Schöneberg,buildings,S- or U-Bahn,1.4,1301,,0,7.0594,5.4454,9.5617,7.5212,0.0038,0.0,False
074007,Tempelhof Nord,Tempelhof-Schöneberg,buildings,S-Bahn,1.0,2832,,0,15.1601,11.3685,19.4988,15.803,0.5064,0.0307,False
074007,Tempelhof Nord,Tempelhof-Schöneberg,buildings,S-Bahn,1.3,2832,,0,11.6616,8.745,14.999,12.1561,0.2496,0.0039,False
074007,Tempelhof Nord,Tempelhof-Schöneberg,buildings,S-Bahn,1.4,2832,,0,10.8286,8.1204,13.9277,11.2878,0.173,0.0004,False
074007,Tempelhof Nord,Tempelhof-Schöneberg,buildings,U-Bahn,1.0,2832,,0,12.4886,8.7554,18.4417,13.7441,0.3718,0.0042,False
074007,Tempelhof Nord,Tempelhof-Schöneberg,buildings,U-Bahn,1.3,2832,,0,9.6066,6.7349,14.1859,10.5724,0.2172,0.0,False
074007,Tempelhof Nord,Tempelhof-Schöneberg,buildings,U-Bahn,1.4,2832,,0,8.9204,6.2538,13.1726,9.8172,0.1681,0.0,False
074007,Tempelhof Nord,Tempelhof-Schöneberg,buildings,Tram,1.0,2832,,0,88.9875,84.2078,93.8786,89.1173,1.0,1.0,False
074007,Tempelhof Nord,Tempelhof-Schöneberg,buildings,Tram,1.3,2832,,0,68.452,64.7753,72.2143,68.5518,1.0,1.0,False
074007,Tempelhof Nord,Tempelhof-Schöneberg,buildings,Tram,1.4,2832,,0,63.5625,60.1485,67.0561,63.6552,1.0,1.0,False
074007,Tempelhof Nord,Tempelhof-Schöneberg,buildings,Bus,1.0,2832,,0,4.3586,2.7697,6.2071,4.912,0.0169,0.0,False
074007,Tempelhof Nord,Tempelhof-Schöneberg,buildings,Bus,1.3,2832,,0,3.3528,2.1305,4.7747,3.7784,0.012,0.0,False
074007,Tempelhof Nord,Tempelhof-Schöneberg,buildings,Bus,1.4,2832,,0,3.1133,1.9783,4.4336,3.5085,0.0113,0.0,False
074007,Tempelhof Nord,Tempelhof-Schöneberg,buildings,Regionalbahn,1.0,2832,,0,22.0953,17.5287,25.53,22.7036,0.8291,0.1073,False
074007,Tempelhof Nord,Tempelhof-Schöneberg,buildings,Regionalbahn,1.3,2832,,0,16.9964,13.4836,19.6385,17.4643,0.667,0.0544,False
074007,Tempelhof Nord,Tempelhof-Schöneberg,buildings,Regionalbahn,1.4,2832,,0,15.7824,12.5205,18.2357,16.2169,0.5777,0.0537,False
074007,Tempelhof Nord,Tempelhof-Schöneberg,buildings,S- or U-Bahn,1.0,2832,,0,10.9784,7.9395,14.1002,11.5918,0.2044,0.0032,False
074007,Tempelhof Nord,Tempelhof-Schöneberg,buildings,S- or U-Bahn,1.3,2832,,0,8.4449,6.1073,10.8463,8.9167,0.0618,0.0,False
074007,Tempelhof Nord,Tempelhof-Schöneberg,buildings,S- or U-Bahn,1.4,2832,,0,7.8417,5.6711,10.0716,8.2798,0.0438,0.0,False
074008,Tempelhof Südwest,Tempelhof-Schöneberg,buildings,S-Bahn,1.0,2834,,0,22.2599,15.4555,27.8055,21.4,0.7646,0.1224,False
074008,Tempelhof Südwest,Tempelhof-Schöneberg,buildings,S-Bahn,1.3,2834,,0,17.123,11.8889,21.3889,16.4616,0.603,0.0,False
074008,Tempelhof Südwest,Tempelhof-Schöneberg,buildings,S-Bahn,1.4,2834,,0,15.9,11.0397,19.8611,15.2857,0.5416,0.0,False
074008,Tempelhof Südwest,Tempelhof-Schöneberg,buildings,U-Bahn,1.0,2834,,0,18.3501,11.8735,25.3051,18.5458,0.6288,0.108,False
074008,Tempelhof Südwest,Tempelhof-Schöneberg,buildings,U-Bahn,1.3,2834,,0,14.1155,9.1335,19.4655,14.266,0.4425,0.0074,False
074008,Tempelhof Südwest,Tempelhof-Schöneberg,buildings,U-Bahn,1.4,2834,,0,13.1072,8.4811,18.0751,13.247,0.379,0.0035,False
074008,Tempelhof Südwest,Tempelhof-Schöneberg,buildings,Tram,1.0,2834,,0,127.7803,117.3713,138.1142,127.4838,1.0,1.0,False
074008,Tempelhof Südwest,Tempelhof-Schöneberg,buildings,Tram,1.3,2834,,0,98.2926,90.2856,106.2417,98.0645,1.0,1.0,False
074008,Tempelhof Südwest,Tempelhof-Schöneberg,buildings,Tram,1.4,2834,,0,91.2717,83.8367,98.653,91.0599,1.0,1.0,False
074008,Tempelhof Südwest,Tempelhof-Schöneberg,buildings,Bus,1.0,2834,,0,3.9572,2.6674,5.2467,4.0555,0.0007,0.0,False
074008,Tempelhof Südwest,Tempelhof-Schöneberg,buildings,Bus,1.3,2834,,0,3.044,2.0519,4.0359,3.1196,0.0007,0.0,False
074008,Tempelhof Südwest,Tempelhof-Schöneberg,buildings,Bus,1.4,2834,,0,2.8266,1.9053,3.7476,2.8968,0.0,0.0,False
074008,Tempelhof Südwest,Tempelhof-Schöneberg,buildings,Regionalbahn,1.0,2834,,0,41.1057,31.3954,47.7949,40.2004,0.9954,0.7992,False
074008,Tempelhof Südwest,Tempelhof-Schöneberg,buildings,Regionalbahn,1.3,2834,,0,31.6198,24.1503,36.7653,30.9234,0.9817,0.5625,False
074008,Tempelhof Südwest,Tempelhof-Schöneberg,buildings,Regionalbahn,1.4,2834,,0,29.3612,22.4253,34.1392,28.7146,0.9718,0.4753,False
074008,Tempelhof Südwest,Tempelhof-Schöneberg,buildings,S- or U-Bahn,1.0,2834,,0,14.0726,10.3398,17.9595,13.9869,0.4397,0.0018,False
074008,Tempelhof Südwest,Tempelhof-Schöneberg,buildings,S- or U-Bahn,1.3,2834,,0,10.8251,7.9537,13.815,10.7592,0.157,0.0,False
074008,Tempelhof Südwest,Tempelhof-Schöneberg,buildings,S- or U-Bahn,1.4,2834,,0,10.0519,7.3856,12.8282,9.9907,0.0865,0.0,False
074009,Tempelhof Südost,Tempelhof-Schöneberg,buildings,S-Bahn,1.0,2170,,0,30.048,24.7431,36.5042,30.5468,0.9641,0.5018,False
074009,Tempelhof Südost,Tempelhof-Schöneberg,buildings,S-Bahn,1.3,2170,,0,23.1138,19.0331,28.0802,23.4976,0.8806,0.1843,False
074009,Tempelhof Südost,Tempelhof-Schöneberg,buildings,S-Bahn,1.4,2170,,0,21.4629,17.6736,26.0745,21.8192,0.8525,0.1313,False
074009,Tempelhof Südost,Tempelhof-Schöneberg,buildings,U-Bahn,1.0,2170,,0,20.1784,12.5178,27.3297,20.6209,0.6816,0.1687,False
074009,Tempelhof Südost,Tempelhof-Schöneberg,buildings,U-Bahn,1.3,2170,,0,15.5218,9.6291,21.0228,15.8622,0.5359,0.0673,False
074009,Tempelhof Südost,Tempelhof-Schöneberg,buildings,U-Bahn,1.4,2170,,0,14.4131,8.9413,19.5212,14.7292,0.4742,0.0313,False
074009,Tempelhof Südost,Tempelhof-Schöneberg,buildings,Tram,1.0,2170,,0,119.5198,109.1608,124.3223,117.378,1.0,1.0,False
074009,Tempelhof Südost,Tempelhof-Schöneberg,buildings,Tram,1.3,2170,,0,91.9383,83.9698,95.6325,90.2907,1.0,1.0,False
074009,Tempelhof Südost,Tempelhof-Schöneberg,buildings,Tram,1.4,2170,,0,85.3713,77.972,88.8016,83.8414,1.0,1.0,False
074009,Tempelhof Südost,Tempelhof-Schöneberg,buildings,Bus,1.0,2170,,0,4.7203,3.2271,6.6321,5.0974,0.0,0.0,False
074009,Tempelhof Südost,Tempelhof-Schöneberg,buildings,Bus,1.3,2170,,0,3.631,2.4824,5.1016,3.9211,0.0,0.0,False
074009,Tempelhof Südost,Tempelhof-Schöneberg,buildings,Bus,1.4,2170,,0,3.3717,2.3051,4.7372,3.641,0.0,0.0,False
074009,Tempelhof Südost,Tempelhof-Schöneberg,buildings,Regionalbahn,1.0,2170,,0,56.3501,48.4747,73.7637,60.1068,1.0,1.0,False
074009,Tempelhof Südost,Tempelhof-Schöneberg,buildings,Regionalbahn,1.3,2170,,0,43.3463,37.2882,56.7413,46.236,1.0,0.9355,False
074009,Tempelhof Südost,Tempelhof-Schöneberg,buildings,Regionalbahn,1.4,2170,,0,40.2501,34.6248,52.6883,42.9334,1.0,0.8779,False
074009,Tempelhof Südost,Tempelhof-Schöneberg,buildings,S- or U-Bahn,1.0,2170,,0,20.1328,12.5178,27.218,20.5747,0.6816,0.1673,False
074009,Tempelhof Südost,Tempelhof-Schöneberg,buildings,S- or U-Bahn,1.3,2170,,0,15.4868,9.6291,20.9369,15.8267,0.5355,0.0654,False
074009,Tempelhof Südost,Tempelhof-Schöneberg,buildings,S- or U-Bahn,1.4,2170,,0,14.3806,8.9413,19.4414,14.6962,0.4733,0.0313,False
075010,Mariendorf Nord,Tempelhof-Schöneberg,buildings,S-Bahn,1.0,3652,,0,41.9066,30.0727,54.3241,42.1477,0.9822,0.7511,False
075010,Mariendorf Nord,Tempelhof-Schöneberg,buildings,S-Bahn,1.3,3652,,0,32.2358,23.1328,41.7878,32.4213,0.9365,0.5449,False
075010,Mariendorf Nord,Tempelhof-Schöneberg,buildings,S-Bahn,1.4,3652,,0,29.9333,21.4805,38.8029,30.1055,0.9135,0.4992,False
075010,Mariendorf Nord,Tempelhof-Schöneberg,buildings,U-Bahn,1.0,3652,,0,17.8059,10.5678,26.0709,18.8566,0.6032,0.1898,False
075010,Mariendorf Nord,Tempelhof-Schöneberg,buildings,U-Bahn,1.3,3652,,0,13.6968,8.129,20.0545,14.5051,0.428,0.0142,False
075010,Mariendorf Nord,Tempelhof-Schöneberg,buildings,U-Bahn,1.4,3652,,0,12.7185,7.5484,18.6221,13.469,0.3781,0.0003,False
075010,Mariendorf Nord,Tempelhof-Schöneberg,buildings,Tram,1.0,3652,,0,143.1474,138.2592,148.2828,143.3235,1.0,1.0,False
075010,Mariendorf Nord,Tempelhof-Schöneberg,buildings,Tram,1.3,3652,,0,110.1134,106.3533,114.0637,110.2488,1.0,1.0,False
075010,Mariendorf Nord,Tempelhof-Schöneberg,buildings,Tram,1.4,3652,,0,102.2481,98.7566,105.9163,102.3739,1.0,1.0,False
075010,Mariendorf Nord,Tempelhof-Schöneberg,buildings,Bus,1.0,3652,,0,4.4178,2.854,6.4411,4.9557,0.0055,0.0,False
075010,Mariendorf Nord,Tempelhof-Schöneberg,buildings,Bus,1.3,3652,,0,3.3983,2.1954,4.9547,3.8121,0.0,0.0,False
075010,Mariendorf Nord,Tempelhof-Schöneberg,buildings,Bus,1.4,3652,,0,3.1555,2.0386,4.6008,3.5398,0.0,0.0,False
075010,Mariendorf Nord,Tempelhof-Schöneberg,buildings,Regionalbahn,1.0,3652,,0,74.7537,65.635,86.4118,76.3109,1.0,1.0,False
075010,Mariendorf Nord,Tempelhof-Schöneberg,buildings,Regionalbahn,1.3,3652,,0,57.5029,50.4884,66.4706,58.7007,1.0,1.0,False
075010,Mariendorf Nord,Tempelhof-Schöneberg,buildings,Regionalbahn,1.4,3652,,0,53.3955,46.8821,61.7227,54.5078,1.0,1.0,False
075010,Mariendorf Nord,Tempelhof-Schöneberg,buildings,S- or U-Bahn,1.0,3652,,0,17.0575,10.5288,25.9203,18.534,0.5854,0.1821,False
075010,Mariendorf Nord,Tempelhof-Schöneberg,buildings,S- or U-Bahn,1.3,3652,,0,13.1212,8.0991,19.9387,14.257,0.399,0.0142,False
075010,Mariendorf Nord,Tempelhof-Schöneberg,buildings,S- or U-Bahn,1.4,3652,,0,12.1839,7.5206,18.5145,13.2386,0.3595,0.0003,False
075011,Mariendorf Süd,Tempelhof-Schöneberg,buildings,S-Bahn,1.0,5343,,0,35.8017,27.6957,44.3182,36.4318,0.9953,0.6601,False
075011,Mariendorf Süd,Tempelhof-Schöneberg,buildings,S-Bahn,1.3,5343,,0,27.5398,21.3044,34.0909,28.0245,0.9723,0.3975,False
075011,Mariendorf Süd,Tempelhof-Schöneberg,buildings,S-Bahn,1.4,5343,,0,25.5726,19.7826,31.6558,26.0227,0.9555,0.3112,False
075011,Mariendorf Süd,Tempelhof-Schöneberg,buildings,U-Bahn,1.0,5343,,0,27.4623,20.8404,36.5784,27.7475,0.8933,0.4091,False
075011,Mariendorf Süd,Tempelhof-Schöneberg,buildings,U-Bahn,1.3,5343,,0,21.1248,16.0311,28.1372,21.3442,0.7964,0.154,False
075011,Mariendorf Süd,Tempelhof-Schöneberg,buildings,U-Bahn,1.4,5343,,0,19.6159,14.886,26.1274,19.8196,0.7432,0.0524,False
075011,Mariendorf Süd,Tempelhof-Schöneberg,buildings,Tram,1.0,5343,,0,156.605,150.0854,164.7589,157.6022,1.0,1.0,False
075011,Mariendorf Süd,Tempelhof-Schöneberg,buildings,Tram,1.3,5343,,0,120.4654,115.4503,126.7376,121.2325,1.0,1.0,False
075011,Mariendorf Süd,Tempelhof-Schöneberg,buildings,Tram,1.4,5343,,0,111.8607,107.2038,117.6849,112.573,1.0,1.0,False
075011,Mariendorf Süd,Tempelhof-Schöneberg,buildings,Bus,1.0,5343,,0,5.9466,3.9646,8.577,6.6284,0.035,0.0,False
075011,Mariendorf Süd,Tempelhof-Schöneberg,buildings,Bus,1.3,5343,,0,4.5743,3.0497,6.5977,5.0988,0.0,0.0,False
075011,Mariendorf Süd,Tempelhof-Schöneberg,buildings,Bus,1.4,5343,,0,4.2476,2.8319,6.1264,4.7346,0.0,0.0,False
075011,Mariendorf Süd,Tempelhof-Schöneberg,buildings,Regionalbahn,1.0,5343,,0,94.3986,83.9958,101.0311,91.9658,1.0,1.0,False
075011,Mariendorf Süd,Tempelhof-Schöneberg,buildings,Regionalbahn,1.3,5343,,0,72.6143,64.6121,77.7162,70.7429,1.0,1.0,False
075011,Mariendorf Süd,Tempelhof-Schöneberg,buildings,Regionalbahn,1.4,5343,,0,67.4275,59.997,72.165,65.6898,1.0,1.0,False
075011,Mariendorf Süd,Tempelhof-Schöneberg,buildings,S- or U-Bahn,1.0,5343,,0,25.5333,20.0538,29.9996,25.0799,0.8886,0.2499,False
075011,Mariendorf Süd,Tempelhof-Schöneberg,buildings,S- or U-Bahn,1.3,5343,,0,19.641,15.426,23.0767,19.2923,0.7687,0.043,False
075011,Mariendorf Süd,Tempelhof-Schöneberg,buildings,S- or U-Bahn,1.4,5343,,0,18.2381,14.3241,21.4283,17.9142,0.7054,0.0041,False
076012,Marienfelde Nord,Tempelhof-Schöneberg,buildings,S-Bahn,1.0,3866,,0,18.8627,12.67,24.7605,19.3859,0.6736,0.1099,False
076012,Marienfelde Nord,Tempelhof-Schöneberg,buildings,S-Bahn,1.3,3866,,0,14.5098,9.7462,19.0466,14.9122,0.4674,0.015,False
076012,Marienfelde Nord,Tempelhof-Schöneberg,buildings,S-Bahn,1.4,3866,,0,13.4733,9.05,17.6861,13.8471,0.4105,0.0059,False
076012,Marienfelde Nord,Tempelhof-Schöneberg,buildings,U-Bahn,1.0,3866,,0,52.8096,45.9961,62.3159,53.9146,1.0,0.9987,False
076012,Marienfelde Nord,Tempelhof-Schöneberg,buildings,U-Bahn,1.3,3866,,0,40.6227,35.3816,47.9353,41.4728,1.0,0.9759,False
076012,Marienfelde Nord,Tempelhof-Schöneberg,buildings,U-Bahn,1.4,3866,,0,37.7211,32.8544,44.5114,38.5104,1.0,0.9196,False
076012,Marienfelde Nord,Tempelhof-Schöneberg,buildings,Tram,1.0,3866,,0,187.8487,179.1311,193.6304,186.1302,1.0,1.0,False
076012,Marienfelde Nord,Tempelhof-Schöneberg,buildings,Tram,1.3,3866,,0,144.499,137.7932,148.9464,143.1771,1.0,1.0,False
076012,Marienfelde Nord,Tempelhof-Schöneberg,buildings,Tram,1.4,3866,,0,134.1777,127.9508,138.3074,132.9502,1.0,1.0,False
076012,Marienfelde Nord,Tempelhof-Schöneberg,buildings,Bus,1.0,3866,,0,5.8166,3.7965,9.5113,6.7689,0.0292,0.0,False
076012,Marienfelde Nord,Tempelhof-Schöneberg,buildings,Bus,1.3,3866,,0,4.4743,2.9204,7.3164,5.2068,0.0085,0.0,False
076012,Marienfelde Nord,Tempelhof-Schöneberg,buildings,Bus,1.4,3866,,0,4.1547,2.7118,6.7938,4.8349,0.0023,0.0,False
076012,Marienfelde Nord,Tempelhof-Schöneberg,buildings,Regionalbahn,1.0,3866,,0,69.7763,59.8631,80.4963,70.5284,1.0,1.0,False
076012,Marienfelde Nord,Tempelhof-Schöneberg,buildings,Regionalbahn,1.3,3866,,0,53.674,46.0485,61.9202,54.2526,1.0,0.9997,False
076012,Marienfelde Nord,Tempelhof-Schöneberg,buildings,Regionalbahn,1.4,3866,,0,49.8402,42.7594,57.4973,50.3774,1.0,0.9982,False
076012,Marienfelde Nord,Tempelhof-Schöneberg,buildings,S- or U-Bahn,1.0,3866,,0,18.8627,12.67,24.7605,19.3859,0.6736,0.1099,False
076012,Marienfelde Nord,Tempelhof-Schöneberg,buildings,S- or U-Bahn,1.3,3866,,0,14.5098,9.7462,19.0466,14.9122,0.4674,0.015,False
076012,Marienfelde Nord,Tempelhof-Schöneberg,buildings,S- or U-Bahn,1.4,3866,,0,13.4733,9.05,17.6861,13.8471,0.4105,0.0059,False
076013,Marienfelde Süd,Tempelhof-Schöneberg,buildings,S-Bahn,1.0,2034,,0,42.6773,34.2531,46.0222,38.898,0.9464,0.8363,False
076013,Marienfelde Süd,Tempelhof-Schöneberg,buildings,S-Bahn,1.3,2034,,0,32.8287,26.3485,35.4017,29.9216,0.9066,0.6632,False
076013,Marienfelde Süd,Tempelhof-Schöneberg,buildings,S-Bahn,1.4,2034,,0,30.4838,24.4665,32.873,27.7843,0.8913,0.5492,False
076013,Marienfelde Süd,Tempelhof-Schöneberg,buildings,U-Bahn,1.0,2034,,0,83.9232,79.7293,87.654,83.5035,1.0,1.0,False
076013,Marienfelde Süd,Tempelhof-Schöneberg,buildings,U-Bahn,1.3,2034,,0,64.5563,61.3302,67.4262,64.2334,1.0,1.0,False
076013,Marienfelde Süd,Tempelhof-Schöneberg,buildings,U-Bahn,1.4,2034,,0,59.9451,56.9495,62.61,59.6453,1.0,1.0,False
076013,Marienfelde Süd,Tempelhof-Schöneberg,buildings,Tram,1.0,2034,,0,207.7142,201.1075,210.9371,204.2413,1.0,1.0,False
076013,Marienfelde Süd,Tempelhof-Schöneberg,buildings,Tram,1.3,2034,,0,159.7801,154.6981,162.2593,157.1087,1.0,1.0,False
076013,Marienfelde Süd,Tempelhof-Schöneberg,buildings,Tram,1.4,2034,,0,148.3673,143.6482,150.6693,145.8867,1.0,1.0,False
076013,Marienfelde Süd,Tempelhof-Schöneberg,buildings,Bus,1.0,2034,,0,5.8539,3.6082,8.445,6.6553,0.0669,0.0,False
076013,Marienfelde Süd,Tempelhof-Schöneberg,buildings,Bus,1.3,2034,,0,4.503,2.7755,6.4961,5.1195,0.0088,0.0,False
076013,Marienfelde Süd,Tempelhof-Schöneberg,buildings,Bus,1.4,2034,,0,4.1814,2.5773,6.0321,4.7538,0.0034,0.0,False
076013,Marienfelde Süd,Tempelhof-Schöneberg,buildings,Regionalbahn,1.0,2034,,0,69.4619,61.0141,77.2321,70.0024,1.0,1.0,False
076013,Marienfelde Süd,Tempelhof-Schöneberg,buildings,Regionalbahn,1.3,2034,,0,53.4322,46.9339,59.4093,53.848,1.0,0.9975,False
076013,Marienfelde Süd,Tempelhof-Schöneberg,buildings,Regionalbahn,1.4,2034,,0,49.6157,43.5815,55.1658,50.0017,1.0,0.969,False
076013,Marienfelde Süd,Tempelhof-Schöneberg,buildings,S- or U-Bahn,1.0,2034,,0,42.6773,34.2531,46.0222,38.898,0.9464,0.8363,False
076013,Marienfelde Süd,Tempelhof-Schöneberg,buildings,S- or U-Bahn,1.3,2034,,0,32.8287,26.3485,35.4017,29.9216,0.9066,0.6632,False
076013,Marienfelde Süd,Tempelhof-Schöneberg,buildings,S- or U-Bahn,1.4,2034,,0,30.4838,24.4665,32.873,27.7843,0.8913,0.5492,False
076014,Lichtenrade Nord,Tempelhof-Schöneberg,buildings,S-Bahn,1.0,7683,,0,29.0713,20.8421,37.2151,29.0346,0.9229,0.4632,False
076014,Lichtenrade Nord,Tempelhof-Schöneberg,buildings,S-Bahn,1.3,7683,,0,22.3626,16.0324,28.627,22.3343,0.8014,0.1873,False
076014,Lichtenrade Nord,Tempelhof-Schöneberg,buildings,S-Bahn,1.4,7683,,0,20.7652,14.8872,26.5822,20.739,0.7429,0.1102,False
076014,Lichtenrade Nord,Tempelhof-Schöneberg,buildings,U-Bahn,1.0,7683,,0,71.441,64.6168,80.829,72.2009,1.0,1.0,False
076014,Lichtenrade Nord,Tempelhof-Schöneberg,buildings,U-Bahn,1.3,7683,,0,54.9546,49.7052,62.1762,55.5392,1.0,1.0,False
076014,Lichtenrade Nord,Tempelhof-Schöneberg,buildings,U-Bahn,1.4,7683,,0,51.0293,46.1548,57.735,51.5721,1.0,1.0,False
076014,Lichtenrade Nord,Tempelhof-Schöneberg,buildings,Tram,1.0,7683,,0,151.0549,144.8188,157.4802,150.78,1.0,1.0,False
076014,Lichtenrade Nord,Tempelhof-Schöneberg,buildings,Tram,1.3,7683,,0,116.196,111.3991,121.1386,115.9846,1.0,1.0,False
076014,Lichtenrade Nord,Tempelhof-Schöneberg,buildings,Tram,1.4,7683,,0,107.8963,103.442,112.4859,107.7,1.0,1.0,False
076014,Lichtenrade Nord,Tempelhof-Schöneberg,buildings,Bus,1.0,7683,,0,6.8226,4.4638,9.5359,7.1997,0.0271,0.0,False
076014,Lichtenrade Nord,Tempelhof-Schöneberg,buildings,Bus,1.3,7683,,0,5.2482,3.4337,7.3353,5.5382,0.0,0.0,False
076014,Lichtenrade Nord,Tempelhof-Schöneberg,buildings,Bus,1.4,7683,,0,4.8733,3.1884,6.8114,5.1427,0.0,0.0,False
076014,Lichtenrade Nord,Tempelhof-Schöneberg,buildings,Regionalbahn,1.0,7683,,0,119.9245,111.5092,131.9084,121.4498,1.0,1.0,False
076014,Lichtenrade Nord,Tempelhof-Schöneberg,buildings,Regionalbahn,1.3,7683,,0,92.2496,85.7763,101.468,93.4229,1.0,1.0,False
076014,Lichtenrade Nord,Tempelhof-Schöneberg,buildings,Regionalbahn,1.4,7683,,0,85.6603,79.6494,94.2203,86.7498,1.0,1.0,False
076014,Lichtenrade Nord,Tempelhof-Schöneberg,buildings,S- or U-Bahn,1.0,7683,,0,29.0713,20.8421,37.2151,29.0346,0.9229,0.4632,False
076014,Lichtenrade Nord,Tempelhof-Schöneberg,buildings,S- or U-Bahn,1.3,7683,,0,22.3626,16.0324,28.627,22.3343,0.8014,0.1873,False
076014,Lichtenrade Nord,Tempelhof-Schöneberg,buildings,S- or U-Bahn,1.4,7683,,0,20.7652,14.8872,26.5822,20.739,0.7429,0.1102,False
076015,Lichtenrade Süd,Tempelhof-Schöneberg,buildings,S-Bahn,1.0,8471,,0,19.3883,12.769,29.203,20.9717,0.6471,0.2252,False
076015,Lichtenrade Süd,Tempelhof-Schöneberg,buildings,S-Bahn,1.3,8471,,0,14.9141,9.8223,22.4638,16.1321,0.4975,0.0274,False
076015,Lichtenrade Süd,Tempelhof-Schöneberg,buildings,S-Bahn,1.4,8471,,0,13.8488,9.1207,20.8593,14.9798,0.4553,0.0034,False
076015,Lichtenrade Süd,Tempelhof-Schöneberg,buildings,U-Bahn,1.0,8471,,0,105.0166,98.5636,113.9202,105.8646,1.0,1.0,False
076015,Lichtenrade Süd,Tempelhof-Schöneberg,buildings,U-Bahn,1.3,8471,,0,80.782,75.8181,87.631,81.4343,1.0,1.0,False
076015,Lichtenrade Süd,Tempelhof-Schöneberg,buildings,U-Bahn,1.4,8471,,0,75.0118,70.4025,81.3716,75.6176,1.0,1.0,False
076015,Lichtenrade Süd,Tempelhof-Schöneberg,buildings,Tram,1.0,8471,,0,179.8426,166.9771,187.6978,177.972,1.0,1.0,False
076015,Lichtenrade Süd,Tempelhof-Schöneberg,buildings,Tram,1.3,8471,,0,138.3405,128.4439,144.3829,136.9015,1.0,1.0,False
076015,Lichtenrade Süd,Tempelhof-Schöneberg,buildings,Tram,1.4,8471,,0,128.459,119.2693,134.0699,127.1229,1.0,1.0,False
076015,Lichtenrade Süd,Tempelhof-Schöneberg,buildings,Bus,1.0,8471,,0,5.1866,3.3879,7.3136,5.882,0.0319,0.0,False
076015,Lichtenrade Süd,Tempelhof-Schöneberg,buildings,Bus,1.3,8471,,0,3.9897,2.6061,5.6258,4.5246,0.0021,0.0,False
076015,Lichtenrade Süd,Tempelhof-Schöneberg,buildings,Bus,1.4,8471,,0,3.7047,2.4199,5.224,4.2014,0.0005,0.0,False
076015,Lichtenrade Süd,Tempelhof-Schöneberg,buildings,Regionalbahn,1.0,8471,,0,141.5127,123.3677,154.4873,138.3948,1.0,1.0,False
076015,Lichtenrade Süd,Tempelhof-Schöneberg,buildings,Regionalbahn,1.3,8471,,0,108.8559,94.8982,118.8364,106.4576,1.0,1.0,False
076015,Lichtenrade Süd,Tempelhof-Schöneberg,buildings,Regionalbahn,1.4,8471,,0,101.0805,88.1198,110.3481,98.8535,1.0,1.0,False
076015,Lichtenrade Süd,Tempelhof-Schöneberg,buildings,S- or U-Bahn,1.0,8471,,0,19.3883,12.769,29.203,20.9717,0.6471,0.2252,False
076015,Lichtenrade Süd,Tempelhof-Schöneberg,buildings,S- or U-Bahn,1.3,8471,,0,14.9141,9.8223,22.4638,16.1321,0.4975,0.0274,False
076015,Lichtenrade Süd,Tempelhof-Schöneberg,buildings,S- or U-Bahn,1.4,8471,,0,13.8488,9.1207,20.8593,14.9798,0.4553,0.0034,False
081001,Schillerpromenade,Neukölln,buildings,S-Bahn,1.0,1251,,0,19.2723,11.0291,29.3617,20.869,0.6395,0.2374,False
081001,Schillerpromenade,Neukölln,buildings,S-Bahn,1.3,1251,,0,14.8248,8.4839,22.5859,16.0531,0.4932,0.0711,False
081001,Schillerpromenade,Neukölln,buildings,S-Bahn,1.4,1251,,0,13.7659,7.8779,20.9726,14.9064,0.4476,0.0592,False
081001,Schillerpromenade,Neukölln,buildings,U-Bahn,1.0,1251,,0,8.0641,5.5006,10.9789,8.7482,0.0927,0.0,False
081001,Schillerpromenade,Neukölln,buildings,U-Bahn,1.3,1251,,0,6.2032,4.2312,8.4453,6.7294,0.0344,0.0,False
081001,Schillerpromenade,Neukölln,buildings,U-Bahn,1.4,1251,,0,5.7601,3.929,7.8421,6.2487,0.0216,0.0,False
081001,Schillerpromenade,Neukölln,buildings,Tram,1.0,1251,,0,76.6685,68.1882,88.9854,77.7616,1.0,1.0,False
081001,Schillerpromenade,Neukölln,buildings,Tram,1.3,1251,,0,58.9758,52.4525,68.4503,59.8166,1.0,1.0,False
081001,Schillerpromenade,Neukölln,buildings,Tram,1.4,1251,,0,54.7632,48.7059,63.561,55.544,1.0,1.0,False
081001,Schillerpromenade,Neukölln,buildings,Bus,1.0,1251,,0,4.8707,2.6819,7.5797,5.4,0.0088,0.0,False
081001,Schillerpromenade,Neukölln,buildings,Bus,1.3,1251,,0,3.7467,2.063,5.8306,4.1538,0.0008,0.0,False
081001,Schillerpromenade,Neukölln,buildings,Bus,1.4,1251,,0,3.4791,1.9156,5.4141,3.8571,0.0008,0.0,False
081001,Schillerpromenade,Neukölln,buildings,Regionalbahn,1.0,1251,,0,73.2584,68.5388,79.0771,73.5442,1.0,1.0,False
081001,Schillerpromenade,Neukölln,buildings,Regionalbahn,1.3,1251,,0,56.3526,52.7221,60.8285,56.5725,1.0,1.0,False
081001,Schillerpromenade,Neukölln,buildings,Regionalbahn,1.4,1251,,0,52.3274,48.9563,56.4836,52.5316,1.0,1.0,False
081001,Schillerpromenade,Neukölln,buildings,S- or U-Bahn,1.0,1251,,0,7.9904,5.4401,10.8499,8.683,0.0903,0.0,False
081001,Schillerpromenade,Neukölln,buildings,S- or U-Bahn,1.3,1251,,0,6.1465,4.1847,8.3461,6.6792,0.0336,0.0,False
081001,Schillerpromenade,Neukölln,buildings,S- or U-Bahn,1.4,1251,,0,5.7074,3.8858,7.7499,6.2021,0.0208,0.0,False
081002,Neuköllner Mitte/Zentrum,Neukölln,buildings,S-Bahn,1.0,1778,,0,13.147,8.8059,21.8959,15.6001,0.4196,0.0759,False
081002,Neuköllner Mitte/Zentrum,Neukölln,buildings,S-Bahn,1.3,1778,,0,10.1131,6.7737,16.843,12.0,0.3166,0.0,False
081002,Neuköllner Mitte/Zentrum,Neukölln,buildings,S-Bahn,1.4,1778,,0,9.3907,6.2899,15.6399,11.1429,0.275,0.0,False
081002,Neuköllner Mitte/Zentrum,Neukölln,buildings,U-Bahn,1.0,1778,,0,6.8223,5.0325,8.8021,6.908,0.0,0.0,False
081002,Neuköllner Mitte/Zentrum,Neukölln,buildings,U-Bahn,1.3,1778,,0,5.2479,3.8712,6.7708,5.3139,0.0,0.0,False
081002,Neuköllner Mitte/Zentrum,Neukölln,buildings,U-Bahn,1.4,1778,,0,4.8731,3.5947,6.2872,4.9343,0.0,0.0,False
081002,Neuköllner Mitte/Zentrum,Neukölln,buildings,Tram,1.0,1778,,0,79.2099,66.0366,87.7925,76.6832,1.0,1.0,False
081002,Neuköllner Mitte/Zentrum,Neukölln,buildings,Tram,1.3,1778,,0,60.9307,50.7974,67.5327,58.9871,1.0,1.0,False
081002,Neuköllner Mitte/Zentrum,Neukölln,buildings,Tram,1.4,1778,,0,56.5785,47.169,62.7089,54.7737,1.0,1.0,False
081002,Neuköllner Mitte/Zentrum,Neukölln,buildings,Bus,1.0,1778,,0,4.0251,2.5955,5.4925,4.0579,0.0,0.0,False
081002,Neuköllner Mitte/Zentrum,Neukölln,buildings,Bus,1.3,1778,,0,3.0963,1.9965,4.225,3.1215,0.0,0.0,False
081002,Neuköllner Mitte/Zentrum,Neukölln,buildings,Bus,1.4,1778,,0,2.8751,1.8539,3.9232,2.8985,0.0,0.0,False
081002,Neuköllner Mitte/Zentrum,Neukölln,buildings,Regionalbahn,1.0,1778,,0,80.5757,69.9368,89.0057,79.79,1.0,1.0,False
081002,Neuköllner Mitte/Zentrum,Neukölln,buildings,Regionalbahn,1.3,1778,,0,61.9813,53.7975,68.4659,61.3769,1.0,1.0,False
081002,Neuköllner Mitte/Zentrum,Neukölln,buildings,Regionalbahn,1.4,1778,,0,57.5541,49.9548,63.5755,56.9929,1.0,1.0,False
081002,Neuköllner Mitte/Zentrum,Neukölln,buildings,S- or U-Bahn,1.0,1778,,0,6.7888,5.0095,8.7473,6.8699,0.0,0.0,False
081002,Neuköllner Mitte/Zentrum,Neukölln,buildings,S- or U-Bahn,1.3,1778,,0,5.2222,3.8534,6.7287,5.2845,0.0,0.0,False
081002,Neuköllner Mitte/Zentrum,Neukölln,buildings,S- or U-Bahn,1.4,1778,,0,4.8492,3.5782,6.2481,4.9071,0.0,0.0,False
081003,Reuterstraße,Neukölln,buildings,S-Bahn,1.0,1347,,0,39.5335,33.7677,43.9773,38.6716,1.0,0.8886,False
081003,Reuterstraße,Neukölln,buildings,S-Bahn,1.3,1347,,0,30.4104,25.9751,33.8287,29.7474,1.0,0.5256,False
081003,Reuterstraße,Neukölln,buildings,S-Bahn,1.4,1347,,0,28.2382,24.1198,31.4124,27.6226,1.0,0.3794,False
081003,Reuterstraße,Neukölln,buildings,U-Bahn,1.0,1347,,0,9.6608,6.3427,13.1696,10.1153,0.1411,0.0,False
081003,Reuterstraße,Neukölln,buildings,U-Bahn,1.3,1347,,0,7.4314,4.879,10.1305,7.781,0.0579,0.0,False
081003,Reuterstraße,Neukölln,buildings,U-Bahn,1.4,1347,,0,6.9006,4.5305,9.4069,7.2252,0.0416,0.0,False
081003,Reuterstraße,Neukölln,buildings,Tram,1.0,1347,,0,45.464,42.4571,49.4564,45.994,1.0,1.0,False
081003,Reuterstraße,Neukölln,buildings,Tram,1.3,1347,,0,34.9723,32.6593,38.0434,35.38,1.0,0.9406,False
081003,Reuterstraße,Neukölln,buildings,Tram,1.4,1347,,0,32.4743,30.3265,35.326,32.8529,1.0,0.7847,False
081003,Reuterstraße,Neukölln,buildings,Bus,1.0,1347,,0,4.0285,2.6571,5.5795,4.2073,0.0,0.0,False
081003,Reuterstraße,Neukölln,buildings,Bus,1.3,1347,,0,3.0989,2.0439,4.2919,3.2364,0.0,0.0,False
081003,Reuterstraße,Neukölln,buildings,Bus,1.4,1347,,0,2.8775,1.8979,3.9853,3.0052,0.0,0.0,False
081003,Reuterstraße,Neukölln,buildings,Regionalbahn,1.0,1347,,0,55.9504,50.963,60.1978,55.2584,1.0,1.0,False
081003,Reuterstraße,Neukölln,buildings,Regionalbahn,1.3,1347,,0,43.0388,39.2023,46.306,42.5064,1.0,0.9903,False
081003,Reuterstraße,Neukölln,buildings,Regionalbahn,1.4,1347,,0,39.9646,36.4021,42.9985,39.4703,1.0,0.9659,False
081003,Reuterstraße,Neukölln,buildings,S- or U-Bahn,1.0,1347,,0,9.6608,6.3427,13.1696,10.1117,0.1411,0.0,False
081003,Reuterstraße,Neukölln,buildings,S- or U-Bahn,1.3,1347,,0,7.4314,4.879,10.1305,7.7782,0.0579,0.0,False
081003,Reuterstraße,Neukölln,buildings,S- or U-Bahn,1.4,1347,,0,6.9006,4.5305,9.4069,7.2226,0.0416,0.0,False
081004,Rixdorf,Neukölln,buildings,S-Bahn,1.0,1874,,0,16.3913,10.3435,21.9124,16.1658,0.5774,0.0016,False
081004,Rixdorf,Neukölln,buildings,S-Bahn,1.3,1874,,0,12.6087,7.9565,16.8557,12.4353,0.3661,0.0,False
081004,Rixdorf,Neukölln,buildings,S-Bahn,1.4,1874,,0,11.7081,7.3882,15.6517,11.547,0.2946,0.0,False
081004,Rixdorf,Neukölln,buildings,U-Bahn,1.0,1874,,0,13.0719,8.4682,19.6333,14.3277,0.421,0.0288,False
081004,Rixdorf,Neukölln,buildings,U-Bahn,1.3,1874,,0,10.0553,6.514,15.1026,11.0213,0.2561,0.0,False
081004,Rixdorf,Neukölln,buildings,U-Bahn,1.4,1874,,0,9.3371,6.0487,14.0238,10.2341,0.2017,0.0,False
081004,Rixdorf,Neukölln,buildings,Tram,1.0,1874,,0,66.9515,59.3414,73.436,66.0849,1.0,1.0,False
081004,Rixdorf,Neukölln,buildings,Tram,1.3,1874,,0,51.5011,45.6472,56.4892,50.8346,1.0,1.0,False
081004,Rixdorf,Neukölln,buildings,Tram,1.4,1874,,0,47.8225,42.3867,52.4543,47.2035,1.0,1.0,False
081004,Rixdorf,Neukölln,buildings,Bus,1.0,1874,,0,4.0139,2.5528,5.6363,4.1172,0.0,0.0,False
081004,Rixdorf,Neukölln,buildings,Bus,1.3,1874,,0,3.0876,1.9637,4.3357,3.1671,0.0,0.0,False
081004,Rixdorf,Neukölln,buildings,Bus,1.4,1874,,0,2.8671,1.8234,4.026,2.9408,0.0,0.0,False
081004,Rixdorf,Neukölln,buildings,Regionalbahn,1.0,1874,,0,65.1463,57.1061,70.9245,63.8121,1.0,1.0,False
081004,Rixdorf,Neukölln,buildings,Regionalbahn,1.3,1874,,0,50.1125,43.9278,54.5573,49.0863,1.0,1.0,False
081004,Rixdorf,Neukölln,buildings,Regionalbahn,1.4,1874,,0,46.5331,40.7901,50.6603,45.5801,1.0,0.9963,False
081004,Rixdorf,Neukölln,buildings,S- or U-Bahn,1.0,1874,,0,10.1418,6.9678,15.9803,11.601,0.2823,0.0,False
081004,Rixdorf,Neukölln,buildings,S- or U-Bahn,1.3,1874,,0,7.8014,5.3598,12.2925,8.9239,0.1569,0.0,False
081004,Rixdorf,Neukölln,buildings,S- or U-Bahn,1.4,1874,,0,7.2442,4.977,11.4145,8.2864,0.1121,0.0,False
081005,Köllnische Heide,Neukölln,buildings,S-Bahn,1.0,1142,,0,12.5312,9.2916,18.2869,13.7937,0.3634,0.0079,False
081005,Köllnische Heide,Neukölln,buildings,S-Bahn,1.3,1142,,0,9.6394,7.1474,14.0669,10.6106,0.2084,0.0,False
081005,Köllnische Heide,Neukölln,buildings,S-Bahn,1.4,1142,,0,8.9508,6.6369,13.0621,9.8527,0.1716,0.0,False
081005,Köllnische Heide,Neukölln,buildings,U-Bahn,1.0,1142,,0,33.1428,28.3792,37.3875,31.9687,0.9457,0.7067,False
081005,Köllnische Heide,Neukölln,buildings,U-Bahn,1.3,1142,,0,25.4944,21.8302,28.7596,24.5913,0.8827,0.1839,False
081005,Köllnische Heide,Neukölln,buildings,U-Bahn,1.4,1142,,0,23.6734,20.2709,26.7054,22.8348,0.873,0.0744,False
081005,Köllnische Heide,Neukölln,buildings,Tram,1.0,1142,,0,62.3635,57.7163,67.4009,63.0423,1.0,1.0,False
081005,Köllnische Heide,Neukölln,buildings,Tram,1.3,1142,,0,47.9719,44.3971,51.8469,48.4941,1.0,1.0,False
081005,Köllnische Heide,Neukölln,buildings,Tram,1.4,1142,,0,44.5454,41.2259,48.1435,45.0302,1.0,1.0,False
081005,Köllnische Heide,Neukölln,buildings,Bus,1.0,1142,,0,4.1141,2.7875,5.7383,4.794,0.0131,0.0,False
081005,Köllnische Heide,Neukölln,buildings,Bus,1.3,1142,,0,3.1647,2.1442,4.4141,3.6877,0.0,0.0,False
081005,Köllnische Heide,Neukölln,buildings,Bus,1.4,1142,,0,2.9386,1.991,4.0988,3.4243,0.0,0.0,False
081005,Köllnische Heide,Neukölln,buildings,Regionalbahn,1.0,1142,,0,62.849,58.7692,68.0303,63.6303,1.0,1.0,False
081005,Köllnische Heide,Neukölln,buildings,Regionalbahn,1.3,1142,,0,48.3454,45.2071,52.331,48.9464,1.0,1.0,False
081005,Köllnische Heide,Neukölln,buildings,Regionalbahn,1.4,1142,,0,44.8922,41.978,48.5931,45.4502,1.0,1.0,False
081005,Köllnische Heide,Neukölln,buildings,S- or U-Bahn,1.0,1142,,0,12.3348,9.1852,18.1921,13.6185,0.352,0.0079,False
081005,Köllnische Heide,Neukölln,buildings,S- or U-Bahn,1.3,1142,,0,9.4883,7.0655,13.994,10.4758,0.1996,0.0,False
081005,Köllnische Heide,Neukölln,buildings,S- or U-Bahn,1.4,1142,,0,8.8106,6.5608,12.9944,9.7275,0.1681,0.0,False
082006,Britz Nord,Neukölln,buildings,S-Bahn,1.0,1848,,0,28.3604,19.9893,33.6881,27.728,0.9605,0.4361,False
082006,Britz Nord,Neukölln,buildings,S-Bahn,1.3,1848,,0,21.8157,15.3764,25.9139,21.3293,0.776,0.0676,False
082006,Britz Nord,Neukölln,buildings,S-Bahn,1.4,1848,,0,20.2574,14.278,24.0629,19.8057,0.7089,0.0503,False
082006,Britz Nord,Neukölln,buildings,U-Bahn,1.0,1848,,0,13.2183,9.2596,18.9983,14.6381,0.4156,0.0417,False
082006,Britz Nord,Neukölln,buildings,U-Bahn,1.3,1848,,0,10.1679,7.1227,14.6141,11.2601,0.2305,0.0103,False
082006,Britz Nord,Neukölln,buildings,U-Bahn,1.4,1848,,0,9.4416,6.614,13.5702,10.4558,0.171,0.0032,False
082006,Britz Nord,Neukölln,buildings,Tram,1.0,1848,,0,94.8809,87.8648,100.3234,93.8267,1.0,1.0,False
082006,Britz Nord,Neukölln,buildings,Tram,1.3,1848,,0,72.9853,67.5883,77.1718,72.1744,1.0,1.0,False
082006,Britz Nord,Neukölln,buildings,Tram,1.4,1848,,0,67.7721,62.7605,71.6595,67.0191,1.0,1.0,False
082006,Britz Nord,Neukölln,buildings,Bus,1.0,1848,,0,4.9109,3.3664,6.6636,5.1007,0.0032,0.0,False
082006,Britz Nord,Neukölln,buildings,Bus,1.3,1848,,0,3.7777,2.5895,5.1259,3.9236,0.0,0.0,False
082006,Britz Nord,Neukölln,buildings,Bus,1.4,1848,,0,3.5078,2.4046,4.7597,3.6433,0.0,0.0,False
082006,Britz Nord,Neukölln,buildings,Regionalbahn,1.0,1848,,0,96.1372,91.2748,99.6073,94.6185,1.0,1.0,False
082006,Britz Nord,Neukölln,buildings,Regionalbahn,1.3,1848,,0,73.9517,70.2114,76.621,72.7835,1.0,1.0,False
082006,Britz Nord,Neukölln,buildings,Regionalbahn,1.4,1848,,0,68.6694,65.1963,71.1481,67.5846,1.0,1.0,False
082006,Britz Nord,Neukölln,buildings,S- or U-Bahn,1.0,1848,,0,13.1578,9.2596,18.9983,14.6298,0.4156,0.0417,False
082006,Britz Nord,Neukölln,buildings,S- or U-Bahn,1.3,1848,,0,10.1214,7.1227,14.6141,11.2537,0.23,0.0103,False
082006,Britz Nord,Neukölln,buildings,S- or U-Bahn,1.4,1848,,0,9.3984,6.614,13.5702,10.4499,0.1688,0.0027,False
082007,Britz,Neukölln,buildings,S-Bahn,1.0,8301,,0,59.2226,50.247,67.5365,58.89,1.0,1.0,False
082007,Britz,Neukölln,buildings,S-Bahn,1.3,8301,,0,45.5558,38.6516,51.9512,45.3,1.0,0.9646,False
082007,Britz,Neukölln,buildings,S-Bahn,1.4,8301,,0,42.3018,35.8907,48.2404,42.0643,1.0,0.9286,False
082007,Britz,Neukölln,buildings,U-Bahn,1.0,8301,,0,23.5427,12.718,36.7139,24.6123,0.6905,0.3859,False
082007,Britz,Neukölln,buildings,U-Bahn,1.3,8301,,0,18.1098,9.7831,28.2415,18.9326,0.6047,0.1871,False
082007,Britz,Neukölln,buildings,U-Bahn,1.4,8301,,0,16.8162,9.0843,26.2242,17.5802,0.5617,0.1188,False
082007,Britz,Neukölln,buildings,Tram,1.0,8301,,0,97.6644,82.6285,121.1214,99.6723,1.0,1.0,False
082007,Britz,Neukölln,buildings,Tram,1.3,8301,,0,75.1265,63.5604,93.1703,76.671,1.0,1.0,False
082007,Britz,Neukölln,buildings,Tram,1.4,8301,,0,69.7603,59.0204,86.5153,71.1945,1.0,1.0,False
082007,Britz,Neukölln,buildings,Bus,1.0,8301,,0,6.1709,4.0828,9.2059,6.8953,0.0292,0.0,False
082007,Britz,Neukölln,buildings,Bus,1.3,8301,,0,4.7469,3.1406,7.0815,5.3041,0.0008,0.0,False
082007,Britz,Neukölln,buildings,Bus,1.4,8301,,0,4.4078,2.9163,6.5756,4.9252,0.0002,0.0,False
082007,Britz,Neukölln,buildings,Regionalbahn,1.0,8301,,0,103.7354,90.2882,113.1322,101.2949,1.0,1.0,False
082007,Britz,Neukölln,buildings,Regionalbahn,1.3,8301,,0,79.7964,69.4525,87.0248,77.9191,1.0,1.0,False
082007,Britz,Neukölln,buildings,Regionalbahn,1.4,8301,,0,74.0967,64.4916,80.8087,72.3535,1.0,1.0,False
082007,Britz,Neukölln,buildings,S- or U-Bahn,1.0,8301,,0,23.5427,12.718,36.7139,24.6123,0.6905,0.3859,False
082007,Britz,Neukölln,buildings,S- or U-Bahn,1.3,8301,,0,18.1098,9.7831,28.2415,18.9326,0.6047,0.1871,False
082007,Britz,Neukölln,buildings,S- or U-Bahn,1.4,8301,,0,16.8162,9.0843,26.2242,17.5802,0.5617,0.1188,False
082008,Buckow,Neukölln,buildings,S-Bahn,1.0,5555,,0,52.5714,44.3957,73.5496,57.4909,1.0,0.9627,False
082008,Buckow,Neukölln,buildings,S-Bahn,1.3,5555,,0,40.4395,34.1505,56.5766,44.2238,1.0,0.8625,False
082008,Buckow,Neukölln,buildings,S-Bahn,1.4,5555,,0,37.551,31.7112,52.5355,41.0649,1.0,0.8032,False
082008,Buckow,Neukölln,buildings,U-Bahn,1.0,5555,,0,43.1452,30.3444,52.247,41.0775,0.9782,0.7532,False
082008,Buckow,Neukölln,buildings,U-Bahn,1.3,5555,,0,33.1886,23.3418,40.19,31.5981,0.9368,0.6081,False
082008,Buckow,Neukölln,buildings,U-Bahn,1.4,5555,,0,30.818,21.6746,37.3193,29.341,0.9163,0.5348,False
082008,Buckow,Neukölln,buildings,Tram,1.0,5555,,0,120.6713,99.9858,133.4742,116.9507,1.0,1.0,False
082008,Buckow,Neukölln,buildings,Tram,1.3,5555,,0,92.8241,76.9122,102.6724,89.9621,1.0,1.0,False
082008,Buckow,Neukölln,buildings,Tram,1.4,5555,,0,86.1938,71.4184,95.3387,83.5362,1.0,1.0,False
082008,Buckow,Neukölln,buildings,Bus,1.0,5555,,0,4.8977,3.1136,7.1944,5.3168,0.0,0.0,False
082008,Buckow,Neukölln,buildings,Bus,1.3,5555,,0,3.7675,2.3951,5.5341,4.0898,0.0,0.0,False
082008,Buckow,Neukölln,buildings,Bus,1.4,5555,,0,3.4984,2.224,5.1388,3.7977,0.0,0.0,False
082008,Buckow,Neukölln,buildings,Regionalbahn,1.0,5555,,0,119.3072,113.0065,126.9696,119.9806,1.0,1.0,False
082008,Buckow,Neukölln,buildings,Regionalbahn,1.3,5555,,0,91.7748,86.9281,97.6689,92.2928,1.0,1.0,False
082008,Buckow,Neukölln,buildings,Regionalbahn,1.4,5555,,0,85.2194,80.7189,90.6926,85.7005,1.0,1.0,False
082008,Buckow,Neukölln,buildings,S- or U-Bahn,1.0,5555,,0,38.199,28.5315,43.775,36.1398,0.9782,0.7159,False
082008,Buckow,Neukölln,buildings,S- or U-Bahn,1.3,5555,,0,29.3839,21.9473,33.6731,27.7998,0.9368,0.4706,False
082008,Buckow,Neukölln,buildings,S- or U-Bahn,1.4,5555,,0,27.285,20.3797,31.2678,25.8141,0.9163,0.3386,False
083009,Gropiusstadt West,Neukölln,buildings,S-Bahn,1.0,656,,0,84.0719,80.7209,89.1542,84.306,1.0,1.0,False
083009,Gropiusstadt West,Neukölln,buildings,S-Bahn,1.3,656,,0,64.6707,62.093,68.5802,64.8507,1.0,1.0,False
083009,Gropiusstadt West,Neukölln,buildings,S-Bahn,1.4,656,,0,60.0514,57.6578,63.6816,60.2185,1.0,1.0,False
083009,Gropiusstadt West,Neukölln,buildings,U-Bahn,1.0,656,,0,9.5452,7.672,14.7066,10.7014,0.2393,0.0,False
083009,Gropiusstadt West,Neukölln,buildings,U-Bahn,1.3,656,,0,7.3424,5.9015,11.3128,8.2318,0.032,0.0,False
083009,Gropiusstadt West,Neukölln,buildings,U-Bahn,1.4,656,,0,6.818,5.48,10.5047,7.6438,0.0213,0.0,False
083009,Gropiusstadt West,Neukölln,buildings,Tram,1.0,656,,0,72.9644,63.7262,81.2686,72.8812,1.0,1.0,False
083009,Gropiusstadt West,Neukölln,buildings,Tram,1.3,656,,0,56.1265,49.0202,62.5143,56.0625,1.0,1.0,False
083009,Gropiusstadt West,Neukölln,buildings,Tram,1.4,656,,0,52.1174,45.5187,58.049,52.058,1.0,1.0,False
083009,Gropiusstadt West,Neukölln,buildings,Bus,1.0,656,,0,4.0238,2.3961,6.1743,4.4804,0.0,0.0,False
083009,Gropiusstadt West,Neukölln,buildings,Bus,1.3,656,,0,3.0953,1.8432,4.7494,3.4464,0.0,0.0,False
083009,Gropiusstadt West,Neukölln,buildings,Bus,1.4,656,,0,2.8742,1.7115,4.4102,3.2003,0.0,0.0,False
083009,Gropiusstadt West,Neukölln,buildings,Regionalbahn,1.0,656,,0,92.6449,83.8853,95.9768,91.0942,1.0,1.0,False
083009,Gropiusstadt West,Neukölln,buildings,Regionalbahn,1.3,656,,0,71.2653,64.5271,73.8283,70.0725,1.0,1.0,False
083009,Gropiusstadt West,Neukölln,buildings,Regionalbahn,1.4,656,,0,66.1749,59.918,68.5549,65.0673,1.0,1.0,False
083009,Gropiusstadt West,Neukölln,buildings,S- or U-Bahn,1.0,656,,0,9.5452,7.672,14.7066,10.7014,0.2393,0.0,False
083009,Gropiusstadt West,Neukölln,buildings,S- or U-Bahn,1.3,656,,0,7.3424,5.9015,11.3128,8.2318,0.032,0.0,False
083009,Gropiusstadt West,Neukölln,buildings,S- or U-Bahn,1.4,656,,0,6.818,5.48,10.5047,7.6438,0.0213,0.0,False
083010,Gropiusstadt Ost,Neukölln,buildings,S-Bahn,1.0,274,,0,82.5325,77.9524,86.1688,82.1138,1.0,1.0,False
083010,Gropiusstadt Ost,Neukölln,buildings,S-Bahn,1.3,274,,0,63.4865,59.9634,66.2837,63.1644,1.0,1.0,False
083010,Gropiusstadt Ost,Neukölln,buildings,S-Bahn,1.4,274,,0,58.9518,55.6803,61.5491,58.6527,1.0,1.0,False
083010,Gropiusstadt Ost,Neukölln,buildings,U-Bahn,1.0,274,,0,7.1853,4.9778,9.2712,7.7052,0.062,0.0,False
083010,Gropiusstadt Ost,Neukölln,buildings,U-Bahn,1.3,274,,0,5.5272,3.8291,7.1317,5.9271,0.0146,0.0,False
083010,Gropiusstadt Ost,Neukölln,buildings,U-Bahn,1.4,274,,0,5.1324,3.5556,6.6223,5.5037,0.0109,0.0,False
083010,Gropiusstadt Ost,Neukölln,buildings,Tram,1.0,274,,0,57.3106,52.3359,61.0475,56.7313,1.0,1.0,False
083010,Gropiusstadt Ost,Neukölln,buildings,Tram,1.3,274,,0,44.0851,40.2584,46.9596,43.6395,1.0,1.0,False
083010,Gropiusstadt Ost,Neukölln,buildings,Tram,1.4,274,,0,40.9362,37.3828,43.6054,40.5224,1.0,0.9964,False
083010,Gropiusstadt Ost,Neukölln,buildings,Bus,1.0,274,,0,4.1192,2.6678,6.006,4.6,0.0,0.0,False
083010,Gropiusstadt Ost,Neukölln,buildings,Bus,1.3,274,,0,3.1686,2.0521,4.62,3.5385,0.0,0.0,False
083010,Gropiusstadt Ost,Neukölln,buildings,Bus,1.4,274,,0,2.9423,1.9056,4.29,3.2857,0.0,0.0,False
083010,Gropiusstadt Ost,Neukölln,buildings,Regionalbahn,1.0,274,,0,86.3918,81.6344,90.3462,86.0988,1.0,1.0,False
083010,Gropiusstadt Ost,Neukölln,buildings,Regionalbahn,1.3,274,,0,66.4552,62.7957,69.4971,66.2298,1.0,1.0,False
083010,Gropiusstadt Ost,Neukölln,buildings,Regionalbahn,1.4,274,,0,61.7084,58.3103,64.533,61.4991,1.0,1.0,False
083010,Gropiusstadt Ost,Neukölln,buildings,S- or U-Bahn,1.0,274,,0,7.1853,4.9778,9.2712,7.7052,0.062,0.0,False
083010,Gropiusstadt Ost,Neukölln,buildings,S- or U-Bahn,1.3,274,,0,5.5272,3.8291,7.1317,5.9271,0.0146,0.0,False
083010,Gropiusstadt Ost,Neukölln,buildings,S- or U-Bahn,1.4,274,,0,5.1324,3.5556,6.6223,5.5037,0.0109,0.0,False
084011,Buckow Nord,Neukölln,buildings,S-Bahn,1.0,2027,,0,69.1916,65.5628,73.1034,69.4442,1.0,1.0,False
084011,Buckow Nord,Neukölln,buildings,S-Bahn,1.3,2027,,0,53.2243,50.4329,56.2334,53.4186,1.0,1.0,False
084011,Buckow Nord,Neukölln,buildings,S-Bahn,1.4,2027,,0,49.4226,46.8306,52.2167,49.603,1.0,1.0,False
084011,Buckow Nord,Neukölln,buildings,U-Bahn,1.0,2027,,0,19.7367,14.4437,25.167,19.8208,0.7341,0.0661,False
084011,Buckow Nord,Neukölln,buildings,U-Bahn,1.3,2027,,0,15.1821,11.1106,19.3593,15.2468,0.5289,0.0,False
084011,Buckow Nord,Neukölln,buildings,U-Bahn,1.4,2027,,0,14.0977,10.3169,17.9765,14.1577,0.4361,0.0,False
084011,Buckow Nord,Neukölln,buildings,Tram,1.0,2027,,0,69.21,65.1788,74.4227,70.5176,1.0,1.0,False
084011,Buckow Nord,Neukölln,buildings,Tram,1.3,2027,,0,53.2384,50.1375,57.2482,54.2443,1.0,1.0,False
084011,Buckow Nord,Neukölln,buildings,Tram,1.4,2027,,0,49.4357,46.5563,53.159,50.3697,1.0,1.0,False
084011,Buckow Nord,Neukölln,buildings,Bus,1.0,2027,,0,4.4127,3.1351,6.0612,4.8063,0.0,0.0,False
084011,Buckow Nord,Neukölln,buildings,Bus,1.3,2027,,0,3.3944,2.4116,4.6625,3.6972,0.0,0.0,False
084011,Buckow Nord,Neukölln,buildings,Bus,1.4,2027,,0,3.1519,2.2394,4.3295,3.4331,0.0,0.0,False
084011,Buckow Nord,Neukölln,buildings,Regionalbahn,1.0,2027,,0,79.0819,74.2999,84.9119,79.9204,1.0,1.0,False
084011,Buckow Nord,Neukölln,buildings,Regionalbahn,1.3,2027,,0,60.8323,57.1537,65.3168,61.4772,1.0,1.0,False
084011,Buckow Nord,Neukölln,buildings,Regionalbahn,1.4,2027,,0,56.4871,53.0713,60.6513,57.086,1.0,1.0,False
084011,Buckow Nord,Neukölln,buildings,S- or U-Bahn,1.0,2027,,0,19.7367,14.4437,25.167,19.8208,0.7341,0.0661,False
084011,Buckow Nord,Neukölln,buildings,S- or U-Bahn,1.3,2027,,0,15.1821,11.1106,19.3593,15.2468,0.5289,0.0,False
084011,Buckow Nord,Neukölln,buildings,S- or U-Bahn,1.4,2027,,0,14.0977,10.3169,17.9765,14.1577,0.4361,0.0,False
084012,Rudow,Neukölln,buildings,S-Bahn,1.0,14548,,0,69.5423,61.7454,79.6493,71.4105,1.0,1.0,False
084012,Rudow,Neukölln,buildings,S-Bahn,1.3,14548,,0,53.4941,47.4965,61.2687,54.9311,1.0,0.9999,False
084012,Rudow,Neukölln,buildings,S-Bahn,1.4,14548,,0,49.6731,44.1039,56.8924,51.0075,1.0,0.9999,False
084012,Rudow,Neukölln,buildings,U-Bahn,1.0,14548,,0,22.8468,15.1702,29.9163,22.7892,0.7554,0.2474,False
084012,Rudow,Neukölln,buildings,U-Bahn,1.3,14548,,0,17.5745,11.6694,23.0125,17.5301,0.6195,0.0294,False
084012,Rudow,Neukölln,buildings,U-Bahn,1.4,14548,,0,16.3191,10.8359,21.3688,16.278,0.5655,0.0043,False
084012,Rudow,Neukölln,buildings,Tram,1.0,14548,,0,51.6912,41.1074,65.0345,54.0775,1.0,0.9717,False
084012,Rudow,Neukölln,buildings,Tram,1.3,14548,,0,39.7625,31.6211,50.0266,41.5981,0.9999,0.8141,False
084012,Rudow,Neukölln,buildings,Tram,1.4,14548,,0,36.9223,29.3625,46.4532,38.6268,0.9995,0.7232,False
084012,Rudow,Neukölln,buildings,Bus,1.0,14548,,0,5.44,3.6182,7.9414,6.1159,0.0212,0.0,False
084012,Rudow,Neukölln,buildings,Bus,1.3,14548,,0,4.1846,2.7833,6.1088,4.7046,0.0029,0.0,False
084012,Rudow,Neukölln,buildings,Bus,1.4,14548,,0,3.8857,2.5845,5.6724,4.3685,0.0005,0.0,False
084012,Rudow,Neukölln,buildings,Regionalbahn,1.0,14548,,0,86.9975,71.2326,101.0551,87.4588,1.0,1.0,False
084012,Rudow,Neukölln,buildings,Regionalbahn,1.3,14548,,0,66.9211,54.7943,77.7347,67.276,1.0,1.0,False
084012,Rudow,Neukölln,buildings,Regionalbahn,1.4,14548,,0,62.141,50.8805,72.1822,62.4706,1.0,1.0,False
084012,Rudow,Neukölln,buildings,S- or U-Bahn,1.0,14548,,0,22.8468,15.1702,29.9163,22.7881,0.7554,0.2474,False
084012,Rudow,Neukölln,buildings,S- or U-Bahn,1.3,14548,,0,17.5745,11.6694,23.0125,17.5293,0.6195,0.0293,False
084012,Rudow,Neukölln,buildings,S- or U-Bahn,1.4,14548,,0,16.3191,10.8359,21.3688,16.2772,0.5655,0.0042,False
091001,Alt-Treptow,Treptow-Köpenick,buildings,S-Bahn,1.0,553,,0,18.6521,11.9265,22.3642,17.2824,0.6474,0.0344,False
091001,Alt-Treptow,Treptow-Köpenick,buildings,S-Bahn,1.3,553,,0,14.3478,9.1742,17.2032,13.2942,0.4304,0.0,False
091001,Alt-Treptow,Treptow-Köpenick,buildings,S-Bahn,1.4,553,,0,13.3229,8.5189,15.9744,12.3446,0.3219,0.0,False
091001,Alt-Treptow,Treptow-Köpenick,buildings,U-Bahn,1.0,553,,0,28.3693,25.4774,30.4915,29.0761,0.9982,0.302,False
091001,Alt-Treptow,Treptow-Köpenick,buildings,U-Bahn,1.3,553,,0,21.8225,19.598,23.455,22.3662,0.9675,0.0633,False
091001,Alt-Treptow,Treptow-Köpenick,buildings,U-Bahn,1.4,553,,0,20.2638,18.1982,21.7796,20.7686,0.9385,0.0615,False
091001,Alt-Treptow,Treptow-Köpenick,buildings,Tram,1.0,553,,0,36.7112,31.0382,39.1022,35.9511,1.0,0.792,False
091001,Alt-Treptow,Treptow-Köpenick,buildings,Tram,1.3,553,,0,28.2394,23.8756,30.0786,27.6547,1.0,0.255,False
091001,Alt-Treptow,Treptow-Köpenick,buildings,Tram,1.4,553,,0,26.2223,22.1702,27.9301,25.6793,1.0,0.1429,False
091001,Alt-Treptow,Treptow-Köpenick,buildings,Bus,1.0,553,,0,3.7081,2.5667,5.1254,3.9701,0.0,0.0,False
091001,Alt-Treptow,Treptow-Köpenick,buildings,Bus,1.3,553,,0,2.8524,1.9744,3.9426,3.0539,0.0,0.0,False
091001,Alt-Treptow,Treptow-Köpenick,buildings,Bus,1.4,553,,0,2.6486,1.8333,3.661,2.8358,0.0,0.0,False
091001,Alt-Treptow,Treptow-Köpenick,buildings,Regionalbahn,1.0,553,,0,39.9648,33.0877,43.7585,38.5104,1.0,0.8228,False
091001,Alt-Treptow,Treptow-Köpenick,buildings,Regionalbahn,1.3,553,,0,30.7422,25.452,33.6604,29.6234,1.0,0.575,False
091001,Alt-Treptow,Treptow-Köpenick,buildings,Regionalbahn,1.4,553,,0,28.5463,23.634,31.2561,27.5074,0.9982,0.3526,False
091001,Alt-Treptow,Treptow-Köpenick,buildings,S- or U-Bahn,1.0,553,,0,18.6521,11.9265,21.8591,16.6981,0.6456,0.0,False
091001,Alt-Treptow,Treptow-Köpenick,buildings,S- or U-Bahn,1.3,553,,0,14.3478,9.1742,16.8147,12.8447,0.4268,0.0,False
091001,Alt-Treptow,Treptow-Köpenick,buildings,S- or U-Bahn,1.4,553,,0,13.3229,8.5189,15.6137,11.9272,0.3092,0.0,False
091002,Plänterwald,Treptow-Köpenick,buildings,S-Bahn,1.0,717,,0,15.4481,11.273,17.9142,14.9827,0.523,0.0126,False
091002,Plänterwald,Treptow-Köpenick,buildings,S-Bahn,1.3,717,,0,11.8832,8.6716,13.7802,11.5252,0.1353,0.0,False
091002,Plänterwald,Treptow-Köpenick,buildings,S-Bahn,1.4,717,,0,11.0344,8.0522,12.7959,10.7019,0.0795,0.0,False
091002,Plänterwald,Treptow-Köpenick,buildings,U-Bahn,1.0,717,,0,55.1608,47.8746,59.6913,53.5216,1.0,1.0,False
091002,Plänterwald,Treptow-Köpenick,buildings,U-Bahn,1.3,717,,0,42.4314,36.8266,45.9164,41.1705,1.0,0.9344,False
091002,Plänterwald,Treptow-Köpenick,buildings,U-Bahn,1.4,717,,0,39.4006,34.1961,42.6366,38.2297,1.0,0.8912,False
091002,Plänterwald,Treptow-Köpenick,buildings,Tram,1.0,717,,0,54.9457,48.7601,57.1442,52.5547,1.0,1.0,False
091002,Plänterwald,Treptow-Köpenick,buildings,Tram,1.3,717,,0,42.2659,37.5078,43.9571,40.4267,1.0,0.947,False
091002,Plänterwald,Treptow-Köpenick,buildings,Tram,1.4,717,,0,39.2469,34.8286,40.8173,37.5391,1.0,0.9093,False
091002,Plänterwald,Treptow-Köpenick,buildings,Bus,1.0,717,,0,4.2619,3.4739,6.4134,5.2555,0.0153,0.0,False
091002,Plänterwald,Treptow-Köpenick,buildings,Bus,1.3,717,,0,3.2784,2.6722,4.9334,4.0427,0.0042,0.0,False
091002,Plänterwald,Treptow-Köpenick,buildings,Bus,1.4,717,,0,3.0442,2.4813,4.581,3.7539,0.0,0.0,False
091002,Plänterwald,Treptow-Köpenick,buildings,Regionalbahn,1.0,717,,0,54.8408,51.0842,58.6478,52.8469,1.0,0.9972,False
091002,Plänterwald,Treptow-Köpenick,buildings,Regionalbahn,1.3,717,,0,42.1852,39.2955,45.1137,40.6514,1.0,0.9052,False
091002,Plänterwald,Treptow-Köpenick,buildings,Regionalbahn,1.4,717,,0,39.172,36.4887,41.8913,37.7478,1.0,0.8689,False
091002,Plänterwald,Treptow-Köpenick,buildings,S- or U-Bahn,1.0,717,,0,15.4481,11.273,17.9142,14.9827,0.523,0.0126,False
091002,Plänterwald,Treptow-Köpenick,buildings,S- or U-Bahn,1.3,717,,0,11.8832,8.6716,13.7802,11.5252,0.1353,0.0,False
091002,Plänterwald,Treptow-Köpenick,buildings,S- or U-Bahn,1.4,717,,0,11.0344,8.0522,12.7959,10.7019,0.0795,0.0,False
091003,Baumschulenweg,Treptow-Köpenick,buildings,S-Bahn,1.0,3694,,0,36.6554,25.4066,42.8285,32.6433,0.8186,0.6898,False
091003,Baumschulenweg,Treptow-Köpenick,buildings,S-Bahn,1.3,3694,,0,28.1964,19.5435,32.945,25.1103,0.7623,0.3901,False
091003,Baumschulenweg,Treptow-Köpenick,buildings,S-Bahn,1.4,3694,,0,26.1824,18.1475,30.5918,23.3167,0.7569,0.2878,False
091003,Baumschulenweg,Treptow-Köpenick,buildings,U-Bahn,1.0,3694,,0,54.2256,48.5867,59.4932,53.1011,1.0,0.9656,False
091003,Baumschulenweg,Treptow-Köpenick,buildings,U-Bahn,1.3,3694,,0,41.712,37.3744,45.764,40.847,0.9997,0.9053,False
091003,Baumschulenweg,Treptow-Köpenick,buildings,U-Bahn,1.4,3694,,0,38.7326,34.7048,42.4951,37.9294,0.9978,0.8831,False
091003,Baumschulenweg,Treptow-Köpenick,buildings,Tram,1.0,3694,,0,34.9177,28.1872,41.5248,35.2141,0.9981,0.6822,False
091003,Baumschulenweg,Treptow-Köpenick,buildings,Tram,1.3,3694,,0,26.8598,21.6824,31.9422,27.0878,0.945,0.3427,False
091003,Baumschulenweg,Treptow-Köpenick,buildings,Tram,1.4,3694,,0,24.9412,20.1337,29.6606,25.1529,0.921,0.2247,False
091003,Baumschulenweg,Treptow-Köpenick,buildings,Bus,1.0,3694,,0,5.5434,3.5825,8.2159,5.933,0.0003,0.0,False
091003,Baumschulenweg,Treptow-Köpenick,buildings,Bus,1.3,3694,,0,4.2642,2.7557,6.3199,4.5638,0.0,0.0,False
091003,Baumschulenweg,Treptow-Köpenick,buildings,Bus,1.4,3694,,0,3.9596,2.5589,5.8685,4.2378,0.0,0.0,False
091003,Baumschulenweg,Treptow-Köpenick,buildings,Regionalbahn,1.0,3694,,0,41.7365,36.3097,48.1612,42.6572,1.0,0.9323,False
091003,Baumschulenweg,Treptow-Köpenick,buildings,Regionalbahn,1.3,3694,,0,32.105,27.9305,37.0471,32.8132,1.0,0.6197,False
091003,Baumschulenweg,Treptow-Köpenick,buildings,Regionalbahn,1.4,3694,,0,29.8118,25.9355,34.4009,30.4694,1.0,0.4875,False
091003,Baumschulenweg,Treptow-Köpenick,buildings,S- or U-Bahn,1.0,3694,,0,35.5632,23.2392,41.3592,31.2397,0.8186,0.6554,False
091003,Baumschulenweg,Treptow-Köpenick,buildings,S- or U-Bahn,1.3,3694,,0,27.3563,17.8763,31.8148,24.0306,0.762,0.3319,False
091003,Baumschulenweg,Treptow-Köpenick,buildings,S- or U-Bahn,1.4,3694,,0,25.4023,16.5994,29.5423,22.3141,0.7547,0.2179,False
091004,Johannisthal,Treptow-Köpenick,buildings,S-Bahn,1.0,3029,,0,30.5225,17.4377,37.6206,28.4418,0.8062,0.5163,False
091004,Johannisthal,Treptow-Köpenick,buildings,S-Bahn,1.3,3029,,0,23.4788,13.4136,28.9389,21.8783,0.722,0.2126,False
091004,Johannisthal,Treptow-Köpenick,buildings,S-Bahn,1.4,3029,,0,21.8018,12.4555,26.8718,20.3156,0.7068,0.1347,False
091004,Johannisthal,Treptow-Köpenick,buildings,U-Bahn,1.0,3029,,0,50.2085,43.7033,61.4686,52.0999,1.0,1.0,False
091004,Johannisthal,Treptow-Köpenick,buildings,U-Bahn,1.3,3029,,0,38.622,33.6179,47.2835,40.0769,1.0,0.8944,False
091004,Johannisthal,Treptow-Köpenick,buildings,U-Bahn,1.4,3029,,0,35.8632,31.2167,43.9061,37.2142,1.0,0.8042,False
091004,Johannisthal,Treptow-Köpenick,buildings,Tram,1.0,3029,,0,11.4766,6.1646,17.1459,11.8426,0.344,0.005,False
091004,Johannisthal,Treptow-Köpenick,buildings,Tram,1.3,3029,,0,8.8281,4.742,13.1891,9.1097,0.1119,0.004,False
091004,Johannisthal,Treptow-Köpenick,buildings,Tram,1.4,3029,,0,8.1976,4.4033,12.247,8.459,0.0773,0.0036,False
091004,Johannisthal,Treptow-Köpenick,buildings,Bus,1.0,3029,,0,5.1472,3.4555,7.2128,5.5704,0.0,0.0,False
091004,Johannisthal,Treptow-Köpenick,buildings,Bus,1.3,3029,,0,3.9594,2.6581,5.5483,4.2849,0.0,0.0,False
091004,Johannisthal,Treptow-Köpenick,buildings,Bus,1.4,3029,,0,3.6766,2.4682,5.152,3.9788,0.0,0.0,False
091004,Johannisthal,Treptow-Köpenick,buildings,Regionalbahn,1.0,3029,,0,35.7752,19.2147,45.8288,33.2249,0.8201,0.5989,False
091004,Johannisthal,Treptow-Köpenick,buildings,Regionalbahn,1.3,3029,,0,27.5194,14.7805,35.2529,25.5576,0.7465,0.4589,False
091004,Johannisthal,Treptow-Köpenick,buildings,Regionalbahn,1.4,3029,,0,25.5537,13.7248,32.7349,23.732,0.7356,0.3856,False
091004,Johannisthal,Treptow-Köpenick,buildings,S- or U-Bahn,1.0,3029,,0,30.5225,17.4377,36.4105,27.6891,0.8062,0.5163,False
091004,Johannisthal,Treptow-Köpenick,buildings,S- or U-Bahn,1.3,3029,,0,23.4788,13.4136,28.0081,21.2993,0.722,0.1397,False
091004,Johannisthal,Treptow-Köpenick,buildings,S- or U-Bahn,1.4,3029,,0,21.8018,12.4555,26.0075,19.7779,0.7068,0.0555,False
092005,Oberschöneweide,Treptow-Köpenick,buildings,S-Bahn,1.0,1705,,0,28.3279,23.8671,32.227,28.2089,0.9818,0.4111,False
092005,Oberschöneweide,Treptow-Köpenick,buildings,S-Bahn,1.3,1705,,0,21.7907,18.3593,24.79,21.6991,0.9126,0.0375,False
092005,Oberschöneweide,Treptow-Köpenick,buildings,S-Bahn,1.4,1705,,0,20.2342,17.0479,23.0193,20.1492,0.8815,0.0135,False
092005,Oberschöneweide,Treptow-Köpenick,buildings,U-Bahn,1.0,1705,,0,74.1959,67.8441,80.1782,74.5392,1.0,1.0,False
092005,Oberschöneweide,Treptow-Köpenick,buildings,U-Bahn,1.3,1705,,0,57.0738,52.1877,61.6756,57.3378,1.0,1.0,False
092005,Oberschöneweide,Treptow-Köpenick,buildings,U-Bahn,1.4,1705,,0,52.9971,48.46,57.2702,53.2423,1.0,1.0,False
092005,Oberschöneweide,Treptow-Köpenick,buildings,Tram,1.0,1705,,0,6.3103,3.7846,10.8565,8.4765,0.1695,0.007,False
092005,Oberschöneweide,Treptow-Köpenick,buildings,Tram,1.3,1705,,0,4.8541,2.9112,8.3512,6.5204,0.0909,0.0018,False
092005,Oberschöneweide,Treptow-Köpenick,buildings,Tram,1.4,1705,,0,4.5073,2.7033,7.7546,6.0546,0.0757,0.0012,False
092005,Oberschöneweide,Treptow-Köpenick,buildings,Bus,1.0,1705,,0,5.2613,3.197,9.8284,6.747,0.0686,0.0,False
092005,Oberschöneweide,Treptow-Köpenick,buildings,Bus,1.3,1705,,0,4.0471,2.4592,7.5603,5.19,0.017,0.0,False
092005,Oberschöneweide,Treptow-Köpenick,buildings,Bus,1.4,1705,,0,3.7581,2.2835,7.0203,4.8193,0.0117,0.0,False
092005,Oberschöneweide,Treptow-Köpenick,buildings,Regionalbahn,1.0,1705,,0,32.3493,26.3114,45.9045,36.128,1.0,0.5924,False
092005,Oberschöneweide,Treptow-Köpenick,buildings,Regionalbahn,1.3,1705,,0,24.8841,20.2396,35.3111,27.7908,0.9783,0.3384,False
092005,Oberschöneweide,Treptow-Köpenick,buildings,Regionalbahn,1.4,1705,,0,23.1066,18.7939,32.7889,25.8057,0.9396,0.2897,False
092005,Oberschöneweide,Treptow-Köpenick,buildings,S- or U-Bahn,1.0,1705,,0,28.3279,23.8671,32.227,28.2089,0.9818,0.4111,False
092005,Oberschöneweide,Treptow-Köpenick,buildings,S- or U-Bahn,1.3,1705,,0,21.7907,18.3593,24.79,21.6991,0.9126,0.0375,False
092005,Oberschöneweide,Treptow-Köpenick,buildings,S- or U-Bahn,1.4,1705,,0,20.2342,17.0479,23.0193,20.1492,0.8815,0.0135,False
092006,Niederschöneweide,Treptow-Köpenick,buildings,S-Bahn,1.0,1187,,0,11.1199,8.5163,14.539,11.6193,0.2224,0.0034,False
092006,Niederschöneweide,Treptow-Köpenick,buildings,S-Bahn,1.3,1187,,0,8.5538,6.551,11.1838,8.9379,0.0303,0.0008,False
092006,Niederschöneweide,Treptow-Köpenick,buildings,S-Bahn,1.4,1187,,0,7.9428,6.0831,10.385,8.2995,0.0051,0.0,False
092006,Niederschöneweide,Treptow-Köpenick,buildings,U-Bahn,1.0,1187,,0,89.9876,81.9208,96.8018,90.1107,1.0,1.0,False
092006,Niederschöneweide,Treptow-Köpenick,buildings,U-Bahn,1.3,1187,,0,69.2212,63.016,74.4629,69.3159,1.0,1.0,False
092006,Niederschöneweide,Treptow-Köpenick,buildings,U-Bahn,1.4,1187,,0,64.2768,58.5148,69.1441,64.3648,1.0,1.0,False
092006,Niederschöneweide,Treptow-Köpenick,buildings,Tram,1.0,1187,,0,25.6184,14.1545,30.5978,22.0658,0.7338,0.273,False
092006,Niederschöneweide,Treptow-Köpenick,buildings,Tram,1.3,1187,,0,19.7065,10.8881,23.5368,16.9737,0.6302,0.0,False
092006,Niederschöneweide,Treptow-Köpenick,buildings,Tram,1.4,1187,,0,18.2989,10.1103,21.8556,15.7613,0.5956,0.0,False
092006,Niederschöneweide,Treptow-Köpenick,buildings,Bus,1.0,1187,,0,5.387,3.4145,8.9764,6.5836,0.0522,0.0,False
092006,Niederschöneweide,Treptow-Köpenick,buildings,Bus,1.3,1187,,0,4.1439,2.6265,6.905,5.0643,0.0084,0.0,False
092006,Niederschöneweide,Treptow-Köpenick,buildings,Bus,1.4,1187,,0,3.8479,2.4389,6.4117,4.7026,0.0034,0.0,False
092006,Niederschöneweide,Treptow-Köpenick,buildings,Regionalbahn,1.0,1187,,0,33.4317,17.9344,39.4318,29.8724,0.8104,0.5687,False
092006,Niederschöneweide,Treptow-Köpenick,buildings,Regionalbahn,1.3,1187,,0,25.7167,13.7957,30.3321,22.9787,0.7245,0.2772,False
092006,Niederschöneweide,Treptow-Köpenick,buildings,Regionalbahn,1.4,1187,,0,23.8798,12.8103,28.1655,21.3374,0.7077,0.1634,False
092006,Niederschöneweide,Treptow-Köpenick,buildings,S- or U-Bahn,1.0,1187,,0,11.1199,8.5163,14.539,11.6193,0.2224,0.0034,False
092006,Niederschöneweide,Treptow-Köpenick,buildings,S- or U-Bahn,1.3,1187,,0,8.5538,6.551,11.1838,8.9379,0.0303,0.0008,False
092006,Niederschöneweide,Treptow-Köpenick,buildings,S- or U-Bahn,1.4,1187,,0,7.9428,6.0831,10.385,8.2995,0.0051,0.0,False
092007,Adlershof,Treptow-Köpenick,buildings,S-Bahn,1.0,3462,,0,15.9531,12.658,20.3081,16.5356,0.5817,0.0069,False
092007,Adlershof,Treptow-Köpenick,buildings,S-Bahn,1.3,3462,,0,12.2716,9.7369,15.6216,12.7197,0.2992,0.0,False
092007,Adlershof,Treptow-Köpenick,buildings,S-Bahn,1.4,3462,,0,11.3951,9.0414,14.5058,11.8112,0.2071,0.0,False
092007,Adlershof,Treptow-Köpenick,buildings,U-Bahn,1.0,3462,,0,83.9806,79.0326,91.2595,84.5645,1.0,1.0,False
092007,Adlershof,Treptow-Köpenick,buildings,U-Bahn,1.3,3462,,0,64.6005,60.7943,70.1997,65.0496,1.0,1.0,False
092007,Adlershof,Treptow-Köpenick,buildings,U-Bahn,1.4,3462,,0,59.9861,56.4519,65.1854,60.4032,1.0,1.0,False
092007,Adlershof,Treptow-Köpenick,buildings,Tram,1.0,3462,,0,9.8695,6.638,13.7006,10.6108,0.1854,0.0,False
092007,Adlershof,Treptow-Köpenick,buildings,Tram,1.3,3462,,0,7.5919,5.1061,10.539,8.1621,0.0919,0.0,False
092007,Adlershof,Treptow-Köpenick,buildings,Tram,1.4,3462,,0,7.0496,4.7414,9.7862,7.5791,0.0598,0.0,False
092007,Adlershof,Treptow-Köpenick,buildings,Bus,1.0,3462,,0,6.3365,3.9523,9.5316,7.0955,0.0615,0.0,False
092007,Adlershof,Treptow-Köpenick,buildings,Bus,1.3,3462,,0,4.8742,3.0402,7.332,5.4581,0.0014,0.0,False
092007,Adlershof,Treptow-Köpenick,buildings,Bus,1.4,3462,,0,4.526,2.8231,6.8083,5.0682,0.0,0.0,False
092007,Adlershof,Treptow-Köpenick,buildings,Regionalbahn,1.0,3462,,0,60.0711,51.972,65.8151,59.7303,1.0,1.0,False
092007,Adlershof,Treptow-Köpenick,buildings,Regionalbahn,1.3,3462,,0,46.2085,39.9785,50.627,45.9464,1.0,0.9983,False
092007,Adlershof,Treptow-Köpenick,buildings,Regionalbahn,1.4,3462,,0,42.9079,37.1229,47.0108,42.6645,1.0,0.9942,False
092007,Adlershof,Treptow-Köpenick,buildings,S- or U-Bahn,1.0,3462,,0,15.9531,12.658,20.3081,16.5356,0.5817,0.0069,False
092007,Adlershof,Treptow-Köpenick,buildings,S- or U-Bahn,1.3,3462,,0,12.2716,9.7369,15.6216,12.7197,0.2992,0.0,False
092007,Adlershof,Treptow-Köpenick,buildings,S- or U-Bahn,1.4,3462,,0,11.3951,9.0414,14.5058,11.8112,0.2071,0.0,False
092008,Köllnische Vorstadt/Spindlersfeld,Treptow-Köpenick,buildings,S-Bahn,1.0,1015,,0,16.9655,10.0843,29.8012,19.5731,0.5567,0.2433,False
092008,Köllnische Vorstadt/Spindlersfeld,Treptow-Köpenick,buildings,S-Bahn,1.3,1015,,0,13.0504,7.7572,22.924,15.0563,0.4759,0.0118,False
092008,Köllnische Vorstadt/Spindlersfeld,Treptow-Köpenick,buildings,S-Bahn,1.4,1015,,0,12.1182,7.2031,21.2865,13.9808,0.4483,0.0,False
092008,Köllnische Vorstadt/Spindlersfeld,Treptow-Köpenick,buildings,U-Bahn,1.0,1015,,0,109.836,104.4821,113.5593,109.0457,1.0,1.0,False
092008,Köllnische Vorstadt/Spindlersfeld,Treptow-Köpenick,buildings,U-Bahn,1.3,1015,,0,84.4892,80.3709,87.3533,83.8813,1.0,1.0,False
092008,Köllnische Vorstadt/Spindlersfeld,Treptow-Köpenick,buildings,U-Bahn,1.4,1015,,0,78.4543,74.6301,81.1138,77.8898,1.0,1.0,False
092008,Köllnische Vorstadt/Spindlersfeld,Treptow-Köpenick,buildings,Tram,1.0,1015,,0,7.9769,4.4187,14.6128,9.4027,0.2424,0.0,False
092008,Köllnische Vorstadt/Spindlersfeld,Treptow-Köpenick,buildings,Tram,1.3,1015,,0,6.1361,3.399,11.2406,7.2329,0.0315,0.0,False
092008,Köllnische Vorstadt/Spindlersfeld,Treptow-Köpenick,buildings,Tram,1.4,1015,,0,5.6978,3.1562,10.4377,6.7162,0.0059,0.0,False
092008,Köllnische Vorstadt/Spindlersfeld,Treptow-Köpenick,buildings,Bus,1.0,1015,,0,6.5241,4.0306,11.2438,7.9068,0.1281,0.0,False
092008,Köllnische Vorstadt/Spindlersfeld,Treptow-Köpenick,buildings,Bus,1.3,1015,,0,5.0186,3.1005,8.6491,6.0822,0.0059,0.0,False
092008,Köllnische Vorstadt/Spindlersfeld,Treptow-Köpenick,buildings,Bus,1.4,1015,,0,4.6601,2.879,8.0313,5.6477,0.0,0.0,False
092008,Köllnische Vorstadt/Spindlersfeld,Treptow-Köpenick,buildings,Regionalbahn,1.0,1015,,0,80.5044,70.6512,90.8173,81.6737,1.0,1.0,False
092008,Köllnische Vorstadt/Spindlersfeld,Treptow-Köpenick,buildings,Regionalbahn,1.3,1015,,0,61.9264,54.3471,69.8594,62.8259,1.0,1.0,False
092008,Köllnische Vorstadt/Spindlersfeld,Treptow-Köpenick,buildings,Regionalbahn,1.4,1015,,0,57.5031,50.4652,64.8695,58.3383,1.0,1.0,False
092008,Köllnische Vorstadt/Spindlersfeld,Treptow-Köpenick,buildings,S- or U-Bahn,1.0,1015,,0,16.9655,10.0843,29.8012,19.5731,0.5567,0.2433,False
092008,Köllnische Vorstadt/Spindlersfeld,Treptow-Köpenick,buildings,S- or U-Bahn,1.3,1015,,0,13.0504,7.7572,22.924,15.0563,0.4759,0.0118,False
092008,Köllnische Vorstadt/Spindlersfeld,Treptow-Köpenick,buildings,S- or U-Bahn,1.4,1015,,0,12.1182,7.2031,21.2865,13.9808,0.4483,0.0,False
093009,Altglienicke,Treptow-Köpenick,buildings,S-Bahn,1.0,7624,,0,32.7932,23.8242,38.1697,31.0997,0.9345,0.5908,False
093009,Altglienicke,Treptow-Köpenick,buildings,S-Bahn,1.3,7624,,0,25.2255,18.3263,29.3613,23.9229,0.8667,0.2107,False
093009,Altglienicke,Treptow-Köpenick,buildings,S-Bahn,1.4,7624,,0,23.4237,17.0173,27.2641,22.2141,0.8325,0.1106,False
093009,Altglienicke,Treptow-Köpenick,buildings,U-Bahn,1.0,7624,,0,68.6824,58.5595,76.4054,67.3723,1.0,1.0,False
093009,Altglienicke,Treptow-Köpenick,buildings,U-Bahn,1.3,7624,,0,52.8326,45.0458,58.7734,51.8249,1.0,0.9986,False
093009,Altglienicke,Treptow-Köpenick,buildings,U-Bahn,1.4,7624,,0,49.0589,41.8282,54.5753,48.1231,1.0,0.9891,False
093009,Altglienicke,Treptow-Köpenick,buildings,Tram,1.0,7624,,0,36.1994,29.3328,45.4117,37.8084,0.993,0.7301,False
093009,Altglienicke,Treptow-Köpenick,buildings,Tram,1.3,7624,,0,27.8457,22.5637,34.9321,29.0834,0.9579,0.421,False
093009,Altglienicke,Treptow-Köpenick,buildings,Tram,1.4,7624,,0,25.8567,20.952,32.4369,27.006,0.9393,0.3342,False
093009,Altglienicke,Treptow-Köpenick,buildings,Bus,1.0,7624,,0,5.9265,3.8431,8.1595,6.1711,0.0059,0.0,False
093009,Altglienicke,Treptow-Köpenick,buildings,Bus,1.3,7624,,0,4.5589,2.9562,6.2766,4.747,0.0001,0.0,False
093009,Altglienicke,Treptow-Köpenick,buildings,Bus,1.4,7624,,0,4.2332,2.7451,5.8282,4.4079,0.0001,0.0,False
093009,Altglienicke,Treptow-Köpenick,buildings,Regionalbahn,1.0,7624,,0,101.6665,88.1334,112.6639,100.9475,1.0,1.0,False
093009,Altglienicke,Treptow-Köpenick,buildings,Regionalbahn,1.3,7624,,0,78.205,67.7949,86.6645,77.652,1.0,1.0,False
093009,Altglienicke,Treptow-Köpenick,buildings,Regionalbahn,1.4,7624,,0,72.6189,62.9524,80.4742,72.1054,1.0,1.0,False
093009,Altglienicke,Treptow-Köpenick,buildings,S- or U-Bahn,1.0,7624,,0,32.7932,23.8242,38.1689,31.0188,0.9345,0.5908,False
093009,Altglienicke,Treptow-Köpenick,buildings,S- or U-Bahn,1.3,7624,,0,25.2255,18.3263,29.3607,23.8606,0.8667,0.2105,False
093009,Altglienicke,Treptow-Köpenick,buildings,S- or U-Bahn,1.4,7624,,0,23.4237,17.0173,27.2635,22.1563,0.8325,0.1077,False
093010,Bohnsdorf,Treptow-Köpenick,buildings,S-Bahn,1.0,5325,,0,30.0355,18.1463,38.6302,28.6833,0.8394,0.5018,False
093010,Bohnsdorf,Treptow-Köpenick,buildings,S-Bahn,1.3,5325,,0,23.1042,13.9587,29.7156,22.0641,0.7185,0.2421,False
093010,Bohnsdorf,Treptow-Köpenick,buildings,S-Bahn,1.4,5325,,0,21.4539,12.9617,27.593,20.4881,0.6841,0.1532,False
093010,Bohnsdorf,Treptow-Köpenick,buildings,U-Bahn,1.0,5325,,0,116.8542,107.695,127.0454,116.3318,1.0,1.0,False
093010,Bohnsdorf,Treptow-Köpenick,buildings,U-Bahn,1.3,5325,,0,89.8879,82.8423,97.7272,89.486,1.0,1.0,False
093010,Bohnsdorf,Treptow-Köpenick,buildings,U-Bahn,1.4,5325,,0,83.4673,76.925,90.7467,83.0942,1.0,1.0,False
093010,Bohnsdorf,Treptow-Köpenick,buildings,Tram,1.0,5325,,0,38.2411,29.0155,46.0267,37.4046,0.9639,0.7283,False
093010,Bohnsdorf,Treptow-Köpenick,buildings,Tram,1.3,5325,,0,29.4163,22.3196,35.4051,28.7728,0.9238,0.4697,False
093010,Bohnsdorf,Treptow-Köpenick,buildings,Tram,1.4,5325,,0,27.3151,20.7253,32.8762,26.7176,0.911,0.3728,False
093010,Bohnsdorf,Treptow-Köpenick,buildings,Bus,1.0,5325,,0,5.9734,4.0076,8.7916,7.383,0.0796,0.0011,False
093010,Bohnsdorf,Treptow-Köpenick,buildings,Bus,1.3,5325,,0,4.5949,3.0828,6.7627,5.6793,0.0511,0.0,False
093010,Bohnsdorf,Treptow-Köpenick,buildings,Bus,1.4,5325,,0,4.2667,2.8626,6.2797,5.2736,0.0453,0.0,False
093010,Bohnsdorf,Treptow-Köpenick,buildings,Regionalbahn,1.0,5325,,0,144.0843,135.3635,152.5031,143.3682,1.0,1.0,False
093010,Bohnsdorf,Treptow-Köpenick,buildings,Regionalbahn,1.3,5325,,0,110.8341,104.1258,117.3101,110.2832,1.0,1.0,False
093010,Bohnsdorf,Treptow-Köpenick,buildings,Regionalbahn,1.4,5325,,0,102.9174,96.6882,108.9308,102.4058,1.0,1.0,False
093010,Bohnsdorf,Treptow-Köpenick,buildings,S- or U-Bahn,1.0,5325,,0,30.0355,18.1463,38.6302,28.6833,0.8394,0.5018,False
093010,Bohnsdorf,Treptow-Köpenick,buildings,S- or U-Bahn,1.3,5325,,0,23.1042,13.9587,29.7156,22.0641,0.7185,0.2421,False
093010,Bohnsdorf,Treptow-Köpenick,buildings,S- or U-Bahn,1.4,5325,,0,21.4539,12.9617,27.593,20.4881,0.6841,0.1532,False
093011,Grünau,Treptow-Köpenick,buildings,S-Bahn,1.0,1706,,0,25.0761,16.4843,31.4512,24.2779,0.7878,0.3189,False
093011,Grünau,Treptow-Köpenick,buildings,S-Bahn,1.3,1706,,0,19.2893,12.6803,24.1932,18.6753,0.6835,0.0176,False
093011,Grünau,Treptow-Köpenick,buildings,S-Bahn,1.4,1706,,0,17.9115,11.7745,22.4651,17.3413,0.6348,0.017,False
093011,Grünau,Treptow-Köpenick,buildings,U-Bahn,1.0,1706,,0,108.6696,95.548,115.188,107.3058,1.0,1.0,False
093011,Grünau,Treptow-Köpenick,buildings,U-Bahn,1.3,1706,,0,83.592,73.4984,88.6062,82.5429,1.0,1.0,False
093011,Grünau,Treptow-Köpenick,buildings,U-Bahn,1.4,1706,,0,77.6211,68.2485,82.2772,76.647,1.0,1.0,False
093011,Grünau,Treptow-Köpenick,buildings,Tram,1.0,1706,,0,7.7218,4.8307,16.1403,10.3416,0.2878,0.0,False
093011,Grünau,Treptow-Köpenick,buildings,Tram,1.3,1706,,0,5.9398,3.716,12.4156,7.9551,0.1284,0.0,False
093011,Grünau,Treptow-Köpenick,buildings,Tram,1.4,1706,,0,5.5155,3.4505,11.5288,7.3868,0.0727,0.0,False
093011,Grünau,Treptow-Köpenick,buildings,Bus,1.0,1706,,0,13.0694,5.5307,18.1628,12.5089,0.4297,0.0223,False
093011,Grünau,Treptow-Köpenick,buildings,Bus,1.3,1706,,0,10.0534,4.2544,13.9714,9.6222,0.1553,0.007,False
093011,Grünau,Treptow-Köpenick,buildings,Bus,1.4,1706,,0,9.3353,3.9505,12.9735,8.9349,0.092,0.0023,False
093011,Grünau,Treptow-Köpenick,buildings,Regionalbahn,1.0,1706,,0,110.3048,94.4869,118.3942,109.6185,1.0,1.0,False
093011,Grünau,Treptow-Köpenick,buildings,Regionalbahn,1.3,1706,,0,84.8499,72.6822,91.0724,84.3219,1.0,1.0,False
093011,Grünau,Treptow-Köpenick,buildings,Regionalbahn,1.4,1706,,0,78.7892,67.4906,84.5673,78.2989,1.0,1.0,False
093011,Grünau,Treptow-Köpenick,buildings,S- or U-Bahn,1.0,1706,,0,25.0761,16.4843,31.4512,24.2779,0.7878,0.3189,False
093011,Grünau,Treptow-Köpenick,buildings,S- or U-Bahn,1.3,1706,,0,19.2893,12.6803,24.1932,18.6753,0.6835,0.0176,False
093011,Grünau,Treptow-Köpenick,buildings,S- or U-Bahn,1.4,1706,,0,17.9115,11.7745,22.4651,17.3413,0.6348,0.017,False
093012,Schmöckwitz,Treptow-Köpenick,buildings,S-Bahn,1.0,2716,,0,91.7938,85.1814,114.2354,107.0421,1.0,1.0,False
093012,Schmöckwitz,Treptow-Köpenick,buildings,S-Bahn,1.3,2716,,0,70.6106,65.5241,87.8734,82.3401,1.0,1.0,False
093012,Schmöckwitz,Treptow-Köpenick,buildings,S-Bahn,1.4,2716,,0,65.567,60.8438,81.5967,76.4587,1.0,1.0,False
093012,Schmöckwitz,Treptow-Köpenick,buildings,U-Bahn,1.0,2716,,0,192.8259,186.8015,215.9384,209.618,1.0,1.0,False
093012,Schmöckwitz,Treptow-Köpenick,buildings,U-Bahn,1.3,2716,,0,148.3276,143.6935,166.1065,161.2446,1.0,1.0,False
093012,Schmöckwitz,Treptow-Köpenick,buildings,U-Bahn,1.4,2716,,0,137.7328,133.4297,154.2417,149.7271,1.0,1.0,False
093012,Schmöckwitz,Treptow-Köpenick,buildings,Tram,1.0,2716,,0,11.376,6.0244,31.3176,22.8087,0.4459,0.2636,False
093012,Schmöckwitz,Treptow-Köpenick,buildings,Tram,1.3,2716,,0,8.7507,4.6342,24.0905,17.5452,0.4024,0.2117,False
093012,Schmöckwitz,Treptow-Köpenick,buildings,Tram,1.4,2716,,0,8.1257,4.3032,22.3697,16.292,0.3895,0.1867,False
093012,Schmöckwitz,Treptow-Köpenick,buildings,Bus,1.0,2716,,0,7.6577,4.4137,18.231,12.0659,0.2618,0.1024,False
093012,Schmöckwitz,Treptow-Köpenick,buildings,Bus,1.3,2716,,0,5.8906,3.3952,14.0238,9.2815,0.2312,0.0372,False
093012,Schmöckwitz,Treptow-Köpenick,buildings,Bus,1.4,2716,,0,5.4698,3.1526,13.0221,8.6185,0.2242,0.0173,False
093012,Schmöckwitz,Treptow-Köpenick,buildings,Regionalbahn,1.0,2716,,0,201.6992,195.1217,224.2586,218.0714,1.0,1.0,False
093012,Schmöckwitz,Treptow-Köpenick,buildings,Regionalbahn,1.3,2716,,0,155.1532,150.0936,172.5066,167.7473,1.0,1.0,False
093012,Schmöckwitz,Treptow-Köpenick,buildings,Regionalbahn,1.4,2716,,0,144.0708,139.3727,160.1847,155.7653,1.0,1.0,False
093012,Schmöckwitz,Treptow-Köpenick,buildings,S- or U-Bahn,1.0,2716,,0,91.7938,85.1814,114.2354,107.0421,1.0,1.0,False
093012,Schmöckwitz,Treptow-Köpenick,buildings,S- or U-Bahn,1.3,2716,,0,70.6106,65.5241,87.8734,82.3401,1.0,1.0,False
093012,Schmöckwitz,Treptow-Köpenick,buildings,S- or U-Bahn,1.4,2716,,0,65.567,60.8438,81.5967,76.4587,1.0,1.0,False
094013,Köpenick Süd,Treptow-Köpenick,buildings,S-Bahn,1.0,3578,,0,56.8099,50.3766,67.096,59.962,1.0,1.0,False
094013,Köpenick Süd,Treptow-Köpenick,buildings,S-Bahn,1.3,3578,,0,43.6999,38.7512,51.6123,46.1246,1.0,0.9818,False
094013,Köpenick Süd,Treptow-Köpenick,buildings,S-Bahn,1.4,3578,,0,40.5785,35.9833,47.9257,42.83,1.0,0.96,False
094013,Köpenick Süd,Treptow-Köpenick,buildings,U-Bahn,1.0,3578,,0,155.9877,149.5543,166.3778,159.9424,1.0,1.0,False
094013,Köpenick Süd,Treptow-Köpenick,buildings,U-Bahn,1.3,3578,,0,119.9905,115.0418,127.983,123.0326,1.0,1.0,False
094013,Köpenick Süd,Treptow-Köpenick,buildings,U-Bahn,1.4,3578,,0,111.4198,106.8245,118.8413,114.2446,1.0,1.0,False
094013,Köpenick Süd,Treptow-Köpenick,buildings,Tram,1.0,3578,,0,8.4459,5.4974,12.5249,11.5199,0.1708,0.0344,False
094013,Köpenick Süd,Treptow-Köpenick,buildings,Tram,1.3,3578,,0,6.4968,4.2288,9.6345,8.8615,0.0696,0.0335,False
094013,Köpenick Süd,Treptow-Köpenick,buildings,Tram,1.4,3578,,0,6.0328,3.9267,8.9464,8.2285,0.0495,0.0327,False
094013,Köpenick Süd,Treptow-Köpenick,buildings,Bus,1.0,3578,,0,7.9836,5.2046,11.4258,8.7187,0.0911,0.0008,False
094013,Köpenick Süd,Treptow-Köpenick,buildings,Bus,1.3,3578,,0,6.1413,4.0036,8.789,6.7067,0.0235,0.0,False
094013,Köpenick Süd,Treptow-Köpenick,buildings,Bus,1.4,3578,,0,5.7026,3.7176,8.1613,6.2276,0.0229,0.0,False
094013,Köpenick Süd,Treptow-Köpenick,buildings,Regionalbahn,1.0,3578,,0,120.4174,113.9841,130.8076,124.4153,1.0,1.0,False
094013,Köpenick Süd,Treptow-Köpenick,buildings,Regionalbahn,1.3,3578,,0,92.6288,87.68,100.6212,95.7041,1.0,1.0,False
094013,Köpenick Süd,Treptow-Köpenick,buildings,Regionalbahn,1.4,3578,,0,86.0124,81.4172,93.434,88.868,1.0,1.0,False
094013,Köpenick Süd,Treptow-Köpenick,buildings,S- or U-Bahn,1.0,3578,,0,56.8099,50.3766,67.096,59.962,1.0,1.0,False
094013,Köpenick Süd,Treptow-Köpenick,buildings,S- or U-Bahn,1.3,3578,,0,43.6999,38.7512,51.6123,46.1246,1.0,0.9818,False
094013,Köpenick Süd,Treptow-Köpenick,buildings,S- or U-Bahn,1.4,3578,,0,40.5785,35.9833,47.9257,42.83,1.0,0.96,False
094014,Allende-Viertel,Treptow-Köpenick,buildings,S-Bahn,1.0,892,,0,40.6883,36.4232,45.0172,40.7289,1.0,0.9798,False
094014,Allende-Viertel,Treptow-Köpenick,buildings,S-Bahn,1.3,892,,0,31.2987,28.0178,34.6286,31.33,1.0,0.5998,False
094014,Allende-Viertel,Treptow-Köpenick,buildings,S-Bahn,1.4,892,,0,29.063,26.0166,32.1551,29.0921,1.0,0.4305,False
094014,Allende-Viertel,Treptow-Köpenick,buildings,U-Bahn,1.0,892,,0,144.8589,140.2012,148.938,144.3193,1.0,1.0,False
094014,Allende-Viertel,Treptow-Köpenick,buildings,U-Bahn,1.3,892,,0,111.4299,107.8471,114.5677,111.0148,1.0,1.0,False
094014,Allende-Viertel,Treptow-Köpenick,buildings,U-Bahn,1.4,892,,0,103.4706,100.1437,106.3843,103.0852,1.0,1.0,False
094014,Allende-Viertel,Treptow-Köpenick,buildings,Tram,1.0,892,,0,14.9106,12.1251,18.0122,14.8509,0.4933,0.0022,False
094014,Allende-Viertel,Treptow-Köpenick,buildings,Tram,1.3,892,,0,11.4697,9.327,13.8556,11.4238,0.1076,0.0,False
094014,Allende-Viertel,Treptow-Köpenick,buildings,Tram,1.4,892,,0,10.6505,8.6608,12.8659,10.6078,0.0325,0.0,False
094014,Allende-Viertel,Treptow-Köpenick,buildings,Bus,1.0,892,,0,6.2507,4.2429,8.4345,6.5306,0.0011,0.0,False
094014,Allende-Viertel,Treptow-Köpenick,buildings,Bus,1.3,892,,0,4.8082,3.2638,6.4881,5.0235,0.0,0.0,False
094014,Allende-Viertel,Treptow-Köpenick,buildings,Bus,1.4,892,,0,4.4648,3.0306,6.0246,4.6647,0.0,0.0,False
094014,Allende-Viertel,Treptow-Köpenick,buildings,Regionalbahn,1.0,892,,0,112.187,108.1089,116.0454,111.2608,1.0,1.0,False
094014,Allende-Viertel,Treptow-Köpenick,buildings,Regionalbahn,1.3,892,,0,86.2977,83.1607,89.2657,85.5852,1.0,1.0,False
094014,Allende-Viertel,Treptow-Köpenick,buildings,Regionalbahn,1.4,892,,0,80.1336,77.2206,82.8896,79.472,1.0,1.0,False
094014,Allende-Viertel,Treptow-Köpenick,buildings,S- or U-Bahn,1.0,892,,0,40.6883,36.4232,45.0172,40.7289,1.0,0.9798,False
094014,Allende-Viertel,Treptow-Köpenick,buildings,S- or U-Bahn,1.3,892,,0,31.2987,28.0178,34.6286,31.33,1.0,0.5998,False
094014,Allende-Viertel,Treptow-Köpenick,buildings,S- or U-Bahn,1.4,892,,0,29.063,26.0166,32.1551,29.0921,1.0,0.4305,False
094015,Altstadt Köpenick,Treptow-Köpenick,buildings,S-Bahn,1.0,624,,0,25.6794,23.0461,30.5436,26.4645,1.0,0.266,False
094015,Altstadt Köpenick,Treptow-Köpenick,buildings,S-Bahn,1.3,624,,0,19.7534,17.7278,23.4951,20.3573,0.9487,0.0,False
094015,Altstadt Köpenick,Treptow-Köpenick,buildings,S-Bahn,1.4,624,,0,18.3424,16.4615,21.8169,18.9032,0.8718,0.0,False
094015,Altstadt Köpenick,Treptow-Köpenick,buildings,U-Bahn,1.0,624,,0,124.7433,122.1188,129.7214,125.5588,1.0,1.0,False
094015,Altstadt Köpenick,Treptow-Köpenick,buildings,U-Bahn,1.3,624,,0,95.9564,93.9375,99.7857,96.5837,1.0,1.0,False
094015,Altstadt Köpenick,Treptow-Köpenick,buildings,U-Bahn,1.4,624,,0,89.1023,87.2277,92.6581,89.6848,1.0,1.0,False
094015,Altstadt Köpenick,Treptow-Köpenick,buildings,Tram,1.0,624,,0,6.1211,4.2028,7.8539,6.0857,0.0,0.0,False
094015,Altstadt Köpenick,Treptow-Köpenick,buildings,Tram,1.3,624,,0,4.7085,3.233,6.0415,4.6813,0.0,0.0,False
094015,Altstadt Köpenick,Treptow-Köpenick,buildings,Tram,1.4,624,,0,4.3722,3.002,5.61,4.3469,0.0,0.0,False
094015,Altstadt Köpenick,Treptow-Köpenick,buildings,Bus,1.0,624,,0,4.358,2.7731,5.9731,4.4342,0.0,0.0,False
094015,Altstadt Köpenick,Treptow-Köpenick,buildings,Bus,1.3,624,,0,3.3523,2.1331,4.5947,3.4109,0.0,0.0,False
094015,Altstadt Köpenick,Treptow-Köpenick,buildings,Bus,1.4,624,,0,3.1128,1.9808,4.2665,3.1673,0.0,0.0,False
094015,Altstadt Köpenick,Treptow-Köpenick,buildings,Regionalbahn,1.0,624,,0,89.2869,86.6536,94.1511,90.0762,1.0,1.0,False
094015,Altstadt Köpenick,Treptow-Köpenick,buildings,Regionalbahn,1.3,624,,0,68.6822,66.6566,72.4239,69.2894,1.0,1.0,False
094015,Altstadt Köpenick,Treptow-Köpenick,buildings,Regionalbahn,1.4,624,,0,63.7764,61.8954,67.2508,64.3402,1.0,1.0,False
094015,Altstadt Köpenick,Treptow-Köpenick,buildings,S- or U-Bahn,1.0,624,,0,25.6794,23.0461,30.5436,26.4645,1.0,0.266,False
094015,Altstadt Köpenick,Treptow-Köpenick,buildings,S- or U-Bahn,1.3,624,,0,19.7534,17.7278,23.4951,20.3573,0.9487,0.0,False
094015,Altstadt Köpenick,Treptow-Köpenick,buildings,S- or U-Bahn,1.4,624,,0,18.3424,16.4615,21.8169,18.9032,0.8718,0.0,False
094016,Müggelheim,Treptow-Köpenick,buildings,S-Bahn,1.0,4310,,0,118.3151,107.478,123.6397,114.5673,1.0,1.0,False
094016,Müggelheim,Treptow-Köpenick,buildings,S-Bahn,1.3,4310,,0,91.0116,82.6754,95.1075,88.1287,1.0,1.0,False
094016,Müggelheim,Treptow-Köpenick,buildings,S-Bahn,1.4,4310,,0,84.5108,76.77,88.3141,81.8338,1.0,0.9979,False
094016,Müggelheim,Treptow-Köpenick,buildings,U-Bahn,1.0,4310,,0,246.1349,238.7916,256.8037,250.161,1.0,1.0,False
094016,Müggelheim,Treptow-Köpenick,buildings,U-Bahn,1.3,4310,,0,189.3346,183.6858,197.5413,192.4315,1.0,1.0,False
094016,Müggelheim,Treptow-Köpenick,buildings,U-Bahn,1.4,4310,,0,175.8107,170.5654,183.4312,178.6864,1.0,1.0,False
094016,Müggelheim,Treptow-Köpenick,buildings,Tram,1.0,4310,,0,98.0796,88.911,106.9985,97.974,1.0,1.0,False
094016,Müggelheim,Treptow-Köpenick,buildings,Tram,1.3,4310,,0,75.4458,68.393,82.3065,75.3646,1.0,0.9998,False
094016,Müggelheim,Treptow-Köpenick,buildings,Tram,1.4,4310,,0,70.0568,63.5078,76.4275,69.9814,1.0,0.9998,False
094016,Müggelheim,Treptow-Köpenick,buildings,Bus,1.0,4310,,0,11.2827,7.9988,15.4518,13.1649,0.2654,0.08,False
094016,Müggelheim,Treptow-Köpenick,buildings,Bus,1.3,4310,,0,8.679,6.1529,11.886,10.1268,0.1415,0.0183,False
094016,Müggelheim,Treptow-Köpenick,buildings,Bus,1.4,4310,,0,8.0591,5.7134,11.037,9.4035,0.1165,0.0183,False
094016,Müggelheim,Treptow-Köpenick,buildings,Regionalbahn,1.0,4310,,0,210.5646,203.2213,221.2964,214.6071,1.0,1.0,False
094016,Müggelheim,Treptow-Köpenick,buildings,Regionalbahn,1.3,4310,,0,161.9728,156.3241,170.228,165.0824,1.0,1.0,False
094016,Müggelheim,Treptow-Köpenick,buildings,Regionalbahn,1.4,4310,,0,150.4033,145.1581,158.0689,153.2908,1.0,1.0,False
094016,Müggelheim,Treptow-Köpenick,buildings,S- or U-Bahn,1.0,4310,,0,118.3151,107.478,123.6397,114.5673,1.0,1.0,False
094016,Müggelheim,Treptow-Köpenick,buildings,S- or U-Bahn,1.3,4310,,0,91.0116,82.6754,95.1075,88.1287,1.0,1.0,False
094016,Müggelheim,Treptow-Köpenick,buildings,S- or U-Bahn,1.4,4310,,0,84.5108,76.77,88.3141,81.8338,1.0,0.9979,False
095017,Friedrichshagen,Treptow-Köpenick,buildings,S-Bahn,1.0,3432,,0,19.0835,15.0276,25.6994,20.1447,0.7512,0.1206,False
095017,Friedrichshagen,Treptow-Köpenick,buildings,S-Bahn,1.3,3432,,0,14.6796,11.5597,19.7687,15.4959,0.4747,0.0102,False
095017,Friedrichshagen,Treptow-Köpenick,buildings,S-Bahn,1.4,3432,,0,13.631,10.734,18.3567,14.389,0.3867,0.0064,False
095017,Friedrichshagen,Treptow-Köpenick,buildings,U-Bahn,1.0,3432,,0,146.6059,130.5597,155.3504,144.1084,1.0,1.0,False
095017,Friedrichshagen,Treptow-Köpenick,buildings,U-Bahn,1.3,3432,,0,112.7738,100.4305,119.5003,110.8526,1.0,1.0,False
095017,Friedrichshagen,Treptow-Köpenick,buildings,U-Bahn,1.4,3432,,0,104.7185,93.2569,110.9646,102.9346,1.0,1.0,False
095017,Friedrichshagen,Treptow-Köpenick,buildings,Tram,1.0,3432,,0,5.8171,3.5962,9.904,7.708,0.1635,0.0006,False
095017,Friedrichshagen,Treptow-Köpenick,buildings,Tram,1.3,3432,,0,4.4747,2.7663,7.6185,5.9292,0.0367,0.0,False
095017,Friedrichshagen,Treptow-Köpenick,buildings,Tram,1.4,3432,,0,4.1551,2.5687,7.0743,5.5057,0.021,0.0,False
095017,Friedrichshagen,Treptow-Köpenick,buildings,Bus,1.0,3432,,0,7.8911,4.1398,13.9428,9.3699,0.2165,0.0015,False
095017,Friedrichshagen,Treptow-Köpenick,buildings,Bus,1.3,3432,,0,6.07,3.1845,10.7252,7.2076,0.0723,0.0,False
095017,Friedrichshagen,Treptow-Köpenick,buildings,Bus,1.4,3432,,0,5.6365,2.957,9.9592,6.6928,0.0399,0.0,False
095017,Friedrichshagen,Treptow-Köpenick,buildings,Regionalbahn,1.0,3432,,0,131.431,120.8992,141.792,130.5441,1.0,1.0,False
095017,Friedrichshagen,Treptow-Köpenick,buildings,Regionalbahn,1.3,3432,,0,101.1007,92.9994,109.0708,100.4185,1.0,1.0,False
095017,Friedrichshagen,Treptow-Köpenick,buildings,Regionalbahn,1.4,3432,,0,93.8793,86.3566,101.28,93.2458,1.0,1.0,False
095017,Friedrichshagen,Treptow-Köpenick,buildings,S- or U-Bahn,1.0,3432,,0,19.0835,15.0276,25.6994,20.1447,0.7512,0.1206,False
095017,Friedrichshagen,Treptow-Köpenick,buildings,S- or U-Bahn,1.3,3432,,0,14.6796,11.5597,19.7687,15.4959,0.4747,0.0102,False
095017,Friedrichshagen,Treptow-Köpenick,buildings,S- or U-Bahn,1.4,3432,,0,13.631,10.734,18.3567,14.389,0.3867,0.0064,False
095018,Rahnsdorf,Treptow-Köpenick,buildings,S-Bahn,1.0,6205,,0,31.3332,24.6592,37.4782,31.2113,0.9296,0.5462,False
095018,Rahnsdorf,Treptow-Köpenick,buildings,S-Bahn,1.3,6205,,0,24.1024,18.9686,28.8294,24.0087,0.863,0.1897,False
095018,Rahnsdorf,Treptow-Köpenick,buildings,S-Bahn,1.4,6205,,0,22.3808,17.6137,26.7702,22.2938,0.8405,0.1175,False
095018,Rahnsdorf,Treptow-Köpenick,buildings,U-Bahn,1.0,6205,,0,239.4233,228.0667,251.8046,240.588,1.0,1.0,False
095018,Rahnsdorf,Treptow-Köpenick,buildings,U-Bahn,1.3,6205,,0,184.1718,175.4359,193.6958,185.0677,1.0,1.0,False
095018,Rahnsdorf,Treptow-Köpenick,buildings,U-Bahn,1.4,6205,,0,171.0166,162.9048,179.8604,171.8486,1.0,1.0,False
095018,Rahnsdorf,Treptow-Köpenick,buildings,Tram,1.0,6205,,0,32.303,22.4227,45.5475,35.1123,0.9178,0.5604,False
095018,Rahnsdorf,Treptow-Köpenick,buildings,Tram,1.3,6205,,0,24.8484,17.2483,35.0365,27.0095,0.8287,0.3663,False
095018,Rahnsdorf,Treptow-Köpenick,buildings,Tram,1.4,6205,,0,23.0735,16.0162,32.5339,25.0802,0.7886,0.3288,False
095018,Rahnsdorf,Treptow-Köpenick,buildings,Bus,1.0,6205,,0,7.9862,4.6354,12.5878,8.8788,0.1463,0.0002,False
095018,Rahnsdorf,Treptow-Köpenick,buildings,Bus,1.3,6205,,0,6.1433,3.5657,9.6829,6.8298,0.0346,0.0,False
095018,Rahnsdorf,Treptow-Köpenick,buildings,Bus,1.4,6205,,0,5.7044,3.311,8.9913,6.342,0.0184,0.0,False
095018,Rahnsdorf,Treptow-Köpenick,buildings,Regionalbahn,1.0,6205,,0,206.5268,196.2662,218.7624,208.1491,1.0,1.0,False
095018,Rahnsdorf,Treptow-Köpenick,buildings,Regionalbahn,1.3,6205,,0,158.8667,150.974,168.2788,160.1147,1.0,1.0,False
095018,Rahnsdorf,Treptow-Köpenick,buildings,Regionalbahn,1.4,6205,,0,147.5191,140.1901,156.2589,148.6779,1.0,1.0,False
095018,Rahnsdorf,Treptow-Köpenick,buildings,S- or U-Bahn,1.0,6205,,0,31.3332,24.6592,37.4782,31.2113,0.9296,0.5462,False
095018,Rahnsdorf,Treptow-Köpenick,buildings,S- or U-Bahn,1.3,6205,,0,24.1024,18.9686,28.8294,24.0087,0.863,0.1897,False
095018,Rahnsdorf,Treptow-Köpenick,buildings,S- or U-Bahn,1.4,6205,,0,22.3808,17.6137,26.7702,22.2938,0.8405,0.1175,False
095019,Dammvorstadt,Treptow-Köpenick,buildings,S-Bahn,1.0,1007,,0,17.4301,11.2513,22.0004,16.9445,0.6137,0.0089,False
095019,Dammvorstadt,Treptow-Köpenick,buildings,S-Bahn,1.3,1007,,0,13.4078,8.6549,16.9234,13.0342,0.4032,0.0,False
095019,Dammvorstadt,Treptow-Köpenick,buildings,S-Bahn,1.4,1007,,0,12.4501,8.0367,15.7146,12.1032,0.3019,0.0,False
095019,Dammvorstadt,Treptow-Köpenick,buildings,U-Bahn,1.0,1007,,0,114.3742,108.6861,123.3205,115.3404,1.0,1.0,False
095019,Dammvorstadt,Treptow-Köpenick,buildings,U-Bahn,1.3,1007,,0,87.9802,83.6047,94.8619,88.7234,1.0,1.0,False
095019,Dammvorstadt,Treptow-Köpenick,buildings,U-Bahn,1.4,1007,,0,81.6959,77.633,88.086,82.386,1.0,1.0,False
095019,Dammvorstadt,Treptow-Köpenick,buildings,Tram,1.0,1007,,0,6.6901,4.3856,9.6929,7.2834,0.0199,0.0,False
095019,Dammvorstadt,Treptow-Köpenick,buildings,Tram,1.3,1007,,0,5.1462,3.3735,7.4561,5.6026,0.0,0.0,False
095019,Dammvorstadt,Treptow-Köpenick,buildings,Tram,1.4,1007,,0,4.7786,3.1326,6.9235,5.2024,0.0,0.0,False
095019,Dammvorstadt,Treptow-Köpenick,buildings,Bus,1.0,1007,,0,5.2467,3.0697,7.6576,5.5227,0.0119,0.0,False
095019,Dammvorstadt,Treptow-Köpenick,buildings,Bus,1.3,1007,,0,4.0359,2.3613,5.8905,4.2482,0.002,0.0,False
095019,Dammvorstadt,Treptow-Köpenick,buildings,Bus,1.4,1007,,0,3.7476,2.1926,5.4697,3.9448,0.0,0.0,False
095019,Dammvorstadt,Treptow-Köpenick,buildings,Regionalbahn,1.0,1007,,0,95.1335,91.4289,101.2162,97.3622,1.0,1.0,False
095019,Dammvorstadt,Treptow-Köpenick,buildings,Regionalbahn,1.3,1007,,0,73.1796,70.3299,77.8586,74.894,1.0,1.0,False
095019,Dammvorstadt,Treptow-Köpenick,buildings,Regionalbahn,1.4,1007,,0,67.9525,65.3064,72.2973,69.5444,1.0,1.0,False
095019,Dammvorstadt,Treptow-Köpenick,buildings,S- or U-Bahn,1.0,1007,,0,17.4301,11.2513,22.0004,16.9445,0.6137,0.0089,False
095019,Dammvorstadt,Treptow-Köpenick,buildings,S- or U-Bahn,1.3,1007,,0,13.4078,8.6549,16.9234,13.0342,0.4032,0.0,False
095019,Dammvorstadt,Treptow-Köpenick,buildings,S- or U-Bahn,1.4,1007,,0,12.4501,8.0367,15.7146,12.1032,0.3019,0.0,False
095020,Köpenick Nord,Treptow-Köpenick,buildings,S-Bahn,1.0,3256,,0,23.9523,17.9662,28.2905,23.1157,0.832,0.1738,False
095020,Köpenick Nord,Treptow-Köpenick,buildings,S-Bahn,1.3,3256,,0,18.4248,13.8201,21.7619,17.7813,0.7187,0.0064,False
095020,Köpenick Nord,Treptow-Köpenick,buildings,S-Bahn,1.4,3256,,0,17.1088,12.833,20.2075,16.5112,0.6714,0.0012,False
095020,Köpenick Nord,Treptow-Köpenick,buildings,U-Bahn,1.0,3256,,0,89.325,82.4429,99.1228,90.0315,1.0,1.0,False
095020,Köpenick Nord,Treptow-Köpenick,buildings,U-Bahn,1.3,3256,,0,68.7115,63.4176,76.2483,69.255,1.0,1.0,False
095020,Köpenick Nord,Treptow-Köpenick,buildings,U-Bahn,1.4,3256,,0,63.8036,58.8878,70.802,64.3082,1.0,1.0,False
095020,Köpenick Nord,Treptow-Köpenick,buildings,Tram,1.0,3256,,0,9.9529,5.8146,17.8738,12.036,0.3369,0.0144,False
095020,Köpenick Nord,Treptow-Köpenick,buildings,Tram,1.3,3256,,0,7.6561,4.4728,13.7491,9.2585,0.1849,0.0003,False
095020,Köpenick Nord,Treptow-Köpenick,buildings,Tram,1.4,3256,,0,7.1092,4.1533,12.767,8.5972,0.1483,0.0003,False
095020,Köpenick Nord,Treptow-Köpenick,buildings,Bus,1.0,3256,,0,7.2153,4.7844,9.5384,7.4957,0.0424,0.0,False
095020,Köpenick Nord,Treptow-Köpenick,buildings,Bus,1.3,3256,,0,5.5502,3.6803,7.3372,5.7659,0.0031,0.0,False
095020,Köpenick Nord,Treptow-Köpenick,buildings,Bus,1.4,3256,,0,5.1538,3.4175,6.8131,5.3541,0.0009,0.0,False
095020,Köpenick Nord,Treptow-Köpenick,buildings,Regionalbahn,1.0,3256,,0,100.085,96.356,104.3026,100.182,1.0,1.0,False
095020,Köpenick Nord,Treptow-Köpenick,buildings,Regionalbahn,1.3,3256,,0,76.9885,74.12,80.2327,77.0631,1.0,1.0,False
095020,Köpenick Nord,Treptow-Köpenick,buildings,Regionalbahn,1.4,3256,,0,71.4893,68.8257,74.5018,71.5586,1.0,1.0,False
095020,Köpenick Nord,Treptow-Köpenick,buildings,S- or U-Bahn,1.0,3256,,0,23.9523,17.9662,28.2905,23.1157,0.832,0.1738,False
095020,Köpenick Nord,Treptow-Köpenick,buildings,S- or U-Bahn,1.3,3256,,0,18.4248,13.8201,21.7619,17.7813,0.7187,0.0064,False
095020,Köpenick Nord,Treptow-Köpenick,buildings,S- or U-Bahn,1.4,3256,,0,17.1088,12.833,20.2075,16.5112,0.6714,0.0012,False
101001,Marzahn Nord,Marzahn-Hellersdorf,buildings,S-Bahn,1.0,598,,0,15.5906,11.1703,19.7044,15.1895,0.5385,0.0,False
101001,Marzahn Nord,Marzahn-Hellersdorf,buildings,S-Bahn,1.3,598,,0,11.9928,8.5925,15.1572,11.6842,0.2709,0.0,False
101001,Marzahn Nord,Marzahn-Hellersdorf,buildings,S-Bahn,1.4,598,,0,11.1362,7.9788,14.0745,10.8497,0.1605,0.0,False
101001,Marzahn Nord,Marzahn-Hellersdorf,buildings,U-Bahn,1.0,598,,0,90.9269,81.9988,98.6636,90.2743,1.0,1.0,False
101001,Marzahn Nord,Marzahn-Hellersdorf,buildings,U-Bahn,1.3,598,,0,69.9438,63.076,75.8951,69.4417,1.0,1.0,False
101001,Marzahn Nord,Marzahn-Hellersdorf,buildings,U-Bahn,1.4,598,,0,64.9478,58.5706,70.474,64.4816,1.0,1.0,False
101001,Marzahn Nord,Marzahn-Hellersdorf,buildings,Tram,1.0,598,,0,11.3509,6.6417,25.1569,14.96,0.4231,0.0385,False
101001,Marzahn Nord,Marzahn-Hellersdorf,buildings,Tram,1.3,598,,0,8.7315,5.109,19.3514,11.5077,0.3763,0.0,False
101001,Marzahn Nord,Marzahn-Hellersdorf,buildings,Tram,1.4,598,,0,8.1078,4.744,17.9692,10.6857,0.3595,0.0,False
101001,Marzahn Nord,Marzahn-Hellersdorf,buildings,Bus,1.0,598,,0,5.1043,3.3299,7.2808,5.505,0.0,0.0,False
101001,Marzahn Nord,Marzahn-Hellersdorf,buildings,Bus,1.3,598,,0,3.9264,2.5614,5.6006,4.2346,0.0,0.0,False
101001,Marzahn Nord,Marzahn-Hellersdorf,buildings,Bus,1.4,598,,0,3.6459,2.3785,5.2005,3.9322,0.0,0.0,False
101001,Marzahn Nord,Marzahn-Hellersdorf,buildings,Regionalbahn,1.0,598,,0,15.6111,11.1907,19.7248,15.2026,0.5385,0.0,False
101001,Marzahn Nord,Marzahn-Hellersdorf,buildings,Regionalbahn,1.3,598,,0,12.0085,8.6082,15.1729,11.6943,0.2709,0.0,False
101001,Marzahn Nord,Marzahn-Hellersdorf,buildings,Regionalbahn,1.4,598,,0,11.1508,7.9934,14.0891,10.859,0.1622,0.0,False
101001,Marzahn Nord,Marzahn-Hellersdorf,buildings,S- or U-Bahn,1.0,598,,0,15.5906,11.1703,19.7044,15.1895,0.5385,0.0,False
101001,Marzahn Nord,Marzahn-Hellersdorf,buildings,S- or U-Bahn,1.3,598,,0,11.9928,8.5925,15.1572,11.6842,0.2709,0.0,False
101001,Marzahn Nord,Marzahn-Hellersdorf,buildings,S- or U-Bahn,1.4,598,,0,11.1362,7.9788,14.0745,10.8497,0.1605,0.0,False
101002,Marzahn Mitte,Marzahn-Hellersdorf,buildings,S-Bahn,1.0,1180,,0,20.1557,13.0512,27.9619,20.1821,0.6466,0.1356,False
101002,Marzahn Mitte,Marzahn-Hellersdorf,buildings,S-Bahn,1.3,1180,,0,15.5044,10.0394,21.5092,15.5247,0.5127,0.0136,False
101002,Marzahn Mitte,Marzahn-Hellersdorf,buildings,S-Bahn,1.4,1180,,0,14.3969,9.3223,19.9728,14.4158,0.4788,0.0008,False
101002,Marzahn Mitte,Marzahn-Hellersdorf,buildings,U-Bahn,1.0,1180,,0,66.1953,56.5724,81.7725,69.6656,1.0,1.0,False
101002,Marzahn Mitte,Marzahn-Hellersdorf,buildings,U-Bahn,1.3,1180,,0,50.9195,43.5172,62.9019,53.5889,1.0,1.0,False
101002,Marzahn Mitte,Marzahn-Hellersdorf,buildings,U-Bahn,1.4,1180,,0,47.2824,40.4089,58.4089,49.7611,1.0,0.9992,False
101002,Marzahn Mitte,Marzahn-Hellersdorf,buildings,Tram,1.0,1180,,0,9.1492,6.4353,15.3438,12.2974,0.2576,0.0661,False
101002,Marzahn Mitte,Marzahn-Hellersdorf,buildings,Tram,1.3,1180,,0,7.0378,4.9502,11.8029,9.4595,0.211,0.0,False
101002,Marzahn Mitte,Marzahn-Hellersdorf,buildings,Tram,1.4,1180,,0,6.5351,4.5966,10.9599,8.7838,0.2,0.0,False
101002,Marzahn Mitte,Marzahn-Hellersdorf,buildings,Bus,1.0,1180,,0,6.1122,4.3035,8.1214,6.6219,0.0398,0.0,False
101002,Marzahn Mitte,Marzahn-Hellersdorf,buildings,Bus,1.3,1180,,0,4.7017,3.3104,6.2472,5.0938,0.0017,0.0,False
101002,Marzahn Mitte,Marzahn-Hellersdorf,buildings,Bus,1.4,1180,,0,4.3659,3.0739,5.801,4.7299,0.0017,0.0,False
101002,Marzahn Mitte,Marzahn-Hellersdorf,buildings,Regionalbahn,1.0,1180,,0,48.7897,38.2575,56.2788,47.1924,1.0,0.9339,False
101002,Marzahn Mitte,Marzahn-Hellersdorf,buildings,Regionalbahn,1.3,1180,,0,37.5305,29.4288,43.2914,36.3019,1.0,0.7288,False
101002,Marzahn Mitte,Marzahn-Hellersdorf,buildings,Regionalbahn,1.4,1180,,0,34.8498,27.3268,40.1992,33.7089,1.0,0.6576,False
101002,Marzahn Mitte,Marzahn-Hellersdorf,buildings,S- or U-Bahn,1.0,1180,,0,20.1557,13.0512,27.9619,20.1821,0.6466,0.1356,False
101002,Marzahn Mitte,Marzahn-Hellersdorf,buildings,S- or U-Bahn,1.3,1180,,0,15.5044,10.0394,21.5092,15.5247,0.5127,0.0136,False
101002,Marzahn Mitte,Marzahn-Hellersdorf,buildings,S- or U-Bahn,1.4,1180,,0,14.3969,9.3223,19.9728,14.4158,0.4788,0.0008,False
101003,Marzahn Süd,Marzahn-Hellersdorf,buildings,S-Bahn,1.0,3251,,0,21.7143,17.1543,27.645,22.7971,0.8567,0.1612,False
101003,Marzahn Süd,Marzahn-Hellersdorf,buildings,S-Bahn,1.3,3251,,0,16.7033,13.1956,21.2654,17.5362,0.6133,0.0504,False
101003,Marzahn Süd,Marzahn-Hellersdorf,buildings,S-Bahn,1.4,3251,,0,15.5102,12.2531,19.7464,16.2836,0.5352,0.028,False
101003,Marzahn Süd,Marzahn-Hellersdorf,buildings,U-Bahn,1.0,3251,,0,60.8923,51.4849,67.6656,59.0446,1.0,0.9846,False
101003,Marzahn Süd,Marzahn-Hellersdorf,buildings,U-Bahn,1.3,3251,,0,46.8402,39.6038,52.0504,45.4189,0.9997,0.9277,False
101003,Marzahn Süd,Marzahn-Hellersdorf,buildings,U-Bahn,1.4,3251,,0,43.4945,36.7749,48.3325,42.1747,0.9991,0.8973,False
101003,Marzahn Süd,Marzahn-Hellersdorf,buildings,Tram,1.0,3251,,0,11.4111,7.495,15.1758,12.0675,0.2602,0.0055,False
101003,Marzahn Süd,Marzahn-Hellersdorf,buildings,Tram,1.3,3251,,0,8.7777,5.7654,11.6737,9.2827,0.1409,0.0,False
101003,Marzahn Süd,Marzahn-Hellersdorf,buildings,Tram,1.4,3251,,0,8.1508,5.3536,10.8399,8.6196,0.1061,0.0,False
101003,Marzahn Süd,Marzahn-Hellersdorf,buildings,Bus,1.0,3251,,0,5.6837,3.8496,8.2393,6.2262,0.0197,0.0,False
101003,Marzahn Süd,Marzahn-Hellersdorf,buildings,Bus,1.3,3251,,0,4.3721,2.9612,6.338,4.7894,0.0058,0.0,False
101003,Marzahn Süd,Marzahn-Hellersdorf,buildings,Bus,1.4,3251,,0,4.0598,2.7497,5.8852,4.4473,0.0025,0.0,False
101003,Marzahn Süd,Marzahn-Hellersdorf,buildings,Regionalbahn,1.0,3251,,0,75.3002,70.1131,80.6008,74.3495,1.0,1.0,False
101003,Marzahn Süd,Marzahn-Hellersdorf,buildings,Regionalbahn,1.3,3251,,0,57.9232,53.9332,62.0006,57.1919,1.0,0.9966,False
101003,Marzahn Süd,Marzahn-Hellersdorf,buildings,Regionalbahn,1.4,3251,,0,53.7859,50.0808,57.572,53.1068,1.0,0.9892,False
101003,Marzahn Süd,Marzahn-Hellersdorf,buildings,S- or U-Bahn,1.0,3251,,0,21.6958,17.1543,27.5515,22.3816,0.8567,0.1547,False
101003,Marzahn Süd,Marzahn-Hellersdorf,buildings,S- or U-Bahn,1.3,3251,,0,16.6891,13.1956,21.1935,17.2166,0.613,0.0151,False
101003,Marzahn Süd,Marzahn-Hellersdorf,buildings,S- or U-Bahn,1.4,3251,,0,15.497,12.2531,19.6796,15.9868,0.5343,0.0009,False
102004,Hellersdorf Nord,Marzahn-Hellersdorf,buildings,S-Bahn,1.0,938,,0,60.3327,56.35,64.1412,59.7521,1.0,1.0,False
102004,Hellersdorf Nord,Marzahn-Hellersdorf,buildings,S-Bahn,1.3,938,,0,46.4098,43.3462,49.3394,45.9631,1.0,1.0,False
102004,Hellersdorf Nord,Marzahn-Hellersdorf,buildings,S-Bahn,1.4,938,,0,43.0948,40.25,45.8152,42.6801,1.0,1.0,False
102004,Hellersdorf Nord,Marzahn-Hellersdorf,buildings,U-Bahn,1.0,938,,0,14.1175,9.1612,21.3558,15.7898,0.4595,0.0768,False
102004,Hellersdorf Nord,Marzahn-Hellersdorf,buildings,U-Bahn,1.3,938,,0,10.8596,7.0471,16.4275,12.146,0.3134,0.0,False
102004,Hellersdorf Nord,Marzahn-Hellersdorf,buildings,U-Bahn,1.4,938,,0,10.0839,6.5437,15.2541,11.2784,0.2633,0.0,False
102004,Hellersdorf Nord,Marzahn-Hellersdorf,buildings,Tram,1.0,938,,0,9.421,5.8987,15.847,11.2722,0.2942,0.0064,False
102004,Hellersdorf Nord,Marzahn-Hellersdorf,buildings,Tram,1.3,938,,0,7.2469,4.5375,12.19,8.6709,0.129,0.0,False
102004,Hellersdorf Nord,Marzahn-Hellersdorf,buildings,Tram,1.4,938,,0,6.7293,4.2134,11.3193,8.0516,0.0864,0.0,False
102004,Hellersdorf Nord,Marzahn-Hellersdorf,buildings,Bus,1.0,938,,0,5.2957,3.8361,7.6784,5.6786,0.0,0.0,False
102004,Hellersdorf Nord,Marzahn-Hellersdorf,buildings,Bus,1.3,938,,0,4.0736,2.9508,5.9064,4.3681,0.0,0.0,False
102004,Hellersdorf Nord,Marzahn-Hellersdorf,buildings,Bus,1.4,938,,0,3.7827,2.7401,5.4845,4.0561,0.0,0.0,False
102004,Hellersdorf Nord,Marzahn-Hellersdorf,buildings,Regionalbahn,1.0,938,,0,65.8572,62.4159,69.3517,65.5472,1.0,1.0,False
102004,Hellersdorf Nord,Marzahn-Hellersdorf,buildings,Regionalbahn,1.3,938,,0,50.6594,48.0122,53.3474,50.4209,1.0,1.0,False
102004,Hellersdorf Nord,Marzahn-Hellersdorf,buildings,Regionalbahn,1.4,938,,0,47.0409,44.5828,49.5369,46.8194,1.0,1.0,False
102004,Hellersdorf Nord,Marzahn-Hellersdorf,buildings,S- or U-Bahn,1.0,938,,0,14.1175,9.1612,21.3558,15.7898,0.4595,0.0768,False
102004,Hellersdorf Nord,Marzahn-Hellersdorf,buildings,S- or U-Bahn,1.3,938,,0,10.8596,7.0471,16.4275,12.146,0.3134,0.0,False
102004,Hellersdorf Nord,Marzahn-Hellersdorf,buildings,S- or U-Bahn,1.4,938,,0,10.0839,6.5437,15.2541,11.2784,0.2633,0.0,False
102005,Hellersdorf Ost,Marzahn-Hellersdorf,buildings,S-Bahn,1.0,519,,0,44.5535,40.434,51.7315,46.0613,1.0,1.0,False
102005,Hellersdorf Ost,Marzahn-Hellersdorf,buildings,S-Bahn,1.3,519,,0,34.2719,31.1031,39.7935,35.4318,1.0,0.8478,False
102005,Hellersdorf Ost,Marzahn-Hellersdorf,buildings,S-Bahn,1.4,519,,0,31.8239,28.8814,36.9511,32.901,1.0,0.6532,False
102005,Hellersdorf Ost,Marzahn-Hellersdorf,buildings,U-Bahn,1.0,519,,0,12.4123,10.1151,18.241,14.2813,0.4066,0.0193,False
102005,Hellersdorf Ost,Marzahn-Hellersdorf,buildings,U-Bahn,1.3,519,,0,9.5479,7.7808,14.0315,10.9856,0.1985,0.0,False
102005,Hellersdorf Ost,Marzahn-Hellersdorf,buildings,U-Bahn,1.4,519,,0,8.8659,7.225,13.0293,10.2009,0.1638,0.0,False
102005,Hellersdorf Ost,Marzahn-Hellersdorf,buildings,Tram,1.0,519,,0,10.0828,7.0492,14.08,10.6045,0.2254,0.0,False
102005,Hellersdorf Ost,Marzahn-Hellersdorf,buildings,Tram,1.3,519,,0,7.756,5.4225,10.8308,8.1573,0.027,0.0,False
102005,Hellersdorf Ost,Marzahn-Hellersdorf,buildings,Tram,1.4,519,,0,7.202,5.0352,10.0571,7.5746,0.0231,0.0,False
102005,Hellersdorf Ost,Marzahn-Hellersdorf,buildings,Bus,1.0,519,,0,7.0179,4.0314,9.2619,6.7085,0.0,0.0,False
102005,Hellersdorf Ost,Marzahn-Hellersdorf,buildings,Bus,1.3,519,,0,5.3984,3.1011,7.1246,5.1604,0.0,0.0,False
102005,Hellersdorf Ost,Marzahn-Hellersdorf,buildings,Bus,1.4,519,,0,5.0128,2.8796,6.6157,4.7918,0.0,0.0,False
102005,Hellersdorf Ost,Marzahn-Hellersdorf,buildings,Regionalbahn,1.0,519,,0,45.7527,43.5304,52.6535,47.6453,1.0,1.0,False
102005,Hellersdorf Ost,Marzahn-Hellersdorf,buildings,Regionalbahn,1.3,519,,0,35.1944,33.4849,40.5027,36.6502,1.0,0.9249,False
102005,Hellersdorf Ost,Marzahn-Hellersdorf,buildings,Regionalbahn,1.4,519,,0,32.6805,31.0931,37.6096,34.0323,1.0,0.8343,False
102005,Hellersdorf Ost,Marzahn-Hellersdorf,buildings,S- or U-Bahn,1.0,519,,0,12.4123,10.1151,18.241,14.2813,0.4066,0.0193,False
102005,Hellersdorf Ost,Marzahn-Hellersdorf,buildings,S- or U-Bahn,1.3,519,,0,9.5479,7.7808,14.0315,10.9856,0.1985,0.0,False
102005,Hellersdorf Ost,Marzahn-Hellersdorf,buildings,S- or U-Bahn,1.4,519,,0,8.8659,7.225,13.0293,10.2009,0.1638,0.0,False
102006,Hellersdorf Süd,Marzahn-Hellersdorf,buildings,S-Bahn,1.0,646,,0,25.3733,18.4068,34.3327,25.4677,0.8437,0.3344,False
102006,Hellersdorf Süd,Marzahn-Hellersdorf,buildings,S-Bahn,1.3,646,,0,19.5179,14.1591,26.4098,19.5906,0.7183,0.0759,False
102006,Hellersdorf Süd,Marzahn-Hellersdorf,buildings,S-Bahn,1.4,646,,0,18.1238,13.1477,24.5234,18.1912,0.6362,0.0387,False
102006,Hellersdorf Süd,Marzahn-Hellersdorf,buildings,U-Bahn,1.0,646,,0,10.5639,7.8171,13.0567,10.4923,0.1022,0.0,False
102006,Hellersdorf Süd,Marzahn-Hellersdorf,buildings,U-Bahn,1.3,646,,0,8.1261,6.0131,10.0436,8.071,0.0046,0.0,False
102006,Hellersdorf Süd,Marzahn-Hellersdorf,buildings,U-Bahn,1.4,646,,0,7.5456,5.5836,9.3262,7.4945,0.0,0.0,False
102006,Hellersdorf Süd,Marzahn-Hellersdorf,buildings,Tram,1.0,646,,0,38.1652,32.2058,43.3944,36.7176,0.9969,0.7817,False
102006,Hellersdorf Süd,Marzahn-Hellersdorf,buildings,Tram,1.3,646,,0,29.3578,24.7737,33.3803,28.2443,0.9319,0.4706,False
102006,Hellersdorf Süd,Marzahn-Hellersdorf,buildings,Tram,1.4,646,,0,27.2609,23.0042,30.996,26.2268,0.9149,0.3173,False
102006,Hellersdorf Süd,Marzahn-Hellersdorf,buildings,Bus,1.0,646,,0,6.7397,4.8046,8.2635,6.5381,0.0,0.0,False
102006,Hellersdorf Süd,Marzahn-Hellersdorf,buildings,Bus,1.3,646,,0,5.1844,3.6959,6.3565,5.0293,0.0,0.0,False
102006,Hellersdorf Süd,Marzahn-Hellersdorf,buildings,Bus,1.4,646,,0,4.8141,3.4319,5.9025,4.6701,0.0,0.0,False
102006,Hellersdorf Süd,Marzahn-Hellersdorf,buildings,Regionalbahn,1.0,646,,0,47.4882,42.6808,52.2283,47.4189,1.0,1.0,False
102006,Hellersdorf Süd,Marzahn-Hellersdorf,buildings,Regionalbahn,1.3,646,,0,36.5294,32.8314,40.1756,36.476,1.0,0.8777,False
102006,Hellersdorf Süd,Marzahn-Hellersdorf,buildings,Regionalbahn,1.4,646,,0,33.9201,30.4863,37.3059,33.8706,1.0,0.7879,False
102006,Hellersdorf Süd,Marzahn-Hellersdorf,buildings,S- or U-Bahn,1.0,646,,0,10.5452,7.8171,13.0468,10.4544,0.1006,0.0,False
102006,Hellersdorf Süd,Marzahn-Hellersdorf,buildings,S- or U-Bahn,1.3,646,,0,8.1117,6.0131,10.036,8.0419,0.0046,0.0,False
102006,Hellersdorf Süd,Marzahn-Hellersdorf,buildings,S- or U-Bahn,1.4,646,,0,7.5323,5.5836,9.3191,7.4674,0.0,0.0,False
103007,Biesdorf,Marzahn-Hellersdorf,buildings,S-Bahn,1.0,11707,,0,27.7718,20.4912,37.1086,28.2908,0.8786,0.4382,False
103007,Biesdorf,Marzahn-Hellersdorf,buildings,S-Bahn,1.3,11707,,0,21.3629,15.7624,28.5451,21.7621,0.7782,0.1995,False
103007,Biesdorf,Marzahn-Hellersdorf,buildings,S-Bahn,1.4,11707,,0,19.837,14.6366,26.5061,20.2077,0.7339,0.1248,False
103007,Biesdorf,Marzahn-Hellersdorf,buildings,U-Bahn,1.0,11707,,0,27.8949,18.9356,38.0281,28.7255,0.8338,0.4378,False
103007,Biesdorf,Marzahn-Hellersdorf,buildings,U-Bahn,1.3,11707,,0,21.4576,14.5659,29.2524,22.0965,0.7376,0.2289,False
103007,Biesdorf,Marzahn-Hellersdorf,buildings,U-Bahn,1.4,11707,,0,19.9249,13.5254,27.163,20.5182,0.7041,0.1677,False
103007,Biesdorf,Marzahn-Hellersdorf,buildings,Tram,1.0,11707,,0,38.9971,24.0394,49.5965,36.3958,0.8698,0.6609,False
103007,Biesdorf,Marzahn-Hellersdorf,buildings,Tram,1.3,11707,,0,29.9977,18.4918,38.1512,27.9968,0.8165,0.4999,False
103007,Biesdorf,Marzahn-Hellersdorf,buildings,Tram,1.4,11707,,0,27.855,17.171,35.4261,25.997,0.7978,0.4444,False
103007,Biesdorf,Marzahn-Hellersdorf,buildings,Bus,1.0,11707,,0,5.936,4.1315,7.7718,6.0926,0.005,0.0,False
103007,Biesdorf,Marzahn-Hellersdorf,buildings,Bus,1.3,11707,,0,4.5661,3.178,5.9783,4.6866,0.0002,0.0,False
103007,Biesdorf,Marzahn-Hellersdorf,buildings,Bus,1.4,11707,,0,4.24,2.951,5.5513,4.3518,0.0001,0.0,False
103007,Biesdorf,Marzahn-Hellersdorf,buildings,Regionalbahn,1.0,11707,,0,79.5972,70.9557,88.3001,79.679,1.0,1.0,False
103007,Biesdorf,Marzahn-Hellersdorf,buildings,Regionalbahn,1.3,11707,,0,61.2286,54.5813,67.9231,61.2916,1.0,1.0,False
103007,Biesdorf,Marzahn-Hellersdorf,buildings,Regionalbahn,1.4,11707,,0,56.8551,50.6826,63.0715,56.9136,1.0,1.0,False
103007,Biesdorf,Marzahn-Hellersdorf,buildings,S- or U-Bahn,1.0,11707,,0,20.9868,14.3666,27.1686,21.0167,0.7299,0.1737,False
103007,Biesdorf,Marzahn-Hellersdorf,buildings,S- or U-Bahn,1.3,11707,,0,16.1437,11.0512,20.8989,16.1667,0.5609,0.0114,False
103007,Biesdorf,Marzahn-Hellersdorf,buildings,S- or U-Bahn,1.4,11707,,0,14.9905,10.2618,19.4061,15.012,0.4993,0.0003,False
104008,Kaulsdorf,Marzahn-Hellersdorf,buildings,S-Bahn,1.0,9816,,0,32.4697,18.3367,44.1026,31.7621,0.8305,0.5547,False
104008,Kaulsdorf,Marzahn-Hellersdorf,buildings,S-Bahn,1.3,9816,,0,24.9767,14.1052,33.9251,24.4324,0.7293,0.3596,False
104008,Kaulsdorf,Marzahn-Hellersdorf,buildings,S-Bahn,1.4,9816,,0,23.1926,13.0977,31.5018,22.6872,0.7031,0.2942,False
104008,Kaulsdorf,Marzahn-Hellersdorf,buildings,U-Bahn,1.0,9816,,0,33.9621,24.9169,45.4431,35.3784,0.9539,0.621,False
104008,Kaulsdorf,Marzahn-Hellersdorf,buildings,U-Bahn,1.3,9816,,0,26.1247,19.1668,34.9563,27.2142,0.8765,0.3624,False
104008,Kaulsdorf,Marzahn-Hellersdorf,buildings,U-Bahn,1.4,9816,,0,24.2586,17.7978,32.4594,25.2703,0.8351,0.3007,False
104008,Kaulsdorf,Marzahn-Hellersdorf,buildings,Tram,1.0,9816,,0,32.0572,24.6272,38.9908,31.7638,0.9686,0.571,False
104008,Kaulsdorf,Marzahn-Hellersdorf,buildings,Tram,1.3,9816,,0,24.6594,18.944,29.9929,24.4337,0.902,0.2496,False
104008,Kaulsdorf,Marzahn-Hellersdorf,buildings,Tram,1.4,9816,,0,22.898,17.5909,27.8506,22.6884,0.8655,0.1441,False
104008,Kaulsdorf,Marzahn-Hellersdorf,buildings,Bus,1.0,9816,,0,5.7453,3.7289,8.1279,6.2815,0.0218,0.0,False
104008,Kaulsdorf,Marzahn-Hellersdorf,buildings,Bus,1.3,9816,,0,4.4194,2.8684,6.2522,4.8319,0.0,0.0,False
104008,Kaulsdorf,Marzahn-Hellersdorf,buildings,Bus,1.4,9816,,0,4.1038,2.6635,5.8057,4.4868,0.0,0.0,False
104008,Kaulsdorf,Marzahn-Hellersdorf,buildings,Regionalbahn,1.0,9816,,0,46.2081,31.5874,71.5151,51.0453,0.9867,0.7754,False
104008,Kaulsdorf,Marzahn-Hellersdorf,buildings,Regionalbahn,1.3,9816,,0,35.5447,24.298,55.0116,39.2656,0.9463,0.5893,False
104008,Kaulsdorf,Marzahn-Hellersdorf,buildings,Regionalbahn,1.4,9816,,0,33.0058,22.5624,51.0822,36.4609,0.9295,0.5407,False
104008,Kaulsdorf,Marzahn-Hellersdorf,buildings,S- or U-Bahn,1.0,9816,,0,28.7658,17.3855,40.5232,29.2038,0.8213,0.4811,False
104008,Kaulsdorf,Marzahn-Hellersdorf,buildings,S- or U-Bahn,1.3,9816,,0,22.1275,13.3735,31.1717,22.4645,0.6924,0.2832,False
104008,Kaulsdorf,Marzahn-Hellersdorf,buildings,S- or U-Bahn,1.4,9816,,0,20.547,12.4182,28.9451,20.8599,0.6539,0.2168,False
104009,Mahlsdorf,Marzahn-Hellersdorf,buildings,S-Bahn,1.0,15780,,0,42.3157,29.1249,52.4006,40.3342,0.9285,0.7355,False
104009,Mahlsdorf,Marzahn-Hellersdorf,buildings,S-Bahn,1.3,15780,,0,32.5506,22.4038,40.3082,31.0263,0.8814,0.5741,False
104009,Mahlsdorf,Marzahn-Hellersdorf,buildings,S-Bahn,1.4,15780,,0,30.2255,20.8035,37.429,28.8102,0.8656,0.5069,False
104009,Mahlsdorf,Marzahn-Hellersdorf,buildings,U-Bahn,1.0,15780,,0,62.4329,43.5151,75.7792,60.2817,1.0,0.9402,False
104009,Mahlsdorf,Marzahn-Hellersdorf,buildings,U-Bahn,1.3,15780,,0,48.0253,33.4732,58.2917,46.3705,1.0,0.8306,False
104009,Mahlsdorf,Marzahn-Hellersdorf,buildings,U-Bahn,1.4,15780,,0,44.5949,31.0822,54.128,43.0583,0.9978,0.7772,False
104009,Mahlsdorf,Marzahn-Hellersdorf,buildings,Tram,1.0,15780,,0,15.3053,9.3839,22.5191,17.5553,0.5143,0.1419,False
104009,Mahlsdorf,Marzahn-Hellersdorf,buildings,Tram,1.3,15780,,0,11.7733,7.2184,17.3224,13.504,0.3385,0.0598,False
104009,Mahlsdorf,Marzahn-Hellersdorf,buildings,Tram,1.4,15780,,0,10.9324,6.7028,16.0851,12.5395,0.2923,0.044,False
104009,Mahlsdorf,Marzahn-Hellersdorf,buildings,Bus,1.0,15780,,0,6.1748,3.8854,9.3502,7.0458,0.0669,0.0,False
104009,Mahlsdorf,Marzahn-Hellersdorf,buildings,Bus,1.3,15780,,0,4.7499,2.9888,7.1925,5.4199,0.0111,0.0,False
104009,Mahlsdorf,Marzahn-Hellersdorf,buildings,Bus,1.4,15780,,0,4.4106,2.7753,6.6787,5.0327,0.0037,0.0,False
104009,Mahlsdorf,Marzahn-Hellersdorf,buildings,Regionalbahn,1.0,15780,,0,44.3062,29.2232,59.9939,44.3711,0.9293,0.7369,False
104009,Mahlsdorf,Marzahn-Hellersdorf,buildings,Regionalbahn,1.3,15780,,0,34.0817,22.4794,46.1492,34.1316,0.8824,0.5914,False
104009,Mahlsdorf,Marzahn-Hellersdorf,buildings,Regionalbahn,1.4,15780,,0,31.6473,20.8737,42.8528,31.6936,0.8674,0.5402,False
104009,Mahlsdorf,Marzahn-Hellersdorf,buildings,S- or U-Bahn,1.0,15780,,0,37.5406,26.7024,49.4226,37.3384,0.9285,0.6757,False
104009,Mahlsdorf,Marzahn-Hellersdorf,buildings,S- or U-Bahn,1.3,15780,,0,28.8773,20.5403,38.0174,28.7219,0.8814,0.4668,False
104009,Mahlsdorf,Marzahn-Hellersdorf,buildings,S- or U-Bahn,1.4,15780,,0,26.8147,19.0732,35.3019,26.6703,0.8634,0.4002,False
111001,"Malchow, Wartenberg und Falkenberg",Lichtenberg,buildings,S-Bahn,1.0,4066,,0,31.3159,23.2974,41.7688,32.6827,0.9469,0.5558,False
111001,"Malchow, Wartenberg und Falkenberg",Lichtenberg,buildings,S-Bahn,1.3,4066,,0,24.0892,17.9211,32.1299,25.1405,0.8293,0.3091,False
111001,"Malchow, Wartenberg und Falkenberg",Lichtenberg,buildings,S-Bahn,1.4,4066,,0,22.3685,16.641,29.8349,23.3448,0.7944,0.245,False
111001,"Malchow, Wartenberg und Falkenberg",Lichtenberg,buildings,U-Bahn,1.0,4066,,0,131.907,111.1898,143.521,129.3283,1.0,1.0,False
111001,"Malchow, Wartenberg und Falkenberg",Lichtenberg,buildings,U-Bahn,1.3,4066,,0,101.4669,85.5306,110.4007,99.4833,1.0,1.0,False
111001,"Malchow, Wartenberg und Falkenberg",Lichtenberg,buildings,U-Bahn,1.4,4066,,0,94.2193,79.4213,102.515,92.3774,1.0,1.0,False
111001,"Malchow, Wartenberg und Falkenberg",Lichtenberg,buildings,Tram,1.0,4066,,0,25.981,19.5176,32.2167,26.0791,0.8768,0.3487,False
111001,"Malchow, Wartenberg und Falkenberg",Lichtenberg,buildings,Tram,1.3,4066,,0,19.9854,15.0135,24.7821,20.0609,0.7506,0.0856,False
111001,"Malchow, Wartenberg und Falkenberg",Lichtenberg,buildings,Tram,1.4,4066,,0,18.5578,13.9412,23.0119,18.6279,0.6818,0.06,False
111001,"Malchow, Wartenberg und Falkenberg",Lichtenberg,buildings,Bus,1.0,4066,,0,7.0869,4.6431,10.7412,8.5351,0.1166,0.0032,False
111001,"Malchow, Wartenberg und Falkenberg",Lichtenberg,buildings,Bus,1.3,4066,,0,5.4515,3.5716,8.2625,6.5655,0.0787,0.0,False
111001,"Malchow, Wartenberg und Falkenberg",Lichtenberg,buildings,Bus,1.4,4066,,0,5.0621,3.3165,7.6723,6.0965,0.0694,0.0,False
111001,"Malchow, Wartenberg und Falkenberg",Lichtenberg,buildings,Regionalbahn,1.0,4066,,0,35.7705,26.1288,47.567,36.4988,0.9545,0.6353,False
111001,"Malchow, Wartenberg und Falkenberg",Lichtenberg,buildings,Regionalbahn,1.3,4066,,0,27.5158,20.0991,36.59,28.076,0.8748,0.4471,False
111001,"Malchow, Wartenberg und Falkenberg",Lichtenberg,buildings,Regionalbahn,1.4,4066,,0,25.5504,18.6635,33.9765,26.0706,0.8463,0.4014,False
111001,"Malchow, Wartenberg und Falkenberg",Lichtenberg,buildings,S- or U-Bahn,1.0,4066,,0,31.3159,23.2974,41.7688,32.6827,0.9469,0.5558,False
111001,"Malchow, Wartenberg und Falkenberg",Lichtenberg,buildings,S- or U-Bahn,1.3,4066,,0,24.0892,17.9211,32.1299,25.1405,0.8293,0.3091,False
111001,"Malchow, Wartenberg und Falkenberg",Lichtenberg,buildings,S- or U-Bahn,1.4,4066,,0,22.3685,16.641,29.8349,23.3448,0.7944,0.245,False
111002,Neu-Hohenschönhausen Nord,Lichtenberg,buildings,S-Bahn,1.0,523,,0,12.2412,9.0977,15.4373,12.7637,0.2887,0.0115,False
111002,Neu-Hohenschönhausen Nord,Lichtenberg,buildings,S-Bahn,1.3,523,,0,9.4163,6.9983,11.8749,9.8183,0.1071,0.0,False
111002,Neu-Hohenschönhausen Nord,Lichtenberg,buildings,S-Bahn,1.4,523,,0,8.7437,6.4984,11.0267,9.117,0.0956,0.0,False
111002,Neu-Hohenschönhausen Nord,Lichtenberg,buildings,U-Bahn,1.0,523,,0,127.9362,123.2648,131.6609,126.6995,1.0,1.0,False
111002,Neu-Hohenschönhausen Nord,Lichtenberg,buildings,U-Bahn,1.3,523,,0,98.4124,94.8191,101.2776,97.4612,1.0,1.0,False
111002,Neu-Hohenschönhausen Nord,Lichtenberg,buildings,U-Bahn,1.4,523,,0,91.383,88.0463,94.0435,90.4996,1.0,1.0,False
111002,Neu-Hohenschönhausen Nord,Lichtenberg,buildings,Tram,1.0,523,,0,13.4644,8.2,18.8458,13.7616,0.4226,0.0038,False
111002,Neu-Hohenschönhausen Nord,Lichtenberg,buildings,Tram,1.3,523,,0,10.3572,6.3077,14.4967,10.5858,0.2294,0.0,False
111002,Neu-Hohenschönhausen Nord,Lichtenberg,buildings,Tram,1.4,523,,0,9.6174,5.8571,13.4613,9.8297,0.1893,0.0,False
111002,Neu-Hohenschönhausen Nord,Lichtenberg,buildings,Bus,1.0,523,,0,5.4677,3.6555,6.9819,5.4339,0.0038,0.0,False
111002,Neu-Hohenschönhausen Nord,Lichtenberg,buildings,Bus,1.3,523,,0,4.2059,2.8119,5.3707,4.1799,0.0,0.0,False
111002,Neu-Hohenschönhausen Nord,Lichtenberg,buildings,Bus,1.4,523,,0,3.9055,2.6111,4.9871,3.8814,0.0,0.0,False
111002,Neu-Hohenschönhausen Nord,Lichtenberg,buildings,Regionalbahn,1.0,523,,0,18.4128,13.8032,25.0848,18.8871,0.7017,0.0402,False
111002,Neu-Hohenschönhausen Nord,Lichtenberg,buildings,Regionalbahn,1.3,523,,0,14.1637,10.6178,19.296,14.5285,0.4455,0.0038,False
111002,Neu-Hohenschönhausen Nord,Lichtenberg,buildings,Regionalbahn,1.4,523,,0,13.152,9.8594,17.9177,13.4908,0.3939,0.0019,False
111002,Neu-Hohenschönhausen Nord,Lichtenberg,buildings,S- or U-Bahn,1.0,523,,0,12.2412,9.0977,15.4373,12.7637,0.2887,0.0115,False
111002,Neu-Hohenschönhausen Nord,Lichtenberg,buildings,S- or U-Bahn,1.3,523,,0,9.4163,6.9983,11.8749,9.8183,0.1071,0.0,False
111002,Neu-Hohenschönhausen Nord,Lichtenberg,buildings,S- or U-Bahn,1.4,523,,0,8.7437,6.4984,11.0267,9.117,0.0956,0.0,False
111003,Neu-Hohenschönhausen Süd,Lichtenberg,buildings,S-Bahn,1.0,465,,0,15.6511,12.5009,18.0197,15.2272,0.5505,0.0022,False
111003,Neu-Hohenschönhausen Süd,Lichtenberg,buildings,S-Bahn,1.3,465,,0,12.0393,9.6161,13.8613,11.7132,0.1591,0.0,False
111003,Neu-Hohenschönhausen Süd,Lichtenberg,buildings,S-Bahn,1.4,465,,0,11.1794,8.9292,12.8712,10.8766,0.1054,0.0,False
111003,Neu-Hohenschönhausen Süd,Lichtenberg,buildings,U-Bahn,1.0,465,,0,109.5971,107.0,113.8983,110.747,1.0,1.0,False
111003,Neu-Hohenschönhausen Süd,Lichtenberg,buildings,U-Bahn,1.3,465,,0,84.3054,82.3077,87.6141,85.19,1.0,1.0,False
111003,Neu-Hohenschönhausen Süd,Lichtenberg,buildings,U-Bahn,1.4,465,,0,78.2836,76.4286,81.3559,79.105,1.0,1.0,False
111003,Neu-Hohenschönhausen Süd,Lichtenberg,buildings,Tram,1.0,465,,0,6.4311,4.5179,8.773,7.0112,0.0129,0.0,False
111003,Neu-Hohenschönhausen Süd,Lichtenberg,buildings,Tram,1.3,465,,0,4.947,3.4753,6.7484,5.3932,0.0065,0.0,False
111003,Neu-Hohenschönhausen Süd,Lichtenberg,buildings,Tram,1.4,465,,0,4.5937,3.2271,6.2664,5.008,0.0022,0.0,False
111003,Neu-Hohenschönhausen Süd,Lichtenberg,buildings,Bus,1.0,465,,0,5.805,3.7208,8.1772,6.0058,0.0022,0.0,False
111003,Neu-Hohenschönhausen Süd,Lichtenberg,buildings,Bus,1.3,465,,0,4.4654,2.8621,6.2902,4.6198,0.0,0.0,False
111003,Neu-Hohenschönhausen Süd,Lichtenberg,buildings,Bus,1.4,465,,0,4.1464,2.6577,5.8409,4.2899,0.0,0.0,False
111003,Neu-Hohenschönhausen Süd,Lichtenberg,buildings,Regionalbahn,1.0,465,,0,21.3868,15.3712,27.3425,21.1536,0.7505,0.1785,False
111003,Neu-Hohenschönhausen Süd,Lichtenberg,buildings,Regionalbahn,1.3,465,,0,16.4514,11.824,21.0327,16.272,0.5613,0.0,False
111003,Neu-Hohenschönhausen Süd,Lichtenberg,buildings,Regionalbahn,1.4,465,,0,15.2763,10.9794,19.5303,15.1097,0.5161,0.0,False
111003,Neu-Hohenschönhausen Süd,Lichtenberg,buildings,S- or U-Bahn,1.0,465,,0,15.6511,12.5009,18.0197,15.2272,0.5505,0.0022,False
111003,Neu-Hohenschönhausen Süd,Lichtenberg,buildings,S- or U-Bahn,1.3,465,,0,12.0393,9.6161,13.8613,11.7132,0.1591,0.0,False
111003,Neu-Hohenschönhausen Süd,Lichtenberg,buildings,S- or U-Bahn,1.4,465,,0,11.1794,8.9292,12.8712,10.8766,0.1054,0.0,False
112004,Alt-Hohenschönhausen Nord,Lichtenberg,buildings,S-Bahn,1.0,4909,,0,25.4702,21.33,30.8358,25.6675,0.8766,0.2854,False
112004,Alt-Hohenschönhausen Nord,Lichtenberg,buildings,S-Bahn,1.3,4909,,0,19.5925,16.4077,23.7199,19.7443,0.8242,0.053,False
112004,Alt-Hohenschönhausen Nord,Lichtenberg,buildings,S-Bahn,1.4,4909,,0,18.193,15.2357,22.0256,18.334,0.7633,0.0214,False
112004,Alt-Hohenschönhausen Nord,Lichtenberg,buildings,U-Bahn,1.0,4909,,0,97.0319,90.5732,101.6277,95.7202,1.0,1.0,False
112004,Alt-Hohenschönhausen Nord,Lichtenberg,buildings,U-Bahn,1.3,4909,,0,74.6399,69.6717,78.1751,73.6309,1.0,1.0,False
112004,Alt-Hohenschönhausen Nord,Lichtenberg,buildings,U-Bahn,1.4,4909,,0,69.3085,64.6951,72.5912,68.3716,1.0,1.0,False
112004,Alt-Hohenschönhausen Nord,Lichtenberg,buildings,Tram,1.0,4909,,0,7.9573,5.8619,11.0141,8.7609,0.0831,0.0018,False
112004,Alt-Hohenschönhausen Nord,Lichtenberg,buildings,Tram,1.3,4909,,0,6.121,4.5091,8.4724,6.7392,0.0171,0.0,False
112004,Alt-Hohenschönhausen Nord,Lichtenberg,buildings,Tram,1.4,4909,,0,5.6838,4.187,7.8672,6.2578,0.0126,0.0,False
112004,Alt-Hohenschönhausen Nord,Lichtenberg,buildings,Bus,1.0,4909,,0,5.9583,4.0592,7.633,6.0023,0.0018,0.0,False
112004,Alt-Hohenschönhausen Nord,Lichtenberg,buildings,Bus,1.3,4909,,0,4.5833,3.1224,5.8715,4.6172,0.0004,0.0,False
112004,Alt-Hohenschönhausen Nord,Lichtenberg,buildings,Bus,1.4,4909,,0,4.2559,2.8994,5.4521,4.2874,0.0002,0.0,False
112004,Alt-Hohenschönhausen Nord,Lichtenberg,buildings,Regionalbahn,1.0,4909,,0,29.1095,24.031,34.818,30.3425,1.0,0.4691,False
112004,Alt-Hohenschönhausen Nord,Lichtenberg,buildings,Regionalbahn,1.3,4909,,0,22.3919,18.4854,26.7831,23.3404,0.9538,0.1139,False
112004,Alt-Hohenschönhausen Nord,Lichtenberg,buildings,Regionalbahn,1.4,4909,,0,20.7925,17.165,24.87,21.6732,0.8965,0.0811,False
112004,Alt-Hohenschönhausen Nord,Lichtenberg,buildings,S- or U-Bahn,1.0,4909,,0,25.4702,21.33,30.8358,25.6675,0.8766,0.2854,False
112004,Alt-Hohenschönhausen Nord,Lichtenberg,buildings,S- or U-Bahn,1.3,4909,,0,19.5925,16.4077,23.7199,19.7443,0.8242,0.053,False
112004,Alt-Hohenschönhausen Nord,Lichtenberg,buildings,S- or U-Bahn,1.4,4909,,0,18.193,15.2357,22.0256,18.334,0.7633,0.0214,False
112005,Alt-Hohenschönhausen Süd,Lichtenberg,buildings,S-Bahn,1.0,2340,,0,47.9795,42.3443,52.4976,47.2084,1.0,0.9974,False
112005,Alt-Hohenschönhausen Süd,Lichtenberg,buildings,S-Bahn,1.3,2340,,0,36.9073,32.5726,40.3828,36.3142,1.0,0.8632,False
112005,Alt-Hohenschönhausen Süd,Lichtenberg,buildings,S-Bahn,1.4,2340,,0,34.271,30.246,37.4983,33.7203,1.0,0.7765,False
112005,Alt-Hohenschönhausen Süd,Lichtenberg,buildings,U-Bahn,1.0,2340,,0,67.9412,61.2214,73.8132,67.534,1.0,1.0,False
112005,Alt-Hohenschönhausen Süd,Lichtenberg,buildings,U-Bahn,1.3,2340,,0,52.2624,47.0934,56.7794,51.9493,1.0,1.0,False
112005,Alt-Hohenschönhausen Süd,Lichtenberg,buildings,U-Bahn,1.4,2340,,0,48.5294,43.7295,52.7237,48.2386,1.0,1.0,False
112005,Alt-Hohenschönhausen Süd,Lichtenberg,buildings,Tram,1.0,2340,,0,6.7799,4.4621,10.3822,7.6401,0.0496,0.0,False
112005,Alt-Hohenschönhausen Süd,Lichtenberg,buildings,Tram,1.3,2340,,0,5.2153,3.4324,7.9863,5.877,0.0171,0.0,False
112005,Alt-Hohenschönhausen Süd,Lichtenberg,buildings,Tram,1.4,2340,,0,4.8428,3.1872,7.4159,5.4572,0.0103,0.0,False
112005,Alt-Hohenschönhausen Süd,Lichtenberg,buildings,Bus,1.0,2340,,0,10.5085,7.4114,13.412,10.4751,0.1397,0.0,False
112005,Alt-Hohenschönhausen Süd,Lichtenberg,buildings,Bus,1.3,2340,,0,8.0835,5.701,10.3169,8.0578,0.0244,0.0,False
112005,Alt-Hohenschönhausen Süd,Lichtenberg,buildings,Bus,1.4,2340,,0,7.5061,5.2938,9.58,7.4822,0.0218,0.0,False
112005,Alt-Hohenschönhausen Süd,Lichtenberg,buildings,Regionalbahn,1.0,2340,,0,60.7485,56.9274,64.8926,61.3313,1.0,1.0,False
112005,Alt-Hohenschönhausen Süd,Lichtenberg,buildings,Regionalbahn,1.3,2340,,0,46.7296,43.7903,49.9174,47.1779,1.0,1.0,False
112005,Alt-Hohenschönhausen Süd,Lichtenberg,buildings,Regionalbahn,1.4,2340,,0,43.3918,40.6625,46.3519,43.8081,1.0,1.0,False
112005,Alt-Hohenschönhausen Süd,Lichtenberg,buildings,S- or U-Bahn,1.0,2340,,0,47.9795,42.3443,52.405,47.166,1.0,0.9974,False
112005,Alt-Hohenschönhausen Süd,Lichtenberg,buildings,S- or U-Bahn,1.3,2340,,0,36.9073,32.5726,40.3115,36.2815,1.0,0.8632,False
112005,Alt-Hohenschönhausen Süd,Lichtenberg,buildings,S- or U-Bahn,1.4,2340,,0,34.271,30.246,37.4321,33.69,1.0,0.7765,False
113006,Fennpfuhl,Lichtenberg,buildings,S-Bahn,1.0,421,,0,21.0589,12.7885,27.824,20.1457,0.6793,0.0998,False
113006,Fennpfuhl,Lichtenberg,buildings,S-Bahn,1.3,421,,0,16.1992,9.8373,21.4031,15.4967,0.5487,0.0,False
113006,Fennpfuhl,Lichtenberg,buildings,S-Bahn,1.4,421,,0,15.0421,9.1347,19.8743,14.3898,0.5036,0.0,False
113006,Fennpfuhl,Lichtenberg,buildings,U-Bahn,1.0,421,,0,34.3374,28.4455,43.5329,36.553,1.0,0.6841,False
113006,Fennpfuhl,Lichtenberg,buildings,U-Bahn,1.3,421,,0,26.4134,21.8811,33.4869,28.1177,1.0,0.3658,False
113006,Fennpfuhl,Lichtenberg,buildings,U-Bahn,1.4,421,,0,24.5267,20.3182,31.0949,26.1093,1.0,0.2803,False
113006,Fennpfuhl,Lichtenberg,buildings,Tram,1.0,421,,0,5.8345,4.0603,7.2618,5.8302,0.0,0.0,False
113006,Fennpfuhl,Lichtenberg,buildings,Tram,1.3,421,,0,4.4881,3.1233,5.586,4.4848,0.0,0.0,False
113006,Fennpfuhl,Lichtenberg,buildings,Tram,1.4,421,,0,4.1675,2.9002,5.187,4.1644,0.0,0.0,False
113006,Fennpfuhl,Lichtenberg,buildings,Bus,1.0,421,,0,5.0087,3.2606,6.7724,5.1681,0.0,0.0,False
113006,Fennpfuhl,Lichtenberg,buildings,Bus,1.3,421,,0,3.8529,2.5082,5.2096,3.9754,0.0,0.0,False
113006,Fennpfuhl,Lichtenberg,buildings,Bus,1.4,421,,0,3.5777,2.329,4.8375,3.6915,0.0,0.0,False
113006,Fennpfuhl,Lichtenberg,buildings,Regionalbahn,1.0,421,,0,57.3829,51.432,67.3259,58.9916,1.0,1.0,False
113006,Fennpfuhl,Lichtenberg,buildings,Regionalbahn,1.3,421,,0,44.1407,39.5631,51.7892,45.3781,1.0,0.9976,False
113006,Fennpfuhl,Lichtenberg,buildings,Regionalbahn,1.4,421,,0,40.9878,36.7371,48.09,42.1368,1.0,0.9881,False
113006,Fennpfuhl,Lichtenberg,buildings,S- or U-Bahn,1.0,421,,0,21.0589,12.7885,27.7969,20.1221,0.6793,0.0998,False
113006,Fennpfuhl,Lichtenberg,buildings,S- or U-Bahn,1.3,421,,0,16.1992,9.8373,21.3823,15.4786,0.5487,0.0,False
113006,Fennpfuhl,Lichtenberg,buildings,S- or U-Bahn,1.4,421,,0,15.0421,9.1347,19.855,14.373,0.5036,0.0,False
113007,Alt-Lichtenberg,Lichtenberg,buildings,S-Bahn,1.0,2878,,0,23.3136,15.9142,30.9226,24.2094,0.7808,0.2814,False
113007,Alt-Lichtenberg,Lichtenberg,buildings,S-Bahn,1.3,2878,,0,17.9335,12.2417,23.7866,18.6226,0.6025,0.1088,False
113007,Alt-Lichtenberg,Lichtenberg,buildings,S-Bahn,1.4,2878,,0,16.6525,11.3673,22.0875,17.2924,0.541,0.0691,False
113007,Alt-Lichtenberg,Lichtenberg,buildings,U-Bahn,1.0,2878,,0,22.2686,17.9278,31.63,24.9118,0.8224,0.2936,False
113007,Alt-Lichtenberg,Lichtenberg,buildings,U-Bahn,1.3,2878,,0,17.1297,13.7906,24.3308,19.163,0.6789,0.1404,False
113007,Alt-Lichtenberg,Lichtenberg,buildings,U-Bahn,1.4,2878,,0,15.9061,12.8056,22.5929,17.7942,0.5876,0.1133,False
113007,Alt-Lichtenberg,Lichtenberg,buildings,Tram,1.0,2878,,0,7.4065,4.7527,10.5378,7.6974,0.0205,0.0,False
113007,Alt-Lichtenberg,Lichtenberg,buildings,Tram,1.3,2878,,0,5.6973,3.6559,8.106,5.9211,0.0,0.0,False
113007,Alt-Lichtenberg,Lichtenberg,buildings,Tram,1.4,2878,,0,5.2904,3.3948,7.527,5.4981,0.0,0.0,False
113007,Alt-Lichtenberg,Lichtenberg,buildings,Bus,1.0,2878,,0,5.5979,3.6329,8.6477,6.1509,0.0028,0.0,False
113007,Alt-Lichtenberg,Lichtenberg,buildings,Bus,1.3,2878,,0,4.3061,2.7945,6.6521,4.7314,0.0,0.0,False
113007,Alt-Lichtenberg,Lichtenberg,buildings,Bus,1.4,2878,,0,3.9985,2.5949,6.1769,4.3935,0.0,0.0,False
113007,Alt-Lichtenberg,Lichtenberg,buildings,Regionalbahn,1.0,2878,,0,30.9292,23.0865,39.39,31.4279,0.9076,0.5393,False
113007,Alt-Lichtenberg,Lichtenberg,buildings,Regionalbahn,1.3,2878,,0,23.7917,17.7589,30.3,24.1753,0.8652,0.2623,False
113007,Alt-Lichtenberg,Lichtenberg,buildings,Regionalbahn,1.4,2878,,0,22.0923,16.4904,28.1357,22.4485,0.8377,0.1821,False
113007,Alt-Lichtenberg,Lichtenberg,buildings,S- or U-Bahn,1.0,2878,,0,19.0495,12.514,26.6241,20.9316,0.6855,0.2019,False
113007,Alt-Lichtenberg,Lichtenberg,buildings,S- or U-Bahn,1.3,2878,,0,14.6534,9.6262,20.48,16.1012,0.4753,0.0938,False
113007,Alt-Lichtenberg,Lichtenberg,buildings,S- or U-Bahn,1.4,2878,,0,13.6068,8.9386,19.0172,14.9511,0.3926,0.0618,False
113008,Frankfurter Allee Süd,Lichtenberg,buildings,S-Bahn,1.0,246,,0,15.1976,11.1615,16.996,13.5415,0.5244,0.0,False
113008,Frankfurter Allee Süd,Lichtenberg,buildings,S-Bahn,1.3,246,,0,11.6905,8.5858,13.0738,10.4165,0.0203,0.0,False
113008,Frankfurter Allee Süd,Lichtenberg,buildings,S-Bahn,1.4,246,,0,10.8554,7.9725,12.14,9.6725,0.0041,0.0,False
113008,Frankfurter Allee Süd,Lichtenberg,buildings,U-Bahn,1.0,246,,0,11.7241,9.1742,15.0738,12.3353,0.252,0.0,False
113008,Frankfurter Allee Süd,Lichtenberg,buildings,U-Bahn,1.3,246,,0,9.0186,7.0571,11.5952,9.4887,0.0813,0.0,False
113008,Frankfurter Allee Süd,Lichtenberg,buildings,U-Bahn,1.4,246,,0,8.3744,6.553,10.767,8.8109,0.0732,0.0,False
113008,Frankfurter Allee Süd,Lichtenberg,buildings,Tram,1.0,246,,0,12.5576,10.7445,14.9973,13.0168,0.248,0.0,False
113008,Frankfurter Allee Süd,Lichtenberg,buildings,Tram,1.3,246,,0,9.6597,8.265,11.5364,10.0129,0.0772,0.0,False
113008,Frankfurter Allee Süd,Lichtenberg,buildings,Tram,1.4,246,,0,8.9697,7.6747,10.7124,9.2977,0.0081,0.0,False
113008,Frankfurter Allee Süd,Lichtenberg,buildings,Bus,1.0,246,,0,9.2363,5.564,11.0264,8.506,0.0,0.0,False
113008,Frankfurter Allee Süd,Lichtenberg,buildings,Bus,1.3,246,,0,7.1048,4.28,8.4818,6.5431,0.0,0.0,False
113008,Frankfurter Allee Süd,Lichtenberg,buildings,Bus,1.4,246,,0,6.5973,3.9743,7.876,6.0757,0.0,0.0,False
113008,Frankfurter Allee Süd,Lichtenberg,buildings,Regionalbahn,1.0,246,,0,20.286,16.738,23.1616,18.4776,0.8211,0.0,False
113008,Frankfurter Allee Süd,Lichtenberg,buildings,Regionalbahn,1.3,246,,0,15.6046,12.8754,17.8166,14.2135,0.5244,0.0,False
113008,Frankfurter Allee Süd,Lichtenberg,buildings,Regionalbahn,1.4,246,,0,14.49,11.9557,16.544,13.1983,0.4593,0.0,False
113008,Frankfurter Allee Süd,Lichtenberg,buildings,S- or U-Bahn,1.0,246,,0,10.7323,7.1821,13.3667,10.1151,0.061,0.0,False
113008,Frankfurter Allee Süd,Lichtenberg,buildings,S- or U-Bahn,1.3,246,,0,8.2556,5.5247,10.282,7.7809,0.0,0.0,False
113008,Frankfurter Allee Süd,Lichtenberg,buildings,S- or U-Bahn,1.4,246,,0,7.666,5.1301,9.5476,7.2251,0.0,0.0,False
114009,Neu-Lichtenberg,Lichtenberg,buildings,S-Bahn,1.0,1939,,0,11.8071,8.9527,14.818,11.9632,0.2372,0.0,False
114009,Neu-Lichtenberg,Lichtenberg,buildings,S-Bahn,1.3,1939,,0,9.0824,6.8867,11.3984,9.2025,0.0572,0.0,False
114009,Neu-Lichtenberg,Lichtenberg,buildings,S-Bahn,1.4,1939,,0,8.4337,6.3948,10.5843,8.5452,0.0191,0.0,False
114009,Neu-Lichtenberg,Lichtenberg,buildings,U-Bahn,1.0,1939,,0,19.9811,11.8842,25.2845,19.6002,0.6498,0.132,False
114009,Neu-Lichtenberg,Lichtenberg,buildings,U-Bahn,1.3,1939,,0,15.3701,9.1417,19.4496,15.0771,0.5214,0.0304,False
114009,Neu-Lichtenberg,Lichtenberg,buildings,U-Bahn,1.4,1939,,0,14.2722,8.4887,18.0603,14.0002,0.4507,0.0,False
114009,Neu-Lichtenberg,Lichtenberg,buildings,Tram,1.0,1939,,0,16.1476,10.7202,20.9942,15.8535,0.5678,0.0067,False
114009,Neu-Lichtenberg,Lichtenberg,buildings,Tram,1.3,1939,,0,12.4212,8.2463,16.1494,12.195,0.3239,0.0,False
114009,Neu-Lichtenberg,Lichtenberg,buildings,Tram,1.4,1939,,0,11.534,7.6573,14.9959,11.3239,0.2486,0.0,False
114009,Neu-Lichtenberg,Lichtenberg,buildings,Bus,1.0,1939,,0,4.8011,3.0549,6.5124,5.1896,0.0005,0.0,False
114009,Neu-Lichtenberg,Lichtenberg,buildings,Bus,1.3,1939,,0,3.6931,2.3499,5.0095,3.992,0.0,0.0,False
114009,Neu-Lichtenberg,Lichtenberg,buildings,Bus,1.4,1939,,0,3.4293,2.1821,4.6517,3.7068,0.0,0.0,False
114009,Neu-Lichtenberg,Lichtenberg,buildings,Regionalbahn,1.0,1939,,0,17.6071,12.6134,21.6993,17.4393,0.6364,0.0335,False
114009,Neu-Lichtenberg,Lichtenberg,buildings,Regionalbahn,1.3,1939,,0,13.5439,9.7027,16.6918,13.4148,0.3775,0.0,False
114009,Neu-Lichtenberg,Lichtenberg,buildings,Regionalbahn,1.4,1939,,0,12.5765,9.0096,15.4995,12.4566,0.2904,0.0,False
114009,Neu-Lichtenberg,Lichtenberg,buildings,S- or U-Bahn,1.0,1939,,0,10.6201,8.1403,13.2564,10.7129,0.1423,0.0,False
114009,Neu-Lichtenberg,Lichtenberg,buildings,S- or U-Bahn,1.3,1939,,0,8.1693,6.2617,10.1972,8.2407,0.0062,0.0,False
114009,Neu-Lichtenberg,Lichtenberg,buildings,S- or U-Bahn,1.4,1939,,0,7.5858,5.8145,9.4688,7.6521,0.0,0.0,False
114010,Friedrichsfelde Nord,Lichtenberg,buildings,S-Bahn,1.0,966,,0,20.6374,11.4708,32.5414,22.5805,0.6418,0.3043,False
114010,Friedrichsfelde Nord,Lichtenberg,buildings,S-Bahn,1.3,966,,0,15.875,8.8237,25.0319,17.3696,0.5186,0.1366,False
114010,Friedrichsfelde Nord,Lichtenberg,buildings,S-Bahn,1.4,966,,0,14.741,8.1934,23.2439,16.1289,0.4979,0.0663,False
114010,Friedrichsfelde Nord,Lichtenberg,buildings,U-Bahn,1.0,966,,0,17.1365,12.2445,21.9194,17.4748,0.618,0.0383,False
114010,Friedrichsfelde Nord,Lichtenberg,buildings,U-Bahn,1.3,966,,0,13.1819,9.4189,16.8611,13.4422,0.3613,0.0,False
114010,Friedrichsfelde Nord,Lichtenberg,buildings,U-Bahn,1.4,966,,0,12.2403,8.7461,15.6567,12.482,0.3075,0.0,False
114010,Friedrichsfelde Nord,Lichtenberg,buildings,Tram,1.0,966,,0,9.6918,5.9859,14.3384,10.3595,0.2019,0.0,False
114010,Friedrichsfelde Nord,Lichtenberg,buildings,Tram,1.3,966,,0,7.4552,4.6046,11.0295,7.9689,0.058,0.0,False
114010,Friedrichsfelde Nord,Lichtenberg,buildings,Tram,1.4,966,,0,6.9227,4.2757,10.2417,7.3997,0.0383,0.0,False
114010,Friedrichsfelde Nord,Lichtenberg,buildings,Bus,1.0,966,,0,5.4787,3.3971,10.7523,7.5749,0.1387,0.0,False
114010,Friedrichsfelde Nord,Lichtenberg,buildings,Bus,1.3,966,,0,4.2144,2.6132,8.271,5.8269,0.0404,0.0,False
114010,Friedrichsfelde Nord,Lichtenberg,buildings,Bus,1.4,966,,0,3.9134,2.4265,7.6802,5.4107,0.0217,0.0,False
114010,Friedrichsfelde Nord,Lichtenberg,buildings,Regionalbahn,1.0,966,,0,40.0511,32.0658,47.2724,38.474,0.9296,0.7961,False
114010,Friedrichsfelde Nord,Lichtenberg,buildings,Regionalbahn,1.3,966,,0,30.8085,24.666,36.3634,29.5954,0.9017,0.5362,False
114010,Friedrichsfelde Nord,Lichtenberg,buildings,Regionalbahn,1.4,966,,0,28.6079,22.9042,33.766,27.4814,0.8903,0.4244,False
114010,Friedrichsfelde Nord,Lichtenberg,buildings,S- or U-Bahn,1.0,966,,0,13.0472,9.371,17.0442,13.7126,0.3613,0.0166,False
114010,Friedrichsfelde Nord,Lichtenberg,buildings,S- or U-Bahn,1.3,966,,0,10.0363,7.2085,13.1109,10.5482,0.1729,0.0,False
114010,Friedrichsfelde Nord,Lichtenberg,buildings,S- or U-Bahn,1.4,966,,0,9.3194,6.6936,12.1744,9.7947,0.1429,0.0,False
114011,Friedrichsfelde Süd,Lichtenberg,buildings,S-Bahn,1.0,724,,0,27.1581,18.9705,30.3832,24.3024,0.8384,0.2804,False
114011,Friedrichsfelde Süd,Lichtenberg,buildings,S-Bahn,1.3,724,,0,20.8909,14.5927,23.3717,18.6942,0.7403,0.0,False
114011,Friedrichsfelde Süd,Lichtenberg,buildings,S-Bahn,1.4,724,,0,19.3987,13.5504,21.7023,17.3589,0.7086,0.0,False
114011,Friedrichsfelde Süd,Lichtenberg,buildings,U-Bahn,1.0,724,,0,12.327,9.9145,18.5065,14.4453,0.326,0.018,False
114011,Friedrichsfelde Süd,Lichtenberg,buildings,U-Bahn,1.3,724,,0,9.4823,7.6266,14.2358,11.1118,0.2265,0.0,False
114011,Friedrichsfelde Süd,Lichtenberg,buildings,U-Bahn,1.4,724,,0,8.805,7.0818,13.2189,10.3181,0.1989,0.0,False
114011,Friedrichsfelde Süd,Lichtenberg,buildings,Tram,1.0,724,,0,14.7972,12.1311,22.0904,16.7046,0.4834,0.0856,False
114011,Friedrichsfelde Süd,Lichtenberg,buildings,Tram,1.3,724,,0,11.3825,9.3316,16.9926,12.8497,0.2928,0.0,False
114011,Friedrichsfelde Süd,Lichtenberg,buildings,Tram,1.4,724,,0,10.5695,8.665,15.7788,11.9319,0.2666,0.0,False
114011,Friedrichsfelde Süd,Lichtenberg,buildings,Bus,1.0,724,,0,5.1465,3.5626,7.2042,5.4982,0.0,0.0,False
114011,Friedrichsfelde Süd,Lichtenberg,buildings,Bus,1.3,724,,0,3.9588,2.7405,5.5417,4.2294,0.0,0.0,False
114011,Friedrichsfelde Süd,Lichtenberg,buildings,Bus,1.4,724,,0,3.6761,2.5447,5.1459,3.9273,0.0,0.0,False
114011,Friedrichsfelde Süd,Lichtenberg,buildings,Regionalbahn,1.0,724,,0,34.183,30.1912,42.3559,36.0682,1.0,0.7666,False
114011,Friedrichsfelde Süd,Lichtenberg,buildings,Regionalbahn,1.3,724,,0,26.2946,23.224,32.5815,27.7448,1.0,0.3246,False
114011,Friedrichsfelde Süd,Lichtenberg,buildings,Regionalbahn,1.4,724,,0,24.4164,21.5651,30.2542,25.763,1.0,0.2541,False
114011,Friedrichsfelde Süd,Lichtenberg,buildings,S- or U-Bahn,1.0,724,,0,11.5129,8.978,13.3735,11.39,0.1644,0.0,False
114011,Friedrichsfelde Süd,Lichtenberg,buildings,S- or U-Bahn,1.3,724,,0,8.8561,6.9061,10.2873,8.7615,0.0041,0.0,False
114011,Friedrichsfelde Süd,Lichtenberg,buildings,S- or U-Bahn,1.4,724,,0,8.2235,6.4128,9.5525,8.1357,0.0,0.0,False
115012,Rummelsburger Bucht,Lichtenberg,buildings,S-Bahn,1.0,744,,0,17.9601,11.5687,26.0435,19.6054,0.6022,0.172,False
115012,Rummelsburger Bucht,Lichtenberg,buildings,S-Bahn,1.3,744,,0,13.8155,8.899,20.0335,15.0811,0.4583,0.0269,False
115012,Rummelsburger Bucht,Lichtenberg,buildings,S-Bahn,1.4,744,,0,12.8287,8.2634,18.6025,14.0039,0.4207,0.0027,False
115012,Rummelsburger Bucht,Lichtenberg,buildings,U-Bahn,1.0,744,,0,41.9046,38.5349,49.3333,44.0762,1.0,0.9812,False
115012,Rummelsburger Bucht,Lichtenberg,buildings,U-Bahn,1.3,744,,0,32.2343,29.6422,37.9487,33.9048,1.0,0.7151,False
115012,Rummelsburger Bucht,Lichtenberg,buildings,U-Bahn,1.4,744,,0,29.9319,27.5249,35.2381,31.483,1.0,0.496,False
115012,Rummelsburger Bucht,Lichtenberg,buildings,Tram,1.0,744,,0,6.7427,4.6975,8.7701,7.7898,0.0712,0.0188,False
115012,Rummelsburger Bucht,Lichtenberg,buildings,Tram,1.3,744,,0,5.1867,3.6135,6.7463,5.9922,0.0497,0.0,False
115012,Rummelsburger Bucht,Lichtenberg,buildings,Tram,1.4,744,,0,4.8162,3.3554,6.2644,5.5642,0.0444,0.0,False
115012,Rummelsburger Bucht,Lichtenberg,buildings,Bus,1.0,744,,0,5.7135,3.8613,7.4318,5.9628,0.0108,0.0,False
115012,Rummelsburger Bucht,Lichtenberg,buildings,Bus,1.3,744,,0,4.395,2.9702,5.7168,4.5868,0.0,0.0,False
115012,Rummelsburger Bucht,Lichtenberg,buildings,Bus,1.4,744,,0,4.0811,2.7581,5.3084,4.2591,0.0,0.0,False
115012,Rummelsburger Bucht,Lichtenberg,buildings,Regionalbahn,1.0,744,,0,28.5791,21.8043,45.0452,36.0259,0.9677,0.4651,False
115012,Rummelsburger Bucht,Lichtenberg,buildings,Regionalbahn,1.3,744,,0,21.9839,16.7725,34.6501,27.7123,0.9005,0.3414,False
115012,Rummelsburger Bucht,Lichtenberg,buildings,Regionalbahn,1.4,744,,0,20.4136,15.5745,32.1751,25.7328,0.8239,0.2997,False
115012,Rummelsburger Bucht,Lichtenberg,buildings,S- or U-Bahn,1.0,744,,0,17.9601,11.5687,26.0435,19.6054,0.6022,0.172,False
115012,Rummelsburger Bucht,Lichtenberg,buildings,S- or U-Bahn,1.3,744,,0,13.8155,8.899,20.0335,15.0811,0.4583,0.0269,False
115012,Rummelsburger Bucht,Lichtenberg,buildings,S- or U-Bahn,1.4,744,,0,12.8287,8.2634,18.6025,14.0039,0.4207,0.0027,False
115013,Karlshorst,Lichtenberg,buildings,S-Bahn,1.0,6098,,0,25.3173,19.6017,32.0306,26.1929,0.9111,0.3268,False
115013,Karlshorst,Lichtenberg,buildings,S-Bahn,1.3,6098,,0,19.4748,15.0782,24.6389,20.1484,0.7545,0.0964,False
115013,Karlshorst,Lichtenberg,buildings,S-Bahn,1.4,6098,,0,18.0838,14.0012,22.879,18.7092,0.6896,0.0521,False
115013,Karlshorst,Lichtenberg,buildings,U-Bahn,1.0,6098,,0,36.8252,24.8576,46.348,35.7035,0.9711,0.6133,False
115013,Karlshorst,Lichtenberg,buildings,U-Bahn,1.3,6098,,0,28.3271,19.1212,35.6523,27.4642,0.8862,0.4534,False
115013,Karlshorst,Lichtenberg,buildings,U-Bahn,1.4,6098,,0,26.3037,17.7554,33.1057,25.5025,0.8465,0.3696,False
115013,Karlshorst,Lichtenberg,buildings,Tram,1.0,6098,,0,14.3859,7.1504,22.3348,15.9882,0.4823,0.1359,False
115013,Karlshorst,Lichtenberg,buildings,Tram,1.3,6098,,0,11.0661,5.5003,17.1806,12.2986,0.3431,0.0157,False
115013,Karlshorst,Lichtenberg,buildings,Tram,1.4,6098,,0,10.2756,5.1075,15.9534,11.4202,0.2894,0.0044,False
115013,Karlshorst,Lichtenberg,buildings,Bus,1.0,6098,,0,6.8967,3.8581,13.8801,9.0254,0.2125,0.0,False
115013,Karlshorst,Lichtenberg,buildings,Bus,1.3,6098,,0,5.3052,2.9678,10.677,6.9426,0.0846,0.0,False
115013,Karlshorst,Lichtenberg,buildings,Bus,1.4,6098,,0,4.9262,2.7558,9.9144,6.4467,0.0453,0.0,False
115013,Karlshorst,Lichtenberg,buildings,Regionalbahn,1.0,6098,,0,66.3661,58.6577,77.4958,68.6448,1.0,1.0,False
115013,Karlshorst,Lichtenberg,buildings,Regionalbahn,1.3,6098,,0,51.0509,45.1213,59.6122,52.8037,1.0,1.0,False
115013,Karlshorst,Lichtenberg,buildings,Regionalbahn,1.4,6098,,0,47.4044,41.8983,55.3542,49.032,1.0,1.0,False
115013,Karlshorst,Lichtenberg,buildings,S- or U-Bahn,1.0,6098,,0,21.575,17.6804,26.8385,22.2568,0.8823,0.1404,False
115013,Karlshorst,Lichtenberg,buildings,S- or U-Bahn,1.3,6098,,0,16.5962,13.6003,20.645,17.1206,0.6407,0.0018,False
115013,Karlshorst,Lichtenberg,buildings,S- or U-Bahn,1.4,6098,,0,15.4107,12.6288,19.1703,15.8977,0.5366,0.0,False
121001,Ost 1 - Reginhardstraße,Reinickendorf,buildings,S-Bahn,1.0,2497,,0,19.6118,12.9695,24.8695,18.9521,0.6728,0.0705,False
121001,Ost 1 - Reginhardstraße,Reinickendorf,buildings,S-Bahn,1.3,2497,,0,15.086,9.9765,19.1304,14.5786,0.5066,0.0,False
121001,Ost 1 - Reginhardstraße,Reinickendorf,buildings,S-Bahn,1.4,2497,,0,14.0084,9.2639,17.764,13.5372,0.4549,0.0,False
121001,Ost 1 - Reginhardstraße,Reinickendorf,buildings,U-Bahn,1.0,2497,,0,13.901,9.2627,19.6902,14.8378,0.4345,0.0092,False
121001,Ost 1 - Reginhardstraße,Reinickendorf,buildings,U-Bahn,1.3,2497,,0,10.6931,7.1252,15.1463,11.4137,0.2551,0.0,False
121001,Ost 1 - Reginhardstraße,Reinickendorf,buildings,U-Bahn,1.4,2497,,0,9.9293,6.6162,14.0644,10.5985,0.2151,0.0,False
121001,Ost 1 - Reginhardstraße,Reinickendorf,buildings,Tram,1.0,2497,,0,26.3952,20.0386,30.0635,25.185,0.8674,0.2531,False
121001,Ost 1 - Reginhardstraße,Reinickendorf,buildings,Tram,1.3,2497,,0,20.304,15.4143,23.1258,19.3731,0.7609,0.0212,False
121001,Ost 1 - Reginhardstraße,Reinickendorf,buildings,Tram,1.4,2497,,0,18.8537,14.3133,21.4739,17.9893,0.7185,0.002,False
121001,Ost 1 - Reginhardstraße,Reinickendorf,buildings,Bus,1.0,2497,,0,3.7821,2.5796,4.9571,3.8035,0.0,0.0,False
121001,Ost 1 - Reginhardstraße,Reinickendorf,buildings,Bus,1.3,2497,,0,2.9093,1.9843,3.8132,2.9258,0.0,0.0,False
121001,Ost 1 - Reginhardstraße,Reinickendorf,buildings,Bus,1.4,2497,,0,2.7015,1.8426,3.5408,2.7168,0.0,0.0,False
121001,Ost 1 - Reginhardstraße,Reinickendorf,buildings,Regionalbahn,1.0,2497,,0,51.6436,45.7579,56.6221,51.3168,1.0,1.0,False
121001,Ost 1 - Reginhardstraße,Reinickendorf,buildings,Regionalbahn,1.3,2497,,0,39.7259,35.1984,43.5555,39.4745,1.0,0.9191,False
121001,Ost 1 - Reginhardstraße,Reinickendorf,buildings,Regionalbahn,1.4,2497,,0,36.8883,32.6842,40.4444,36.6549,1.0,0.8486,False
121001,Ost 1 - Reginhardstraße,Reinickendorf,buildings,S- or U-Bahn,1.0,2497,,0,10.8242,7.4653,13.4514,10.4229,0.1093,0.0,False
121001,Ost 1 - Reginhardstraße,Reinickendorf,buildings,S- or U-Bahn,1.3,2497,,0,8.3263,5.7425,10.3473,8.0176,0.0,0.0,False
121001,Ost 1 - Reginhardstraße,Reinickendorf,buildings,S- or U-Bahn,1.4,2497,,0,7.7316,5.3323,9.6082,7.445,0.0,0.0,False
121002,Ost 2 - Alt-Reinickendorf,Reinickendorf,buildings,S-Bahn,1.0,3125,,0,20.0733,14.0541,27.7728,21.2748,0.7043,0.2006,False
121002,Ost 2 - Alt-Reinickendorf,Reinickendorf,buildings,S-Bahn,1.3,3125,,0,15.441,10.8109,21.3637,16.3652,0.5178,0.0163,False
121002,Ost 2 - Alt-Reinickendorf,Reinickendorf,buildings,S-Bahn,1.4,3125,,0,14.3381,10.0387,19.8377,15.1963,0.4678,0.0,False
121002,Ost 2 - Alt-Reinickendorf,Reinickendorf,buildings,U-Bahn,1.0,3125,,0,13.3246,8.2416,20.6219,14.6625,0.4509,0.0262,False
121002,Ost 2 - Alt-Reinickendorf,Reinickendorf,buildings,U-Bahn,1.3,3125,,0,10.2497,6.3397,15.863,11.2789,0.2794,0.0019,False
121002,Ost 2 - Alt-Reinickendorf,Reinickendorf,buildings,U-Bahn,1.4,3125,,0,9.5176,5.8868,14.7299,10.4732,0.241,0.0,False
121002,Ost 2 - Alt-Reinickendorf,Reinickendorf,buildings,Tram,1.0,3125,,0,45.9451,34.6791,53.0529,43.8923,0.9808,0.8538,False
121002,Ost 2 - Alt-Reinickendorf,Reinickendorf,buildings,Tram,1.3,3125,,0,35.3424,26.6763,40.81,33.7633,0.9462,0.6829,False
121002,Ost 2 - Alt-Reinickendorf,Reinickendorf,buildings,Tram,1.4,3125,,0,32.8179,24.7708,37.895,31.3516,0.9389,0.6368,False
121002,Ost 2 - Alt-Reinickendorf,Reinickendorf,buildings,Bus,1.0,3125,,0,4.6002,3.1279,7.6454,5.5335,0.0048,0.0,False
121002,Ost 2 - Alt-Reinickendorf,Reinickendorf,buildings,Bus,1.3,3125,,0,3.5386,2.4061,5.8811,4.2566,0.0,0.0,False
121002,Ost 2 - Alt-Reinickendorf,Reinickendorf,buildings,Bus,1.4,3125,,0,3.2859,2.2342,5.461,3.9525,0.0,0.0,False
121002,Ost 2 - Alt-Reinickendorf,Reinickendorf,buildings,Regionalbahn,1.0,3125,,0,83.0073,69.5029,93.6017,80.2839,1.0,1.0,False
121002,Ost 2 - Alt-Reinickendorf,Reinickendorf,buildings,Regionalbahn,1.3,3125,,0,63.8517,53.4638,72.0013,61.7568,1.0,1.0,False
121002,Ost 2 - Alt-Reinickendorf,Reinickendorf,buildings,Regionalbahn,1.4,3125,,0,59.2909,49.6449,66.8584,57.3456,1.0,1.0,False
121002,Ost 2 - Alt-Reinickendorf,Reinickendorf,buildings,S- or U-Bahn,1.0,3125,,0,11.9531,7.6521,16.9335,12.5843,0.3683,0.0,False
121002,Ost 2 - Alt-Reinickendorf,Reinickendorf,buildings,S- or U-Bahn,1.3,3125,,0,9.1947,5.8862,13.0258,9.6803,0.1632,0.0,False
121002,Ost 2 - Alt-Reinickendorf,Reinickendorf,buildings,S- or U-Bahn,1.4,3125,,0,8.538,5.4658,12.0954,8.9888,0.1194,0.0,False
122003,West 4 - Auguste-Viktoria-Allee,Reinickendorf,buildings,S-Bahn,1.0,2277,,0,17.6571,11.1527,23.5879,17.5712,0.6118,0.061,False
122003,West 4 - Auguste-Viktoria-Allee,Reinickendorf,buildings,S-Bahn,1.3,2277,,0,13.5823,8.579,18.1446,13.5163,0.4278,0.0,False
122003,West 4 - Auguste-Viktoria-Allee,Reinickendorf,buildings,S-Bahn,1.4,2277,,0,12.6122,7.9662,16.8485,12.5508,0.3632,0.0,False
122003,West 4 - Auguste-Viktoria-Allee,Reinickendorf,buildings,U-Bahn,1.0,2277,,0,25.602,18.4511,30.9252,24.5577,0.8191,0.2837,False
122003,West 4 - Auguste-Viktoria-Allee,Reinickendorf,buildings,U-Bahn,1.3,2277,,0,19.6938,14.1931,23.7886,18.8905,0.7216,0.0343,False
122003,West 4 - Auguste-Viktoria-Allee,Reinickendorf,buildings,U-Bahn,1.4,2277,,0,18.2871,13.1793,22.0894,17.5412,0.6891,0.0004,False
122003,West 4 - Auguste-Viktoria-Allee,Reinickendorf,buildings,Tram,1.0,2277,,0,66.8846,57.8528,72.215,64.7983,1.0,1.0,False
122003,West 4 - Auguste-Viktoria-Allee,Reinickendorf,buildings,Tram,1.3,2277,,0,51.4497,44.5022,55.55,49.8449,1.0,0.9978,False
122003,West 4 - Auguste-Viktoria-Allee,Reinickendorf,buildings,Tram,1.4,2277,,0,47.7747,41.3234,51.5821,46.2845,1.0,0.9846,False
122003,West 4 - Auguste-Viktoria-Allee,Reinickendorf,buildings,Bus,1.0,2277,,0,4.2539,2.8935,6.1293,4.7535,0.0,0.0,False
122003,West 4 - Auguste-Viktoria-Allee,Reinickendorf,buildings,Bus,1.3,2277,,0,3.2722,2.2258,4.7149,3.6566,0.0,0.0,False
122003,West 4 - Auguste-Viktoria-Allee,Reinickendorf,buildings,Bus,1.4,2277,,0,3.0385,2.0668,4.3781,3.3954,0.0,0.0,False
122003,West 4 - Auguste-Viktoria-Allee,Reinickendorf,buildings,Regionalbahn,1.0,2277,,0,110.8198,101.8831,116.9712,109.6854,1.0,1.0,False
122003,West 4 - Auguste-Viktoria-Allee,Reinickendorf,buildings,Regionalbahn,1.3,2277,,0,85.246,78.3716,89.9779,84.3734,1.0,1.0,False
122003,West 4 - Auguste-Viktoria-Allee,Reinickendorf,buildings,Regionalbahn,1.4,2277,,0,79.157,72.7736,83.5509,78.3467,1.0,1.0,False
122003,West 4 - Auguste-Viktoria-Allee,Reinickendorf,buildings,S- or U-Bahn,1.0,2277,,0,14.318,10.2833,18.9603,14.7543,0.4721,0.0228,False
122003,West 4 - Auguste-Viktoria-Allee,Reinickendorf,buildings,S- or U-Bahn,1.3,2277,,0,11.0138,7.9102,14.5848,11.3495,0.22,0.0,False
122003,West 4 - Auguste-Viktoria-Allee,Reinickendorf,buildings,S- or U-Bahn,1.4,2277,,0,10.2271,7.3452,13.5431,10.5388,0.1621,0.0,False
122004,West 1 - Tegel-Süd/Flughafensee,Reinickendorf,buildings,S-Bahn,1.0,5222,,0,53.5454,40.2435,71.4759,56.4856,0.9956,0.9165,False
122004,West 1 - Tegel-Süd/Flughafensee,Reinickendorf,buildings,S-Bahn,1.3,5222,,0,41.1887,30.9566,54.9815,43.4505,0.977,0.7765,False
122004,West 1 - Tegel-Süd/Flughafensee,Reinickendorf,buildings,S-Bahn,1.4,5222,,0,38.2467,28.7454,51.0542,40.3469,0.9715,0.7164,False
122004,West 1 - Tegel-Süd/Flughafensee,Reinickendorf,buildings,U-Bahn,1.0,5222,,0,44.0666,37.3507,58.6972,47.0967,0.9759,0.9483,False
122004,West 1 - Tegel-Süd/Flughafensee,Reinickendorf,buildings,U-Bahn,1.3,5222,,0,33.8974,28.7313,45.1517,36.2282,0.9696,0.6777,False
122004,West 1 - Tegel-Süd/Flughafensee,Reinickendorf,buildings,U-Bahn,1.4,5222,,0,31.4761,26.679,41.9266,33.6405,0.9696,0.5672,False
122004,West 1 - Tegel-Süd/Flughafensee,Reinickendorf,buildings,Tram,1.0,5222,,0,99.1515,89.3567,108.4571,99.2646,1.0,1.0,False
122004,West 1 - Tegel-Süd/Flughafensee,Reinickendorf,buildings,Tram,1.3,5222,,0,76.2704,68.7359,83.4286,76.3574,1.0,1.0,False
122004,West 1 - Tegel-Süd/Flughafensee,Reinickendorf,buildings,Tram,1.4,5222,,0,70.8225,63.8262,77.4694,70.9033,1.0,0.9985,False
122004,West 1 - Tegel-Süd/Flughafensee,Reinickendorf,buildings,Bus,1.0,5222,,0,8.4975,5.7462,11.7983,8.8744,0.085,0.0002,False
122004,West 1 - Tegel-Süd/Flughafensee,Reinickendorf,buildings,Bus,1.3,5222,,0,6.5365,4.4202,9.0756,6.8265,0.0025,0.0,False
122004,West 1 - Tegel-Süd/Flughafensee,Reinickendorf,buildings,Bus,1.4,5222,,0,6.0696,4.1045,8.4274,6.3389,0.0019,0.0,False
122004,West 1 - Tegel-Süd/Flughafensee,Reinickendorf,buildings,Regionalbahn,1.0,5222,,0,94.9047,72.9811,131.7594,103.2187,1.0,1.0,False
122004,West 1 - Tegel-Süd/Flughafensee,Reinickendorf,buildings,Regionalbahn,1.3,5222,,0,73.0036,56.1393,101.3534,79.399,1.0,1.0,False
122004,West 1 - Tegel-Süd/Flughafensee,Reinickendorf,buildings,Regionalbahn,1.4,5222,,0,67.7891,52.1294,94.1139,73.7277,1.0,1.0,False
122004,West 1 - Tegel-Süd/Flughafensee,Reinickendorf,buildings,S- or U-Bahn,1.0,5222,,0,39.1827,34.0765,44.8839,38.479,0.9715,0.8792,False
122004,West 1 - Tegel-Süd/Flughafensee,Reinickendorf,buildings,S- or U-Bahn,1.3,5222,,0,30.1406,26.2127,34.526,29.5993,0.9466,0.5086,False
122004,West 1 - Tegel-Süd/Flughafensee,Reinickendorf,buildings,S- or U-Bahn,1.4,5222,,0,27.9877,24.3403,32.0599,27.485,0.941,0.3688,False
122005,West 5 - Tegel,Reinickendorf,buildings,S-Bahn,1.0,1103,,0,17.7892,12.5426,25.1656,18.7116,0.631,0.1215,False
122005,West 5 - Tegel,Reinickendorf,buildings,S-Bahn,1.3,1103,,0,13.684,9.6482,19.3582,14.3936,0.4189,0.0082,False
122005,West 5 - Tegel,Reinickendorf,buildings,S-Bahn,1.4,1103,,0,12.7066,8.959,17.9755,13.3654,0.3418,0.0045,False
122005,West 5 - Tegel,Reinickendorf,buildings,U-Bahn,1.0,1103,,0,61.6071,56.5111,67.796,62.0701,1.0,1.0,False
122005,West 5 - Tegel,Reinickendorf,buildings,U-Bahn,1.3,1103,,0,47.3901,43.4701,52.1507,47.7462,1.0,1.0,False
122005,West 5 - Tegel,Reinickendorf,buildings,U-Bahn,1.4,1103,,0,44.0051,40.3651,48.4257,44.3358,1.0,1.0,False
122005,West 5 - Tegel,Reinickendorf,buildings,Tram,1.0,1103,,0,117.4627,111.7965,124.2916,118.0284,1.0,1.0,False
122005,West 5 - Tegel,Reinickendorf,buildings,Tram,1.3,1103,,0,90.3559,85.9973,95.6089,90.7911,1.0,1.0,False
122005,West 5 - Tegel,Reinickendorf,buildings,Tram,1.4,1103,,0,83.9019,79.8546,88.7797,84.306,1.0,1.0,False
122005,West 5 - Tegel,Reinickendorf,buildings,Bus,1.0,1103,,0,7.845,4.1151,11.024,7.9634,0.0607,0.0,False
122005,West 5 - Tegel,Reinickendorf,buildings,Bus,1.3,1103,,0,6.0346,3.1655,8.48,6.1257,0.0082,0.0,False
122005,West 5 - Tegel,Reinickendorf,buildings,Bus,1.4,1103,,0,5.6036,2.9393,7.8743,5.6881,0.0036,0.0,False
122005,West 5 - Tegel,Reinickendorf,buildings,Regionalbahn,1.0,1103,,0,160.6539,156.9719,174.3514,164.5341,1.0,1.0,False
122005,West 5 - Tegel,Reinickendorf,buildings,Regionalbahn,1.3,1103,,0,123.5799,120.7476,134.1164,126.5647,1.0,1.0,False
122005,West 5 - Tegel,Reinickendorf,buildings,Regionalbahn,1.4,1103,,0,114.7528,112.1228,124.5367,117.5243,1.0,1.0,False
122005,West 5 - Tegel,Reinickendorf,buildings,S- or U-Bahn,1.0,1103,,0,17.7892,12.5426,25.1656,18.7116,0.631,0.1215,False
122005,West 5 - Tegel,Reinickendorf,buildings,S- or U-Bahn,1.3,1103,,0,13.684,9.6482,19.3582,14.3936,0.4189,0.0082,False
122005,West 5 - Tegel,Reinickendorf,buildings,S- or U-Bahn,1.4,1103,,0,12.7066,8.959,17.9755,13.3654,0.3418,0.0045,False
124006,West 2 - Heiligensee/Konradshöhe,Reinickendorf,buildings,S-Bahn,1.0,11785,,0,29.8026,19.9258,63.6819,40.4491,0.8701,0.4966,False
124006,West 2 - Heiligensee/Konradshöhe,Reinickendorf,buildings,S-Bahn,1.3,11785,,0,22.9251,15.3275,48.9861,31.1147,0.7619,0.4091,False
124006,West 2 - Heiligensee/Konradshöhe,Reinickendorf,buildings,S-Bahn,1.4,11785,,0,21.2876,14.2327,45.4871,28.8922,0.7168,0.3891,False
124006,West 2 - Heiligensee/Konradshöhe,Reinickendorf,buildings,U-Bahn,1.0,11785,,0,134.8384,123.8409,142.3386,132.054,1.0,1.0,False
124006,West 2 - Heiligensee/Konradshöhe,Reinickendorf,buildings,U-Bahn,1.3,11785,,0,103.7218,95.2622,109.4912,101.58,1.0,1.0,False
124006,West 2 - Heiligensee/Konradshöhe,Reinickendorf,buildings,U-Bahn,1.4,11785,,0,96.3131,88.4578,101.6704,94.3243,1.0,1.0,False
124006,West 2 - Heiligensee/Konradshöhe,Reinickendorf,buildings,Tram,1.0,11785,,0,190.2583,178.8664,198.8092,188.184,1.0,1.0,False
124006,West 2 - Heiligensee/Konradshöhe,Reinickendorf,buildings,Tram,1.3,11785,,0,146.3526,137.5896,152.9302,144.7569,1.0,1.0,False
124006,West 2 - Heiligensee/Konradshöhe,Reinickendorf,buildings,Tram,1.4,11785,,0,135.8988,127.7617,142.0066,134.4171,1.0,1.0,False
124006,West 2 - Heiligensee/Konradshöhe,Reinickendorf,buildings,Bus,1.0,11785,,0,6.8671,4.162,9.9783,7.2806,0.024,0.0,False
124006,West 2 - Heiligensee/Konradshöhe,Reinickendorf,buildings,Bus,1.3,11785,,0,5.2824,3.2016,7.6756,5.6004,0.0076,0.0,False
124006,West 2 - Heiligensee/Konradshöhe,Reinickendorf,buildings,Bus,1.4,11785,,0,4.905,2.9729,7.1274,5.2004,0.0062,0.0,False
124006,West 2 - Heiligensee/Konradshöhe,Reinickendorf,buildings,Regionalbahn,1.0,11785,,0,245.4447,234.4756,251.1868,241.341,1.0,1.0,False
124006,West 2 - Heiligensee/Konradshöhe,Reinickendorf,buildings,Regionalbahn,1.3,11785,,0,188.8036,180.3658,193.2206,185.6469,1.0,1.0,False
124006,West 2 - Heiligensee/Konradshöhe,Reinickendorf,buildings,Regionalbahn,1.4,11785,,0,175.3177,167.4826,179.4192,172.3864,1.0,1.0,False
124006,West 2 - Heiligensee/Konradshöhe,Reinickendorf,buildings,S- or U-Bahn,1.0,11785,,0,29.8026,19.9258,62.959,40.1942,0.8701,0.4966,False
124006,West 2 - Heiligensee/Konradshöhe,Reinickendorf,buildings,S- or U-Bahn,1.3,11785,,0,22.9251,15.3275,48.43,30.9186,0.7619,0.4091,False
124006,West 2 - Heiligensee/Konradshöhe,Reinickendorf,buildings,S- or U-Bahn,1.4,11785,,0,21.2876,14.2327,44.9707,28.7101,0.7168,0.3891,False
124007,Nord 1 - Frohnau/Hermsdorf,Reinickendorf,buildings,S-Bahn,1.0,14656,,0,20.0706,15.1025,25.9612,20.5809,0.7542,0.1256,False
124007,Nord 1 - Frohnau/Hermsdorf,Reinickendorf,buildings,S-Bahn,1.3,14656,,0,15.4389,11.6173,19.9702,15.8314,0.5317,0.0089,False
124007,Nord 1 - Frohnau/Hermsdorf,Reinickendorf,buildings,S-Bahn,1.4,14656,,0,14.3361,10.7875,18.5437,14.7006,0.455,0.0059,False
124007,Nord 1 - Frohnau/Hermsdorf,Reinickendorf,buildings,U-Bahn,1.0,14656,,0,79.8843,61.4067,103.8021,82.0661,1.0,1.0,False
124007,Nord 1 - Frohnau/Hermsdorf,Reinickendorf,buildings,U-Bahn,1.3,14656,,0,61.4495,47.2359,79.8478,63.1278,1.0,1.0,False
124007,Nord 1 - Frohnau/Hermsdorf,Reinickendorf,buildings,U-Bahn,1.4,14656,,0,57.0602,43.8619,74.1444,58.6187,1.0,0.9961,False
124007,Nord 1 - Frohnau/Hermsdorf,Reinickendorf,buildings,Tram,1.0,14656,,0,117.099,100.3452,139.1737,119.7277,1.0,1.0,False
124007,Nord 1 - Frohnau/Hermsdorf,Reinickendorf,buildings,Tram,1.3,14656,,0,90.0762,77.1886,107.0567,92.0982,1.0,1.0,False
124007,Nord 1 - Frohnau/Hermsdorf,Reinickendorf,buildings,Tram,1.4,14656,,0,83.6422,71.6752,99.4098,85.5198,1.0,1.0,False
124007,Nord 1 - Frohnau/Hermsdorf,Reinickendorf,buildings,Bus,1.0,14656,,0,6.6832,4.2281,10.3668,7.6464,0.0805,0.0001,False
124007,Nord 1 - Frohnau/Hermsdorf,Reinickendorf,buildings,Bus,1.3,14656,,0,5.1409,3.2524,7.9745,5.8818,0.0161,0.0,False
124007,Nord 1 - Frohnau/Hermsdorf,Reinickendorf,buildings,Bus,1.4,14656,,0,4.7737,3.0201,7.4049,5.4617,0.0078,0.0,False
124007,Nord 1 - Frohnau/Hermsdorf,Reinickendorf,buildings,Regionalbahn,1.0,14656,,0,195.9062,177.5236,219.8193,198.0904,1.0,1.0,False
124007,Nord 1 - Frohnau/Hermsdorf,Reinickendorf,buildings,Regionalbahn,1.3,14656,,0,150.6971,136.5566,169.0918,152.3772,1.0,1.0,False
124007,Nord 1 - Frohnau/Hermsdorf,Reinickendorf,buildings,Regionalbahn,1.4,14656,,0,139.933,126.8026,157.0138,141.4931,1.0,1.0,False
124007,Nord 1 - Frohnau/Hermsdorf,Reinickendorf,buildings,S- or U-Bahn,1.0,14656,,0,20.0706,15.1025,25.9612,20.5809,0.7542,0.1256,False
124007,Nord 1 - Frohnau/Hermsdorf,Reinickendorf,buildings,S- or U-Bahn,1.3,14656,,0,15.4389,11.6173,19.9702,15.8314,0.5317,0.0089,False
124007,Nord 1 - Frohnau/Hermsdorf,Reinickendorf,buildings,S- or U-Bahn,1.4,14656,,0,14.3361,10.7875,18.5437,14.7006,0.455,0.0059,False
125008,West 3 - Borsigwalde/Freie Scholle,Reinickendorf,buildings,S-Bahn,1.0,3931,,0,23.7879,19.4714,28.6854,23.6635,0.9069,0.1788,False
125008,West 3 - Borsigwalde/Freie Scholle,Reinickendorf,buildings,S-Bahn,1.3,3931,,0,18.2984,14.978,22.0657,18.2027,0.7492,0.0003,False
125008,West 3 - Borsigwalde/Freie Scholle,Reinickendorf,buildings,S-Bahn,1.4,3931,,0,16.9913,13.9082,20.4895,16.9025,0.6779,0.0,False
125008,West 3 - Borsigwalde/Freie Scholle,Reinickendorf,buildings,U-Bahn,1.0,3931,,0,39.9951,33.3415,48.0978,39.8994,0.9771,0.8624,False
125008,West 3 - Borsigwalde/Freie Scholle,Reinickendorf,buildings,U-Bahn,1.3,3931,,0,30.7654,25.6473,36.9983,30.6918,0.9697,0.5424,False
125008,West 3 - Borsigwalde/Freie Scholle,Reinickendorf,buildings,U-Bahn,1.4,3931,,0,28.5679,23.8154,34.3555,28.4996,0.9644,0.432,False
125008,West 3 - Borsigwalde/Freie Scholle,Reinickendorf,buildings,Tram,1.0,3931,,0,97.9231,91.8838,102.7329,97.0334,1.0,1.0,False
125008,West 3 - Borsigwalde/Freie Scholle,Reinickendorf,buildings,Tram,1.3,3931,,0,75.3254,70.6798,79.0253,74.6411,1.0,1.0,False
125008,West 3 - Borsigwalde/Freie Scholle,Reinickendorf,buildings,Tram,1.4,3931,,0,69.9451,65.6313,73.3806,69.3095,1.0,1.0,False
125008,West 3 - Borsigwalde/Freie Scholle,Reinickendorf,buildings,Bus,1.0,3931,,0,5.8998,3.7087,8.7808,6.2616,0.0,0.0,False
125008,West 3 - Borsigwalde/Freie Scholle,Reinickendorf,buildings,Bus,1.3,3931,,0,4.5383,2.8529,6.7545,4.8166,0.0,0.0,False
125008,West 3 - Borsigwalde/Freie Scholle,Reinickendorf,buildings,Bus,1.4,3931,,0,4.2141,2.6491,6.272,4.4726,0.0,0.0,False
125008,West 3 - Borsigwalde/Freie Scholle,Reinickendorf,buildings,Regionalbahn,1.0,3931,,0,152.5037,142.0392,164.268,151.6878,1.0,1.0,False
125008,West 3 - Borsigwalde/Freie Scholle,Reinickendorf,buildings,Regionalbahn,1.3,3931,,0,117.3106,109.2609,126.36,116.6829,1.0,1.0,False
125008,West 3 - Borsigwalde/Freie Scholle,Reinickendorf,buildings,Regionalbahn,1.4,3931,,0,108.9312,101.4566,117.3343,108.3484,1.0,1.0,False
125008,West 3 - Borsigwalde/Freie Scholle,Reinickendorf,buildings,S- or U-Bahn,1.0,3931,,0,23.5872,18.7828,28.6604,23.2927,0.8843,0.1778,False
125008,West 3 - Borsigwalde/Freie Scholle,Reinickendorf,buildings,S- or U-Bahn,1.3,3931,,0,18.144,14.4483,22.0465,17.9175,0.7237,0.0003,False
125008,West 3 - Borsigwalde/Freie Scholle,Reinickendorf,buildings,S- or U-Bahn,1.4,3931,,0,16.848,13.4163,20.4717,16.6377,0.6535,0.0,False
125009,Nord 2 - Waidmannslust/Wittenau/Lübars,Reinickendorf,buildings,S-Bahn,1.0,9290,,0,26.4318,16.7435,36.7571,27.8364,0.8036,0.4161,False
125009,Nord 2 - Waidmannslust/Wittenau/Lübars,Reinickendorf,buildings,S-Bahn,1.3,9290,,0,20.3321,12.8796,28.2747,21.4126,0.6586,0.2258,False
125009,Nord 2 - Waidmannslust/Wittenau/Lübars,Reinickendorf,buildings,S-Bahn,1.4,9290,,0,18.8798,11.9596,26.2551,19.8831,0.6161,0.1914,False
125009,Nord 2 - Waidmannslust/Wittenau/Lübars,Reinickendorf,buildings,U-Bahn,1.0,9290,,0,34.2623,18.0922,48.0811,33.5978,0.8058,0.6169,False
125009,Nord 2 - Waidmannslust/Wittenau/Lübars,Reinickendorf,buildings,U-Bahn,1.3,9290,,0,26.3556,13.917,36.9855,25.8445,0.7287,0.3836,False
125009,Nord 2 - Waidmannslust/Wittenau/Lübars,Reinickendorf,buildings,U-Bahn,1.4,9290,,0,24.4731,12.923,34.3437,23.9984,0.6994,0.3187,False
125009,Nord 2 - Waidmannslust/Wittenau/Lübars,Reinickendorf,buildings,Tram,1.0,9290,,0,64.4189,49.8977,77.3723,63.3478,1.0,0.9806,False
125009,Nord 2 - Waidmannslust/Wittenau/Lübars,Reinickendorf,buildings,Tram,1.3,9290,,0,49.553,38.3828,59.5172,48.7291,0.9999,0.9155,False
125009,Nord 2 - Waidmannslust/Wittenau/Lübars,Reinickendorf,buildings,Tram,1.4,9290,,0,46.0135,35.6412,55.2659,45.2484,0.9982,0.8743,False
125009,Nord 2 - Waidmannslust/Wittenau/Lübars,Reinickendorf,buildings,Bus,1.0,9290,,0,5.7283,3.7424,8.0047,6.3839,0.0477,0.0,False
125009,Nord 2 - Waidmannslust/Wittenau/Lübars,Reinickendorf,buildings,Bus,1.3,9290,,0,4.4064,2.8788,6.1575,4.9107,0.0093,0.0,False
125009,Nord 2 - Waidmannslust/Wittenau/Lübars,Reinickendorf,buildings,Bus,1.4,9290,,0,4.0916,2.6732,5.7177,4.5599,0.0019,0.0,False
125009,Nord 2 - Waidmannslust/Wittenau/Lübars,Reinickendorf,buildings,Regionalbahn,1.0,9290,,0,147.5518,131.4082,154.4532,141.8075,1.0,1.0,False
125009,Nord 2 - Waidmannslust/Wittenau/Lübars,Reinickendorf,buildings,Regionalbahn,1.3,9290,,0,113.5014,101.0832,118.8101,109.0827,1.0,1.0,False
125009,Nord 2 - Waidmannslust/Wittenau/Lübars,Reinickendorf,buildings,Regionalbahn,1.4,9290,,0,105.3942,93.863,110.3237,101.2911,1.0,1.0,False
125009,Nord 2 - Waidmannslust/Wittenau/Lübars,Reinickendorf,buildings,S- or U-Bahn,1.0,9290,,0,21.0073,13.2215,36.6128,25.4866,0.6784,0.3639,False
125009,Nord 2 - Waidmannslust/Wittenau/Lübars,Reinickendorf,buildings,S- or U-Bahn,1.3,9290,,0,16.1594,10.1704,28.1637,19.6051,0.5411,0.2258,False
125009,Nord 2 - Waidmannslust/Wittenau/Lübars,Reinickendorf,buildings,S- or U-Bahn,1.4,9290,,0,15.0052,9.4439,26.152,18.2047,0.5003,0.1914,False
126010,Rollbergesiedlung,Reinickendorf,buildings,S-Bahn,1.0,1556,,0,15.956,11.416,21.5262,16.2888,0.5572,0.0,False
126010,Rollbergesiedlung,Reinickendorf,buildings,S-Bahn,1.3,1556,,0,12.2739,8.7815,16.5586,12.5299,0.3226,0.0,False
126010,Rollbergesiedlung,Reinickendorf,buildings,S-Bahn,1.4,1556,,0,11.3972,8.1543,15.3759,11.6349,0.2719,0.0,False
126010,Rollbergesiedlung,Reinickendorf,buildings,U-Bahn,1.0,1556,,0,22.2883,16.7673,27.6447,21.9704,0.8117,0.0868,False
126010,Rollbergesiedlung,Reinickendorf,buildings,U-Bahn,1.3,1556,,0,17.1448,12.8979,21.2652,16.9003,0.6594,0.0,False
126010,Rollbergesiedlung,Reinickendorf,buildings,U-Bahn,1.4,1556,,0,15.9202,11.9766,19.7462,15.6931,0.5874,0.0,False
126010,Rollbergesiedlung,Reinickendorf,buildings,Tram,1.0,1556,,0,50.8909,42.3876,61.0918,51.8809,1.0,1.0,False
126010,Rollbergesiedlung,Reinickendorf,buildings,Tram,1.3,1556,,0,39.1469,32.6058,46.9937,39.9084,1.0,0.9499,False
126010,Rollbergesiedlung,Reinickendorf,buildings,Tram,1.4,1556,,0,36.3507,30.2769,43.637,37.0578,1.0,0.7808,False
126010,Rollbergesiedlung,Reinickendorf,buildings,Bus,1.0,1556,,0,4.5284,3.3305,6.0357,4.7792,0.0006,0.0,False
126010,Rollbergesiedlung,Reinickendorf,buildings,Bus,1.3,1556,,0,3.4834,2.5619,4.6429,3.6763,0.0,0.0,False
126010,Rollbergesiedlung,Reinickendorf,buildings,Bus,1.4,1556,,0,3.2345,2.3789,4.3112,3.4137,0.0,0.0,False
126010,Rollbergesiedlung,Reinickendorf,buildings,Regionalbahn,1.0,1556,,0,137.7032,132.1007,141.8169,137.1972,1.0,1.0,False
126010,Rollbergesiedlung,Reinickendorf,buildings,Regionalbahn,1.3,1556,,0,105.9255,101.6159,109.0899,105.5363,1.0,1.0,False
126010,Rollbergesiedlung,Reinickendorf,buildings,Regionalbahn,1.4,1556,,0,98.3594,94.3577,101.2978,97.998,1.0,1.0,False
126010,Rollbergesiedlung,Reinickendorf,buildings,S- or U-Bahn,1.0,1556,,0,15.956,11.416,21.5262,16.2888,0.5572,0.0,False
126010,Rollbergesiedlung,Reinickendorf,buildings,S- or U-Bahn,1.3,1556,,0,12.2739,8.7815,16.5586,12.5299,0.3226,0.0,False
126010,Rollbergesiedlung,Reinickendorf,buildings,S- or U-Bahn,1.4,1556,,0,11.3972,8.1543,15.3759,11.6349,0.2719,0.0,False
126011,MV Nord,Reinickendorf,buildings,S-Bahn,1.0,449,,0,33.3859,27.2042,44.1933,34.6063,0.9131,0.637,False
126011,MV Nord,Reinickendorf,buildings,S-Bahn,1.3,449,,0,25.6814,20.9263,33.9948,26.6202,0.8931,0.3274,False
126011,MV Nord,Reinickendorf,buildings,S-Bahn,1.4,449,,0,23.847,19.4316,31.5666,24.7188,0.8886,0.2784,False
126011,MV Nord,Reinickendorf,buildings,U-Bahn,1.0,449,,0,34.6384,28.957,43.553,35.6201,0.931,0.7038,False
126011,MV Nord,Reinickendorf,buildings,U-Bahn,1.3,449,,0,26.6449,22.2746,33.5023,27.4,0.8953,0.3586,False
126011,MV Nord,Reinickendorf,buildings,U-Bahn,1.4,449,,0,24.7417,20.6836,31.1093,25.4429,0.8864,0.2806,False
126011,MV Nord,Reinickendorf,buildings,Tram,1.0,449,,0,22.8453,18.3901,30.6328,24.6744,0.8864,0.265,False
126011,MV Nord,Reinickendorf,buildings,Tram,1.3,449,,0,17.5733,14.1463,23.5637,18.9803,0.6682,0.0891,False
126011,MV Nord,Reinickendorf,buildings,Tram,1.4,449,,0,16.318,13.1358,21.8806,17.6246,0.5813,0.0624,False
126011,MV Nord,Reinickendorf,buildings,Bus,1.0,449,,0,3.5874,2.6698,4.9366,4.6057,0.0,0.0,False
126011,MV Nord,Reinickendorf,buildings,Bus,1.3,449,,0,2.7595,2.0537,3.7974,3.5429,0.0,0.0,False
126011,MV Nord,Reinickendorf,buildings,Bus,1.4,449,,0,2.5624,1.907,3.5262,3.2898,0.0,0.0,False
126011,MV Nord,Reinickendorf,buildings,Regionalbahn,1.0,449,,0,127.3563,122.7915,131.6289,127.3107,1.0,1.0,False
126011,MV Nord,Reinickendorf,buildings,Regionalbahn,1.3,449,,0,97.9664,94.455,101.253,97.9313,1.0,1.0,False
126011,MV Nord,Reinickendorf,buildings,Regionalbahn,1.4,449,,0,90.9688,87.7082,94.0207,90.9362,1.0,1.0,False
126011,MV Nord,Reinickendorf,buildings,S- or U-Bahn,1.0,449,,0,33.151,27.0108,42.7025,34.0908,0.9131,0.608,False
126011,MV Nord,Reinickendorf,buildings,S- or U-Bahn,1.3,449,,0,25.5008,20.7775,32.8481,26.2237,0.8931,0.3185,False
126011,MV Nord,Reinickendorf,buildings,S- or U-Bahn,1.4,449,,0,23.6793,19.2934,30.5018,24.3506,0.8842,0.2695,False
126012,MV Süd,Reinickendorf,buildings,S-Bahn,1.0,1019,,0,20.6519,15.344,28.0552,21.8253,0.7576,0.2012,False
126012,MV Süd,Reinickendorf,buildings,S-Bahn,1.3,1019,,0,15.8861,11.8031,21.5809,16.7887,0.5525,0.0039,False
126012,MV Süd,Reinickendorf,buildings,S-Bahn,1.4,1019,,0,14.7514,10.96,20.0394,15.5895,0.4897,0.0,False
126012,MV Süd,Reinickendorf,buildings,U-Bahn,1.0,1019,,0,18.4709,13.4669,25.8742,19.9787,0.6555,0.1433,False
126012,MV Süd,Reinickendorf,buildings,U-Bahn,1.3,1019,,0,14.2084,10.3592,19.9032,15.3683,0.4848,0.0,False
126012,MV Süd,Reinickendorf,buildings,U-Bahn,1.4,1019,,0,13.1935,9.6192,18.4815,14.2705,0.4387,0.0,False
126012,MV Süd,Reinickendorf,buildings,Tram,1.0,1019,,0,34.7618,28.5157,40.0758,34.0669,0.9951,0.683,False
126012,MV Süd,Reinickendorf,buildings,Tram,1.3,1019,,0,26.7398,21.9352,30.8275,26.2053,0.9843,0.314,False
126012,MV Süd,Reinickendorf,buildings,Tram,1.4,1019,,0,24.8298,20.3684,28.6256,24.3335,0.9755,0.1197,False
126012,MV Süd,Reinickendorf,buildings,Bus,1.0,1019,,0,4.4217,2.6334,6.2345,4.5354,0.0,0.0,False
126012,MV Süd,Reinickendorf,buildings,Bus,1.3,1019,,0,3.4013,2.0257,4.7958,3.4888,0.0,0.0,False
126012,MV Süd,Reinickendorf,buildings,Bus,1.4,1019,,0,3.1583,1.881,4.4532,3.2396,0.0,0.0,False
126012,MV Süd,Reinickendorf,buildings,Regionalbahn,1.0,1019,,0,116.238,113.7286,121.1583,117.4596,1.0,1.0,False
126012,MV Süd,Reinickendorf,buildings,Regionalbahn,1.3,1019,,0,89.4138,87.4835,93.1987,90.3535,1.0,1.0,False
126012,MV Süd,Reinickendorf,buildings,Regionalbahn,1.4,1019,,0,83.0271,81.2347,86.5416,83.8997,1.0,1.0,False
126012,MV Süd,Reinickendorf,buildings,S- or U-Bahn,1.0,1019,,0,18.4709,13.4583,25.8742,19.9721,0.6555,0.1433,False
126012,MV Süd,Reinickendorf,buildings,S- or U-Bahn,1.3,1019,,0,14.2084,10.3526,19.9032,15.3632,0.4848,0.0,False
126012,MV Süd,Reinickendorf,buildings,S- or U-Bahn,1.4,1019,,0,13.1935,9.6131,18.4815,14.2658,0.4387,0.0,False
