osm_id,plr_id,residents,origin_connection_m,reach_sb_400,reach_sb_800,dist_sb,reach_ub_400,reach_ub_800,dist_ub,reach_tr_400,reach_tr_800,dist_tr,reach_bu_400,reach_bu_800,dist_bu,reach_rb_400,reach_rb_800,dist_rb,reach_su_400,reach_su_800,dist_su,reach_anyf_400,reach_anyf_800,dist_anyf
15698848,02200207,39.3,71.8,0,0,1485.3,0,0,969.3,0,0,inf,0,0,969.3,0,0,inf,0,0,969.3,0,0,969.3
16108423,02200207,5.9,17.9,0,0,1020.4,0,2,605.6,0,0,inf,0,2,605.6,0,0,1506.2,0,2,605.6,0,3,605.6
16108425,02200207,14.6,71.1,0,0,1136.0,0,1,620.1,0,0,inf,0,1,620.1,0,0,1699.7,0,1,620.1,0,1,620.1
16108427,02200207,17.8,37.6,0,0,1103.5,0,1,587.6,0,0,inf,0,1,587.6,0,0,1667.2,0,1,587.6,0,1,587.6
16213839,02300314,91.1,63.6,0,0,inf,1,2,206.8,0,0,inf,2,10,206.8,0,0,inf,1,2,206.8,1,5,206.8
17966278,02300314,208.1,111.7,0,0,1490.1,0,0,920.2,0,0,inf,1,9,252.7,0,0,1490.1,0,0,920.2,0,3,631.2
20143884,02500728,22.8,19.0,0,0,1163.2,0,2,498.3,0,6,432.3,0,2,498.3,0,0,1991.3,0,2,498.3,0,2,498.3
22055730,02300314,98.0,34.4,0,0,1367.8,0,1,797.9,0,0,inf,2,13,130.4,0,0,1367.8,0,1,797.9,0,7,508.9
23971009,02500831,45.1,16.2,0,0,806.4,1,1,345.2,1,5,319.2,1,4,345.2,0,0,1352.3,1,1,345.2,2,6,319.2
23971210,02400522,119.6,21.0,0,0,1338.1,1,2,376.1,0,0,927.3,1,4,376.1,0,0,1338.1,1,2,376.1,1,3,376.1
23971220,02400521,849.9,21.5,0,0,1378.1,0,2,528.2,0,0,898.0,0,4,528.2,0,0,1378.1,0,2,528.2,0,3,528.2
23971268,02400521,609.2,17.1,0,0,1433.0,0,1,403.8,0,2,648.0,1,4,369.2,0,0,1433.0,0,1,403.8,0,3,403.8
23971335,02400623,174.0,13.8,0,0,987.0,0,2,470.3,0,0,1000.5,1,6,384.8,0,0,987.0,0,2,470.3,0,3,470.3
23971353,02400623,186.8,11.5,0,0,897.0,0,1,620.6,0,0,1105.1,1,6,291.5,0,0,897.0,0,1,620.6,0,4,524.7
23971386,02400624,198.9,16.3,0,0,1292.1,1,1,41.0,0,0,826.2,1,4,41.0,0,0,1292.1,1,1,41.0,1,3,41.0
23971390,02400624,118.4,21.6,0,0,1322.0,1,2,159.3,0,1,793.8,1,5,159.3,0,0,1322.0,1,2,159.3,1,4,159.3
23971406,02400624,106.1,20.2,0,0,1499.8,1,2,399.6,1,4,399.6,1,4,399.6,0,0,1690.0,1,2,399.6,1,5,399.6
23971435,02400522,113.9,19.4,0,0,1673.3,0,2,405.0,1,4,374.9,0,2,405.0,0,0,1930.7,0,2,405.0,1,4,374.9
24034950,02400521,257.7,13.3,0,0,1392.8,1,2,382.1,0,2,479.3,1,6,382.1,0,0,1599.6,1,2,382.1,1,4,382.1
24034971,02400521,61.0,9.2,0,0,1692.3,0,1,521.5,1,2,380.7,1,3,380.7,0,0,1707.8,0,1,521.5,1,3,380.7
24035005,02400521,38.4,24.2,0,0,1466.4,1,1,271.7,0,2,482.1,2,4,271.7,0,0,1489.2,1,1,271.7,1,3,271.7
24035007,02400521,50.7,12.1,0,0,1416.6,1,1,221.9,0,2,562.4,1,4,221.9,0,0,1439.4,1,1,221.9,1,3,221.9
24035052,02400521,705.3,14.8,0,0,1775.3,0,1,604.4,1,3,273.4,1,4,273.4,0,0,1790.8,0,1,604.4,1,4,273.4
24035106,02400520,816.4,15.3,0,0,1768.3,0,0,962.4,0,3,450.5,1,4,335.6,0,0,inf,0,0,962.4,0,3,450.5
24035126,02400520,140.0,22.8,0,0,1722.7,0,0,849.0,2,3,321.8,2,4,321.8,0,0,inf,0,0,849.0,2,3,321.8
24035170,02400522,277.6,24.5,0,0,1803.3,0,1,713.9,0,3,569.4,0,1,713.9,0,0,1803.3,0,1,713.9,0,3,569.4
24035182,02400522,196.3,14.7,0,0,1584.3,0,1,436.5,0,2,748.1,0,1,436.5,0,0,1584.3,0,1,436.5,0,2,436.5
24035203,02400522,61.8,13.8,0,0,1678.0,0,2,445.1,0,3,680.2,0,2,445.1,0,0,1678.0,0,2,445.1,0,3,445.1
24035225,02500727,304.1,11.7,0,0,1468.8,1,1,200.5,2,6,200.5,1,2,200.5,0,0,inf,1,1,200.5,1,3,200.5
24035232,02500727,313.1,18.3,0,0,1432.8,1,2,283.1,1,7,283.1,1,3,283.1,0,0,inf,1,2,283.1,1,4,283.1
24035253,02500727,139.9,15.1,0,0,1283.3,0,2,420.1,0,5,420.1,0,4,420.1,0,0,1959.1,0,2,420.1,0,5,420.1
24035281,02500830,43.9,23.0,0,0,1221.9,0,2,426.4,1,6,284.9,0,5,426.4,0,0,1818.9,0,2,426.4,0,7,426.4
24035294,02500830,38.4,19.2,0,0,1435.6,1,2,334.8,1,5,334.8,1,3,334.8,0,0,inf,1,2,334.8,1,4,334.8
24264011,02400522,487.5,14.3,0,0,1575.7,1,2,320.3,0,3,620.4,1,3,320.3,0,0,1575.7,1,2,320.3,1,4,320.3
24264054,02500727,164.7,26.8,0,0,1600.6,1,1,357.4,1,7,357.4,1,2,357.4,0,0,inf,1,1,357.4,1,3,357.4
24264284,02500729,240.7,26.7,0,1,492.9,1,2,357.9,1,5,337.6,1,4,357.9,0,0,1553.7,1,2,357.9,2,6,337.6
24264422,02400624,552.8,16.9,0,0,1235.5,1,1,340.6,0,0,1112.7,1,3,340.6,0,0,1235.5,1,1,340.6,1,3,340.6
24264437,02400624,477.3,20.5,0,0,1011.6,0,1,555.7,0,0,1051.2,1,5,350.6,0,0,1011.6,0,1,555.7,1,4,350.6
24264438,02400624,135.1,23.3,0,0,1109.3,0,1,606.1,0,3,668.7,2,7,237.7,0,0,1213.4,0,1,606.1,1,7,237.7
24264753,02400623,292.2,20.0,0,1,697.3,0,1,799.2,0,0,1268.1,0,7,425.5,0,1,697.3,0,2,697.3,0,5,513.6
24264755,02400623,163.2,15.3,0,0,815.8,0,1,750.4,0,0,1219.3,1,6,376.7,0,0,815.8,0,1,750.4,0,4,467.1
24264773,02400521,165.8,19.2,0,0,1422.1,0,2,465.1,0,3,594.1,1,5,353.8,0,0,1422.1,0,2,465.1,0,5,465.1
24264874,02400521,92.4,8.7,0,0,1706.2,0,1,535.3,1,3,292.8,1,4,292.8,0,0,1721.7,0,1,535.3,1,4,292.8
24265082,02500830,17.4,15.8,0,0,1301.7,0,2,506.3,1,8,220.5,1,7,316.8,0,0,1526.4,0,2,506.3,1,10,316.8
24265142,02500830,41.7,18.5,0,0,969.7,1,2,174.2,0,6,563.3,1,5,174.2,0,0,1581.5,1,2,174.2,1,7,174.2
24265158,02500831,100.2,16.0,0,0,974.8,1,1,179.3,1,6,384.9,2,5,179.3,0,0,1403.1,1,1,179.3,2,8,179.3
24265164,02500831,55.1,44.0,0,0,900.3,1,1,104.8,0,5,515.3,1,4,104.8,0,0,1533.4,1,1,104.8,1,5,104.8
24265209,02500831,22.8,51.7,0,1,611.1,1,2,289.7,0,4,455.8,1,3,289.7,0,0,1618.5,1,2,289.7,1,5,289.7
24265274,02500832,148.9,15.1,0,1,463.2,0,2,452.9,1,6,219.6,0,4,452.9,0,0,1435.6,0,2,452.9,1,7,219.6
24265318,02500832,73.4,52.3,0,1,733.3,0,1,733.3,0,2,552.4,0,2,717.4,0,0,1085.3,0,1,733.3,0,3,552.4
24265319,02500832,48.1,21.0,0,1,622.3,0,1,622.3,1,5,335.1,0,3,557.5,0,0,925.4,0,1,622.3,1,6,335.1
24265321,02500832,190.5,22.9,0,1,770.3,0,1,770.3,1,5,392.7,0,4,562.5,0,0,969.4,0,1,770.3,1,6,392.7
24265326,02500833,28.7,17.7,0,1,721.6,0,0,878.7,1,5,85.6,1,5,85.6,0,1,721.6,0,1,721.6,1,8,85.6
24265331,02500834,118.0,27.0,0,1,561.3,0,0,1108.9,1,4,315.8,2,4,315.8,0,1,561.3,0,1,561.3,2,6,315.8
24266051,02400522,87.3,14.0,0,0,1494.6,0,1,532.6,0,0,872.2,0,2,532.6,0,0,1494.6,0,1,532.6,0,2,532.6
24266077,02400521,84.9,26.4,0,0,1534.9,0,0,949.3,1,4,253.3,0,2,477.5,0,0,1817.4,0,0,949.3,1,4,253.3
24266102,02400520,7.1,49.8,0,0,1680.1,0,0,1317.0,0,3,442.4,0,2,771.0,0,0,inf,0,0,1317.0,0,3,442.4
24266139,02400520,10.2,63.5,0,0,1738.1,0,0,1348.4,0,2,473.8,0,0,802.4,0,0,inf,0,0,1348.4,0,2,473.8
24266158,02400522,687.9,26.5,0,0,981.3,0,0,1406.0,4,6,173.3,1,1,313.5,0,0,inf,0,0,981.3,4,6,173.3
24266182,02400522,105.2,16.3,0,0,899.0,0,0,1264.7,2,6,231.3,1,1,231.3,0,0,inf,0,0,899.0,2,6,231.3
24266253,02400522,46.6,36.0,0,0,1785.5,0,1,742.9,0,3,494.0,0,1,742.9,0,0,1896.3,0,1,742.9,0,3,494.0
24266259,02400522,72.6,4.5,0,0,1760.6,0,2,512.6,0,3,523.2,0,2,512.6,0,0,1760.6,0,2,512.6,0,3,512.6
24266264,02400522,55.0,18.3,0,0,1579.2,0,0,1027.8,0,4,574.5,0,0,911.5,0,0,1996.9,0,0,1027.8,0,3,574.5
24266270,02400522,28.3,16.9,0,0,1593.1,0,0,1012.5,0,4,559.2,0,0,925.4,0,0,inf,0,0,1012.5,0,3,559.2
24266302,02500727,28.5,19.5,0,0,1343.2,0,2,600.3,0,6,486.8,0,2,600.3,0,0,inf,0,2,600.3,0,3,600.3
24266303,02500727,44.3,18.7,0,0,1281.0,0,2,485.5,0,5,446.7,0,4,485.5,0,0,1956.8,0,2,485.5,0,4,485.5
24271949,02400520,239.2,16.6,0,0,1149.1,0,0,1038.8,2,5,314.0,1,5,314.0,0,0,inf,0,0,1038.8,2,5,314.0
24271952,02400520,232.5,16.8,0,0,1291.2,0,0,919.9,1,4,226.3,0,4,456.1,0,0,inf,0,0,919.9,1,4,226.3
24271956,02400520,96.0,12.3,0,0,1115.5,0,0,1060.7,1,4,280.4,1,4,280.4,0,0,inf,0,0,1060.7,1,4,280.4
24271958,02400520,96.7,12.9,0,0,1081.8,0,0,1027.0,1,4,246.7,1,4,246.7,0,0,inf,0,0,1027.0,1,4,246.7
24271959,02400520,167.4,10.7,0,0,1139.4,0,0,1104.2,1,4,301.4,1,4,301.4,0,0,inf,0,0,1104.2,1,4,301.4
24273521,02400520,243.6,15.2,0,0,1358.3,0,0,1256.7,1,4,316.2,2,5,316.2,0,0,inf,0,0,1256.7,1,4,316.2
24273528,02400520,291.9,18.3,0,0,1257.9,0,0,1203.1,1,4,330.7,1,5,330.7,0,0,inf,0,0,1203.1,1,4,330.7
24273544,02400520,238.9,14.2,0,0,1564.8,0,0,1107.4,0,4,438.0,1,4,234.1,0,0,inf,0,0,1107.4,0,4,438.0
24273574,02400520,116.5,14.8,0,0,1619.0,0,0,1005.2,0,4,408.3,1,5,212.6,0,0,inf,0,0,1005.2,0,4,408.3
24273583,02400520,198.3,19.2,0,0,1501.9,0,0,984.8,1,4,291.2,1,4,266.1,0,0,inf,0,0,984.8,1,4,291.2
24273591,02400520,70.9,12.3,0,0,1246.9,0,0,988.6,1,5,304.7,0,5,411.7,0,0,inf,0,0,988.6,1,5,304.7
24273594,02400520,162.6,15.8,0,0,1150.5,0,0,1115.4,1,4,312.5,1,5,312.5,0,0,inf,0,0,1115.4,1,4,312.5
24273601,02400520,296.8,28.7,0,0,1164.9,0,0,1110.0,2,4,329.7,2,5,329.7,0,0,inf,0,0,1110.0,2,4,329.7
24283692,02500830,84.6,57.5,0,0,1536.8,0,2,457.3,0,3,457.3,0,3,457.3,0,0,inf,0,2,457.3,0,3,457.3
24283741,02500831,27.9,16.0,0,0,869.0,1,2,73.5,0,7,490.7,1,5,73.5,0,0,1508.8,1,2,73.5,1,7,73.5
24283745,02500831,53.6,44.6,0,0,1077.1,1,1,281.6,0,5,508.0,1,5,281.6,0,0,1526.2,1,1,281.6,1,7,281.6
24283792,02500831,22.8,28.7,0,1,587.7,1,2,267.1,0,4,432.4,1,3,267.1,0,0,1595.9,1,2,267.1,1,5,267.1
24283807,02500832,45.3,15.4,0,1,592.9,0,2,582.5,2,5,90.4,0,4,538.9,0,0,1306.4,0,2,582.5,2,6,90.4
24283820,02500832,40.8,18.5,0,1,478.6,0,2,478.6,2,5,117.6,0,3,478.6,0,0,1280.5,0,2,478.6,2,6,117.6
24283829,02500832,51.7,18.6,0,1,593.1,0,2,593.1,2,5,162.2,0,4,593.1,0,0,1358.9,0,2,593.1,2,6,162.2
24283831,02500832,46.7,16.2,1,1,335.0,1,2,335.0,3,4,212.6,1,2,335.0,0,0,1375.5,1,2,335.0,3,5,212.6
24283832,02500832,22.6,49.3,0,1,739.4,0,1,739.4,2,4,308.5,0,2,739.4,0,0,1505.3,0,1,739.4,2,4,308.5
24283833,02500832,31.1,53.6,0,1,710.2,0,1,710.2,2,4,279.3,0,2,710.2,0,0,1476.0,0,1,710.2,2,4,279.3
24283836,02500832,48.6,16.2,1,1,313.8,1,2,313.8,3,4,233.9,1,2,313.8,0,0,1396.8,1,2,313.8,3,5,233.9
24283843,02500832,35.8,14.9,1,1,294.6,1,2,294.6,2,4,250.4,1,2,294.6,0,0,1413.2,1,2,294.6,2,5,250.4
24283847,02500832,21.9,15.6,1,1,388.5,1,2,388.5,3,5,158.0,1,3,388.5,0,0,1320.8,1,2,388.5,3,6,158.0
24283850,02500832,38.7,22.9,0,1,420.1,0,1,420.1,1,4,94.5,0,1,420.1,0,0,1195.9,0,1,420.1,1,4,94.5
24283853,02500832,44.5,33.0,0,1,457.0,0,1,457.0,2,4,77.8,0,1,457.0,0,0,1232.9,0,1,457.0,2,4,77.8
24283863,02500831,26.6,16.8,0,0,1123.7,1,1,352.3,1,6,213.4,3,5,213.4,0,0,1231.6,1,1,352.3,3,8,213.4
24283866,02500831,22.5,52.3,0,0,1268.2,0,1,544.7,2,6,250.1,2,5,250.1,0,0,1268.2,0,1,544.7,2,8,250.1
24283868,02500831,51.8,16.9,0,0,1178.7,1,1,383.2,2,6,351.1,3,5,277.8,0,0,1369.2,1,1,383.2,3,8,277.8
24283879,02500831,17.2,17.5,0,0,965.3,1,1,284.0,1,6,373.3,2,5,284.0,0,0,1391.4,1,1,284.0,2,8,284.0
24283892,02500831,30.1,12.8,0,0,895.6,1,1,302.5,2,6,341.2,2,4,302.5,0,0,1331.8,1,1,302.5,3,7,302.5
24283894,02500831,26.0,14.7,0,0,866.7,0,1,443.3,1,6,343.3,0,4,407.3,0,0,1251.1,0,1,443.3,1,7,343.3
24283934,02500831,33.4,15.5,0,0,878.7,0,1,455.3,2,6,355.3,1,4,396.9,0,0,1240.7,0,1,455.3,2,7,355.3
24283936,02500831,32.6,16.7,0,0,981.9,0,1,558.5,2,6,296.1,2,6,296.1,0,0,1139.9,0,1,558.5,2,9,296.1
24283942,02500831,37.7,19.2,0,1,753.6,0,2,536.0,1,5,230.2,0,5,518.4,0,0,1286.0,0,2,536.0,1,7,230.2
24283952,02500831,50.6,15.0,0,0,819.3,0,1,601.7,1,4,281.4,0,5,444.4,0,0,1212.0,0,1,601.7,1,7,281.4
24283959,02500831,45.5,16.7,0,1,781.4,0,2,563.7,1,5,258.0,0,5,485.7,0,0,1253.3,0,2,563.7,1,7,258.0
24283972,02500831,32.0,15.1,0,1,739.1,0,2,521.5,1,5,215.8,0,5,521.5,0,0,1292.3,0,2,521.5,1,7,215.8
24283977,02500832,55.1,17.6,0,1,646.7,0,2,626.1,2,5,41.0,0,4,489.4,0,0,1257.0,0,2,626.1,2,6,41.0
24283983,02500832,68.8,14.5,0,1,706.0,0,2,706.0,2,5,169.8,0,4,494.9,0,0,1176.4,0,2,706.0,2,6,169.8
24283984,02500832,22.9,18.8,0,1,623.7,0,2,623.7,2,5,192.9,0,4,555.1,0,0,1283.6,0,2,623.7,2,6,192.9
24284003,02500832,33.8,18.3,0,1,470.5,0,2,470.5,2,5,81.4,0,3,470.5,0,0,1244.2,0,2,470.5,2,6,81.4
24284004,02500832,17.1,28.9,0,1,557.6,0,1,557.6,2,4,90.8,0,1,557.6,0,0,1176.3,0,1,557.6,2,4,90.8
24284012,02500832,36.4,15.2,0,1,670.6,0,1,670.6,1,4,244.8,0,3,626.9,0,0,994.8,0,1,670.6,1,5,244.8
24284016,02500832,19.2,20.1,0,1,532.0,0,1,532.0,1,4,244.8,0,2,532.0,0,0,1014.0,0,1,532.0,1,5,244.8
24284018,02500832,20.8,19.8,0,1,477.1,0,1,477.1,1,4,216.1,0,2,477.1,0,0,1068.2,0,1,477.1,1,5,216.1
24284021,02500832,20.6,16.9,0,1,410.7,0,1,410.7,1,4,149.7,0,2,410.7,0,0,1128.8,0,1,410.7,1,5,149.7
24284028,02500832,23.6,19.8,0,1,744.0,0,1,744.0,0,4,447.6,0,3,433.5,0,0,801.3,0,1,744.0,0,5,433.5
24284031,02500832,56.4,17.3,0,1,739.3,0,0,886.5,0,3,590.1,1,3,371.4,0,1,739.3,0,1,739.3,1,5,371.4
24315001,02200212,591.2,38.9,0,0,inf,1,2,145.6,0,0,inf,5,10,65.2,0,0,inf,1,2,145.6,4,7,145.6
24750775,02100104,15.9,22.6,0,0,1590.4,0,2,557.2,0,0,1711.0,2,5,369.2,0,0,inf,0,2,557.2,2,5,369.2
24750778,02100104,17.5,24.6,0,0,1684.4,0,2,582.4,0,0,1805.0,1,6,279.3,0,0,inf,0,2,582.4,1,5,279.3
24750786,02100104,135.9,12.5,0,0,1740.6,0,2,528.1,0,0,1919.8,2,7,140.2,0,0,inf,0,2,528.1,2,5,140.2
24750788,02100104,50.0,13.5,0,0,1518.9,0,3,489.2,0,0,1642.9,0,9,418.8,0,0,inf,0,3,489.2,0,8,418.8
24750794,02100104,70.1,21.8,0,0,1674.3,0,2,584.6,0,0,1798.3,1,6,281.5,0,0,inf,0,2,584.6,1,5,281.5
24750801,02100104,41.2,11.5,0,0,1632.9,0,2,603.1,0,0,1756.9,1,5,302.3,0,0,inf,0,2,603.1,1,5,302.3
24750804,02100104,120.2,14.1,0,0,1597.1,0,2,487.9,0,0,1834.7,1,7,291.7,0,0,inf,0,2,487.9,1,5,291.7
24750806,02100104,121.4,18.3,0,0,1693.9,0,2,481.4,0,0,1893.4,1,7,201.2,0,0,inf,0,2,481.4,1,5,201.2
24751066,02100104,2.7,43.2,0,0,1654.8,0,1,621.6,0,0,1775.3,1,4,272.3,0,0,inf,0,1,621.6,1,4,272.3
24764514,02100104,76.7,21.6,0,0,1940.4,0,1,714.5,0,0,inf,1,5,358.8,0,0,inf,0,1,714.5,1,4,358.8
24764516,02100104,34.4,12.2,0,0,1880.7,0,1,552.6,0,0,inf,2,5,159.8,0,0,inf,0,1,552.6,2,4,159.8
24764517,02100104,32.6,12.9,0,0,1842.4,0,1,514.3,0,0,inf,2,5,121.5,0,0,inf,0,1,514.3,2,4,121.5
24764529,02100104,5.4,25.5,0,0,1877.5,0,1,549.4,0,0,inf,2,5,156.6,0,0,inf,0,1,549.4,2,4,156.6
24764533,02100104,119.6,19.5,0,0,1812.9,1,2,340.0,0,0,inf,2,7,315.6,0,0,inf,1,2,340.0,2,5,315.6
24862093,02200210,64.9,28.9,0,0,1163.8,1,3,363.3,0,0,inf,3,12,149.8,0,0,1847.5,1,3,363.3,1,8,363.3
25007895,02400625,551.2,70.9,0,1,769.9,0,1,769.9,0,1,769.9,0,4,509.6,0,0,1113.7,0,1,769.9,0,1,769.9
25052147,02400624,67.6,24.2,0,1,589.9,0,1,589.9,1,6,339.1,2,5,192.3,0,0,1393.4,0,1,589.9,1,7,339.1
25052163,02400624,20.6,19.5,0,1,617.9,0,1,617.9,1,5,367.1,2,4,154.8,0,0,1355.9,0,1,617.9,1,6,367.1
25165329,02400624,37.7,20.1,0,1,418.7,0,1,418.7,2,7,200.3,2,7,28.1,0,0,1474.3,0,1,418.7,2,8,200.3
25165638,02400624,35.1,32.5,0,1,513.2,0,1,513.2,2,7,159.5,2,6,122.5,0,0,1507.4,0,1,513.2,2,8,159.5
25165688,02400624,55.5,20.5,1,1,376.2,1,1,376.2,3,7,157.8,3,7,59.8,0,0,1517.6,1,1,376.2,3,8,157.8
25360342,02400624,54.9,20.0,0,1,475.3,0,1,475.3,2,7,224.4,2,7,84.6,0,0,1469.5,0,1,475.3,2,8,224.4
25360364,02400624,23.4,19.8,0,1,502.9,0,1,502.9,2,7,252.1,2,6,112.3,0,0,1471.5,0,1,502.9,2,8,252.1
25360374,02400624,25.0,19.6,0,1,523.9,0,1,523.9,2,7,273.1,2,6,133.2,0,0,1450.2,0,1,523.9,2,8,273.1
25360380,02400624,19.5,18.6,0,1,540.9,0,1,540.9,2,7,290.0,2,6,150.2,0,0,1431.2,0,1,540.9,2,8,290.0
25483580,02100102,202.6,15.3,0,0,1054.9,1,1,239.3,0,0,inf,4,9,239.3,0,0,1738.6,1,1,239.3,3,6,239.3
25483592,02100102,89.3,56.4,0,0,842.7,1,3,326.7,0,0,inf,4,9,163.7,0,0,1526.4,1,3,326.7,2,6,308.6
25483631,02100102,96.5,19.7,0,0,908.1,1,3,182.6,0,0,inf,4,11,182.6,0,0,1591.8,1,3,182.6,2,8,182.6
25631448,02500726,48.6,31.9,0,0,1228.9,0,1,769.4,1,5,395.1,0,1,769.4,0,0,inf,0,1,769.4,0,2,508.6
25631469,02500726,58.8,17.5,0,0,1489.0,0,1,650.7,2,4,197.4,0,1,650.7,0,0,inf,0,1,650.7,2,3,197.4
25631470,02500726,27.7,17.6,0,0,1312.7,0,0,853.1,0,4,478.9,0,0,853.1,0,0,inf,0,0,853.1,0,1,592.4
25631480,02500726,48.8,31.1,0,0,1298.1,0,0,838.6,0,4,464.3,0,0,838.6,0,0,inf,0,0,838.6,0,1,577.8
25650067,02300316,154.3,28.4,0,0,1452.3,0,1,586.7,0,0,1452.3,2,9,323.5,0,0,1699.5,0,1,586.7,2,7,323.5
25650196,02300315,76.8,27.2,0,0,1593.3,0,2,553.7,0,0,1593.3,2,9,163.9,0,0,1943.2,0,2,553.7,1,7,347.5
25667036,02500726,25.2,15.8,0,0,1168.8,0,1,758.4,2,5,378.3,0,2,758.4,0,0,inf,0,1,758.4,0,2,497.6
25667069,02500726,47.1,26.7,0,0,1287.5,0,0,1003.1,0,3,623.0,0,0,1003.1,0,0,inf,0,0,1003.1,0,1,742.3
25667077,02500726,47.8,27.8,0,0,1237.0,0,0,952.5,0,3,572.5,0,0,952.5,0,0,inf,0,0,952.5,0,1,691.8
25667078,02500726,47.8,35.0,0,0,1180.3,0,0,895.9,0,4,515.8,0,0,895.9,0,0,inf,0,0,895.9,0,1,635.1
25667081,02500726,48.0,27.6,0,0,1202.0,0,0,917.6,0,3,537.5,0,0,917.6,0,0,inf,0,0,917.6,0,1,656.8
25749621,02300419,19.5,16.8,0,0,1306.3,0,1,737.8,0,0,1306.3,0,5,503.5,0,0,inf,0,1,737.8,0,5,503.5
25770076,02200210,12.6,23.9,0,0,1274.0,1,2,178.3,0,0,inf,3,10,104.6,0,0,1957.6,1,2,178.3,2,6,178.3
25770079,02200210,7.9,25.9,0,0,1308.9,1,3,147.3,0,0,inf,3,11,139.5,0,0,1992.6,1,3,147.3,2,7,147.3
26158456,02500831,53.6,15.2,0,1,723.9,0,2,506.3,1,5,200.6,0,5,506.3,0,0,1307.6,0,2,506.3,1,7,200.6
26158568,02500832,63.4,17.4,0,1,609.5,0,2,609.5,2,5,178.7,0,4,566.5,0,0,1295.0,0,2,609.5,2,6,178.7
26158569,02500832,41.1,40.3,0,1,676.2,0,2,676.2,2,5,220.6,0,4,545.7,0,0,1274.1,0,2,676.2,2,6,220.6
26272233,02400623,210.5,30.1,0,0,889.8,0,1,427.6,0,0,1007.6,2,6,70.3,0,0,889.8,0,1,427.6,0,3,427.6
26272377,02400623,153.7,15.5,0,0,1036.2,0,2,409.8,0,0,871.9,0,5,409.8,0,0,1298.9,0,2,409.8,0,2,409.8
26272378,02400623,71.8,18.1,0,0,1007.5,0,2,448.0,0,0,910.1,0,5,445.6,0,0,1261.9,0,2,448.0,0,2,448.0
26272379,02400623,135.7,14.6,0,0,1040.8,0,2,481.3,0,0,943.4,0,5,405.2,0,0,1221.5,0,2,481.3,0,2,481.3
26272380,02400623,72.2,2.0,0,0,897.3,0,2,484.3,0,0,946.4,1,5,379.4,0,0,1195.7,0,2,484.3,0,2,484.3
26272381,02400623,136.5,15.3,0,0,921.4,0,1,554.6,0,0,1016.8,1,4,335.7,0,0,1152.0,0,1,554.6,0,1,554.6
26272382,02400623,210.5,16.5,0,0,1010.5,0,1,757.0,0,0,1228.1,1,5,350.8,0,0,1092.7,0,1,757.0,0,2,757.0
26272383,02400623,100.4,10.1,0,0,889.3,0,1,745.1,0,0,1279.4,2,5,310.9,0,0,889.3,0,1,745.1,0,2,561.6
26272384,02400623,97.4,10.0,0,0,830.7,0,1,694.6,0,0,1274.5,2,5,260.3,0,0,830.7,0,1,694.6,0,2,503.0
26272385,02400623,97.3,10.1,0,1,771.3,0,1,641.2,0,0,1221.1,2,6,206.9,0,1,771.3,0,2,641.2,0,3,443.7
26329256,02400623,24.8,18.3,0,0,1329.3,0,1,444.2,0,0,1024.2,0,3,444.2,0,0,1329.3,0,1,444.2,0,1,444.2
26329263,02400623,38.4,13.9,0,0,1102.9,0,2,469.6,0,0,948.5,0,6,402.8,0,0,1219.1,0,2,469.6,0,2,469.6
26350158,02500835,47.3,19.1,0,0,1014.5,0,0,1400.7,0,0,1297.9,2,6,339.7,0,0,1296.4,0,0,1014.5,0,2,711.0
26350718,02500835,40.1,16.1,0,0,1082.3,0,0,1294.8,0,0,1191.9,2,6,218.7,0,0,1175.4,0,0,1082.3,0,2,593.1
26358613,02400623,172.1,21.3,0,0,973.5,1,2,393.7,0,0,855.9,1,4,393.7,0,0,1446.9,1,2,393.7,1,2,393.7
26365689,02500835,56.9,12.3,0,0,1174.5,0,0,1174.5,0,0,1071.7,2,4,234.3,0,0,1450.1,0,0,1174.5,0,0,867.8
26365690,02500835,37.1,8.9,0,0,1093.2,0,0,1093.2,0,0,990.3,3,5,161.6,0,0,1303.8,0,0,1093.2,0,1,721.5
26365691,02500835,43.6,11.8,0,0,1041.4,0,0,1041.4,0,0,938.6,3,5,122.6,0,0,1288.3,0,0,1041.4,0,1,706.0
26365692,02500835,30.7,24.0,0,0,1061.0,0,0,1363.9,0,0,1261.0,2,6,354.0,0,0,1342.9,0,0,1061.0,0,2,757.4
26365693,02500835,49.1,22.2,0,0,1143.7,0,0,1277.7,0,0,1174.9,3,5,326.5,0,0,1348.9,0,0,1143.7,0,1,766.6
26365694,02500835,59.7,16.5,0,0,1204.1,0,0,1204.1,0,0,1101.3,3,5,272.5,0,0,1275.3,0,0,1204.1,0,1,693.0
26365696,02500835,22.8,18.2,0,0,1161.4,0,0,1161.4,0,0,1058.6,3,5,229.8,0,0,1232.6,0,0,1161.4,0,1,650.3
26365699,02500835,48.3,33.1,0,0,1044.5,0,0,1363.7,0,0,1260.9,1,5,287.6,0,0,1069.0,0,0,1044.5,0,2,435.1
26374245,02500835,49.7,11.5,0,0,1117.2,0,0,1117.2,0,0,1014.4,2,4,177.0,0,0,1392.9,0,0,1117.2,0,0,810.6
26374247,02500835,48.9,11.3,0,0,1165.5,0,0,1165.5,0,0,1062.7,2,4,144.2,0,0,1441.2,0,0,1165.5,0,0,858.9
26374248,02500835,33.7,42.7,0,0,1187.8,0,0,1274.6,0,0,1171.8,3,5,343.0,0,0,1345.8,0,0,1187.8,0,1,763.5
26374250,02500835,43.8,10.8,0,0,1179.0,0,0,1179.0,0,0,1076.1,2,4,121.6,0,0,1457.4,0,0,1179.0,0,0,875.1
26374251,02500835,28.7,12.5,0,0,970.4,0,0,970.4,0,0,867.6,2,5,80.2,0,0,1360.9,0,0,970.4,0,1,778.6
26374253,02500835,52.4,11.2,0,0,1002.4,0,0,1002.4,0,0,899.6,3,5,83.6,0,0,1326.2,0,0,1002.4,0,1,743.9
26374254,02500835,38.8,10.8,0,0,1117.6,0,0,1117.6,0,0,1014.8,2,4,99.6,0,0,1393.3,0,0,1117.6,0,0,811.0
26374255,02500835,74.4,15.6,0,0,1127.5,0,0,1127.5,0,0,1024.7,2,4,70.1,0,0,1432.4,0,0,1127.5,0,0,850.1
26374259,02500835,74.1,12.1,0,0,1112.8,0,0,1112.8,0,0,1010.0,2,4,55.5,0,0,1443.5,0,0,1112.8,0,0,861.2
26374263,02500835,27.8,18.1,0,0,986.6,0,0,1391.5,0,0,1288.7,2,5,315.4,0,0,1011.1,0,0,986.6,1,2,377.2
26374265,02500835,41.5,17.1,0,0,919.8,0,0,1456.4,0,0,1353.6,2,5,309.9,0,0,991.4,0,0,919.8,1,2,357.5
26374266,02500835,41.4,21.5,0,0,818.4,0,0,1566.6,0,0,1463.7,0,7,420.1,0,0,1101.6,0,0,818.4,0,3,467.7
26374268,02500835,68.7,45.4,0,0,906.5,0,0,1529.3,0,0,1426.4,0,5,453.2,0,0,1246.6,0,0,906.5,0,2,602.9
26491108,02200207,13.9,13.7,0,0,961.6,0,3,546.9,0,0,inf,0,3,546.9,0,0,1447.4,0,3,546.9,0,4,546.9
26491112,02200207,2.6,47.3,0,0,1013.1,0,3,598.3,0,0,inf,0,3,598.3,0,0,1498.8,0,3,598.3,0,4,598.3
26491215,02200207,3.2,23.0,0,0,880.9,1,2,365.0,0,0,inf,1,2,365.0,0,0,1509.0,1,2,365.0,1,3,365.0
26491346,02200207,17.4,32.7,0,1,789.3,1,3,328.1,0,0,inf,0,4,431.5,0,0,1275.1,1,4,328.1,1,5,328.1
26491348,02200207,26.2,30.7,0,1,781.0,1,3,332.5,0,0,inf,0,4,423.2,0,0,1266.8,1,4,332.5,1,5,332.5
26491349,02200207,33.0,20.6,0,1,744.1,1,3,158.5,0,0,inf,1,4,386.3,0,0,1192.3,1,4,158.5,2,5,158.5
26585141,02500833,71.5,17.6,0,1,769.7,0,0,855.4,1,4,59.1,2,5,59.1,0,1,769.7,0,1,769.7,2,7,59.1
26585142,02500833,43.0,20.8,0,1,744.5,0,0,887.0,1,4,90.7,2,5,90.7,0,1,744.5,0,1,744.5,2,7,90.7
26585221,02500832,25.0,48.4,0,1,537.4,0,1,537.4,1,4,250.2,0,2,537.4,0,0,1065.1,0,1,537.4,1,5,250.2
26585298,02500832,44.5,15.2,0,1,746.1,0,1,746.1,1,4,320.3,0,3,551.5,0,0,919.3,0,1,746.1,1,5,320.3
26585299,02500832,37.0,15.3,0,1,719.4,0,1,719.4,1,4,293.6,0,3,578.4,0,0,946.2,0,1,719.4,1,5,293.6
26585300,02500832,36.3,15.1,0,1,695.0,0,1,695.0,1,4,269.2,0,3,602.4,0,0,970.3,0,1,695.0,1,5,269.2
26585301,02500832,45.9,20.3,0,1,732.8,0,1,732.8,1,4,385.5,0,3,496.5,0,0,864.4,0,1,732.8,1,5,385.5
26823966,02200212,19.8,24.5,0,0,inf,1,2,361.4,0,0,inf,5,10,101.8,0,0,inf,1,2,361.4,4,8,101.8
26823967,02200212,73.2,54.4,0,0,inf,1,2,366.7,0,0,inf,5,10,107.1,0,0,inf,1,2,366.7,4,8,107.1
26828977,02200212,51.1,31.9,0,0,inf,0,2,432.7,0,0,inf,5,10,173.2,0,0,inf,0,2,432.7,3,8,173.2
26829080,02200212,22.5,29.4,0,0,inf,1,1,151.1,0,0,inf,5,10,223.9,0,0,inf,1,1,151.1,3,6,151.1
26829081,02200212,29.5,23.6,0,0,inf,0,2,412.7,0,0,inf,5,10,153.1,0,0,inf,0,2,412.7,3,8,153.1
26928114,02400623,128.9,16.7,0,0,904.5,0,1,650.4,0,0,1160.7,1,6,283.7,0,0,904.5,0,1,650.4,1,4,283.7
26928140,02400623,133.2,17.4,0,1,731.0,0,0,814.4,0,0,1324.6,2,6,298.8,0,1,731.0,0,1,731.0,2,4,298.8
26930009,02400624,52.2,18.8,0,0,1013.2,0,1,557.0,0,5,485.0,2,7,54.1,0,0,1303.9,0,1,557.0,1,9,54.1
26936095,02400625,40.5,9.8,0,1,697.7,0,0,840.9,0,0,1204.6,2,4,262.7,0,1,697.7,0,1,697.7,2,3,262.7
26936144,02400625,29.9,12.2,0,1,638.1,0,0,880.4,0,0,1087.7,2,8,205.8,0,1,638.1,0,1,638.1,2,5,205.8
26958466,02400624,25.2,19.9,0,0,1362.1,0,2,574.9,0,3,457.0,0,5,457.0,0,0,1831.5,0,2,574.9,0,6,457.0
26958471,02400624,44.7,16.2,0,0,1379.1,0,2,461.8,0,2,594.5,0,5,461.8,0,0,1584.6,0,2,461.8,0,4,461.8
26958484,02400624,44.6,40.9,0,0,1469.2,0,2,551.9,0,2,553.8,0,4,551.9,0,0,1674.8,0,2,551.9,0,4,551.9
26958507,02400624,14.3,8.8,0,0,1263.7,0,2,411.3,0,4,566.9,1,5,365.2,0,0,1534.1,0,2,411.3,1,6,365.2
27068473,02500726,34.6,18.5,0,0,959.2,0,0,1137.0,0,5,513.0,0,1,605.6,0,0,inf,0,0,959.2,0,3,513.0
27068812,02200207,7.1,95.2,0,0,1061.0,0,2,646.2,0,0,inf,0,2,646.2,0,0,1546.8,0,2,646.2,0,3,646.2
27096997,02400623,483.2,15.3,0,1,704.9,0,0,847.6,0,0,1427.6,2,6,205.8,0,1,704.9,0,1,704.9,1,3,377.2
27097392,02400624,70.7,15.8,0,1,732.0,0,1,732.0,0,4,481.2,2,4,252.4,0,0,1208.3,0,1,732.0,0,5,481.2
27097681,02400624,56.1,21.2,0,0,888.1,0,1,634.9,0,6,509.5,2,6,156.4,0,0,1354.1,0,1,634.9,1,9,183.9
27375821,02400624,41.6,15.6,0,0,1220.8,1,1,162.4,0,0,934.4,1,5,162.4,0,0,1220.8,1,1,162.4,1,4,162.4
27437910,02500835,20.2,29.4,0,0,1032.6,0,0,1260.4,0,0,1157.6,2,4,75.9,0,0,1032.6,0,0,1032.6,0,1,450.3
27684587,02500831,26.8,15.9,0,0,832.5,1,1,187.7,0,5,446.2,1,4,187.7,0,0,1436.8,1,1,187.7,1,6,187.7
28303205,02400520,21.5,10.0,0,0,1267.2,0,0,1136.6,2,5,86.0,0,3,590.6,0,0,inf,0,0,1136.6,2,5,86.0
28510045,02500835,78.7,15.0,0,1,663.3,0,0,1533.8,0,0,1066.9,0,4,465.6,0,1,663.3,0,1,663.3,0,2,465.6
28553948,02500726,117.6,15.1,0,0,836.6,0,0,1298.7,2,5,332.5,1,1,332.5,0,0,inf,0,0,836.6,2,5,332.5
28554010,02500726,273.1,32.2,0,1,637.7,0,0,1476.9,2,7,241.8,1,2,241.8,0,0,inf,0,1,637.7,2,7,241.8
28554152,02500726,45.3,36.2,0,1,776.0,0,0,1320.7,1,6,354.5,1,2,354.5,0,0,inf,0,1,776.0,1,6,354.5
28554162,02500726,45.0,31.5,0,1,747.7,0,0,1339.8,1,6,373.6,1,2,373.6,0,0,inf,0,1,747.7,1,6,373.6
28554183,02500726,47.1,34.0,0,1,743.9,0,0,1348.4,1,6,382.2,1,2,382.2,0,0,inf,0,1,743.9,1,6,382.2
28554189,02500726,43.7,31.4,0,1,717.6,0,0,1369.5,0,6,403.3,0,2,403.3,0,0,inf,0,1,717.6,0,6,403.3
28554245,02500726,31.6,32.8,0,1,600.5,0,0,1360.6,1,6,391.2,1,2,391.2,0,0,inf,0,1,600.5,1,6,391.2
28554258,02500726,18.3,15.7,0,1,571.8,0,0,1355.2,1,6,362.4,1,2,362.4,0,0,inf,0,1,571.8,1,6,362.4
28556452,02500726,57.6,16.4,0,1,610.8,0,0,1317.4,0,6,401.5,0,2,401.5,0,0,inf,0,1,610.8,0,6,401.5
28556454,02500726,19.6,17.9,0,1,693.7,0,0,1360.0,0,6,400.3,0,2,400.3,0,0,inf,0,1,693.7,0,6,400.3
28556456,02500726,43.7,31.2,0,1,776.9,0,0,1309.8,2,6,343.6,1,2,343.6,0,0,inf,0,1,776.9,2,6,343.6
28556457,02500726,17.0,14.6,0,0,813.8,0,0,1275.9,2,5,309.7,1,1,309.7,0,0,inf,0,0,813.8,2,5,309.7
28556724,02500726,18.2,16.1,0,0,828.2,0,0,1242.0,3,7,282.0,1,1,282.0,0,0,inf,0,0,828.2,3,7,282.0
28556782,02500726,29.5,24.0,0,1,793.4,0,0,1278.9,2,6,312.8,1,2,312.8,0,0,inf,0,1,793.4,2,6,312.8
28556794,02500726,45.8,32.9,0,1,778.7,0,0,1311.5,2,6,345.3,1,2,345.3,0,0,inf,0,1,778.7,2,6,345.3
28556824,02500726,44.3,31.9,0,1,771.8,0,0,1316.5,2,6,350.3,1,2,350.3,0,0,inf,0,1,771.8,2,6,350.3
28556904,02500726,15.6,46.7,0,1,750.2,0,0,1367.6,0,6,401.4,0,2,401.4,0,0,inf,0,1,750.2,0,6,401.4
28556912,02500726,45.2,32.0,0,1,718.1,0,0,1370.2,0,6,404.1,0,2,404.1,0,0,inf,0,1,718.1,0,6,404.1
28556932,02500726,45.3,29.3,0,1,709.3,0,0,1373.6,0,6,407.5,0,2,407.5,0,0,inf,0,1,709.3,0,6,407.5
28556953,02500726,45.9,33.3,0,1,689.4,0,0,1355.7,0,5,435.5,0,2,435.5,0,0,inf,0,1,689.4,0,5,435.5
28558011,02500726,191.6,12.8,0,0,862.9,0,0,1200.6,3,6,316.7,1,1,316.7,0,0,inf,0,0,862.9,3,6,316.7
28558346,02500726,18.9,14.2,0,0,911.9,0,0,1154.5,2,6,303.1,1,1,365.7,0,0,inf,0,0,911.9,2,6,303.1
28558378,02500726,28.5,25.5,0,0,904.8,0,0,1184.1,1,6,332.8,0,1,425.3,0,0,inf,0,0,904.8,1,6,332.8
28558397,02500726,46.6,32.8,0,0,906.0,0,0,1197.6,1,6,346.3,0,1,438.8,0,0,inf,0,0,906.0,1,6,346.3
28558421,02500726,47.0,26.9,0,0,876.2,0,0,1215.6,1,5,364.2,0,1,456.7,0,0,inf,0,0,876.2,1,5,364.2
28558454,02500726,45.6,29.2,0,0,848.2,0,0,1248.1,1,5,396.8,0,1,489.3,0,0,inf,0,0,848.2,1,5,396.8
28558470,02500726,45.2,31.5,0,0,844.3,0,0,1256.6,0,4,405.3,0,1,497.8,0,0,inf,0,0,844.3,0,4,405.3
28558489,02500726,45.6,30.0,0,0,819.4,0,0,1250.5,0,3,427.3,0,1,519.8,0,0,inf,0,0,819.4,0,3,427.3
28558507,02500726,59.7,19.3,0,1,665.4,0,0,1331.6,0,5,431.4,0,2,431.4,0,0,inf,0,1,665.4,0,5,431.4
28558587,02500726,30.6,15.8,0,1,679.7,0,0,1247.4,0,5,470.4,0,2,470.4,0,0,inf,0,1,679.7,0,5,470.4
28558647,02500726,36.4,15.4,0,1,702.6,0,0,1223.6,0,5,493.3,0,2,493.3,0,0,inf,0,1,702.6,0,5,493.3
28558716,02500726,44.4,33.3,0,0,816.3,0,0,1247.4,0,3,437.0,0,1,529.5,0,0,inf,0,0,816.3,0,3,437.0
28558782,02500726,70.5,15.5,0,1,727.0,0,0,1199.5,0,5,490.6,0,2,517.7,0,0,inf,0,1,727.0,0,5,490.6
28559184,02500726,16.5,46.5,0,0,884.9,0,0,1246.0,1,5,394.7,0,1,487.2,0,0,inf,0,0,884.9,1,5,394.7
28573611,02500726,46.1,22.4,0,1,570.4,0,0,1409.2,0,6,401.5,0,3,401.5,0,0,inf,0,1,570.4,0,6,401.5
28573621,02500726,45.1,39.2,0,1,568.4,0,0,1444.9,0,5,437.1,0,3,437.1,0,0,inf,0,1,568.4,0,5,437.1
28573629,02500726,45.2,16.3,0,1,612.2,0,0,1316.0,0,6,402.8,0,2,402.8,0,0,inf,0,1,612.2,0,6,402.8
28573651,02500726,45.4,16.4,0,1,647.4,0,0,1280.9,0,5,438.1,0,2,438.1,0,0,inf,0,1,647.4,0,5,438.1
28573681,02500726,45.2,16.2,0,1,664.0,0,0,1264.0,0,5,454.6,0,2,454.6,0,0,inf,0,1,664.0,0,5,454.6
28573687,02500726,45.8,40.5,0,1,716.1,0,0,1260.4,0,5,506.8,0,2,506.8,0,0,inf,0,1,716.1,0,5,506.8
28573708,02500726,17.4,15.6,0,1,702.9,0,0,1223.9,0,5,493.6,0,2,493.6,0,0,inf,0,1,702.9,0,5,493.6
28573718,02500726,55.2,15.5,0,1,721.3,0,0,1205.4,0,5,496.5,0,2,511.9,0,0,inf,0,1,721.3,0,5,496.5
28573739,02500726,46.4,25.6,0,1,709.2,0,0,1238.1,0,4,529.3,0,3,597.6,0,0,inf,0,1,709.2,0,4,529.3
28574093,02500726,45.7,38.9,0,1,662.0,0,0,1311.4,0,5,452.7,0,2,452.7,0,0,inf,0,1,662.0,0,5,452.7
28587818,02500726,36.5,31.1,0,1,708.5,0,0,1249.8,0,4,540.9,0,3,609.3,0,0,inf,0,1,708.5,0,4,540.9
28587854,02500726,54.4,17.2,0,1,625.3,0,0,1245.4,0,4,596.3,0,3,617.2,0,0,inf,0,1,625.3,0,4,596.3
28587883,02500726,25.8,17.5,0,1,599.5,0,0,1271.9,0,4,591.4,0,3,591.4,0,0,inf,0,1,599.5,0,4,591.4
28587898,02500726,21.8,17.5,0,1,585.7,0,0,1285.5,0,4,577.7,0,3,577.7,0,0,inf,0,1,585.7,0,4,577.7
28587934,02500726,24.2,37.3,0,1,588.2,0,0,1322.8,0,4,580.1,0,3,580.1,0,0,inf,0,1,588.2,0,4,580.1
28587989,02500726,46.8,17.5,0,1,560.5,0,0,1318.0,0,4,545.2,0,3,545.2,0,0,inf,0,1,560.5,0,4,545.2
28588022,02500726,46.9,17.6,0,1,555.4,0,0,1336.6,0,4,526.8,0,3,526.8,0,0,inf,0,1,555.4,0,4,526.8
28588045,02500726,45.8,17.6,0,1,538.8,0,0,1353.3,0,5,510.2,0,3,510.2,0,0,inf,0,1,538.8,0,5,510.2
28588072,02500726,46.9,17.7,0,1,520.8,0,0,1371.5,0,5,492.1,0,3,492.1,0,0,inf,0,1,520.8,0,5,492.1
28612721,02500726,48.8,32.4,0,1,715.9,0,0,1245.0,0,4,536.2,0,3,604.5,0,0,inf,0,1,715.9,0,4,536.2
28612735,02500726,33.2,15.6,0,1,799.1,0,0,1127.6,0,6,521.3,0,2,589.7,0,0,inf,0,1,799.1,0,4,521.3
28613226,02500726,51.3,28.7,0,1,706.1,0,0,1247.4,0,4,538.5,0,3,606.9,0,0,inf,0,1,706.1,0,4,538.5
28613260,02500726,59.3,14.5,0,1,671.4,0,0,1193.9,0,5,603.8,0,3,663.3,0,0,inf,0,1,671.4,0,4,603.8
28613289,02500726,27.6,14.4,0,1,693.3,0,0,1171.8,0,6,625.6,0,3,685.2,0,0,inf,0,1,693.3,0,4,625.6
28613320,02500726,25.8,14.4,0,1,729.6,0,0,1135.5,0,6,661.9,0,2,721.5,0,0,inf,0,1,729.6,0,4,661.9
28613329,02500726,21.9,14.4,0,1,745.8,0,0,1119.3,0,6,678.2,0,2,737.8,0,0,inf,0,1,745.8,0,4,678.2
28613422,02500726,46.8,39.7,0,0,846.7,0,0,1128.3,0,5,569.0,0,1,637.4,0,0,inf,0,0,846.7,0,3,569.0
28613440,02500726,47.1,15.7,0,0,830.5,0,0,1096.5,0,5,552.8,0,1,621.2,0,0,inf,0,0,830.5,0,3,552.8
28613444,02500726,24.5,16.0,0,0,854.7,0,0,1072.8,0,5,577.0,0,1,645.4,0,0,inf,0,0,854.7,0,3,577.0
28613556,02500726,10.0,11.9,0,1,765.4,0,0,1094.6,0,5,697.7,0,2,757.3,0,0,inf,0,1,765.4,0,3,697.7
28613587,02500726,21.9,14.8,0,0,811.3,0,0,1054.7,0,4,658.2,0,1,783.4,0,0,inf,0,0,811.3,0,2,743.6
28613594,02500726,21.6,14.8,0,0,826.0,0,0,1039.9,0,4,643.4,0,1,768.6,0,0,inf,0,0,826.0,0,2,758.4
28613635,02500726,19.0,14.9,0,0,842.3,0,0,1023.8,0,4,627.4,0,1,752.6,0,0,inf,0,0,842.3,0,2,763.0
28613672,02500726,54.9,15.1,0,0,866.4,0,0,1000.1,0,4,603.7,0,1,728.9,0,0,inf,0,0,866.4,0,2,739.4
28613683,02500726,26.1,20.9,0,0,935.9,0,0,1002.2,0,4,622.1,0,1,756.5,0,0,inf,0,0,935.9,0,2,741.4
28613688,02500726,26.7,17.5,0,0,951.1,0,0,980.2,0,4,600.1,0,1,771.7,0,0,inf,0,0,951.1,0,2,719.4
28613759,02500726,53.7,15.5,0,0,966.5,0,0,960.1,0,5,580.1,0,1,757.1,0,0,inf,0,0,960.1,0,3,684.0
28614484,02500726,34.7,17.5,0,0,957.2,0,0,1176.4,0,4,471.6,0,1,564.1,0,0,inf,0,0,957.2,0,3,471.6
28614502,02500726,50.6,30.6,0,0,1027.8,0,0,1210.7,0,3,542.2,0,1,634.7,0,0,inf,0,0,1027.8,0,3,542.2
28614512,02500726,48.7,35.0,0,0,1059.9,0,0,1242.9,0,3,574.3,0,1,666.9,0,0,inf,0,0,1059.9,0,3,574.3
28662683,02500726,51.1,17.9,0,0,899.2,0,0,1077.0,0,5,571.8,0,1,664.4,0,0,inf,0,0,899.2,0,3,571.8
28662691,02500726,49.7,31.7,0,0,1063.7,0,0,1004.6,0,4,624.5,0,0,854.4,0,0,inf,0,0,1004.6,0,2,743.8
28662697,02500726,48.0,37.4,0,0,1098.4,0,0,1039.2,0,3,659.1,0,0,889.0,0,0,inf,0,0,1039.2,0,1,778.5
28662714,02500726,20.2,14.7,0,0,917.3,0,0,1095.1,0,5,547.5,0,1,640.0,0,0,inf,0,0,917.3,0,3,547.5
28662723,02500726,38.6,27.8,0,0,1164.5,0,0,1105.3,0,2,725.2,0,0,955.1,0,0,inf,0,0,1105.3,0,0,844.6
28662741,02500726,61.1,35.8,0,0,1196.9,0,0,1137.7,0,2,757.6,0,0,987.5,0,0,inf,0,0,1137.7,0,0,877.0
28662755,02500726,46.6,47.0,0,0,1189.9,0,0,921.1,1,5,69.8,0,1,534.8,0,0,inf,0,0,921.1,1,4,69.8
28662761,02500726,46.8,45.0,0,0,1095.8,0,0,1278.8,0,3,610.2,0,1,702.7,0,0,inf,0,0,1095.8,0,3,610.2
28662790,02500726,67.2,23.1,0,0,1073.9,0,0,1256.9,0,3,588.3,0,1,680.8,0,0,inf,0,0,1073.9,0,3,588.3
28662832,02500726,36.4,26.4,0,0,1040.1,0,0,1223.1,0,3,554.5,0,1,647.0,0,0,inf,0,0,1040.1,0,3,554.5
28662843,02500726,52.0,28.2,0,0,1035.8,0,0,1218.7,0,3,550.2,0,1,642.7,0,0,inf,0,0,1035.8,0,3,550.2
28662891,02500726,45.5,31.2,0,0,1010.0,0,0,1192.9,0,3,524.4,0,1,616.9,0,0,inf,0,0,1010.0,0,3,524.4
28662896,02500726,52.6,38.5,0,0,1168.8,0,0,1109.7,0,2,729.6,0,0,959.5,0,0,inf,0,0,1109.7,0,0,848.9
28662923,02500726,52.2,36.7,0,0,1138.6,0,0,1079.5,0,2,699.4,0,0,929.3,0,0,inf,0,0,1079.5,0,0,818.7
28662939,02500726,53.8,35.6,0,0,997.7,0,0,1180.6,0,3,512.1,0,1,604.6,0,0,inf,0,0,997.7,0,3,512.1
28662957,02500726,54.0,31.1,0,0,980.1,0,0,1157.9,0,5,517.3,0,1,609.8,0,0,inf,0,0,980.1,0,3,517.3
28663074,02500726,53.0,36.9,0,0,1132.9,0,0,1073.8,0,2,693.7,0,0,923.6,0,0,inf,0,0,1073.8,0,0,813.0
28663155,02500726,53.8,36.4,0,0,1103.4,0,0,1044.3,0,3,664.2,0,0,894.1,0,0,inf,0,0,1044.3,0,1,783.5
28663191,02500726,48.7,24.7,0,0,967.9,0,0,1145.7,0,5,516.7,0,1,609.2,0,0,inf,0,0,967.9,0,3,516.7
28663201,02500726,48.9,29.4,0,0,943.4,0,0,1121.2,0,5,550.8,0,1,643.3,0,0,inf,0,0,943.4,0,3,550.8
28663597,02400522,8.6,12.0,0,0,1091.6,0,0,1327.5,3,7,277.0,0,3,423.9,0,0,inf,0,0,1091.6,3,7,277.0
28663600,02400522,16.0,13.6,0,0,1087.5,0,0,1323.4,3,7,272.8,0,3,419.8,0,0,inf,0,0,1087.5,3,7,272.8
28663603,02400522,142.5,27.6,0,0,1130.1,0,0,1298.2,2,6,322.2,0,1,462.4,0,0,inf,0,0,1130.1,2,6,322.2
28665381,02500726,32.0,31.3,0,0,1318.3,0,0,1033.8,0,3,653.8,0,0,1033.8,0,0,inf,0,0,1033.8,0,1,773.1
28665390,02500726,46.0,48.1,0,0,1304.1,0,0,809.1,2,5,163.3,0,1,648.9,0,0,inf,0,0,809.1,2,4,163.3
28665408,02500726,46.6,47.2,0,0,1195.8,0,0,1136.6,0,2,756.5,0,0,986.4,0,0,inf,0,0,1136.6,0,0,875.8
28665410,02500726,46.9,22.9,0,0,1183.9,0,0,1124.8,0,2,744.7,0,0,974.6,0,0,inf,0,0,1124.8,0,0,864.0
28665450,02500726,20.3,18.4,0,0,1158.9,0,0,1099.8,0,2,719.7,0,0,949.6,0,0,inf,0,0,1099.8,0,0,839.0
28665459,02500726,44.8,35.7,0,0,1155.3,0,0,1096.1,0,2,716.1,0,0,946.0,0,0,inf,0,0,1096.1,0,0,835.4
28665463,02500726,48.2,33.7,0,0,1135.6,0,0,1076.4,0,2,696.3,0,0,926.2,0,0,inf,0,0,1076.4,0,0,815.6
28665472,02500726,48.9,29.2,0,0,1125.0,0,0,1065.9,0,2,685.8,0,0,915.7,0,0,inf,0,0,1065.9,0,0,805.1
28665473,02500726,48.8,33.9,0,0,1100.6,0,0,1041.4,0,3,661.3,0,0,891.2,0,0,inf,0,0,1041.4,0,1,780.6
28665488,02500726,48.6,29.0,0,0,1089.4,0,0,1030.3,0,3,650.2,0,0,880.1,0,0,inf,0,0,1030.3,0,1,769.5
28665493,02500726,48.5,33.8,0,0,1065.0,0,0,1005.8,0,4,625.7,0,0,855.6,0,0,inf,0,0,1005.8,0,2,745.0
28665495,02500726,27.8,24.3,0,0,1049.9,0,0,990.7,0,4,610.6,0,0,840.5,0,0,inf,0,0,990.7,0,2,730.0
28665501,02500726,21.4,16.2,0,0,1045.5,0,0,882.3,0,5,502.2,0,0,836.2,0,0,inf,0,0,882.3,0,2,621.5
28665506,02500726,47.4,20.5,0,0,1019.7,0,0,960.6,0,4,580.5,0,0,810.4,0,0,inf,0,0,960.6,0,2,699.8
28665536,02500726,62.8,41.1,0,0,1080.0,0,0,897.7,0,5,517.7,0,0,870.6,0,0,inf,0,0,897.7,0,2,637.0
28665538,02500726,46.9,15.7,0,0,1086.0,0,0,840.9,0,4,460.9,0,0,840.9,0,0,inf,0,0,840.9,0,1,580.2
28665543,02500726,27.6,18.3,0,0,1147.2,0,0,862.7,0,4,482.6,0,0,862.7,0,0,inf,0,0,862.7,0,1,602.0
28665554,02500726,47.7,30.5,0,0,1203.4,0,0,918.9,0,3,538.9,0,0,918.9,0,0,inf,0,0,918.9,0,1,658.2
28665555,02500726,49.0,25.4,0,0,1204.4,0,0,919.9,0,3,539.9,0,0,919.9,0,0,inf,0,0,919.9,0,1,659.2
28665557,02500726,48.3,30.6,0,0,1238.9,0,0,954.5,0,3,574.4,0,0,954.5,0,0,inf,0,0,954.5,0,1,693.7
28847088,02400520,118.4,90.4,0,0,1123.3,0,0,1528.3,2,5,210.1,0,1,455.5,0,0,inf,0,0,1123.3,2,5,210.1
28847118,02400522,50.0,17.1,0,0,988.4,0,0,1460.8,3,6,180.5,1,1,320.7,0,0,inf,0,0,988.4,3,6,180.5
28847158,02400522,62.3,24.0,0,0,1051.7,0,0,1466.9,3,6,148.8,1,1,384.0,0,0,inf,0,0,1051.7,3,6,148.8
28847204,02400522,90.4,30.7,0,0,1068.3,0,0,1463.8,2,6,145.6,0,1,400.6,0,0,inf,0,0,1068.3,2,6,145.6
28847217,02400522,51.9,28.0,0,0,1110.5,0,0,1279.7,3,6,229.1,0,3,442.7,0,0,inf,0,0,1110.5,3,6,229.1
28847235,02400522,18.2,24.4,0,0,1082.7,0,0,1300.5,3,7,249.9,0,3,414.9,0,0,inf,0,0,1082.7,3,7,249.9
28850231,02500726,23.5,40.3,0,0,1302.2,0,0,1017.8,0,3,637.7,0,0,1017.8,0,0,inf,0,0,1017.8,0,1,757.0
28852849,02500726,45.7,14.4,0,0,918.7,0,0,1005.7,0,6,625.6,0,1,709.4,0,0,inf,0,0,918.7,0,4,636.2
28852851,02500726,20.0,21.0,0,0,1041.5,0,0,982.3,0,4,602.3,0,0,832.2,0,0,inf,0,0,982.3,0,2,721.6
28925804,02500726,46.6,16.5,0,0,910.4,0,0,1088.2,0,5,557.9,0,1,650.4,0,0,inf,0,0,910.4,0,3,557.9
28956401,02400521,47.5,30.4,0,0,1344.3,0,2,565.2,0,1,689.1,0,5,453.8,0,0,1344.3,0,2,565.2,0,3,565.2
28956503,02400521,95.6,9.0,0,0,1510.2,0,2,650.7,0,2,455.4,1,4,278.2,0,0,1510.2,0,2,650.7,0,4,455.4
29005801,02400522,26.8,24.3,0,0,1068.6,0,0,1314.3,3,7,260.7,0,3,400.9,0,0,inf,0,0,1068.6,3,7,260.7
29005802,02400522,22.2,41.4,0,0,1252.6,0,0,1290.0,2,5,138.3,0,3,584.8,0,0,inf,0,0,1252.6,2,5,138.3
29007104,02400521,19.8,17.7,0,0,1463.4,0,0,1003.4,1,5,181.8,0,3,531.6,0,0,1871.5,0,0,1003.4,1,5,181.8
29007128,02400521,23.0,29.2,0,0,1565.5,0,0,1083.3,1,4,283.8,0,2,611.6,0,0,1951.5,0,0,1083.3,1,4,283.8
29007130,02400521,12.7,23.0,0,0,1570.6,0,0,1088.5,1,4,289.0,0,2,616.7,0,0,1956.6,0,0,1088.5,1,4,289.0
29007151,02400521,9.5,45.7,0,0,1595.2,0,0,1113.1,1,4,313.6,0,2,641.3,0,0,1981.2,0,0,1113.1,1,4,313.6
29007160,02400521,7.8,48.1,0,0,1595.7,0,0,1113.6,1,4,314.1,0,2,641.8,0,0,1981.7,0,0,1113.6,1,4,314.1
29007222,02400521,72.3,18.4,0,0,1645.6,0,1,777.5,0,3,409.2,1,3,305.7,0,0,1645.6,0,1,777.5,0,4,409.2
29007235,02400521,13.3,24.9,0,0,1381.2,0,0,1002.8,2,5,99.6,0,3,456.8,0,0,inf,0,0,1002.8,2,5,99.6
29007341,02400521,60.8,42.1,0,0,1323.8,0,0,1193.1,2,5,142.5,0,3,647.1,0,0,inf,0,0,1193.1,2,5,142.5
29009487,02400521,12.1,36.2,0,0,1477.8,0,0,1026.1,1,4,196.2,0,2,554.3,0,0,1894.2,0,0,1026.1,1,4,196.2
29009516,02400521,3.4,57.2,0,0,1215.6,0,0,1233.1,2,5,182.5,0,3,547.9,0,0,inf,0,0,1215.6,2,5,182.5
29026263,02400521,13.8,54.0,0,0,1601.6,0,0,1119.5,1,4,320.0,0,2,647.7,0,0,1987.6,0,0,1119.5,1,4,320.0
29026265,02400521,10.0,11.8,0,0,1520.0,0,0,1037.9,1,4,238.4,0,2,566.1,0,0,1906.0,0,0,1037.9,1,4,238.4
29026266,02400521,20.6,21.1,0,0,1546.1,0,0,1064.0,1,4,264.5,0,2,592.2,0,0,1932.1,0,0,1064.0,1,4,264.5
29053671,02400520,374.3,20.2,0,0,1444.1,0,1,740.6,1,3,100.0,0,5,484.3,0,0,1926.9,0,1,740.6,1,4,100.0
29053741,02400520,78.0,19.4,0,0,1440.7,0,2,609.8,1,3,229.2,0,6,431.3,0,0,1796.2,0,2,609.8,1,5,229.2
29279135,02400522,38.8,32.5,0,0,1451.5,0,0,1185.2,0,5,649.4,0,1,783.8,0,0,inf,0,0,1185.2,0,5,649.4
29279145,02400522,43.3,20.8,0,0,942.7,0,0,1128.4,3,7,275.0,1,1,275.0,0,0,inf,0,0,942.7,3,7,275.0
29279174,02400522,45.9,30.2,0,0,1413.8,0,0,1218.3,0,5,611.7,0,1,746.0,0,0,inf,0,0,1218.3,0,5,611.7
29279258,02400522,29.9,51.2,0,0,1003.3,0,0,1379.8,2,6,335.6,1,1,335.6,0,0,inf,0,0,1003.3,2,6,335.6
29279263,02400522,23.0,21.3,0,0,910.4,0,0,1207.1,3,7,242.6,1,1,242.6,0,0,inf,0,0,910.4,3,7,242.6
29319115,02200207,15.2,19.4,0,1,601.3,2,3,241.5,0,0,inf,2,4,243.5,0,0,1087.1,2,4,241.5,3,5,241.5
29319116,02200207,32.5,35.5,0,1,592.6,2,3,282.4,0,0,inf,2,4,234.8,0,0,1078.4,2,4,282.4,3,5,234.8
29319117,02200207,31.3,35.0,0,1,573.1,2,3,300.8,0,0,inf,2,4,215.3,0,0,1058.9,2,4,300.8,3,5,215.3
29319120,02200207,51.3,26.5,0,1,602.6,1,3,386.7,0,0,inf,2,4,244.8,0,0,1088.4,1,4,386.7,2,5,244.8
29319124,02200207,18.8,15.1,0,0,807.5,1,3,274.8,0,0,inf,0,3,449.7,0,0,1293.2,1,3,274.8,1,4,274.8
29319126,02200207,37.8,25.7,0,1,573.9,1,3,358.0,0,0,inf,2,4,216.1,0,0,1059.7,1,4,358.0,2,5,216.1
29388356,02400623,78.5,12.4,0,0,845.5,0,1,677.5,0,0,1139.7,1,5,351.8,0,0,1026.0,0,1,677.5,0,2,677.5
29388957,02400623,80.7,9.3,0,1,743.8,0,2,665.5,0,0,1127.6,1,7,364.4,0,0,1010.1,0,2,665.5,0,4,665.5
29420148,02200209,145.6,22.8,0,0,1821.7,0,1,609.0,0,0,inf,0,6,609.0,0,0,inf,0,1,609.0,0,5,609.0
29420152,02200209,114.4,10.4,0,0,1859.2,0,1,656.0,0,0,inf,0,6,495.0,0,0,inf,0,1,656.0,0,4,656.0
29428402,02400520,1.4,16.4,0,0,1187.5,0,0,1224.9,3,5,153.5,0,3,519.8,0,0,inf,0,0,1187.5,3,5,153.5
29452043,02400520,1.0,17.4,0,0,1265.1,0,0,1397.6,2,4,137.1,0,1,597.4,0,0,inf,0,0,1265.1,2,4,137.1
29558981,02300316,318.1,67.2,0,0,1563.9,0,1,752.0,0,0,1617.5,1,5,237.3,0,0,1563.9,0,1,752.0,1,5,237.3
29559069,02300316,12.2,18.4,0,0,1433.8,0,1,568.2,0,0,1433.8,1,8,151.8,0,0,1478.4,0,1,568.2,1,7,151.8
29560088,02300316,200.8,20.9,0,0,1379.3,0,1,513.7,0,0,1379.3,2,7,300.0,0,0,1626.6,0,1,513.7,2,6,300.0
29990783,02300316,124.4,14.8,0,0,1475.5,0,2,591.7,0,0,1475.5,3,10,273.1,0,0,1722.8,0,2,591.7,2,8,273.1
30038650,02200209,96.5,48.6,0,0,1974.6,0,1,761.8,0,0,inf,0,2,714.4,0,0,inf,0,1,761.8,0,1,761.8
30408236,02200209,66.2,11.6,0,0,1809.2,0,1,596.4,0,0,inf,0,6,596.4,0,0,inf,0,1,596.4,0,5,596.4
31059504,02500835,44.1,11.4,0,0,1007.0,0,0,1007.0,0,0,1007.0,2,4,357.7,0,0,1761.0,0,0,1007.0,0,0,1007.0
31059505,02500835,34.6,10.6,0,0,934.9,0,0,934.9,0,0,934.9,2,5,275.6,0,0,1688.8,0,0,934.9,0,0,934.9
31059506,02500835,44.9,23.8,0,0,851.0,0,0,851.0,0,0,851.0,3,5,312.3,0,0,1605.0,0,0,851.0,0,0,851.0
31059507,02500835,39.1,10.2,0,0,901.3,0,0,901.3,0,0,901.3,2,5,355.3,0,0,1655.3,0,0,901.3,0,0,901.3
31059508,02500835,31.0,15.0,0,0,1038.0,0,0,1038.0,0,0,935.2,2,4,51.2,0,0,1465.6,0,0,1038.0,0,0,922.5
31059510,02500835,31.8,16.4,0,1,776.8,0,1,776.8,0,1,776.8,2,6,296.5,0,0,1530.8,0,1,776.8,0,1,776.8
32040793,02500729,31.4,48.3,0,1,574.4,0,2,540.0,0,3,542.4,0,2,540.0,0,0,1758.4,0,2,540.0,0,4,540.0
32047886,02500729,31.1,72.0,0,1,568.0,1,2,373.4,0,3,412.7,1,2,373.4,0,0,1609.3,1,2,373.4,1,4,373.4
32388477,02500835,71.0,15.7,0,0,1008.0,0,0,1008.0,0,0,905.1,2,4,82.6,0,0,1435.6,0,0,1008.0,0,0,892.5
32388478,02500835,23.0,12.3,0,0,947.8,0,0,947.8,0,0,845.0,2,4,102.3,0,0,1375.4,0,0,947.8,0,0,800.7
32471999,02500833,41.2,19.4,0,0,1044.7,0,1,624.8,3,8,189.4,3,6,189.4,0,0,1044.7,0,1,624.8,4,11,189.4
32472001,02500833,50.1,20.4,0,0,912.5,0,1,759.1,3,7,270.7,2,6,323.7,0,0,912.5,0,1,759.1,3,10,270.7
32472003,02500833,50.5,18.4,0,0,934.3,0,1,733.3,3,7,292.5,2,6,297.9,0,0,934.3,0,1,733.3,3,10,292.5
32472825,02500833,39.7,17.1,0,0,1122.2,0,1,534.1,2,7,98.7,2,6,98.7,0,0,1122.2,0,1,534.1,3,10,98.7
32472829,02500833,13.1,43.7,0,0,1062.2,0,1,575.7,2,6,135.1,3,6,135.1,0,0,1062.2,0,1,575.7,3,9,135.1
32485198,02500834,53.3,14.2,0,1,483.7,0,0,1286.8,0,2,513.5,0,3,483.7,0,1,483.7,0,1,483.7,0,4,483.7
32485199,02500834,80.3,17.7,0,0,866.6,0,0,879.1,1,6,236.8,0,5,443.7,0,0,866.6,0,0,866.6,1,9,236.8
32485200,02500834,18.6,45.1,0,0,878.5,0,0,833.9,2,6,191.7,1,5,398.5,0,0,878.5,0,0,833.9,2,9,191.7
32485203,02500834,111.4,16.9,0,1,630.4,0,0,1092.6,1,5,314.1,1,4,314.1,0,1,630.4,0,1,630.4,1,7,314.1
32485204,02500834,32.1,16.5,0,1,508.5,0,0,1074.7,1,5,296.2,1,4,296.2,0,1,508.5,0,1,508.5,1,7,296.2
32485206,02500834,68.9,15.5,1,1,374.5,0,0,1235.4,0,3,456.9,2,4,363.3,1,1,374.5,1,1,374.5,2,5,363.3
32485207,02500834,62.8,43.2,0,1,443.4,0,0,1193.3,0,3,414.8,0,4,414.8,0,1,443.4,0,1,443.4,0,5,414.8
32485208,02500834,56.2,19.4,0,1,462.9,0,0,1126.2,1,4,347.7,1,4,347.7,0,1,462.9,0,1,462.9,1,6,347.7
32485210,02500833,33.3,17.1,0,0,860.9,0,1,723.7,3,7,281.5,2,6,281.5,0,0,860.9,0,1,723.7,3,10,281.5
32485211,02500833,33.4,18.2,0,0,814.5,0,1,772.3,3,7,318.1,2,5,330.1,0,0,814.5,0,1,772.3,3,9,318.1
32485212,02500833,33.6,17.7,0,0,837.7,0,1,748.0,3,7,305.8,2,6,305.8,0,0,837.7,0,1,748.0,3,10,305.8
32485213,02500833,50.6,20.1,0,0,938.6,0,1,732.4,3,7,296.8,2,6,297.0,0,0,938.6,0,1,732.4,3,10,296.8
32485214,02500833,58.9,16.6,0,0,895.3,0,1,688.2,3,7,246.0,2,6,246.0,0,0,895.3,0,1,688.2,3,10,246.0
32485409,02500835,51.0,15.7,0,1,752.3,0,1,752.3,0,1,752.3,2,6,272.0,0,0,1464.5,0,1,752.3,0,1,752.3
32485410,02500835,22.9,16.0,0,1,741.8,0,1,741.8,0,1,741.8,0,5,467.5,0,0,1702.5,0,1,741.8,0,1,741.8
32485613,02500835,64.2,14.2,0,1,756.6,0,1,756.6,0,1,756.6,2,6,204.7,0,0,1439.0,0,1,756.6,0,1,756.6
32485621,02500835,131.7,29.1,0,0,870.2,0,0,870.2,0,0,870.2,2,6,132.1,0,0,1780.4,0,0,870.2,0,1,793.3
32485622,02500835,44.3,15.6,0,1,685.3,0,1,685.3,0,1,685.3,0,6,411.0,0,0,1646.0,0,1,685.3,0,1,685.3
32485623,02500835,44.1,15.3,0,1,756.6,0,1,756.6,0,1,756.6,0,5,482.3,0,0,1717.3,0,1,756.6,0,1,756.6
32485624,02500835,43.6,15.8,0,1,704.0,0,1,704.0,0,1,704.0,0,6,429.7,0,0,1664.7,0,1,704.0,0,1,704.0
32485625,02500835,42.9,17.2,0,1,797.2,0,1,797.2,0,1,797.2,3,6,316.9,0,0,1551.2,0,1,797.2,0,1,797.2
32485626,02500835,43.8,30.0,0,1,688.0,0,1,688.0,0,1,688.0,1,6,304.7,0,0,1539.0,0,1,688.0,0,1,688.0
32485627,02500835,49.4,15.4,0,1,646.1,0,1,646.1,0,1,646.1,2,6,371.7,0,0,1606.8,0,1,646.1,0,1,646.1
32485849,02500835,38.3,30.7,0,0,1014.3,0,0,1389.0,0,0,1286.2,1,5,313.0,0,0,1038.8,0,0,1014.3,0,2,404.9
32485851,02500835,69.4,17.7,0,0,932.6,0,0,1469.3,0,0,1336.2,2,5,251.1,0,0,932.6,0,0,932.6,1,2,341.9
32485856,02500835,26.0,19.2,0,0,904.4,0,0,1496.8,0,0,1376.7,2,6,274.2,0,0,973.1,0,0,904.4,1,3,274.2
32485865,02500835,59.2,23.8,0,1,651.2,0,0,1738.3,0,0,1458.8,2,10,347.7,0,0,1055.3,0,1,651.2,2,6,347.7
32485868,02500835,48.2,18.3,0,1,721.6,0,0,1677.7,0,0,1317.0,1,7,214.5,0,0,913.4,0,1,721.6,1,4,214.5
32485872,02500835,22.9,59.8,0,0,894.4,0,0,1567.2,0,0,1464.3,0,6,420.7,0,0,1102.2,0,0,894.4,0,3,468.3
32485880,02500835,23.4,15.8,0,0,858.9,0,0,1453.6,0,0,1262.5,2,5,177.4,0,0,858.9,0,0,858.9,1,2,268.2
32514430,02500834,12.2,20.3,0,1,591.6,0,1,591.6,4,9,218.1,1,7,336.7,0,0,1344.3,0,1,591.6,4,10,218.1
32514431,02500834,1.3,7.2,0,1,631.8,0,1,631.8,3,9,278.8,1,6,397.5,0,0,1294.2,0,1,631.8,3,10,278.8
32514434,02500835,138.0,24.1,0,0,937.0,0,0,937.0,0,6,507.7,0,3,735.3,0,0,1225.3,0,0,937.0,0,8,507.7
32514777,02500833,34.2,18.0,0,1,730.7,0,0,870.3,1,5,77.2,1,5,77.2,0,1,730.7,0,1,730.7,1,8,77.2
32514780,02500833,41.6,41.6,0,0,863.4,0,1,770.0,3,7,327.8,2,5,327.8,0,0,863.4,0,1,770.0,3,9,327.8
32514781,02500833,41.4,14.9,0,0,843.5,0,1,736.6,3,7,294.4,2,6,294.4,0,0,843.5,0,1,736.6,3,10,294.4
32514782,02500833,41.0,42.1,0,0,900.0,0,1,734.5,2,7,292.3,2,6,292.3,0,0,900.0,0,1,734.5,2,10,292.3
32514783,02500833,27.3,18.9,0,0,943.9,0,1,682.7,2,6,176.3,2,6,176.3,0,0,943.9,0,1,682.7,2,9,176.3
32514823,02500831,59.6,12.9,0,0,1015.5,0,1,611.0,2,7,224.5,2,6,224.5,0,0,1015.5,0,1,611.0,2,10,224.5
32514825,02500831,67.3,17.9,0,0,935.1,0,1,747.1,2,7,167.5,2,6,167.5,0,0,935.1,0,1,747.1,2,10,167.5
32514826,02500831,52.7,37.5,0,0,956.4,0,1,683.6,2,6,188.8,2,6,188.8,0,0,956.4,0,1,683.6,2,9,188.8
32520314,02500831,46.5,30.3,0,0,1065.7,0,1,637.3,2,6,268.6,2,6,268.6,0,0,1087.1,0,1,637.3,2,9,268.6
32520318,02500831,45.9,18.0,0,0,849.1,0,1,722.7,2,5,199.5,1,5,287.9,0,0,1055.5,0,1,722.7,2,8,199.5
32520325,02500831,34.8,20.5,0,0,850.5,0,1,644.9,2,4,201.0,1,5,370.8,0,0,1138.4,0,1,644.9,2,7,201.0
32520327,02500831,44.5,14.0,0,0,871.3,0,1,605.4,2,5,284.9,1,5,390.2,0,0,1157.8,0,1,605.4,2,8,284.9
32520552,02500831,58.5,15.3,0,0,916.8,0,1,728.8,2,7,149.2,2,6,149.2,0,0,916.8,0,1,728.8,2,10,149.2
32520553,02500831,34.9,19.5,0,0,943.9,0,1,755.9,2,6,176.3,2,5,176.3,0,0,943.9,0,1,755.9,2,8,176.3
32520555,02500831,27.6,16.9,0,0,851.9,0,1,746.8,2,6,84.4,2,6,84.4,0,0,851.9,0,1,746.8,2,9,84.4
32520560,02500832,23.5,16.9,0,0,946.8,0,0,830.3,2,5,220.4,1,4,220.4,0,0,946.8,0,0,830.3,2,7,220.4
32520820,02500832,61.5,17.9,0,0,940.0,0,0,806.6,2,5,196.8,1,4,196.8,0,0,964.4,0,0,806.6,2,7,196.8
32520821,02500832,44.3,17.1,0,0,891.9,0,0,833.7,2,4,310.5,1,4,311.0,0,0,1038.9,0,0,833.7,2,6,310.5
32520822,02500832,29.2,26.0,0,0,907.6,0,0,887.8,1,5,278.0,1,4,278.0,0,0,907.6,0,0,887.8,1,7,278.0
32520824,02500832,39.8,21.7,0,0,849.9,0,0,849.9,1,4,371.0,1,4,371.0,0,0,896.3,0,0,849.9,1,6,371.0
32520825,02500832,39.3,37.2,0,0,859.1,0,0,859.1,1,4,392.8,1,3,392.8,0,0,918.1,0,0,859.1,1,5,392.8
32520826,02500832,38.8,20.9,0,1,747.1,0,1,747.1,2,5,369.5,0,4,472.4,0,0,997.7,0,1,747.1,2,6,369.5
32520827,02500832,50.7,15.4,0,1,719.8,0,1,719.8,2,5,342.2,0,4,488.5,0,0,1013.8,0,1,719.8,2,6,342.2
32521170,02500834,23.0,18.4,0,1,628.1,0,0,1036.3,1,5,240.1,2,6,170.3,0,1,628.1,0,1,628.1,2,8,170.3
32521172,02500834,60.2,17.0,0,1,541.7,0,0,1082.1,1,5,285.9,2,5,170.5,0,1,541.7,0,1,541.7,2,7,170.5
32521174,02500834,48.6,42.6,0,1,588.4,0,0,1113.1,1,4,320.0,2,4,320.0,0,1,588.4,0,1,588.4,2,6,320.0
32521177,02500834,66.6,17.3,0,1,403.8,0,0,1220.6,0,3,424.4,1,4,309.0,0,1,403.8,0,1,403.8,1,5,309.0
32521179,02500834,6.3,32.4,0,1,446.2,0,0,1168.9,1,3,390.4,1,4,390.4,0,1,446.2,0,1,446.2,1,5,390.4
32539335,02500834,45.4,26.9,1,1,323.7,0,0,1280.4,0,2,501.9,1,3,323.7,1,1,323.7,1,1,323.7,1,4,323.7
32539336,02500834,51.9,22.6,1,1,311.4,0,0,1239.5,0,2,533.6,2,4,198.4,1,1,311.4,1,1,311.4,2,4,198.4
32539339,02500834,53.8,27.1,0,1,534.2,0,0,1116.2,1,5,319.9,2,5,70.2,0,1,534.2,0,1,534.2,2,7,70.2
32539341,02500834,41.0,33.4,0,1,536.9,0,0,1198.8,0,3,402.5,1,4,287.2,0,1,536.9,0,1,536.9,1,5,287.2
32539545,02500834,20.2,21.1,1,1,246.5,0,0,1301.4,0,2,595.6,2,5,246.5,1,1,246.5,1,1,246.5,2,5,246.5
32539790,02500835,15.6,28.1,1,1,164.0,0,0,1398.0,0,2,692.1,2,5,164.0,1,1,164.0,1,1,164.0,2,5,164.0
32539793,02500832,57.9,21.5,0,1,609.6,0,0,1023.3,1,5,227.1,2,6,151.8,0,1,609.6,0,1,609.6,2,8,151.8
32539797,02500832,75.9,46.4,0,0,823.3,0,0,1111.8,1,3,315.6,2,3,315.6,0,0,823.3,0,0,823.3,2,4,315.6
32539799,02500832,56.6,38.9,0,1,716.7,0,0,977.1,0,5,494.6,1,5,348.8,0,1,716.7,0,1,716.7,1,7,348.8
32539800,02500832,22.3,20.6,0,1,575.3,0,0,971.6,0,4,542.7,1,4,207.5,0,1,575.3,0,1,575.3,1,6,207.5
32539801,02500832,39.6,21.6,0,1,496.3,0,0,1052.6,0,3,463.6,1,4,128.4,0,1,496.3,0,1,496.3,1,5,128.4
32539802,02500832,15.0,15.8,0,1,533.0,0,0,1094.6,1,5,298.4,2,5,69.0,0,1,533.0,0,1,533.0,2,7,69.0
32539803,02500832,5.8,34.5,0,1,547.5,0,0,1117.6,1,5,321.3,2,5,83.5,0,1,547.5,0,1,547.5,2,7,83.5
32540104,02500832,51.9,17.2,0,1,724.4,0,1,724.4,1,4,387.7,0,3,488.1,0,0,856.0,0,1,724.4,1,5,387.7
32540105,02500833,39.4,25.5,0,0,808.4,0,1,719.9,5,9,73.5,1,7,391.6,0,0,1540.3,0,1,719.9,5,11,73.5
32561044,02500727,54.1,33.0,0,0,1476.1,1,1,207.8,3,7,207.8,1,2,207.8,0,0,inf,1,1,207.8,2,4,207.8
32561052,02500727,42.5,25.9,0,0,1568.3,0,1,448.2,2,5,192.7,0,1,448.2,0,0,inf,0,1,448.2,1,3,349.1
32561060,02500727,33.5,27.5,0,0,1564.2,0,1,444.2,2,5,188.7,0,1,444.2,0,0,inf,0,1,444.2,1,3,345.1
32627993,02500836,52.7,29.1,0,0,991.8,0,0,inf,0,0,1824.9,2,5,220.8,0,0,1607.3,0,0,991.8,2,3,220.8
32635797,02500836,36.3,17.7,0,1,651.1,0,0,inf,0,0,1484.2,1,7,157.6,0,0,1266.5,0,1,651.1,1,5,157.6
32635799,02500836,1.2,10.6,0,1,478.0,0,0,1919.4,0,0,1393.5,1,9,222.5,0,0,1175.9,0,1,478.0,1,6,222.5
32641619,02500836,27.9,28.4,0,0,1282.6,0,0,inf,0,0,inf,2,6,145.2,0,0,1898.0,0,0,1282.6,2,4,145.2
32641620,02500836,28.8,31.0,0,0,1256.2,0,0,inf,0,0,inf,2,6,176.7,0,0,1871.7,0,0,1256.2,2,4,176.7
32641621,02500836,28.8,32.9,0,0,1229.6,0,0,inf,0,0,inf,2,6,199.5,0,0,1845.0,0,0,1229.6,2,4,199.5
32648520,02500835,8.0,26.3,1,2,389.6,0,0,1673.9,0,2,697.3,1,6,389.6,1,1,389.6,1,2,389.6,1,5,389.6
32653255,02500836,29.6,15.4,0,0,1111.7,0,0,inf,0,0,1588.6,2,4,179.4,0,0,1727.1,0,0,1111.7,0,2,480.3
32653256,02500836,29.5,15.4,0,0,1067.8,0,0,inf,0,0,1544.8,2,4,135.6,0,0,1683.2,0,0,1067.8,0,2,436.5
32653257,02500836,39.5,28.8,0,0,1054.6,0,0,inf,0,0,1531.5,2,4,122.4,0,0,1670.0,0,0,1054.6,0,2,423.3
32653259,02500836,41.9,29.7,0,0,1018.1,0,0,inf,0,0,1495.1,3,4,85.9,0,0,1633.5,0,0,1018.1,1,2,386.8
32653260,02500836,26.7,19.9,0,0,1153.1,0,0,inf,0,0,1630.1,2,5,29.9,0,0,1768.6,0,0,1153.1,0,3,436.4
32653864,02500836,22.2,15.6,0,0,1117.8,0,0,inf,0,0,1594.7,2,4,185.5,0,0,1733.2,0,0,1117.8,0,2,486.4
32653865,02500836,22.2,15.6,0,0,1062.1,0,0,inf,0,0,1539.0,2,4,129.8,0,0,1677.5,0,0,1062.1,0,2,430.7
32664345,02300419,37.1,14.4,0,0,1154.9,0,1,557.8,0,0,1154.9,2,5,352.1,0,0,inf,0,1,557.8,2,4,352.1
32664346,02300419,22.6,9.2,0,0,1069.5,0,1,513.1,0,0,1069.5,2,5,266.7,0,0,1979.7,0,1,513.1,2,4,266.7
32664347,02300419,24.1,18.3,0,0,1126.8,0,1,529.7,0,0,1126.8,2,5,323.9,0,0,inf,0,1,529.7,2,4,323.9
32664852,02300419,25.2,15.7,0,0,1373.6,0,0,805.5,0,0,1373.6,1,4,269.3,0,0,inf,0,0,805.5,1,4,269.3
32665010,02300419,17.5,16.6,0,0,1186.1,0,1,617.5,0,0,1186.1,2,4,383.3,0,0,inf,0,1,617.5,2,4,383.3
32677289,02400624,43.5,31.9,0,1,768.3,0,2,566.0,5,10,151.6,1,8,237.6,0,0,1650.0,0,2,566.0,5,12,151.6
32705841,02500835,37.1,21.4,0,1,733.5,0,0,1672.0,0,0,1311.2,1,7,208.8,0,0,907.7,0,1,733.5,1,4,208.8
32728321,02500836,114.3,14.8,0,0,1185.6,0,0,inf,0,0,1748.3,3,5,148.2,0,0,1801.1,0,0,1185.6,1,3,307.9
32728322,02500836,106.5,15.9,0,0,1187.1,0,0,inf,0,0,1749.2,3,5,149.1,0,0,1802.5,0,0,1187.1,1,3,309.3
32728516,02500836,110.1,14.1,0,0,1257.4,0,0,inf,0,0,1798.5,3,5,198.3,0,0,1872.8,0,0,1257.4,1,3,261.0
32784557,02500836,76.1,14.9,0,0,1081.3,0,0,inf,0,0,1881.3,2,5,169.1,0,0,1696.7,0,0,1081.3,1,3,169.1
32784558,02500836,19.7,6.0,0,0,1122.0,0,0,inf,0,0,1955.0,2,6,40.5,0,0,1737.4,0,0,1122.0,2,4,40.5
32784559,02500836,19.5,19.1,0,0,1170.1,0,0,inf,0,0,1925.8,3,5,139.9,0,0,1785.5,0,0,1170.1,2,3,139.9
32786763,02500836,16.0,13.8,0,0,1182.0,0,0,inf,0,0,inf,2,6,151.9,0,0,1797.4,0,0,1182.0,2,4,151.9
32791876,02500836,43.4,20.0,0,0,1574.7,0,0,inf,0,0,inf,1,3,205.4,0,0,inf,0,0,1574.7,1,3,205.4
32841188,02500836,51.2,17.9,0,0,1121.9,0,0,inf,0,0,1955.0,2,6,91.8,0,0,1737.3,0,0,1121.9,2,4,91.8
32879251,02500727,52.3,14.6,0,0,1454.0,0,2,703.7,1,6,396.2,0,2,703.7,0,0,inf,0,2,703.7,0,3,703.7
32879264,02500727,75.2,24.8,0,0,1482.4,0,1,700.7,2,6,226.9,0,1,700.7,0,0,inf,0,1,700.7,0,2,574.9
32914420,02500836,22.3,16.4,0,0,1008.9,0,0,inf,0,0,1723.7,2,5,329.6,0,0,1624.4,0,0,1008.9,1,3,329.6
33432724,02300419,22.5,21.1,0,0,1272.2,0,1,703.6,0,0,1272.2,0,4,469.3,0,0,inf,0,1,703.6,0,4,469.3
33433548,02300419,20.7,35.5,0,0,1180.5,0,1,583.4,0,0,1180.5,1,3,377.7,0,0,inf,0,1,583.4,1,3,377.7
33433898,02300419,12.5,42.0,0,0,1117.2,0,1,520.2,0,0,1117.2,1,5,314.4,0,0,inf,0,1,520.2,1,4,314.4
33695410,02500835,36.6,13.1,0,0,1183.6,0,0,1219.5,0,0,1116.7,3,5,287.9,0,0,1290.7,0,0,1183.6,0,1,708.4
33904151,02300419,33.8,29.0,0,0,1118.9,0,1,562.4,0,0,1118.9,2,5,316.0,0,0,inf,0,1,562.4,2,4,316.0
33904152,02300419,15.0,17.9,0,0,1067.1,0,1,510.7,0,0,1067.1,2,5,256.1,0,0,1977.3,0,1,510.7,2,4,256.1
33904153,02300419,22.6,20.4,0,0,1014.5,0,1,458.0,0,0,1014.5,3,6,130.7,0,0,1924.7,0,1,458.0,3,5,130.7
33904154,02300419,40.6,26.8,0,0,1059.6,0,1,503.2,0,0,1059.6,3,6,98.4,0,0,1969.8,0,1,503.2,3,5,98.4
33904156,02300419,29.5,19.5,0,0,1069.8,0,1,513.3,0,0,1069.8,3,6,73.6,0,0,1980.0,0,1,513.3,3,5,73.6
33904158,02300419,21.3,33.1,0,0,1105.0,0,1,548.6,0,0,1105.0,3,6,65.6,0,0,inf,0,1,548.6,3,5,65.6
33904159,02300419,27.2,17.3,0,0,1192.7,0,1,636.2,0,0,1192.7,3,5,88.3,0,0,inf,0,1,636.2,3,5,88.3
33904160,02300419,39.1,16.5,0,0,1248.8,0,1,692.4,0,0,1248.8,2,5,144.5,0,0,inf,0,1,692.4,2,5,144.5
33904161,02300419,20.4,18.5,0,0,1211.0,0,1,654.6,0,0,1211.0,2,5,106.7,0,0,inf,0,1,654.6,2,5,106.7
33904162,02300419,28.2,19.6,0,0,1196.0,0,1,627.5,0,0,1196.0,2,4,304.9,0,0,inf,0,1,627.5,2,4,304.9
33904163,02300419,8.3,69.3,0,0,1282.5,0,1,726.1,0,0,1282.5,2,4,178.2,0,0,inf,0,1,726.1,2,4,178.2
33904164,02300419,47.2,23.5,0,0,1105.0,0,1,548.5,0,0,1105.0,3,6,148.8,0,0,inf,0,1,548.5,3,5,148.8
33904165,02300419,42.9,5.6,0,0,1081.7,0,1,525.3,0,0,1081.7,3,6,125.6,0,0,1992.0,0,1,525.3,3,5,125.6
34216797,02500729,29.3,19.0,0,1,700.8,0,2,515.9,0,5,639.4,0,2,515.9,0,0,1844.7,0,2,515.9,0,4,515.9
34217054,02500728,53.7,15.4,0,1,797.3,0,2,484.4,0,5,535.5,0,2,484.4,0,0,1813.2,0,2,484.4,0,3,484.4
34588001,02500836,25.3,23.6,0,1,791.9,0,0,inf,0,0,1625.0,2,7,112.6,0,0,1407.3,0,1,791.9,1,5,112.6
34866738,02400624,52.5,45.2,0,1,618.5,0,1,618.5,1,5,367.7,2,4,205.7,0,0,1406.8,0,1,618.5,1,6,367.7
34866781,02400624,66.3,15.5,0,1,709.0,0,1,709.0,0,5,458.1,2,4,147.3,0,0,1256.9,0,1,709.0,0,6,443.2
34867083,02400624,238.4,20.4,0,0,856.7,0,0,810.1,2,6,332.7,2,5,211.8,0,0,1409.5,0,0,810.1,3,8,332.7
34867218,02400624,30.2,15.1,0,1,676.2,0,1,676.2,3,7,206.5,1,6,381.6,0,0,1579.3,0,1,676.2,3,9,206.5
34867222,02400624,35.6,18.8,0,1,700.4,0,1,700.4,0,6,449.6,3,5,70.9,0,0,1339.9,0,1,700.4,1,7,366.8
35080463,02500836,5.4,17.7,0,0,1067.3,0,0,inf,0,0,1291.7,2,4,173.0,0,0,1507.4,0,0,1067.3,0,2,439.1
35080464,02500836,4.3,17.0,0,0,1001.0,0,0,inf,0,0,1359.7,3,4,103.6,0,0,1575.4,0,0,1001.0,1,2,369.7
35439047,02500728,38.3,29.2,0,0,842.9,0,1,516.8,0,2,549.2,0,1,516.8,0,0,1858.7,0,1,516.8,0,1,516.8
35585037,02500836,17.5,17.1,0,1,796.6,0,0,inf,0,0,1629.7,2,7,189.8,0,0,1412.0,0,1,796.6,1,5,189.8
35585038,02500836,16.3,15.9,0,1,796.0,0,0,inf,0,0,1629.1,2,7,188.0,0,0,1411.5,0,1,796.0,1,5,188.0
36822889,02500728,28.6,24.9,0,0,925.2,0,1,425.8,0,2,458.2,0,1,425.8,0,0,1918.8,0,1,425.8,0,1,425.8
37080273,02500728,39.5,20.6,0,0,842.8,0,1,499.7,0,2,532.2,0,1,499.7,0,0,1858.6,0,1,499.7,0,1,499.7
37080309,02500728,66.4,14.8,0,1,731.9,1,2,372.6,0,4,646.0,1,2,372.6,0,0,1701.4,1,2,372.6,1,3,372.6
37117817,02500729,58.0,16.3,0,0,931.4,0,0,815.3,1,3,224.8,0,1,693.1,0,0,inf,0,0,815.3,0,1,693.1
37179454,02200209,19.9,27.3,0,0,988.1,0,0,871.1,0,0,inf,2,9,134.7,0,0,1616.7,0,0,871.1,2,6,134.7
37179455,02200209,11.0,19.1,0,0,988.0,0,0,854.8,0,0,inf,2,9,134.5,0,0,1616.6,0,0,854.8,2,6,134.5
37179456,02200209,18.7,19.1,0,0,1043.0,0,0,842.0,0,0,inf,2,9,189.6,0,0,1671.6,0,0,842.0,2,6,189.6
37179457,02200209,18.2,15.9,0,0,1055.9,0,0,854.8,0,0,inf,3,9,202.5,0,0,1684.5,0,0,854.8,2,6,202.5
37419538,02300419,36.5,20.6,0,0,1630.1,0,2,491.7,0,0,1630.1,1,8,165.1,0,0,inf,0,2,491.7,0,6,441.7
37419539,02300419,21.8,39.4,0,0,1624.4,0,2,754.4,0,0,1624.4,0,5,427.8,0,0,inf,0,2,754.4,0,4,704.3
37419546,02300419,18.5,67.1,0,0,1726.7,0,1,624.5,0,0,1726.7,1,6,297.9,0,0,inf,0,1,624.5,0,4,574.4
37419636,02300418,9.7,36.0,0,0,1686.7,0,2,548.3,0,0,1686.7,1,8,221.7,0,0,inf,0,2,548.3,0,6,498.3
37419637,02300418,15.4,36.1,0,0,1713.2,0,2,575.8,0,0,1713.2,1,7,249.2,0,0,inf,0,2,575.8,0,5,525.8
37437855,02300419,16.5,14.9,0,0,1293.6,0,1,449.7,0,0,1293.6,0,4,449.7,0,0,inf,0,1,449.7,0,3,449.7
37437860,02300419,20.0,19.8,0,0,1344.8,0,1,500.9,0,0,1344.8,0,3,500.9,0,0,inf,0,1,500.9,0,2,500.9
37437861,02300419,43.5,23.9,0,0,1339.2,0,1,495.3,0,0,1339.2,0,3,495.3,0,0,inf,0,1,495.3,0,2,495.3
37437862,02300419,16.3,19.7,0,0,1299.6,0,1,455.7,0,0,1299.6,0,4,455.7,0,0,inf,0,1,455.7,0,3,455.7
37437865,02300419,40.2,25.1,0,0,1355.4,0,1,636.6,0,0,1355.4,0,4,552.5,0,0,inf,0,1,636.6,0,3,552.5
37437866,02300419,23.7,16.1,0,0,1077.5,1,1,394.7,0,0,1077.5,2,7,274.7,0,0,1987.7,1,1,394.7,2,5,274.7
37437867,02300419,18.7,17.9,0,0,1088.4,0,1,491.3,0,0,1088.4,1,6,285.6,0,0,1998.6,0,1,491.3,1,4,285.6
37438502,02300419,10.6,13.5,0,0,989.8,0,1,433.3,0,0,989.8,1,5,186.9,0,0,1900.0,0,1,433.3,1,4,186.9
37438504,02300419,22.9,34.2,0,0,987.6,0,1,431.2,0,0,987.6,1,5,184.8,0,0,1897.9,0,1,431.2,1,4,184.8
37438846,02300316,12.3,23.3,0,0,831.6,1,1,158.4,0,0,831.6,2,10,158.4,0,0,1741.8,1,1,158.4,2,6,158.4
37451084,02500830,483.3,17.6,0,0,1409.7,1,2,256.4,1,6,256.4,1,4,256.4,0,0,inf,1,2,256.4,1,6,256.4
37465047,02300315,27.9,15.5,0,0,1562.1,0,2,677.1,0,0,1651.1,3,11,78.6,0,0,1562.1,0,2,677.1,3,7,78.6
37465049,02300315,68.4,18.7,0,0,1597.9,0,1,533.6,0,0,1855.3,3,12,267.2,0,0,1597.9,0,1,533.6,2,7,267.2
37465050,02300315,43.0,34.3,0,0,1669.4,0,1,493.4,0,0,1906.3,3,12,251.6,0,0,1669.4,0,1,493.4,2,7,338.7
37465052,02300315,16.6,15.5,0,0,1706.2,0,1,419.0,0,0,1943.1,3,13,177.2,0,0,1706.2,0,1,419.0,2,8,375.5
37465053,02300315,19.3,17.3,0,0,1658.9,0,1,469.9,0,0,1895.8,3,13,228.2,0,0,1658.9,0,1,469.9,2,8,328.2
37465055,02300315,37.9,17.5,0,0,1821.7,0,1,419.6,0,0,1837.2,3,13,237.8,0,0,1821.7,0,1,419.6,1,8,294.7
37465056,02300315,36.7,16.9,0,0,1741.1,0,1,499.2,0,0,1773.6,3,11,214.1,0,0,1741.1,0,1,499.2,1,7,214.1
37525133,02300316,15.5,14.7,0,0,927.7,1,1,109.0,0,0,927.7,2,10,109.0,0,0,1837.9,1,1,109.0,2,6,109.0
37528765,02300316,10.0,24.5,0,0,898.9,1,1,157.4,0,0,898.9,2,9,157.4,0,0,1809.2,1,1,157.4,2,5,157.4
37528766,02300316,17.2,17.2,0,0,886.1,1,1,219.4,0,0,886.1,2,7,219.4,0,0,1796.3,1,1,219.4,2,4,219.4
37528768,02300316,30.5,21.5,0,0,1005.5,1,1,161.5,0,0,1005.5,2,6,161.5,0,0,1896.7,1,1,161.5,2,4,161.5
37528770,02300316,33.3,17.4,0,0,1078.6,1,1,222.9,0,0,1078.6,2,7,222.9,0,0,1806.1,1,1,222.9,2,6,222.9
37528771,02300316,16.3,15.5,0,0,1048.1,1,1,249.7,0,0,1048.1,1,7,249.7,0,0,1832.8,1,1,249.7,1,6,249.7
37528773,02300316,15.4,18.4,0,0,1042.0,1,1,261.5,0,0,1042.0,1,7,261.5,0,0,1844.7,1,1,261.5,1,6,261.5
37528774,02300316,23.0,20.8,0,0,977.9,1,1,285.8,0,0,977.9,1,5,285.8,0,0,1888.2,1,1,285.8,1,4,285.8
37528776,02300316,3.1,23.5,0,0,1129.2,1,1,263.6,0,0,1129.2,2,8,263.6,0,0,1710.4,1,1,263.6,2,6,263.6
37528777,02300316,21.0,0.3,0,0,1063.8,1,1,282.4,0,0,1063.8,1,7,282.4,0,0,1781.5,1,1,282.4,1,6,282.4
37528779,02300316,14.8,16.7,0,0,1083.6,1,1,295.5,0,0,1083.6,1,7,295.5,0,0,1794.6,1,1,295.5,1,6,295.5
37528780,02300316,110.6,12.1,0,0,1036.9,1,1,287.4,0,0,1036.9,1,7,287.4,0,0,1833.9,1,1,287.4,1,6,287.4
37528783,02300316,30.0,14.4,0,0,1073.8,1,1,221.7,0,0,1073.8,2,7,221.7,0,0,1804.9,1,1,221.7,2,6,221.7
37528785,02300316,78.5,25.1,0,0,1182.0,1,1,316.4,0,0,1182.0,2,7,316.4,0,0,1660.7,1,1,316.4,2,6,316.4
37528791,02300316,32.7,78.0,0,0,1247.4,1,1,381.8,0,0,1247.4,2,6,374.5,0,0,1701.1,1,1,381.8,2,5,374.5
37528792,02300316,16.2,18.8,0,0,1239.3,1,1,373.7,0,0,1239.3,2,7,264.3,0,0,1590.9,1,1,373.7,2,6,264.3
37528794,02300316,13.4,50.9,0,0,1271.9,0,1,406.3,0,0,1271.9,1,6,295.8,0,0,1622.4,0,1,406.3,1,5,295.8
37528795,02300316,34.6,85.5,0,0,1328.1,0,1,462.5,0,0,1328.1,1,6,308.7,0,0,1635.3,0,1,462.5,1,5,308.7
37528797,02300316,19.7,55.0,0,0,1301.4,0,1,435.8,0,0,1301.4,1,7,274.4,0,0,1601.0,0,1,435.8,1,6,274.4
37528799,02300316,36.6,23.5,0,0,1276.3,0,1,410.7,0,0,1276.3,1,7,236.7,0,0,1563.3,0,1,410.7,1,6,236.7
37529932,02300314,15.2,25.1,0,0,1600.2,0,2,580.5,0,0,inf,1,12,230.4,0,0,1835.7,0,2,580.5,1,5,230.4
37530800,02300315,40.1,15.8,0,0,1591.9,0,1,413.7,0,0,inf,3,12,110.6,0,0,1591.9,0,1,413.7,1,7,261.2
37532133,02300316,17.7,22.3,0,0,1033.4,1,1,167.8,0,0,1033.4,2,8,167.8,0,0,1803.6,1,1,167.8,2,6,167.8
37532134,02300316,13.7,45.7,0,0,1128.5,1,1,262.9,0,0,1128.5,1,7,262.9,0,0,1755.4,1,1,262.9,1,6,262.9
37532135,02300316,20.3,24.8,0,0,1047.8,1,1,182.2,0,0,1047.8,2,6,182.2,0,0,1877.3,1,1,182.2,2,4,182.2
37532136,02300316,17.0,31.9,0,0,1040.4,1,1,113.2,0,0,1040.4,2,7,113.2,0,0,1950.6,1,1,113.2,2,5,113.2
37532137,02300316,4.5,20.7,0,0,1037.0,1,1,171.5,0,0,1037.0,2,7,171.5,0,0,1866.5,1,1,171.5,2,5,171.5
37532138,02300316,10.6,13.6,0,0,1013.1,1,1,147.5,0,0,1013.1,2,8,147.5,0,0,1842.5,1,1,147.5,2,6,147.5
37532139,02300316,16.3,66.4,0,0,1127.6,1,1,200.4,0,0,1127.6,1,7,200.4,0,0,inf,1,1,200.4,1,5,200.4
37532140,02300316,10.0,32.7,0,0,1091.7,1,1,164.5,0,0,1091.7,2,7,164.5,0,0,inf,1,1,164.5,2,5,164.5
37532141,02300316,14.2,33.8,0,0,1109.8,1,1,182.6,0,0,1109.8,1,7,182.6,0,0,inf,1,1,182.6,1,5,182.6
37532142,02300316,12.8,18.6,0,0,1057.1,1,1,191.5,0,0,1057.1,2,7,191.5,0,0,1772.6,1,1,191.5,2,6,191.5
37532143,02300316,12.5,30.3,0,0,1087.4,1,1,221.8,0,0,1087.4,2,7,221.8,0,0,1765.7,1,1,221.8,2,6,221.8
37532144,02300316,20.0,28.2,0,0,1245.9,1,1,380.3,0,0,1245.9,2,7,276.4,0,0,1603.0,1,1,380.3,2,6,276.4
37532145,02300316,15.9,20.5,0,0,1211.5,1,1,345.9,0,0,1211.5,2,6,295.4,0,0,1622.0,1,1,345.9,2,5,295.4
37535687,02300315,43.5,19.4,0,0,1727.8,0,1,550.0,0,0,1727.8,3,11,217.6,0,0,1744.6,0,1,550.0,1,7,217.6
37535688,02300315,38.6,21.8,0,0,1690.2,0,2,592.3,0,0,1690.2,2,12,259.8,0,0,1786.8,0,2,592.3,1,8,259.8
37535689,02300315,43.9,16.3,0,0,1740.7,0,1,454.7,0,0,1740.7,3,11,189.5,0,0,1812.7,0,1,454.7,1,7,285.7
37535690,02300315,22.5,19.9,0,0,1675.7,0,2,603.0,0,0,1675.7,2,11,270.6,0,0,1797.6,0,2,603.0,1,7,270.6
37535691,02300315,13.5,42.2,0,0,1680.8,0,2,642.5,0,0,1680.8,2,11,299.9,0,0,1837.0,0,2,642.5,1,7,310.0
37535692,02300315,18.6,14.8,0,0,1493.2,0,2,566.0,0,0,1493.2,3,11,118.1,0,0,1718.6,0,2,566.0,2,8,118.1
37535693,02300315,39.5,18.5,0,0,1468.9,0,2,541.7,0,0,1468.9,2,11,149.8,0,0,1750.3,0,2,541.7,1,8,149.8
37535694,02300315,52.5,15.0,0,0,1478.4,0,2,551.2,0,0,1478.4,2,11,232.6,0,0,1833.1,0,2,551.2,1,8,232.6
37535695,02300315,46.9,14.9,0,0,1526.9,0,2,595.5,0,0,1526.9,2,9,205.7,0,0,1881.6,0,2,595.5,1,7,281.1
37535696,02300315,29.0,30.5,0,0,1648.2,0,2,651.7,0,0,1648.2,2,11,267.4,0,0,1846.2,0,2,651.7,1,7,319.2
37535697,02300315,16.6,16.6,0,0,1670.2,0,2,601.9,0,0,1670.2,2,11,269.5,0,0,1796.5,0,2,601.9,1,7,269.5
37535698,02300315,16.9,17.5,0,0,1687.5,0,2,586.4,0,0,1687.5,2,12,254.0,0,0,1781.0,0,2,586.4,1,8,254.0
37535699,02300315,19.9,17.8,0,0,1704.7,0,2,569.8,0,0,1704.7,3,12,237.3,0,0,1764.3,0,2,569.8,1,8,237.3
37535700,02300315,11.8,15.6,0,0,1567.4,0,2,640.2,0,0,1567.4,3,11,45.5,0,0,1646.0,0,2,640.2,3,7,45.5
37535701,02300315,67.8,16.6,0,0,1691.5,0,1,549.8,0,0,1735.2,4,11,162.7,0,0,1691.5,0,1,549.8,2,7,162.7
37535702,02300315,22.4,15.8,0,0,1644.1,0,2,595.6,0,0,1687.8,4,12,115.3,0,0,1644.1,0,2,595.6,3,8,115.3
37535703,02300315,24.4,34.1,0,0,1626.8,0,1,699.6,0,0,1626.8,1,9,139.6,0,0,1740.2,0,1,699.6,1,6,139.6
37535705,02300315,14.2,15.9,0,0,1617.7,0,2,622.2,0,0,1661.4,4,11,88.9,0,0,1617.7,0,2,622.2,3,7,88.9
37535706,02300315,11.3,15.8,0,0,1581.1,0,2,654.0,0,0,1581.1,3,11,32.2,0,0,1632.7,0,2,654.0,3,7,32.2
37535707,02300315,11.0,15.2,0,0,1592.6,0,2,665.4,0,0,1592.6,3,11,20.0,0,0,1620.1,0,2,665.4,3,7,20.0
37535709,02300315,13.3,10.4,0,0,1559.9,0,2,632.7,0,0,1559.9,2,10,72.7,0,0,1673.3,0,2,632.7,2,7,72.7
37535710,02300315,5.9,15.9,0,0,1524.9,0,2,597.7,0,0,1524.9,2,10,88.6,0,0,1689.1,0,2,597.7,2,7,88.6
37541055,02300316,23.1,16.0,0,0,1483.3,0,2,556.1,0,0,1483.3,2,11,130.4,0,0,1730.9,0,2,556.1,1,8,130.4
37541056,02300316,9.5,15.6,0,0,1504.9,0,2,577.7,0,0,1504.9,3,10,108.2,0,0,1708.7,0,2,577.7,2,7,108.2
37541057,02300316,18.4,17.9,0,0,1556.3,0,2,629.1,0,0,1556.3,2,11,61.1,0,0,1661.7,0,2,629.1,2,7,61.1
37541058,02300316,9.6,16.3,0,0,1567.5,0,2,640.3,0,0,1567.5,3,11,46.9,0,0,1647.4,0,2,640.3,3,7,46.9
37541059,02300316,9.9,15.5,0,0,1580.7,0,2,653.5,0,0,1580.7,3,11,32.1,0,0,1632.6,0,2,653.5,3,7,32.1
37541060,02300316,13.4,18.1,0,0,1537.9,0,2,610.7,0,0,1537.9,2,10,80.1,0,0,1680.6,0,2,610.7,2,7,80.1
37541061,02300316,9.4,15.6,0,0,1519.1,0,2,591.9,0,0,1519.1,3,10,93.8,0,0,1694.3,0,2,591.9,2,7,93.8
37541062,02300316,11.8,16.6,0,0,1495.5,0,1,754.9,0,0,1689.8,3,10,156.5,0,0,1495.5,0,1,754.9,3,7,156.5
37541063,02300316,12.5,16.5,0,0,1463.2,0,2,787.1,0,0,1657.6,4,11,188.7,0,0,1463.2,0,2,787.1,4,8,188.7
37541064,02300316,8.5,16.2,0,0,1560.2,0,2,689.4,0,0,1663.5,3,11,91.0,0,0,1560.2,0,2,689.4,3,7,91.0
37541065,02300316,18.1,16.2,0,0,1512.4,0,2,737.3,0,0,1706.8,3,11,138.9,0,0,1512.4,0,2,737.3,3,8,138.9
37541066,02300316,11.8,17.6,0,0,1479.5,0,1,773.0,0,0,1673.8,3,10,174.6,0,0,1479.5,0,1,773.0,3,7,174.6
37541067,02300316,17.0,16.1,0,0,1445.3,0,1,774.0,0,0,1639.6,4,10,185.5,0,0,1445.3,0,1,774.0,4,7,185.5
37541068,02300316,10.7,35.0,0,0,1425.1,0,1,753.9,0,0,1619.5,3,9,165.4,0,0,1425.1,0,1,753.9,3,6,165.4
37541069,02300316,13.3,15.9,0,0,1392.6,0,1,721.4,0,0,1587.0,3,9,132.9,0,0,1392.6,0,1,721.4,3,6,132.9
37541070,02300316,9.5,18.2,0,0,1379.1,0,1,707.8,0,0,1573.4,3,9,119.4,0,0,1379.1,0,1,707.8,3,6,119.4
37541071,02300316,7.0,17.3,0,0,1354.3,0,1,683.0,0,0,1548.6,3,9,94.5,0,0,1354.3,0,1,683.0,3,6,94.5
37541072,02300316,8.3,16.2,0,0,1365.9,0,1,694.7,0,0,1560.3,3,9,106.2,0,0,1365.9,0,1,694.7,3,6,106.2
37541073,02300316,11.4,16.6,0,0,1427.7,0,1,756.5,0,0,1622.1,3,9,168.0,0,0,1427.7,0,1,756.5,3,6,168.0
37541075,02300316,12.2,16.4,0,0,1545.8,0,2,704.2,0,0,1678.3,3,11,105.8,0,0,1545.8,0,2,704.2,3,7,105.8
37541076,02300316,16.7,15.7,0,0,1578.0,0,2,670.6,0,0,1644.7,3,11,72.2,0,0,1578.0,0,2,670.6,3,7,72.2
37541077,02300316,2.8,36.7,0,0,1612.2,0,2,685.0,0,0,1612.2,3,11,42.9,0,0,1643.4,0,2,685.0,3,7,42.9
37541078,02300316,18.3,17.6,0,0,1535.5,0,2,717.0,0,0,1691.1,3,11,118.6,0,0,1535.5,0,2,717.0,3,7,118.6
37541080,02300316,11.6,42.3,0,0,1534.7,0,1,722.8,0,0,1588.3,1,5,208.1,0,0,1534.7,0,1,722.8,1,5,208.1
37541081,02300316,4.9,33.2,0,0,1517.1,0,1,766.6,0,0,1711.4,3,10,168.2,0,0,1517.1,0,1,766.6,3,7,168.2
37541082,02300316,10.9,47.7,0,0,1528.3,0,1,784.3,0,0,1722.7,3,9,185.9,0,0,1528.3,0,1,784.3,3,6,185.9
37541083,02300316,4.3,33.3,0,0,1491.6,0,1,792.3,0,0,1685.9,3,10,193.8,0,0,1491.6,0,1,792.3,3,7,193.8
37541086,02300316,7.1,23.6,0,0,1499.2,0,1,687.3,0,0,1552.9,1,6,172.6,0,0,1499.2,0,1,687.3,1,6,172.6
37541088,02300316,10.5,10.3,0,0,1460.0,0,1,648.0,0,0,1513.6,2,6,133.4,0,0,1460.0,0,1,648.0,2,6,133.4
37541089,02300316,9.5,15.8,0,0,1411.0,0,1,739.7,0,0,1605.3,3,9,151.3,0,0,1411.0,0,1,739.7,3,6,151.3
37541091,02300316,7.9,18.0,0,0,1346.3,0,1,616.6,0,0,1482.2,3,9,28.1,0,0,1346.3,0,1,616.6,3,7,28.1
37541092,02300316,11.3,20.2,0,0,1362.0,0,1,605.2,0,0,1470.8,3,9,35.4,0,0,1362.0,0,1,605.2,3,7,35.4
37541095,02300316,2.9,15.5,0,0,1450.8,0,1,638.9,0,0,1504.5,2,7,124.2,0,0,1450.8,0,1,638.9,2,6,124.2
37541097,02300316,4.4,15.9,0,0,1440.0,0,1,628.0,0,0,1493.6,2,8,113.4,0,0,1440.0,0,1,628.0,2,7,113.4
37541099,02300316,16.1,17.0,0,0,1416.6,0,1,604.7,0,0,1470.2,2,8,90.0,0,0,1416.6,0,1,604.7,2,7,90.0
37544846,02300316,9.2,13.3,0,0,1273.4,0,0,817.0,0,0,1682.6,2,7,207.8,0,0,1273.4,0,0,817.0,2,5,207.8
37544847,02300316,69.7,29.0,0,0,1339.9,0,0,838.5,0,0,1704.0,2,5,250.0,0,0,1339.9,0,0,838.5,2,5,250.0
37544848,02300316,10.1,10.0,0,0,1290.1,0,0,833.7,0,0,1699.3,2,7,224.5,0,0,1290.1,0,0,833.7,2,5,224.5
37545200,02300316,32.9,10.3,0,0,1490.2,0,2,729.2,0,0,1720.9,3,12,148.4,0,0,1490.2,0,2,729.2,3,8,148.4
37545201,02300316,16.7,9.5,0,0,1424.6,0,1,786.1,0,0,1735.7,4,10,230.4,0,0,1424.6,0,1,786.1,4,6,230.4
37545202,02300316,16.8,9.4,0,0,1342.3,0,0,828.6,0,0,1694.1,4,8,240.1,0,0,1342.3,0,0,828.6,4,5,240.1
37545203,02300316,32.9,20.6,0,0,1494.8,0,1,763.8,0,0,1689.1,3,10,165.3,0,0,1494.8,0,1,763.8,3,7,165.3
37545205,02300316,11.7,16.0,0,0,1572.8,0,2,676.5,0,0,1650.6,3,11,78.1,0,0,1572.8,0,2,676.5,3,7,78.1
37545206,02300316,33.7,14.0,0,0,1537.7,0,2,707.7,0,0,1681.8,3,11,109.3,0,0,1537.7,0,2,707.7,3,7,109.3
37545207,02300316,10.0,14.2,0,0,1510.0,0,2,735.7,0,0,1704.3,3,12,137.3,0,0,1510.0,0,2,735.7,3,8,137.3
37545208,02300316,35.7,12.4,0,0,1402.9,0,1,792.6,0,0,1658.2,4,9,204.1,0,0,1402.9,0,1,792.6,4,6,204.1
37545209,02300316,35.6,13.5,0,0,1358.1,0,1,776.0,0,0,1641.6,3,9,187.5,0,0,1358.1,0,1,776.0,3,6,187.5
37545211,02300316,9.1,28.3,0,0,1352.0,0,0,811.6,0,0,1677.2,3,8,223.2,0,0,1352.0,0,0,811.6,3,5,223.2
37545212,02300316,10.2,26.9,0,0,1366.1,0,1,794.8,0,0,1660.3,3,9,206.3,0,0,1366.1,0,1,794.8,3,6,206.3
37545213,02300316,18.3,18.9,0,0,1241.9,0,1,785.5,0,0,1651.1,2,9,176.3,0,0,1241.9,0,1,785.5,2,6,176.3
37545215,02300316,33.1,24.9,0,0,1466.0,0,1,777.6,0,0,1852.8,3,10,277.6,0,0,1466.0,0,1,777.6,3,6,277.6
37545216,02300316,32.9,9.6,0,0,1446.5,0,1,710.5,0,0,1829.9,4,10,115.8,0,0,1446.5,0,1,710.5,3,6,115.8
37545217,02300316,21.6,10.6,0,0,1235.8,0,0,827.6,0,0,1693.2,3,9,170.2,0,0,1235.8,0,0,827.6,3,6,170.2
37545218,02300316,7.4,10.3,0,0,1240.6,0,0,831.6,0,0,1876.2,2,8,175.0,0,0,1240.6,0,0,831.6,2,5,175.0
37545219,02300316,25.0,23.4,0,0,1273.8,0,0,805.0,0,0,1909.4,2,8,208.2,0,0,1273.8,0,0,805.0,2,5,208.2
37545220,02300316,7.6,17.6,0,0,1360.9,0,0,842.5,0,0,1770.0,4,8,295.3,0,0,1360.9,0,0,842.5,4,5,295.3
37548404,02300315,27.5,18.8,0,0,1397.1,0,1,614.5,0,0,1869.3,5,11,66.4,0,0,1397.1,0,1,614.5,3,6,66.4
37548405,02300315,17.6,15.9,0,0,1423.2,0,1,582.6,0,0,1895.4,5,13,92.5,0,0,1423.2,0,1,582.6,3,8,92.5
37548406,02300315,13.3,14.6,0,0,1451.5,0,1,551.7,0,0,1923.7,5,13,120.8,0,0,1451.5,0,1,551.7,3,8,120.8
37548407,02300315,18.7,15.9,0,0,1438.6,0,1,567.1,0,0,1910.8,5,13,107.9,0,0,1438.6,0,1,567.1,3,8,107.9
37548408,02300315,14.8,17.1,0,0,1408.8,0,1,599.4,0,0,1881.0,5,12,78.1,0,0,1408.8,0,1,599.4,3,7,78.1
37548409,02300315,17.0,39.7,0,0,1463.6,0,1,589.8,0,0,1935.8,5,12,132.9,0,0,1463.6,0,1,589.8,3,7,132.9
37548410,02300315,42.6,14.8,0,0,1480.2,0,1,523.4,0,0,1952.4,3,13,149.5,0,0,1480.2,0,1,523.4,2,8,149.5
37548411,02300315,15.3,20.4,0,0,1548.3,0,1,530.7,0,0,1926.2,3,12,217.6,0,0,1548.3,0,1,530.7,2,7,217.6
37548412,02300315,43.0,35.7,0,0,1586.8,0,1,569.2,0,0,1918.3,3,12,256.1,0,0,1586.8,0,1,569.2,2,7,256.1
37548413,02300315,24.0,22.9,0,0,1419.8,0,1,683.7,0,0,1808.3,5,10,89.0,0,0,1419.8,0,1,683.7,3,6,89.0
37548414,02300315,60.9,18.4,0,0,1463.8,0,1,667.2,0,0,1755.3,4,11,133.0,0,0,1463.8,0,1,667.2,3,7,133.0
37548415,02300315,20.4,19.3,0,0,1550.7,0,1,582.0,0,0,1808.1,3,10,220.0,0,0,1550.7,0,1,582.0,2,6,220.0
37548416,02300315,20.8,18.2,0,0,1529.3,0,1,601.2,0,0,1786.7,3,11,198.6,0,0,1529.3,0,1,601.2,2,7,198.6
37548417,02300315,24.4,37.8,0,0,1544.1,0,1,625.6,0,0,1801.5,3,11,213.4,0,0,1544.1,0,1,625.6,2,7,213.4
37548418,02300315,54.6,17.4,0,0,1594.5,0,1,534.7,0,0,1874.0,3,12,263.8,0,0,1594.5,0,1,534.7,2,7,263.8
37548419,02300315,16.6,16.8,0,0,1621.0,1,1,386.6,0,0,inf,4,12,83.4,0,0,1621.0,1,1,386.6,2,7,290.3
37548420,02300315,29.9,17.7,0,0,1679.7,1,1,368.2,0,0,inf,4,14,65.1,0,0,1679.7,1,1,368.2,2,9,349.0
37548421,02300315,41.5,39.4,0,0,1587.4,0,1,465.4,0,0,inf,2,12,162.3,0,0,1587.4,0,1,465.4,1,7,256.7
37548422,02300315,44.7,15.4,0,0,1540.9,0,1,463.9,0,0,1983.0,2,13,160.8,0,0,1540.9,0,1,463.9,1,8,210.2
37548424,02300315,15.2,22.1,0,0,1557.2,0,1,539.6,0,0,1920.7,3,12,226.5,0,0,1557.2,0,1,539.6,2,7,226.5
37548425,02300315,21.9,20.4,0,0,1568.9,0,1,551.3,0,0,1905.6,3,12,238.2,0,0,1568.9,0,1,551.3,2,7,238.2
37548426,02300315,60.2,18.1,0,0,1636.5,0,1,493.9,0,0,1873.4,3,12,252.1,0,0,1636.5,0,1,493.9,2,7,305.8
37548428,02300315,18.3,19.1,0,0,1704.2,0,1,428.2,0,0,1941.1,3,13,186.5,0,0,1704.2,0,1,428.2,2,8,373.5
37548429,02300315,8.0,18.2,0,0,1683.0,0,1,447.5,0,0,1919.9,3,13,205.7,0,0,1683.0,0,1,447.5,2,8,352.3
37548430,02300315,16.3,37.9,0,0,1702.4,0,1,467.5,0,0,1939.3,3,13,225.7,0,0,1702.4,0,1,467.5,2,8,371.7
37549851,02300417,21.8,35.5,0,0,1843.3,1,1,169.3,0,0,1843.3,4,10,169.3,0,0,1995.9,1,1,169.3,2,7,169.3
37549852,02300417,23.0,26.1,0,0,1800.9,1,1,192.8,0,0,1800.9,4,10,192.8,0,0,1953.5,1,1,192.8,2,7,192.8
37549853,02300417,25.5,16.2,0,0,1765.3,1,1,284.8,0,0,1765.3,4,9,214.1,0,0,1973.9,1,1,284.8,2,6,242.7
37549854,02300417,23.3,29.9,0,0,1788.0,1,1,213.3,0,0,1788.0,4,9,213.3,0,0,1956.2,1,1,213.3,2,6,213.3
37549856,02300417,25.6,26.1,0,0,1821.3,1,1,172.4,0,0,1821.3,4,10,172.4,0,0,1973.8,1,1,172.4,2,7,172.4
37549857,02300417,37.3,17.0,0,0,1742.0,1,1,358.6,0,0,1742.0,3,10,183.5,0,0,inf,1,1,358.6,2,7,183.5
37549858,02300417,23.7,14.8,0,0,1772.8,1,1,366.4,0,0,1772.8,3,9,148.2,0,0,inf,1,1,366.4,2,6,148.2
37549859,02300417,15.4,12.8,0,0,1788.0,1,1,347.4,0,0,1788.0,3,9,129.2,0,0,inf,1,1,347.4,2,6,129.2
37549861,02300417,13.0,12.8,0,0,1801.7,1,1,333.6,0,0,1801.7,4,9,115.5,0,0,inf,1,1,333.6,3,6,115.5
37549862,02300417,29.7,15.9,0,0,1820.7,1,1,320.8,0,0,1820.7,4,9,102.6,0,0,inf,1,1,320.8,3,6,102.6
37549863,02300417,21.8,34.6,0,0,1835.8,1,1,343.2,0,0,1835.8,3,8,125.0,0,0,inf,1,1,343.2,2,5,125.0
37549864,02300417,21.0,37.7,0,0,1841.8,1,1,270.9,0,0,1841.8,3,9,209.3,0,0,inf,1,1,270.9,2,6,209.3
37549865,02300417,23.9,14.9,0,0,1827.0,1,1,240.0,0,0,1827.0,3,9,178.3,0,0,inf,1,1,240.0,2,6,178.3
37549866,02300417,24.9,15.3,0,0,1785.8,1,1,282.1,0,0,1785.8,4,9,220.4,0,0,1994.5,1,1,282.1,2,6,220.4
37549867,02300417,16.6,13.6,0,0,1805.9,1,1,258.5,0,0,1805.9,3,9,196.9,0,0,inf,1,1,258.5,2,6,196.9
37549868,02300417,29.0,10.1,0,0,1717.5,1,2,312.6,0,0,1717.5,3,11,166.3,0,0,inf,1,2,312.6,2,8,230.1
37549869,02300417,28.1,8.1,0,0,1737.2,1,1,288.9,0,0,1737.2,4,10,186.0,0,0,1978.1,1,1,288.9,2,7,249.8
37555570,02300315,16.3,41.4,0,0,1826.6,1,1,244.0,0,0,1826.6,4,10,244.0,0,0,1932.9,1,1,244.0,2,7,244.0
37555571,02300315,23.4,23.7,0,0,1817.6,1,1,217.5,0,0,1817.6,4,10,217.5,0,0,1924.0,1,1,217.5,2,7,217.5
37555572,02300315,66.5,14.4,0,0,1795.4,1,1,229.9,0,0,1795.4,4,12,229.9,0,0,1893.0,1,1,229.9,2,7,229.9
37555573,02300315,19.4,15.5,0,0,1822.6,1,1,302.4,0,0,1839.1,4,13,224.3,0,0,1822.6,1,1,302.4,2,8,302.4
37555574,02300315,36.3,40.5,0,0,1823.9,1,1,351.3,0,0,1887.9,3,13,225.6,0,0,1823.9,1,1,351.3,1,8,351.3
37555577,02300315,25.0,16.4,0,0,1793.4,1,1,333.6,0,0,1870.2,4,13,195.0,0,0,1793.4,1,1,333.6,2,8,333.6
37555578,02300315,13.0,16.8,0,0,1718.8,0,1,407.3,0,0,1962.0,3,13,104.1,0,0,1718.8,0,1,407.3,1,8,388.1
37555579,02300315,6.9,14.2,0,0,1749.6,1,1,389.3,0,0,1925.9,5,13,134.9,0,0,1749.6,1,1,389.3,2,8,389.3
37555580,02300315,35.3,17.1,0,0,1761.3,1,1,367.0,0,0,1903.6,4,13,162.9,0,0,1761.3,1,1,367.0,2,8,367.0
37555583,02300315,12.8,16.5,0,0,1705.5,1,1,393.9,0,0,1974.6,4,13,90.8,0,0,1705.5,1,1,393.9,2,8,374.8
37555584,02300315,11.8,15.2,0,0,1691.1,1,1,313.4,0,0,inf,4,13,76.4,0,0,1691.1,1,1,313.4,2,8,313.4
37555585,02300315,9.8,15.3,0,0,1704.8,1,1,299.9,0,0,inf,4,12,90.2,0,0,1704.8,1,1,299.9,2,7,299.9
37555586,02300315,13.9,15.7,0,0,1730.6,1,1,274.9,0,0,inf,4,12,115.9,0,0,1730.6,1,1,274.9,2,7,274.9
37555587,02300315,10.5,15.7,0,0,1717.5,1,1,288.0,0,0,inf,4,12,102.9,0,0,1717.5,1,1,288.0,2,7,288.0
37555589,02300315,10.3,35.0,0,0,1711.7,1,1,332.3,0,0,inf,4,12,97.1,0,0,1711.7,1,1,332.3,2,7,332.3
37555591,02300315,17.4,38.5,0,0,1752.4,1,1,298.7,0,0,inf,3,12,137.7,0,0,1752.4,1,1,298.7,1,7,298.7
37555592,02300315,14.3,15.5,0,0,1769.6,1,1,235.5,0,0,inf,3,12,154.9,0,0,1769.6,1,1,235.5,1,7,235.5
37555593,02300315,12.0,15.1,0,0,1824.3,1,2,178.5,0,0,inf,2,16,178.5,0,0,1824.3,1,2,178.5,1,9,178.5
37555594,02300315,31.6,14.0,0,0,1862.9,1,2,137.7,0,0,inf,3,16,137.7,0,0,1862.9,1,2,137.7,2,9,137.7
37555595,02300315,12.5,15.3,0,0,1811.3,1,2,191.9,0,0,inf,2,16,191.9,0,0,1811.3,1,2,191.9,1,9,191.9
37555596,02300315,13.9,15.5,0,0,1799.3,1,2,204.3,0,0,inf,2,16,186.1,0,0,1799.3,1,2,204.3,1,9,204.3
37555597,02300315,16.2,15.6,0,0,1784.6,1,2,219.3,0,0,inf,3,14,171.4,0,0,1784.6,1,2,219.3,1,8,219.3
37555598,02300315,9.5,45.4,0,0,1857.4,1,2,205.9,0,0,inf,2,16,205.9,0,0,1857.4,1,2,205.9,1,9,205.9
37555599,02300315,9.4,40.5,0,0,1841.9,1,2,211.7,0,0,inf,2,16,211.7,0,0,1841.9,1,2,211.7,1,9,211.7
37555600,02300315,14.3,24.7,0,0,1957.2,1,2,64.7,0,0,1963.3,4,14,64.7,0,0,1957.2,1,2,64.7,3,8,64.7
37555601,02300315,24.3,51.6,0,0,1824.4,1,1,251.3,0,0,inf,2,12,211.2,0,0,1824.4,1,1,251.3,1,7,251.3
37555602,02300315,32.4,51.4,0,0,1809.5,1,1,266.0,0,0,inf,2,12,196.3,0,0,1809.5,1,1,266.0,1,7,266.0
37555603,02300315,11.6,14.8,0,0,1849.0,1,2,153.2,0,0,inf,3,16,153.2,0,0,1849.0,1,2,153.2,2,9,153.2
37555605,02300315,14.4,25.8,0,0,1951.3,1,2,52.7,0,0,1951.3,4,13,52.7,0,0,1971.3,1,2,52.7,3,8,52.7
37555606,02300315,29.0,35.0,0,0,1933.5,1,2,78.2,0,0,1933.5,4,13,78.2,0,0,inf,1,2,78.2,2,8,78.2
37555607,02300315,39.0,54.8,0,0,1842.1,1,1,240.1,0,0,inf,2,12,228.9,0,0,1842.1,1,1,240.1,1,7,240.1
37555608,02300315,18.1,25.9,0,0,1917.5,1,2,75.8,0,0,1917.5,4,13,75.8,0,0,inf,1,2,75.8,2,8,75.8
37555609,02300315,22.7,32.6,0,0,1886.6,1,1,120.2,0,0,1886.6,2,10,120.2,0,0,inf,1,1,120.2,1,7,120.2
37555610,02300315,44.2,38.2,0,0,1858.2,1,1,159.9,0,0,1858.2,2,10,159.9,0,0,inf,1,1,159.9,1,7,159.9
37555611,02300315,49.9,40.2,0,0,1889.4,1,1,132.6,0,0,1889.4,2,10,132.6,0,0,inf,1,1,132.6,1,7,132.6
37555612,02300315,23.4,41.1,0,0,1921.3,1,2,102.4,0,0,1921.3,2,12,102.4,0,0,inf,1,2,102.4,1,8,102.4
37555613,02300315,41.2,56.1,0,0,1864.2,1,1,189.5,0,0,1864.2,2,10,189.5,0,0,inf,1,1,189.5,1,7,189.5
37555615,02300315,25.3,18.8,0,0,1679.0,1,1,332.5,0,0,inf,4,13,64.4,0,0,1679.0,1,1,332.5,2,8,332.5
37555616,02300315,12.0,16.3,0,0,1692.7,1,1,381.1,0,0,1987.1,4,13,78.0,0,0,1692.7,1,1,381.1,2,8,362.0
37566143,02300315,22.7,17.4,0,0,1531.7,0,2,522.4,0,0,inf,4,15,137.5,0,0,1531.7,0,2,522.4,1,7,227.1
37566144,02300315,23.6,16.0,0,0,1648.6,0,2,417.8,0,0,inf,3,16,237.4,0,0,1648.6,0,2,417.8,1,8,237.4
37566145,02300315,13.9,18.7,0,0,1495.1,0,2,556.2,0,0,inf,5,16,100.8,0,0,1495.1,0,2,556.2,1,8,266.4
37566146,02300315,17.1,17.7,0,0,1489.6,0,2,518.4,0,0,inf,5,15,95.4,0,0,1489.6,0,2,518.4,1,7,302.3
37566147,02300315,13.7,5.9,0,0,1482.1,0,2,502.3,0,0,inf,5,15,87.9,0,0,1482.1,0,2,502.3,1,7,294.8
37566148,02300315,60.8,13.7,0,0,1479.8,0,1,546.6,0,0,inf,5,15,85.6,0,0,1479.8,0,1,546.6,1,8,335.8
37566149,02300315,47.6,15.0,0,0,1561.6,0,2,487.7,0,0,inf,4,14,167.4,0,0,1561.6,0,2,487.7,1,7,192.4
37566150,02300315,48.2,16.5,0,0,1631.3,0,2,442.1,0,0,inf,3,15,214.2,0,0,1631.3,0,2,442.1,1,7,214.2
37566151,02300315,102.2,16.3,0,0,1575.6,0,2,442.8,0,0,inf,3,14,181.4,0,0,1575.6,0,2,442.8,1,6,310.9
37566152,02300315,16.9,1.5,0,0,1679.6,1,1,308.6,0,0,inf,4,13,249.1,0,0,1679.6,1,1,308.6,2,7,308.6
37566153,02300315,100.2,18.8,0,0,1664.3,1,1,345.8,0,0,inf,4,11,270.0,0,0,1664.3,1,1,345.8,2,6,345.8
37566154,02300315,18.4,15.0,0,0,1693.2,1,1,322.1,0,0,inf,4,12,262.6,0,0,1693.2,1,1,322.1,2,6,322.1
37566155,02300315,32.4,16.2,0,0,1731.9,1,1,273.1,0,0,inf,3,12,198.3,0,0,1731.9,1,1,273.1,1,7,273.1
37566156,02300315,73.0,15.1,0,0,1740.9,1,1,261.8,0,0,inf,3,12,187.0,0,0,1740.9,1,1,261.8,1,7,261.8
37566157,02300315,19.4,13.5,0,0,1601.6,1,1,398.1,0,0,inf,3,12,207.3,0,0,1601.6,1,1,398.1,1,6,398.1
37566158,02300315,15.5,14.3,0,0,1587.0,0,1,414.2,0,0,inf,3,12,192.8,0,0,1587.0,0,1,414.2,1,6,399.7
37566159,02300315,104.4,18.5,0,0,1696.4,1,1,314.6,0,0,inf,4,12,81.8,0,0,1696.4,1,1,314.6,2,7,314.6
37566160,02300315,16.9,13.2,0,0,1571.6,0,1,427.5,0,0,inf,3,13,177.3,0,0,1571.6,0,1,427.5,1,6,384.3
37566161,02300315,17.4,14.9,0,0,1558.8,0,1,443.5,0,0,inf,3,13,164.6,0,0,1558.8,0,1,443.5,1,6,371.5
37566162,02300315,24.8,21.8,0,0,1486.6,0,1,554.8,0,0,inf,4,13,241.8,0,0,1486.6,0,1,554.8,1,8,241.8
37566163,02300315,34.5,20.3,0,0,1367.2,0,1,671.1,0,0,inf,4,13,247.1,0,0,1367.2,0,1,671.1,1,7,358.0
37566164,02300315,15.4,19.6,0,0,1344.6,0,1,692.3,0,0,inf,4,13,224.5,0,0,1344.6,0,1,692.3,1,7,379.2
37566165,02300315,26.3,21.3,0,0,1316.0,0,1,699.0,0,0,inf,3,13,159.0,0,0,1316.0,0,1,699.0,0,7,450.6
37566166,02300315,23.5,20.5,0,0,1385.3,0,1,653.5,0,0,inf,4,12,265.2,0,0,1385.3,0,1,653.5,1,6,340.4
37566167,02300315,31.2,21.0,0,0,1406.1,0,1,633.7,0,0,inf,4,12,285.9,0,0,1406.1,0,1,633.7,1,6,320.6
37566168,02300315,30.3,20.4,0,0,1426.2,0,1,612.4,0,0,inf,4,12,299.3,0,0,1426.2,0,1,612.4,1,7,299.3
37566169,02300315,46.6,18.6,0,0,1453.2,0,1,581.8,0,0,inf,4,13,268.8,0,0,1453.2,0,1,581.8,1,8,268.8
37566170,02300315,19.2,16.1,0,0,1531.1,0,1,475.1,0,0,1973.2,2,13,171.9,0,0,1531.1,0,1,475.1,1,8,200.4
37566171,02300315,82.3,15.3,0,0,1579.1,0,1,425.6,0,0,inf,3,12,122.5,0,0,1579.1,0,1,425.6,1,7,248.4
37566172,02300315,13.3,14.7,0,0,1626.1,1,1,377.4,0,0,inf,4,12,74.3,0,0,1626.1,1,1,377.4,2,7,295.4
37566176,02300315,28.1,17.2,0,0,1667.0,1,1,366.4,0,0,inf,4,13,27.3,0,0,1667.0,1,1,366.4,2,8,347.2
37566177,02300315,14.3,14.8,0,0,1646.4,1,1,382.3,0,0,inf,4,14,29.6,0,0,1646.4,1,1,382.3,2,8,363.1
37566178,02300315,12.6,16.0,0,0,1497.6,0,1,533.5,0,0,inf,5,15,103.3,0,0,1497.6,0,1,533.5,1,8,353.6
37566179,02300315,12.9,8.2,0,0,1484.1,0,1,561.2,0,0,inf,5,14,89.9,0,0,1484.1,0,1,561.2,1,7,340.1
37566180,02300315,21.8,16.3,0,0,1515.0,0,1,516.6,0,0,inf,5,15,120.7,0,0,1515.0,0,1,516.6,1,8,371.0
37566181,02300315,17.6,7.8,0,0,1497.1,0,1,574.2,0,0,inf,5,13,102.8,0,0,1497.1,0,1,574.2,1,6,353.1
37566182,02300315,16.6,10.4,0,0,1535.6,0,1,612.7,0,0,inf,4,13,141.3,0,0,1535.6,0,1,612.7,1,6,391.6
37566183,02300315,40.9,17.1,0,0,1359.1,0,1,647.6,0,0,inf,4,13,107.6,0,0,1359.1,0,1,647.6,1,7,399.2
37566184,02300315,193.9,41.3,0,0,1557.9,0,1,523.7,0,0,inf,2,14,163.7,0,0,1557.9,0,1,523.7,0,8,414.0
37570917,02300315,27.7,18.2,0,0,1308.9,0,1,725.4,0,0,inf,2,13,188.7,0,0,1308.9,0,1,725.4,0,7,412.3
37570919,02300315,22.8,19.1,0,0,1224.8,0,1,785.9,0,0,inf,3,13,104.6,0,0,1224.8,0,1,785.9,1,8,369.9
37570921,02300315,50.0,18.3,0,0,1212.8,0,1,796.3,0,0,inf,3,13,92.6,0,0,1212.8,0,1,796.3,1,8,357.9
37570922,02300315,13.6,17.3,0,0,1172.9,0,0,834.3,0,0,inf,3,11,52.8,0,0,1172.9,0,0,834.3,1,6,318.1
37570923,02300315,21.1,17.9,0,0,1164.8,0,0,843.5,0,0,inf,3,11,44.6,0,0,1164.8,0,0,843.5,1,6,309.9
37570924,02300315,29.9,19.3,0,0,1195.3,0,0,815.8,0,0,inf,3,11,75.1,0,0,1195.3,0,0,815.8,1,6,340.4
37570925,02300315,33.2,17.9,0,0,1143.9,0,0,864.3,0,0,inf,4,11,23.8,0,0,1143.9,0,0,864.3,2,6,289.0
37570926,02300315,12.2,16.8,0,0,1239.8,0,1,766.4,0,0,inf,3,14,119.6,0,0,1239.8,0,1,766.4,1,8,384.9
37570929,02300315,26.2,18.5,0,0,1394.1,0,1,640.6,0,0,inf,4,12,274.0,0,0,1394.1,0,1,640.6,1,6,327.5
37570930,02300315,18.1,16.2,0,0,1341.0,0,1,689.2,0,0,inf,4,13,220.9,0,0,1341.0,0,1,689.2,1,7,376.1
37570931,02300315,17.3,16.4,0,0,1325.2,0,1,705.4,0,0,inf,3,13,205.0,0,0,1325.2,0,1,705.4,1,7,392.3
37570932,02300315,37.5,35.2,0,0,1448.8,0,1,619.5,0,0,inf,4,12,306.4,0,0,1448.8,0,1,619.5,1,7,306.4
37570933,02300315,40.7,30.4,0,0,1417.4,0,1,641.2,0,0,inf,4,12,297.3,0,0,1417.4,0,1,641.2,1,6,328.1
37570934,02300315,19.0,39.6,0,0,1381.7,0,1,695.4,0,0,inf,4,13,261.5,0,0,1381.7,0,1,695.4,1,7,382.3
37570935,02300315,18.1,16.5,0,0,1358.7,0,1,672.1,0,0,inf,4,13,238.5,0,0,1358.7,0,1,672.1,1,7,359.0
37570937,02300315,43.5,30.3,0,0,1384.3,0,1,674.0,0,0,inf,4,12,264.2,0,0,1384.3,0,1,674.0,1,6,360.9
37570939,02300315,18.0,16.6,0,0,1441.3,0,1,589.7,0,0,inf,4,12,276.6,0,0,1441.3,0,1,589.7,1,7,276.6
37570940,02300315,26.1,20.6,0,0,1459.4,0,1,579.7,0,0,inf,4,13,266.6,0,0,1459.4,0,1,579.7,1,8,266.6
37570941,02300315,28.1,47.8,0,0,1373.3,0,0,809.8,0,0,inf,2,9,174.4,0,0,1373.3,0,0,809.8,1,5,174.4
37570942,02300315,33.8,28.3,0,0,1491.5,0,1,562.9,0,0,inf,4,13,249.8,0,0,1491.5,0,1,562.9,1,8,249.8
37570943,02300315,27.5,33.9,0,0,1501.3,0,1,564.3,0,0,inf,4,13,251.2,0,0,1501.3,0,1,564.3,1,8,251.2
37570945,02300315,16.9,36.6,0,0,1442.3,0,1,604.9,0,0,1914.5,5,11,111.6,0,0,1442.3,0,1,604.9,3,7,111.6
37570946,02300315,16.9,36.6,0,0,1460.9,0,1,586.2,0,0,1933.1,5,13,130.2,0,0,1460.9,0,1,586.2,3,8,130.2
37570947,02300315,21.4,19.1,0,0,1334.1,0,1,690.5,0,0,1898.8,5,11,55.1,0,0,1334.1,0,1,690.5,3,6,55.1
37570948,02300315,17.0,16.0,0,0,1312.8,0,1,705.6,0,0,1913.9,4,11,70.2,0,0,1312.8,0,1,705.6,3,6,70.2
37570949,02300315,27.3,18.4,0,0,1348.3,0,1,674.8,0,0,1883.0,5,11,39.4,0,0,1348.3,0,1,674.8,3,6,39.4
37570950,02300315,20.6,16.0,0,0,1421.8,0,1,584.1,0,0,1894.0,5,13,91.1,0,0,1421.8,0,1,584.1,3,8,91.1
37570951,02300315,13.6,16.2,0,0,1406.3,0,1,600.1,0,0,1878.5,5,12,75.6,0,0,1406.3,0,1,600.1,3,7,75.6
37570952,02300315,18.7,15.5,0,0,1459.2,0,1,545.9,0,0,1931.4,5,13,128.5,0,0,1459.2,0,1,545.9,3,8,128.5
37570953,02300315,20.0,15.7,0,0,1437.9,0,1,567.6,0,0,1910.1,5,13,107.2,0,0,1437.9,0,1,567.6,3,8,107.2
37570954,02300315,37.9,22.0,0,0,1347.5,0,1,784.0,0,0,1992.2,2,11,148.6,0,0,1347.5,0,1,784.0,1,6,148.6
37570955,02300315,24.8,26.8,0,0,1255.7,0,1,784.2,0,0,1992.4,2,13,148.8,0,0,1255.7,0,1,784.2,1,7,148.8
37570956,02300315,17.0,16.2,0,0,1221.1,0,1,797.6,0,0,inf,2,14,143.5,0,0,1221.1,0,1,797.6,1,8,162.2
37570957,02300315,9.6,15.4,0,0,1233.6,0,1,783.6,0,0,1991.8,2,14,148.2,0,0,1233.6,0,1,783.6,1,8,148.2
37570958,02300315,6.9,16.2,0,0,1211.4,0,0,807.3,0,0,inf,2,12,133.8,0,0,1211.4,0,0,807.3,1,7,171.9
37570959,02300315,20.5,17.8,0,0,1202.5,0,0,819.5,0,0,inf,2,12,124.8,0,0,1202.5,0,0,819.5,1,7,184.1
37570960,02300315,22.0,18.8,0,0,1191.1,0,0,832.8,0,0,inf,2,12,113.5,0,0,1191.1,0,0,832.8,1,7,197.4
37570961,02300315,18.4,19.4,0,0,1178.3,0,0,846.9,0,0,inf,2,12,100.7,0,0,1178.3,0,0,846.9,1,7,211.5
37570962,02300315,17.9,19.6,0,0,1165.4,0,0,860.2,0,0,inf,3,12,87.7,0,0,1165.4,0,0,860.2,1,7,224.7
37570963,02300315,36.3,55.5,0,0,1266.0,0,0,831.5,0,0,inf,2,11,188.3,0,0,1266.0,0,0,831.5,1,6,196.0
37577760,02300315,10.8,12.7,0,0,1753.7,1,2,357.9,0,0,inf,4,14,103.7,0,0,1753.7,1,2,357.9,3,6,103.7
37577762,02300315,18.0,12.1,0,0,1751.8,1,2,367.9,0,0,inf,4,14,92.5,0,0,1751.8,1,2,367.9,3,6,92.5
37577763,02300315,11.3,24.5,0,0,1970.1,1,2,260.9,0,0,inf,2,13,260.9,0,0,1970.1,1,2,260.9,2,6,260.9
37577764,02300315,13.3,14.9,0,0,1627.5,1,2,388.4,0,0,inf,4,16,233.2,0,0,1627.5,1,2,388.4,2,8,264.8
37577766,02300315,11.7,15.0,0,0,1653.0,1,2,363.1,0,0,inf,4,15,258.7,0,0,1653.0,1,2,363.1,2,7,290.3
37577768,02300315,12.7,15.0,0,0,1678.0,1,2,337.9,0,0,inf,4,15,278.4,0,0,1678.0,1,2,337.9,2,7,315.3
37577769,02300315,21.3,19.4,0,0,1672.4,1,2,352.2,0,0,inf,4,15,278.2,0,0,1672.4,1,2,352.2,2,7,309.7
37577770,02300315,14.1,15.0,0,0,1640.6,1,2,375.4,0,0,inf,4,16,246.4,0,0,1640.6,1,2,375.4,2,8,278.0
37577771,02300315,22.0,20.7,0,0,1635.2,0,2,425.7,0,0,inf,3,15,130.4,0,0,1635.2,0,2,425.7,2,7,130.4
37577772,02300315,24.5,15.9,0,0,1650.0,0,2,401.2,0,0,inf,3,15,105.9,0,0,1650.0,0,2,401.2,2,7,105.9
37577773,02300315,26.8,16.9,0,0,1608.6,0,2,465.6,0,0,inf,4,14,191.4,0,0,1608.6,0,2,465.6,1,7,191.4
37577774,02300315,19.8,17.1,0,0,1627.6,0,2,447.0,0,0,inf,3,15,210.4,0,0,1627.6,0,2,447.0,1,7,210.4
37577775,02300315,11.5,15.7,0,0,1619.7,0,2,431.0,0,0,inf,4,15,135.7,0,0,1619.7,0,2,431.0,2,7,135.7
37577776,02300315,19.1,14.8,0,0,1716.0,1,2,334.3,0,0,inf,4,15,107.6,0,0,1716.0,1,2,334.3,3,6,107.6
37577778,02300315,15.9,16.1,0,0,1781.1,1,2,270.4,0,0,inf,4,14,157.1,0,0,1781.1,1,2,270.4,3,7,157.1
37577779,02300315,18.5,17.5,0,0,1814.0,1,2,240.3,0,0,inf,2,14,190.0,0,0,1814.0,1,2,240.3,2,7,190.0
37577780,02300315,23.9,20.1,0,0,1834.1,1,2,225.5,0,0,inf,2,14,210.1,0,0,1834.1,1,2,225.5,2,7,210.1
37577781,02300315,35.9,31.2,0,0,1907.9,1,2,173.8,0,0,inf,3,14,173.8,0,0,1907.9,1,2,173.8,2,7,173.8
37577782,02300315,22.9,21.3,0,0,1876.6,1,2,185.4,0,0,inf,3,15,185.4,0,0,1876.6,1,2,185.4,2,8,185.4
37577783,02300315,26.2,27.9,0,0,1875.9,1,2,199.3,0,0,inf,3,15,199.3,0,0,1875.9,1,2,199.3,2,8,199.3
37577784,02300315,14.3,16.6,0,0,1846.6,1,2,205.9,0,0,inf,2,15,205.9,0,0,1846.6,1,2,205.9,2,8,205.9
37577785,02300315,16.5,16.1,0,0,1796.7,1,2,254.9,0,0,inf,2,14,172.6,0,0,1796.7,1,2,254.9,2,7,172.6
37577787,02300315,3.5,40.6,0,0,1821.0,1,2,279.7,0,0,inf,2,14,196.9,0,0,1821.0,1,2,279.7,2,7,196.9
37577791,02300315,7.9,42.0,0,0,1862.1,1,2,241.3,0,0,inf,2,14,238.0,0,0,1862.1,1,2,241.3,2,7,238.0
37577792,02300315,87.5,56.9,0,0,1695.5,0,1,404.4,0,0,inf,3,12,301.2,0,0,1695.5,0,1,404.4,1,6,332.8
37577793,02300315,12.9,40.8,0,0,1870.6,1,2,230.4,0,0,inf,2,14,230.4,0,0,1870.6,1,2,230.4,2,7,230.4
37577794,02300315,3.5,46.7,0,0,1904.7,1,2,208.2,0,0,inf,2,14,208.2,0,0,1904.7,1,2,208.2,2,7,208.2
37577797,02300315,23.7,16.8,0,0,1825.9,1,2,180.2,0,0,inf,2,16,180.2,0,0,1825.9,1,2,180.2,1,9,180.2
37577798,02300315,16.9,15.8,0,0,1858.3,1,2,146.0,0,0,inf,3,16,146.0,0,0,1858.3,1,2,146.0,2,9,146.0
37577799,02300315,17.5,14.6,0,0,1818.1,1,2,183.6,0,0,inf,2,16,183.6,0,0,1818.1,1,2,183.6,1,9,183.6
37633026,02500831,66.2,16.8,0,1,654.5,0,2,634.0,2,5,31.6,0,4,480.1,0,0,1247.6,0,2,634.0,2,6,31.6
37637093,02300316,25.0,54.9,0,0,1317.4,0,0,870.1,0,0,1953.0,2,7,251.8,0,0,1317.4,0,0,870.1,2,5,251.8
37637100,02300316,29.8,25.3,0,0,893.2,0,0,1098.9,0,0,inf,2,14,132.5,0,0,893.2,0,0,893.2,1,8,132.5
37637101,02300316,29.5,21.3,0,0,871.0,0,0,1076.8,0,0,inf,2,13,110.4,0,0,871.0,0,0,871.0,1,8,110.4
37637104,02300316,25.2,30.0,0,0,954.5,0,0,1160.3,0,0,inf,2,10,228.0,0,0,954.5,0,0,954.5,2,7,228.0
37637105,02300316,20.8,19.8,0,0,1123.2,0,0,1084.5,0,0,inf,2,10,240.1,0,0,1123.2,0,0,1084.5,1,5,362.6
37637106,02300316,34.3,17.3,0,0,1120.7,0,0,1082.0,0,0,inf,2,10,237.5,0,0,1120.7,0,0,1082.0,1,5,360.1
37637107,02300316,27.8,33.2,0,0,887.3,0,0,1093.0,0,0,inf,2,10,160.7,0,0,887.3,0,0,887.3,2,7,160.7
37637108,02300316,1.3,37.0,0,0,1140.4,0,0,1101.7,0,0,inf,2,10,257.2,0,0,1140.4,0,0,1101.7,1,5,379.8
37637109,02300316,1.5,32.7,0,0,886.7,0,0,1092.5,0,0,inf,2,10,160.2,0,0,886.7,0,0,886.7,2,7,160.2
37637112,02300316,1.6,7.0,0,0,917.4,0,0,1123.2,0,0,inf,2,10,190.9,0,0,917.4,0,0,917.4,2,7,190.9
37637113,02300316,62.3,39.3,0,0,1087.1,0,0,1041.6,0,0,1907.2,2,8,187.9,0,0,1087.1,0,0,1041.6,2,6,187.9
37637117,02300316,18.4,23.1,0,0,975.8,0,0,997.3,0,0,1862.9,2,11,143.6,0,0,975.8,0,0,975.8,2,8,143.6
37637118,02300316,18.9,8.7,0,0,1019.9,0,0,974.4,0,0,1839.9,3,10,120.6,0,0,1019.9,0,0,974.4,3,8,120.6
37637119,02300316,15.9,17.4,0,0,1106.0,0,0,894.1,0,0,1759.7,4,8,40.4,0,0,1106.0,0,0,894.1,4,6,40.4
37637120,02300316,15.5,15.4,0,0,1163.9,0,0,840.9,0,0,1799.5,3,9,98.3,0,0,1163.9,0,0,840.9,3,6,98.3
37637121,02300316,13.6,15.8,0,0,1179.6,0,0,826.1,0,0,1815.2,3,9,114.0,0,0,1179.6,0,0,826.1,3,6,114.0
37637123,02300316,16.2,15.8,0,0,1199.1,0,0,806.6,0,0,1834.7,3,9,133.5,0,0,1199.1,0,0,806.6,3,6,133.5
37637124,02300316,111.9,31.0,0,0,1291.5,0,1,744.5,0,0,1927.1,3,10,149.8,0,0,1291.5,0,1,744.5,3,6,149.8
37637125,02300316,3.2,24.7,0,0,1287.3,0,0,839.9,0,0,1922.8,2,8,221.7,0,0,1287.3,0,0,839.9,2,5,221.7
37637127,02300316,70.9,10.9,0,0,1350.0,0,1,697.1,0,0,1905.3,5,11,61.6,0,0,1350.0,0,1,697.1,3,6,61.6
37637332,02300316,16.0,21.8,0,0,892.1,0,0,1097.9,0,0,1989.1,2,10,165.6,0,0,892.1,0,0,892.1,2,7,165.6
37637333,02300316,67.6,23.8,0,0,948.5,0,0,1025.9,0,0,1891.4,2,12,172.1,0,0,948.5,0,0,948.5,2,8,172.1
37637336,02300316,20.3,124.7,0,0,1079.3,0,0,1096.9,0,0,1962.5,2,7,243.2,0,0,1079.3,0,0,1079.3,2,6,243.2
37652378,02300314,10.6,15.3,0,0,1617.7,0,2,488.8,0,0,inf,5,14,193.5,0,0,1617.7,0,2,488.8,2,7,193.5
37652379,02300314,15.6,23.5,0,0,1640.6,0,2,511.7,0,0,inf,4,13,216.4,0,0,1640.6,0,2,511.7,2,6,216.4
37652380,02300314,14.2,19.9,0,0,1643.8,0,2,514.9,0,0,inf,4,13,219.6,0,0,1643.8,0,2,514.9,2,6,219.6
37652381,02300314,11.0,15.7,0,0,1654.2,0,2,525.3,0,0,inf,4,13,230.0,0,0,1654.2,0,2,525.3,2,6,230.0
37652382,02300314,20.9,34.1,0,0,1756.7,0,2,571.8,0,0,inf,4,12,261.6,0,0,1756.7,0,2,571.8,2,5,282.8
37652383,02300314,21.3,34.0,0,0,1744.9,0,2,547.2,0,0,inf,4,12,258.2,0,0,1744.9,0,2,547.2,2,5,258.2
37652384,02300314,22.8,18.4,0,0,1646.6,0,2,448.9,0,0,inf,4,14,159.9,0,0,1646.6,0,2,448.9,2,5,159.9
37652385,02300314,19.6,21.1,0,0,1674.2,0,2,476.5,0,0,inf,3,13,187.5,0,0,1674.2,0,2,476.5,1,5,187.5
37652386,02300314,20.5,19.7,0,0,1686.9,0,2,489.2,0,0,inf,4,13,200.2,0,0,1686.9,0,2,489.2,2,5,200.2
37652387,02300314,21.1,35.8,0,0,1753.0,0,2,555.3,0,0,inf,4,12,255.1,0,0,1753.0,0,2,555.3,2,5,266.3
37652389,02300314,27.2,33.0,0,0,1749.2,0,2,577.1,0,0,inf,4,12,266.8,0,0,1749.2,0,2,577.1,2,5,288.1
37652390,02300314,10.8,15.4,0,0,1716.6,0,2,574.4,0,0,inf,4,13,264.1,0,0,1716.6,0,2,574.4,2,5,285.4
37652391,02300314,15.5,14.7,0,0,1700.7,0,2,571.8,0,0,inf,4,13,276.5,0,0,1700.7,0,2,571.8,2,5,276.5
37652392,02300314,37.6,34.0,0,0,1706.9,0,2,578.1,0,0,inf,4,12,282.7,0,0,1706.9,0,2,578.1,2,5,282.7
37652393,02300314,10.9,15.2,0,0,1666.4,0,2,537.5,0,0,inf,4,13,242.2,0,0,1666.4,0,2,537.5,2,6,242.2
37652394,02300314,7.8,14.9,0,0,1646.1,0,2,403.1,0,0,inf,3,15,107.8,0,0,1646.1,0,2,403.1,2,7,107.8
37652395,02300314,15.1,37.4,0,0,1650.9,0,2,443.3,0,0,inf,3,15,148.0,0,0,1650.9,0,2,443.3,2,7,148.0
37652396,02300314,8.2,18.4,0,0,1624.9,0,2,431.3,0,0,inf,3,15,135.9,0,0,1624.9,0,2,431.3,2,7,135.9
37652397,02300314,16.4,17.5,0,0,1605.4,0,2,476.5,0,0,inf,4,14,181.1,0,0,1605.4,0,2,476.5,1,7,181.1
37652398,02300314,21.6,21.8,0,0,1707.0,0,2,509.2,0,0,inf,4,12,220.3,0,0,1707.0,0,2,509.2,2,5,220.3
37652400,02300314,10.2,14.7,0,0,1657.1,1,3,391.0,0,0,inf,6,15,102.0,0,0,1657.1,1,3,391.0,4,6,102.0
37652401,02300314,21.5,17.1,0,0,1725.0,1,3,327.9,0,0,inf,6,13,38.9,0,0,1725.0,1,3,327.9,4,6,38.9
37652402,02300314,12.7,15.2,0,0,1705.4,1,3,343.8,0,0,inf,6,13,54.8,0,0,1705.4,1,3,343.8,4,6,54.8
37652403,02300314,15.2,15.4,0,0,1689.0,1,3,360.4,0,0,inf,6,14,71.4,0,0,1689.0,1,3,360.4,4,6,71.4
37652404,02300314,17.1,15.3,0,0,1674.2,1,3,375.0,0,0,inf,6,15,86.1,0,0,1674.2,1,3,375.0,4,6,86.1
37652405,02300314,12.7,15.3,0,0,1778.4,1,3,346.1,0,0,inf,6,13,57.1,0,0,1778.4,1,3,346.1,4,6,57.1
37652406,02300314,14.8,19.1,0,0,1795.0,1,3,362.6,0,0,inf,6,13,73.7,0,0,1795.0,1,3,362.6,4,6,73.7
37652407,02300314,12.2,15.5,0,0,1789.4,0,2,460.7,0,0,inf,4,14,65.5,0,0,1789.4,0,2,460.7,2,6,65.5
37652408,02300314,10.6,15.9,0,0,1748.7,0,2,419.9,0,0,inf,3,15,24.8,0,0,1748.7,0,2,419.9,2,6,24.8
37652409,02300314,10.5,15.9,0,0,1761.4,0,2,432.7,0,0,inf,4,15,37.5,0,0,1761.4,0,2,432.7,2,6,37.5
37652410,02300314,18.7,24.9,0,0,1786.8,0,2,458.1,0,0,inf,4,14,62.9,0,0,1786.8,0,2,458.1,2,6,62.9
37652411,02300314,19.3,24.4,0,0,1822.9,0,2,474.3,0,0,inf,3,13,99.0,0,0,1822.9,0,2,474.3,2,5,99.0
37652412,02300314,23.5,35.0,0,0,1839.8,0,2,478.6,0,0,inf,3,13,115.9,0,0,1839.8,0,2,478.6,2,5,115.9
37652413,02300314,21.1,19.2,0,0,1857.1,0,2,429.9,0,0,inf,3,13,133.2,0,0,1857.1,0,2,429.9,2,5,133.2
37652414,02300314,31.4,43.6,0,0,1854.9,0,2,422.5,0,0,inf,4,13,133.6,0,0,1854.9,0,2,422.5,2,5,133.6
37652418,02300314,50.1,15.6,0,0,1818.5,1,3,386.2,0,0,inf,6,14,97.2,0,0,1818.5,1,3,386.2,4,6,97.2
37652419,02300314,9.6,15.1,0,0,1834.5,0,2,444.2,0,0,inf,3,13,110.6,0,0,1834.5,0,2,444.2,2,5,110.6
37652420,02300314,9.8,13.1,0,0,1699.1,0,2,408.0,0,0,inf,3,15,51.2,0,0,1699.1,0,2,408.0,2,6,51.2
37652421,02300314,9.7,13.0,0,0,1687.0,1,2,395.9,0,0,inf,4,16,63.1,0,0,1687.0,1,2,395.9,3,7,63.1
37652422,02300314,10.5,12.5,0,0,1675.5,1,2,384.4,0,0,inf,4,16,73.5,0,0,1675.5,1,2,384.4,3,7,73.5
37652423,02300314,11.1,17.1,0,0,1715.0,0,2,400.6,0,0,inf,3,15,43.2,0,0,1715.0,0,2,400.6,2,6,43.2
37652424,02300314,51.6,41.0,0,0,1872.0,0,2,439.7,0,0,inf,3,13,150.7,0,0,1872.0,0,2,439.7,2,5,150.7
37652426,02300314,7.7,44.7,0,0,1864.0,0,2,473.8,0,0,inf,3,13,140.1,0,0,1864.0,0,2,473.8,2,5,140.1
37652427,02300314,17.0,44.8,0,0,1836.1,0,2,502.0,0,0,inf,3,13,112.2,0,0,1836.1,0,2,502.0,2,5,112.2
37652428,02300314,9.3,45.2,0,0,1746.8,0,2,603.9,0,0,inf,4,12,293.7,0,0,1746.8,0,2,603.9,2,5,315.0
37652429,02300314,18.1,43.1,0,0,1730.8,0,2,601.9,0,0,inf,4,12,305.4,0,0,1730.8,0,2,601.9,2,5,306.5
37652430,02300314,6.2,50.3,0,0,1805.1,0,2,476.4,0,0,inf,2,14,81.2,0,0,1805.1,0,2,476.4,2,6,81.2
37652431,02300314,17.5,41.1,0,0,1783.0,0,2,454.3,0,0,inf,3,14,59.1,0,0,1783.0,0,2,454.3,2,6,59.1
37652433,02300314,10.3,46.5,0,0,1779.2,0,2,450.5,0,0,inf,3,15,55.3,0,0,1779.2,0,2,450.5,2,6,55.3
37652434,02300314,9.1,15.3,0,0,1633.0,0,2,416.9,0,0,inf,3,15,121.6,0,0,1633.0,0,2,416.9,2,7,121.6
37652435,02300314,10.1,34.4,0,0,1665.2,0,2,423.0,0,0,inf,3,15,127.6,0,0,1665.2,0,2,423.0,2,7,127.6
37652436,02300314,7.1,31.1,0,0,1702.6,0,2,411.5,0,0,inf,3,15,83.8,0,0,1702.6,0,2,411.5,2,6,83.8
37739051,02300314,12.9,15.5,0,0,1777.8,0,2,449.1,0,0,inf,4,15,53.9,0,0,1777.8,0,2,449.1,2,6,53.9
37739052,02300314,34.5,13.9,0,0,1640.1,0,2,625.4,0,0,inf,4,12,206.4,0,0,1640.1,0,2,625.4,2,6,330.1
37739053,02300314,16.0,12.7,0,0,1643.7,0,2,514.8,0,0,inf,3,13,219.5,0,0,1643.7,0,2,514.8,1,6,219.5
37739054,02300314,19.3,11.3,0,0,1660.6,0,2,533.4,0,0,inf,3,13,238.1,0,0,1660.6,0,2,533.4,1,6,238.1
37739055,02300314,19.0,13.1,0,0,1616.4,0,2,625.8,0,0,inf,5,12,222.1,0,0,1616.4,0,2,625.8,2,6,330.5
37739056,02300314,13.5,11.2,0,0,1564.4,0,2,629.2,0,0,inf,4,12,170.2,0,0,1564.4,0,2,629.2,1,6,333.9
37739057,02300314,11.5,11.5,0,0,1632.6,0,2,503.7,0,0,inf,3,13,208.4,0,0,1632.6,0,2,503.7,1,6,208.4
37739058,02300314,15.4,12.5,0,0,1641.1,0,2,512.3,0,0,inf,4,13,216.9,0,0,1641.1,0,2,512.3,2,6,216.9
37739059,02300314,13.2,16.0,0,0,1665.0,0,2,467.3,0,0,inf,3,13,178.3,0,0,1665.0,0,2,467.3,1,5,178.3
37739060,02300314,15.7,13.5,0,0,1637.0,0,2,642.0,0,0,inf,4,12,220.7,0,0,1637.0,0,2,642.0,2,6,346.7
37739061,02300314,21.7,14.2,0,0,1645.3,0,2,650.3,0,0,inf,4,12,213.8,0,0,1645.3,0,2,650.3,2,6,355.0
37739062,02300314,37.4,13.1,0,0,1669.5,0,2,644.7,0,0,inf,3,12,154.1,0,0,1669.5,0,2,644.7,1,5,355.8
37739063,02300314,8.6,14.8,0,0,1537.8,0,1,579.2,0,0,inf,4,13,22.5,0,0,1537.8,0,1,579.2,1,5,290.2
37739065,02300314,17.4,17.2,0,0,1525.1,0,1,566.4,0,0,inf,4,14,24.8,0,0,1525.1,0,1,566.4,1,6,277.5
37739066,02300314,10.7,13.5,0,0,1709.5,0,2,684.8,0,0,inf,3,11,194.1,0,0,1709.5,0,2,684.8,1,5,395.8
37739067,02300314,26.8,12.9,0,0,1657.7,0,2,622.2,0,0,inf,4,13,142.4,0,0,1657.7,0,2,622.2,2,6,333.2
37739069,02300314,10.7,15.5,0,0,1545.5,0,1,504.1,0,0,inf,4,13,83.7,0,0,1545.5,0,1,504.1,1,5,215.2
37739070,02300314,30.6,14.9,0,0,1598.1,0,2,450.4,0,0,inf,5,14,136.4,0,0,1598.1,0,2,450.4,2,5,161.4
37739071,02300314,15.1,16.6,0,0,1560.8,0,1,491.1,0,0,inf,4,13,99.1,0,0,1560.8,0,1,491.1,1,5,202.1
37739072,02300314,24.8,16.0,0,0,1700.2,0,2,502.4,0,0,inf,5,13,213.5,0,0,1700.2,0,2,502.4,2,5,213.5
37739074,02300314,9.3,16.3,0,0,1717.2,0,2,519.4,0,0,inf,5,12,230.5,0,0,1717.2,0,2,519.4,2,5,230.5
37739075,02300314,15.3,12.4,0,0,1652.7,0,2,559.9,0,0,inf,4,13,258.4,0,0,1652.7,0,2,559.9,2,6,264.6
37739076,02300314,22.6,12.6,0,0,1684.5,0,2,594.9,0,0,inf,4,13,169.1,0,0,1684.5,0,2,594.9,2,5,305.9
37739077,02300314,24.8,25.8,0,0,1709.8,0,2,596.0,0,0,inf,4,12,194.4,0,0,1709.8,0,2,596.0,2,5,307.0
37739079,02300314,12.7,15.2,0,0,1746.1,0,2,417.4,0,0,inf,3,15,22.2,0,0,1746.1,0,2,417.4,2,6,22.2
37739080,02300314,12.2,15.2,0,0,1761.8,0,2,433.1,0,0,inf,4,15,37.9,0,0,1761.8,0,2,433.1,2,6,37.9
37739081,02300314,17.0,15.5,0,0,1829.7,0,2,449.7,0,0,inf,3,13,105.8,0,0,1829.7,0,2,449.7,2,5,105.8
37739082,02300314,11.8,15.3,0,0,1847.7,0,2,431.4,0,0,inf,3,13,123.8,0,0,1847.7,0,2,431.4,2,5,123.8
37739083,02300314,9.8,16.6,0,0,1808.9,1,3,376.5,0,0,inf,6,14,87.6,0,0,1808.9,1,3,376.5,4,6,87.6
37739084,02300314,9.8,15.4,0,0,1779.4,1,3,347.1,0,0,inf,6,13,58.1,0,0,1779.4,1,3,347.1,4,6,58.1
37739085,02300314,9.7,15.7,0,0,1774.6,1,3,275.5,0,0,inf,6,13,53.2,0,0,1774.6,1,3,275.5,4,6,53.2
37739087,02300314,13.4,16.6,0,0,1794.7,1,3,362.4,0,0,inf,6,14,73.4,0,0,1794.7,1,3,362.4,4,6,73.4
37739088,02300314,10.7,15.9,0,0,1821.6,1,3,389.2,0,0,inf,6,14,100.2,0,0,1821.6,1,3,389.2,4,6,100.2
37739089,02300314,19.1,21.0,0,0,1858.7,0,2,426.4,0,0,inf,4,13,137.4,0,0,1858.7,0,2,426.4,2,5,137.4
37739090,02300314,16.0,23.4,0,0,1812.8,0,2,482.5,0,0,inf,3,14,88.9,0,0,1812.8,0,2,482.5,2,6,88.9
37739091,02300314,36.7,43.4,0,0,1827.9,0,2,499.2,0,0,inf,3,13,104.0,0,0,1827.9,0,2,499.2,2,5,104.0
37739092,02300314,13.0,14.3,0,0,1726.3,1,2,397.6,0,0,inf,4,15,40.2,0,0,1726.3,1,2,397.6,3,6,40.2
37739093,02300314,9.4,13.0,0,0,1747.5,0,2,400.7,0,0,inf,3,15,61.3,0,0,1747.5,0,2,400.7,2,6,61.3
37739094,02300314,6.6,12.5,0,0,1736.5,0,2,407.8,0,0,inf,3,15,50.4,0,0,1736.5,0,2,407.8,2,6,50.4
37739095,02300314,14.1,15.8,0,0,1801.7,1,3,248.5,0,0,inf,6,12,80.4,0,0,1801.7,1,3,248.5,4,6,80.4
37739096,02300314,7.8,15.6,0,0,1786.8,1,3,263.2,0,0,inf,6,13,65.4,0,0,1786.8,1,3,263.2,4,6,65.4
37739098,02300314,9.8,35.4,0,0,1802.3,0,2,473.6,0,0,inf,3,14,78.4,0,0,1802.3,0,2,473.6,2,6,78.4
37739101,02300314,11.8,15.2,0,0,1834.9,1,3,214.2,0,0,inf,5,13,92.5,0,0,1834.9,1,3,214.2,3,6,113.6
37739105,02300314,27.0,19.9,0,0,1761.4,1,2,394.2,0,0,inf,4,14,102.1,0,0,1761.4,1,2,394.2,3,6,102.1
37739106,02300314,17.3,18.9,0,0,1852.3,1,2,204.3,0,0,inf,6,12,82.6,0,0,1852.3,1,2,204.3,3,5,130.9
37739107,02300314,20.5,41.6,0,0,1828.9,1,3,273.0,0,0,inf,5,12,107.5,0,0,1828.9,1,3,273.0,3,6,107.5
37739108,02300314,18.8,59.3,0,0,1849.0,0,2,416.6,0,0,inf,4,12,127.6,0,0,1849.0,0,2,416.6,2,5,127.6
37739110,02300314,28.7,56.1,0,0,1876.2,0,2,484.5,0,0,inf,3,13,152.3,0,0,1876.2,0,2,484.5,2,5,152.3
37739111,02300314,8.5,32.5,0,0,1854.9,0,2,458.6,0,0,inf,3,13,131.0,0,0,1854.9,0,2,458.6,2,5,131.0
37739112,02300314,30.1,33.2,0,0,1163.1,0,0,947.5,0,0,inf,2,10,213.9,0,0,1163.1,0,0,947.5,0,5,402.5
37739114,02300314,10.5,66.5,0,0,1175.5,0,0,1064.6,0,0,inf,2,10,331.0,0,0,1175.5,0,0,1064.6,0,5,414.8
37739115,02300314,10.4,26.1,0,0,1605.3,0,1,678.3,0,0,inf,4,10,211.1,0,0,1605.3,0,1,678.3,1,4,383.0
37739142,02300314,13.5,27.7,0,0,1438.0,0,1,636.2,0,0,inf,3,13,133.1,0,0,1438.0,0,1,636.2,1,6,347.2
37739150,02300314,12.5,77.0,0,0,1839.1,0,2,510.4,0,0,inf,2,13,115.2,0,0,1839.1,0,2,510.4,2,5,115.2
37739152,02300314,13.9,74.2,0,0,1820.5,0,2,491.8,0,0,inf,2,13,96.6,0,0,1820.5,0,2,491.8,2,5,96.6
37739153,02300314,27.7,75.0,0,0,inf,1,2,304.2,0,0,inf,3,11,304.2,0,0,inf,1,2,304.2,2,5,304.2
37739158,02300314,17.1,52.9,0,0,1905.7,1,1,218.9,0,0,inf,3,11,97.2,0,0,1905.7,1,1,218.9,2,4,184.3
37739161,02300314,20.9,18.0,0,0,1764.3,1,3,331.9,0,0,inf,6,13,42.9,0,0,1764.3,1,3,331.9,4,6,42.9
37739162,02300314,19.6,96.3,0,0,inf,1,2,325.5,0,0,inf,2,11,325.5,0,0,inf,1,2,325.5,1,5,325.5
37739163,02300314,4.2,29.7,0,0,1781.1,0,2,452.4,0,0,inf,3,15,57.2,0,0,1781.1,0,2,452.4,2,6,57.2
37739164,02300314,8.1,27.5,0,0,1752.4,0,2,423.7,0,0,inf,3,15,66.2,0,0,1752.4,0,2,423.7,2,6,66.2
37739167,02300314,22.3,16.3,0,0,1936.4,1,2,114.9,0,0,inf,4,12,39.5,0,0,1936.4,1,2,114.9,2,5,114.9
37739168,02300314,20.0,23.4,0,0,inf,1,3,105.9,0,0,inf,5,13,105.9,0,0,inf,1,3,105.9,2,6,105.9
37739173,02300314,28.1,40.7,0,0,inf,1,2,252.4,0,0,inf,3,11,252.4,0,0,inf,1,2,252.4,2,5,252.4
37739174,02300314,1.9,22.8,0,0,1971.9,1,2,272.4,0,0,inf,3,11,272.4,0,0,1971.9,1,2,272.4,2,5,272.4
37739175,02300314,17.1,14.9,0,0,1582.7,0,2,465.8,0,0,inf,4,14,121.0,0,0,1582.7,0,2,465.8,1,6,176.8
37739176,02300314,5.6,21.3,0,0,1717.2,0,2,579.5,0,0,inf,4,12,201.8,0,0,1717.2,0,2,579.5,2,5,290.5
37789472,02300314,14.8,20.1,0,0,1452.4,0,0,826.7,0,0,inf,2,11,215.0,0,0,1452.4,0,0,826.7,0,5,558.9
37789473,02300314,11.6,24.0,0,0,1489.5,0,0,837.0,0,0,inf,2,11,271.9,0,0,1527.2,0,0,837.0,0,5,492.1
37789474,02300314,9.8,21.0,0,0,1474.4,0,0,844.3,0,0,inf,2,11,256.8,0,0,1512.1,0,0,844.3,0,5,501.2
37789475,02300314,17.0,24.7,0,0,1504.3,0,0,823.5,0,0,inf,2,10,286.8,0,0,1542.0,0,0,823.5,0,4,478.5
37789476,02300314,22.3,25.3,0,0,1517.8,0,0,811.3,0,0,inf,2,11,300.3,0,0,1555.5,0,0,811.3,0,4,466.3
37789477,02300314,16.6,17.0,0,0,1515.8,0,1,796.6,0,0,inf,2,13,298.3,0,0,1553.5,0,1,796.6,0,5,451.6
37789478,02300314,13.2,16.0,0,0,1526.5,0,1,783.9,0,0,inf,2,13,309.0,0,0,1564.2,0,1,783.9,0,5,439.0
37789479,02300314,4.8,29.8,0,0,1533.8,0,0,804.2,0,0,inf,2,10,316.2,0,0,1571.5,0,0,804.2,0,4,459.2
37789480,02300314,17.8,22.2,0,0,1545.6,0,1,777.3,0,0,inf,2,12,328.0,0,0,1583.2,0,1,777.3,0,5,432.3
37789481,02300314,21.6,22.0,0,0,1612.0,0,2,710.6,0,0,inf,3,13,356.1,0,0,1649.6,0,2,710.6,1,6,365.6
37789482,02300314,18.2,42.8,0,0,1640.6,0,2,720.4,0,0,inf,2,12,365.9,0,0,1681.4,0,2,720.4,1,5,375.5
37789483,02300314,9.6,22.1,0,0,1602.2,0,2,682.0,0,0,inf,2,13,327.5,0,0,1678.4,0,2,682.0,1,6,337.1
37789484,02300314,25.0,17.9,0,0,1584.3,0,2,664.1,0,0,inf,3,13,263.4,0,0,1705.9,0,2,664.1,1,5,319.2
37789485,02300314,16.2,17.4,0,0,1604.0,0,2,683.9,0,0,inf,2,13,242.7,0,0,1685.2,0,2,683.9,1,5,338.9
37789486,02300314,11.8,13.3,0,0,1613.9,0,2,693.8,0,0,inf,2,13,224.7,0,0,1667.2,0,2,693.8,1,5,348.8
37789487,02300314,11.8,13.3,0,0,1627.5,0,2,707.4,0,0,inf,2,13,211.0,0,0,1653.5,0,2,707.4,1,5,362.4
37789488,02300314,19.4,20.6,0,0,1644.1,0,2,712.1,0,0,inf,2,13,209.1,0,0,1651.6,0,2,712.1,1,5,379.0
37789489,02300314,4.1,15.8,0,0,1558.9,0,1,688.9,0,0,inf,3,13,185.8,0,0,1558.9,0,1,688.9,1,5,399.9
37789491,02300314,12.1,14.9,0,0,1612.2,0,2,672.8,0,0,inf,3,14,169.7,0,0,1612.2,0,2,672.8,1,5,383.8
37789492,02300314,20.8,16.2,0,0,1574.0,0,2,674.6,0,0,inf,3,14,171.5,0,0,1574.0,0,2,674.6,1,6,385.6
37789493,02300314,27.8,23.9,0,0,1472.5,0,1,791.4,0,0,inf,2,13,235.1,0,0,1472.5,0,1,791.4,0,6,502.4
37789494,02300314,31.3,14.3,0,0,1527.4,0,1,717.3,0,0,inf,2,14,214.2,0,0,1527.4,0,1,717.3,0,6,428.3
37789498,02300314,6.8,10.6,0,0,1560.7,0,2,676.5,0,0,inf,3,14,173.5,0,0,1560.7,0,2,676.5,1,6,387.5
37789499,02300314,16.5,8.2,0,0,1567.0,0,2,665.4,0,0,inf,3,14,162.3,0,0,1567.0,0,2,665.4,1,6,376.4
37789500,02300314,20.3,4.8,0,0,1533.9,0,1,691.8,0,0,inf,2,14,188.7,0,0,1533.9,0,1,691.8,0,6,402.8
37789502,02300314,10.2,8.0,0,0,1570.3,0,2,661.8,0,0,inf,3,14,158.7,0,0,1570.3,0,2,661.8,1,6,372.8
37789503,02300314,17.8,18.6,0,0,1580.7,0,1,622.0,0,0,inf,3,13,119.0,0,0,1580.7,0,1,622.0,1,5,333.1
37789504,02300314,12.3,17.0,0,0,1561.3,0,1,602.6,0,0,inf,3,13,99.6,0,0,1561.3,0,1,602.6,1,5,313.6
37789505,02300314,9.7,13.4,0,0,1542.5,0,1,583.8,0,0,inf,3,13,80.8,0,0,1542.5,0,1,583.8,1,5,294.8
37789506,02300314,4.2,33.4,0,0,1579.1,0,1,620.5,0,0,inf,3,13,117.4,0,0,1579.1,0,1,620.5,1,5,331.5
37789507,02300314,3.1,23.2,0,0,1555.5,0,1,596.8,0,0,inf,3,13,93.7,0,0,1555.5,0,1,596.8,1,5,307.8
37789508,02300314,38.0,21.3,0,0,1514.8,0,1,744.0,0,0,inf,2,14,240.9,0,0,1514.8,0,1,744.0,0,6,455.0
37789509,02300314,11.7,15.4,0,0,1468.0,0,1,581.6,0,0,inf,3,14,78.6,0,0,1468.0,0,1,581.6,1,6,292.6
37789510,02300314,13.9,13.8,0,0,1451.3,0,1,595.0,0,0,inf,3,14,92.0,0,0,1451.3,0,1,595.0,1,6,306.1
37789511,02300314,11.0,35.5,0,0,1475.8,0,1,613.8,0,0,inf,3,13,110.7,0,0,1475.8,0,1,613.8,1,6,324.8
37789512,02300314,20.8,14.2,0,0,1435.1,0,1,612.1,0,0,inf,3,14,109.0,0,0,1435.1,0,1,612.1,1,6,323.1
37789513,02300314,9.2,14.4,0,0,1480.5,0,1,764.4,0,0,inf,2,13,243.1,0,0,1480.5,0,1,764.4,0,6,475.4
37789515,02300314,5.4,29.0,0,0,1421.8,0,1,654.9,0,0,inf,3,13,151.9,0,0,1421.8,0,1,654.9,1,6,366.0
37789517,02300314,12.4,11.8,0,0,1395.3,0,1,746.0,0,0,inf,2,13,157.9,0,0,1395.3,0,1,746.0,0,6,457.1
37789518,02300314,30.7,33.4,0,0,1473.0,0,0,809.9,0,0,inf,2,11,235.6,0,0,1473.0,0,0,809.9,0,5,520.9
37789519,02300314,14.2,13.6,0,0,1368.8,0,1,677.1,0,0,inf,3,14,131.4,0,0,1368.8,0,1,677.1,1,7,388.2
37789520,02300314,13.5,13.8,0,0,1398.9,0,1,647.4,0,0,inf,3,13,144.4,0,0,1398.9,0,1,647.4,1,6,358.5
37789521,02300314,5.4,35.1,0,0,1505.4,0,1,780.9,0,0,inf,2,13,268.0,0,0,1505.4,0,1,780.9,0,6,491.9
37789522,02300314,4.9,7.2,0,0,1455.0,0,1,775.5,0,0,inf,2,13,217.6,0,0,1455.0,0,1,775.5,0,6,486.5
37789523,02300314,10.0,14.0,0,0,1384.6,0,0,880.7,0,0,inf,3,12,147.2,0,0,1384.6,0,0,880.7,0,5,591.8
37789524,02300314,8.9,48.1,0,0,1420.9,0,0,914.2,0,0,inf,2,12,183.5,0,0,1420.9,0,0,914.2,0,5,628.1
37827873,02300314,5.4,31.9,0,0,1650.7,0,2,711.2,0,0,inf,1,13,208.2,0,0,1650.7,0,2,711.2,0,5,402.4
37827874,02300314,12.2,16.9,0,0,1640.5,0,2,701.0,0,0,inf,2,13,198.0,0,0,1640.5,0,2,701.0,1,5,382.7
37827875,02300314,19.4,21.9,0,0,1641.7,0,2,717.2,0,0,inf,2,13,214.1,0,0,1656.6,0,2,717.2,1,5,376.5
37827876,02300314,5.5,29.2,0,0,1692.7,0,2,690.4,0,0,inf,1,11,303.5,0,0,1842.4,0,2,690.4,1,5,303.5
37827877,02300314,9.4,19.3,0,0,1680.4,0,2,678.1,0,0,inf,1,12,291.2,0,0,1830.1,0,2,678.1,1,5,291.2
37827878,02300314,11.9,16.6,0,0,1617.4,0,2,697.2,0,0,inf,2,13,227.9,0,0,1670.4,0,2,697.2,1,5,352.2
37827879,02300314,8.9,14.5,0,0,1658.7,0,2,656.3,0,0,inf,2,12,269.4,0,0,1808.4,0,2,656.3,1,5,269.4
37827880,02300314,7.6,21.0,0,0,1650.7,0,2,648.3,0,0,inf,2,12,261.4,0,0,1800.4,0,2,648.3,1,5,261.4
37827881,02300314,15.8,20.1,0,0,1608.1,0,2,688.0,0,0,inf,2,13,243.9,0,0,1686.4,0,2,688.0,1,5,343.0
37827882,02300314,6.2,9.0,0,0,1660.8,0,2,658.4,0,0,inf,2,12,271.5,0,0,1810.5,0,2,658.4,1,5,271.5
37827883,02300314,4.4,6.7,0,0,1647.0,0,2,644.6,0,0,inf,2,12,257.7,0,0,1796.7,0,2,644.6,1,5,257.7
37827884,02300314,54.6,12.3,0,0,1690.2,0,2,687.9,0,0,inf,1,12,301.0,0,0,1839.9,0,2,687.9,1,5,301.0
37827887,02300314,23.4,43.6,0,0,1728.6,0,2,726.3,0,0,inf,1,11,339.4,0,0,1878.3,0,2,726.3,1,5,339.4
37827888,02300314,21.3,49.4,0,0,1732.0,0,2,729.6,0,0,inf,1,11,342.7,0,0,1881.7,0,2,729.6,1,5,342.7
37827889,02300314,14.4,30.2,0,0,1746.6,0,2,548.8,0,0,inf,3,12,259.9,0,0,1746.6,0,2,548.8,2,5,259.9
37827890,02300314,23.9,18.0,0,0,1718.5,0,2,520.8,0,0,inf,4,12,231.8,0,0,1718.5,0,2,520.8,2,5,231.8
37827891,02300314,22.1,22.2,0,0,1671.9,0,2,580.8,0,0,inf,3,12,193.9,0,0,1821.6,0,2,580.8,2,5,193.9
37827892,02300314,7.9,38.0,0,0,1697.6,0,2,586.8,0,0,inf,2,11,199.9,0,0,1847.3,0,2,586.8,2,5,199.9
37827893,02300314,6.2,34.6,0,0,1719.6,0,2,717.3,0,0,inf,1,11,330.4,0,0,1869.3,0,2,717.3,1,5,330.4
37827894,02300314,7.7,24.0,0,0,1709.0,0,2,706.7,0,0,inf,1,11,319.8,0,0,1858.7,0,2,706.7,1,5,319.8
37827896,02300314,8.8,31.7,0,0,1716.7,0,2,714.3,0,0,inf,1,11,327.4,0,0,1866.4,0,2,714.3,1,5,327.4
37827897,02300314,23.9,17.9,0,0,1670.3,0,2,534.3,0,0,inf,2,13,155.5,0,0,1875.1,0,2,534.3,2,5,155.5
37827898,02300314,14.2,21.5,0,0,1685.9,0,2,558.0,0,0,inf,2,13,171.1,0,0,1843.2,0,2,558.0,2,5,171.1
37827899,02300314,3.8,35.4,0,0,1621.2,0,2,681.7,0,0,inf,3,13,178.7,0,0,1621.2,0,2,681.7,1,5,392.7
37827900,02300314,19.4,20.4,0,0,1558.9,0,1,600.2,0,0,inf,3,13,97.2,0,0,1558.9,0,1,600.2,1,5,311.3
37827901,02300314,15.9,16.6,0,0,1540.5,0,1,581.8,0,0,inf,3,13,78.8,0,0,1540.5,0,1,581.8,1,5,292.9
37827902,02300314,12.2,15.8,0,0,1576.7,0,2,473.6,0,0,inf,4,14,115.0,0,0,1576.7,0,2,473.6,1,6,184.7
37827903,02300314,13.6,19.2,0,0,1677.5,0,3,479.7,0,0,inf,4,14,190.8,0,0,1677.5,0,3,479.7,2,6,190.8
37827904,02300314,10.5,15.4,0,0,1684.2,0,3,486.5,0,0,inf,4,13,197.5,0,0,1684.2,0,3,486.5,2,6,197.5
37827905,02300314,9.8,15.4,0,0,1659.1,0,3,461.4,0,0,inf,5,14,172.4,0,0,1659.1,0,3,461.4,3,6,172.4
37827906,02300314,9.8,15.9,0,0,1588.6,0,2,461.8,0,0,inf,4,14,126.9,0,0,1588.6,0,2,461.8,1,6,172.9
37827907,02300314,3.4,41.2,0,0,1595.6,0,1,505.5,0,0,inf,4,12,133.9,0,0,1595.6,0,1,505.5,1,4,216.6
37827908,02300314,8.9,53.5,0,0,1720.1,0,2,522.4,0,0,inf,3,12,233.4,0,0,1720.1,0,2,522.4,2,5,233.4
37827909,02300314,9.3,53.3,0,0,1600.1,0,1,525.2,0,0,inf,3,12,138.4,0,0,1600.1,0,1,525.2,1,4,236.3
37827910,02300314,8.0,42.2,0,0,1587.4,0,1,515.7,0,0,inf,4,13,125.6,0,0,1587.4,0,1,515.7,1,5,226.7
37827911,02300314,15.2,15.6,0,0,1541.8,0,1,508.2,0,0,inf,4,13,80.0,0,0,1541.8,0,1,508.2,1,5,219.2
37827912,02300314,21.0,15.8,0,0,1522.7,0,1,527.6,0,0,inf,4,14,60.9,0,0,1522.7,0,1,527.6,1,6,238.6
37827913,02300314,14.2,16.2,0,0,1573.4,0,1,614.7,0,0,inf,3,13,111.6,0,0,1573.4,0,1,614.7,1,5,325.7
37827914,02300314,4.0,32.2,0,0,1594.5,0,1,635.8,0,0,inf,3,12,132.8,0,0,1594.5,0,1,635.8,1,4,346.9
37827915,02300314,14.8,17.5,0,0,1593.2,0,2,634.5,0,0,inf,3,13,131.5,0,0,1593.2,0,2,634.5,1,5,345.5
37827916,02300314,33.8,46.4,0,0,1614.8,0,1,656.1,0,0,inf,3,12,153.0,0,0,1614.8,0,1,656.1,1,4,367.1
37827917,02300314,5.0,41.2,0,0,1626.7,0,1,671.7,0,0,inf,3,12,168.7,0,0,1626.7,0,1,671.7,1,4,382.7
37827918,02300314,13.6,20.0,0,0,1603.2,0,2,652.8,0,0,inf,3,13,149.8,0,0,1603.2,0,2,652.8,1,5,363.9
37827919,02300314,21.7,18.6,0,0,1646.5,0,3,448.7,0,0,inf,5,15,159.7,0,0,1646.5,0,3,448.7,3,6,159.7
37827921,02300314,17.0,42.2,0,0,1740.9,0,2,543.1,0,0,inf,3,12,254.2,0,0,1740.9,0,2,543.1,2,5,254.2
37827922,02300314,11.8,55.1,0,0,1772.9,0,2,575.1,0,0,inf,3,12,286.2,0,0,1772.9,0,2,575.1,2,5,286.2
37827923,02300314,19.1,15.6,0,0,1558.7,0,1,491.3,0,0,inf,4,13,97.0,0,0,1558.7,0,1,491.3,1,5,202.3
37833149,02300314,10.7,16.1,0,0,1701.9,0,2,524.2,0,0,inf,4,12,187.1,0,0,1839.9,0,2,524.2,2,5,187.1
37833151,02300314,20.3,19.9,0,0,1784.0,0,2,479.3,0,0,inf,4,12,154.2,0,0,1911.7,0,2,479.3,2,5,154.2
37833152,02300314,40.4,15.4,0,0,1729.0,0,2,470.6,0,0,inf,4,12,138.4,0,0,1892.1,0,2,470.6,2,5,138.4
37833153,02300314,31.7,30.6,0,0,1822.8,0,3,462.1,0,0,inf,4,13,165.4,0,0,1894.4,0,3,462.1,2,6,165.4
37833154,02300314,20.3,18.9,0,0,1818.1,0,3,443.3,0,0,inf,5,14,146.6,0,0,1875.6,0,3,443.3,3,6,146.6
37833156,02300314,22.0,27.7,0,0,1850.9,0,3,418.6,0,0,inf,5,13,121.9,0,0,1850.9,0,3,418.6,3,6,121.9
37833158,02300314,14.0,14.6,0,0,1805.5,1,3,373.2,0,0,inf,6,13,76.5,0,0,1805.5,1,3,373.2,4,6,76.5
37833159,02300314,15.1,19.1,0,0,1782.7,1,3,350.3,0,0,inf,6,14,53.6,0,0,1782.7,1,3,350.3,4,6,53.6
37833161,02300314,19.0,17.2,0,0,1761.7,1,3,329.3,0,0,inf,6,13,32.6,0,0,1761.7,1,3,329.3,4,6,32.6
37833162,02300314,11.1,15.2,0,0,1709.6,1,3,339.4,0,0,inf,6,13,50.5,0,0,1709.6,1,3,339.4,4,6,50.5
37833163,02300314,22.1,15.5,0,0,1673.5,1,3,376.3,0,0,inf,6,15,87.3,0,0,1673.5,1,3,376.3,4,6,87.3
37833164,02300314,11.1,15.7,0,0,1659.3,1,3,390.9,0,0,inf,6,15,101.9,0,0,1659.3,1,3,390.9,4,6,101.9
37833165,02300314,10.4,13.7,0,0,1642.0,0,3,444.3,0,0,inf,5,15,155.3,0,0,1642.0,0,3,444.3,3,6,155.3
37833166,02300314,12.9,18.6,0,0,1659.8,0,3,462.0,0,0,inf,4,14,173.1,0,0,1659.8,0,3,462.0,2,6,173.1
37833167,02300314,5.0,35.6,0,0,1718.8,0,2,521.0,0,0,inf,4,12,232.1,0,0,1718.8,0,2,521.0,2,5,232.1
37833168,02300314,16.8,19.0,0,0,1672.9,0,3,475.2,0,0,inf,4,14,186.2,0,0,1672.9,0,3,475.2,2,6,186.2
37833169,02300314,4.8,35.5,0,0,1706.1,0,2,508.3,0,0,inf,4,12,219.4,0,0,1706.1,0,2,508.3,2,5,219.4
37833171,02300314,9.7,15.4,0,0,1698.8,0,2,501.0,0,0,inf,4,12,212.0,0,0,1698.8,0,2,501.0,2,5,212.0
37833172,02300314,9.9,15.4,0,0,1686.1,0,3,488.4,0,0,inf,4,13,199.4,0,0,1686.1,0,3,488.4,2,6,199.4
37833173,02300314,24.3,20.2,0,0,1752.6,0,2,554.8,0,0,inf,3,12,265.9,0,0,1752.6,0,2,554.8,2,5,265.9
37833174,02300314,24.1,22.3,0,0,1754.7,0,2,557.0,0,0,inf,3,12,268.0,0,0,1754.7,0,2,557.0,2,5,268.0
37833175,02300314,21.0,27.8,0,0,1777.8,0,2,580.1,0,0,inf,3,12,272.7,0,0,1777.8,0,2,580.1,2,5,272.7
37846120,02300314,17.1,15.2,0,0,1764.7,1,3,284.4,0,0,inf,6,13,43.3,0,0,1764.7,1,3,284.4,4,6,43.3
37846121,02300314,9.9,17.7,0,0,1783.2,1,3,270.8,0,0,inf,6,13,61.9,0,0,1783.2,1,3,270.8,4,6,61.9
37846122,02300314,15.5,15.9,0,0,1810.2,1,3,240.3,0,0,inf,6,12,88.8,0,0,1810.2,1,3,240.3,4,6,88.8
37846124,02300314,16.6,15.6,0,0,1791.9,1,3,258.1,0,0,inf,6,13,70.5,0,0,1791.9,1,3,258.1,4,6,70.5
37846125,02300314,14.8,38.2,0,0,1833.9,1,3,261.2,0,0,inf,5,12,112.6,0,0,1833.9,1,3,261.2,3,6,112.6
37846127,02300314,12.3,15.7,0,0,1788.7,1,3,356.3,0,0,inf,6,14,59.7,0,0,1788.7,1,3,356.3,4,6,59.7
37846128,02300314,7.8,16.2,0,0,1840.7,0,3,415.3,0,0,inf,5,14,118.6,0,0,1847.7,0,3,415.3,3,6,118.6
37846129,02300314,14.0,26.5,0,0,1814.2,0,3,462.3,0,0,inf,4,13,165.6,0,0,1894.6,0,3,462.3,2,6,165.6
37846130,02300314,19.5,14.4,0,0,1768.5,0,2,418.7,0,0,inf,4,13,138.6,0,0,1941.9,0,2,418.7,2,5,138.6
37846131,02300314,12.1,15.3,0,0,1777.5,0,2,476.7,0,0,inf,4,12,147.7,0,0,1909.1,0,2,476.7,2,5,147.7
37846132,02300314,11.8,14.9,0,0,1792.0,0,3,461.4,0,0,inf,5,13,162.1,0,0,1893.8,0,3,461.4,3,6,162.1
37846133,02300314,13.0,15.7,0,0,1824.8,0,3,430.2,0,0,inf,4,14,133.6,0,0,1862.6,0,3,430.2,3,6,133.6
37846134,02300314,13.9,19.0,0,0,1820.6,1,3,388.2,0,0,inf,6,13,91.6,0,0,1820.6,1,3,388.2,4,6,91.6
37846135,02300314,22.9,33.5,0,0,1824.5,1,3,392.1,0,0,inf,6,13,95.5,0,0,1824.5,1,3,392.1,4,6,95.5
37846136,02300314,11.6,15.5,0,0,1831.8,1,3,399.4,0,0,inf,6,13,102.7,0,0,1831.8,1,3,399.4,4,6,102.7
37846139,02300314,17.5,33.5,0,0,1868.1,1,2,339.8,0,0,inf,5,11,239.4,0,0,inf,1,2,339.8,3,5,239.4
37846140,02300314,14.9,16.6,0,0,1874.5,1,2,299.7,0,0,inf,5,11,221.8,0,0,inf,1,2,299.7,3,5,245.7
37846142,02300314,4.9,48.2,0,0,1909.5,1,2,327.7,0,0,inf,4,11,249.9,0,0,inf,1,2,327.7,3,5,280.8
37846143,02300314,7.2,15.9,0,0,1899.4,1,2,273.4,0,0,inf,5,12,195.5,0,0,inf,1,2,273.4,3,5,270.7
37846144,02300314,8.8,47.4,0,0,1930.4,1,2,305.2,0,0,inf,5,10,227.4,0,0,inf,1,2,305.2,3,5,301.7
37846145,02300314,19.2,15.9,0,0,1860.4,1,2,312.3,0,0,inf,5,11,231.7,0,0,inf,1,2,312.3,3,5,231.7
37846146,02300314,11.7,15.9,0,0,1912.1,1,2,260.6,0,0,inf,5,12,182.7,0,0,inf,1,2,260.6,3,5,260.6
37846147,02300314,10.7,18.0,0,0,1941.8,1,2,235.2,0,0,inf,5,11,157.3,0,0,1979.5,1,2,235.2,3,5,235.2
37846148,02300314,8.2,16.8,0,0,1926.4,1,2,248.1,0,0,inf,5,11,170.2,0,0,1992.3,1,2,248.1,3,5,248.1
37846149,02300314,13.4,8.9,0,0,1920.5,1,2,200.2,0,0,inf,5,12,98.3,0,0,1920.5,1,2,200.2,3,5,199.1
37853253,02300314,12.1,18.2,0,0,inf,1,2,193.7,0,0,inf,4,10,176.0,0,0,inf,1,2,193.7,2,5,193.7
37853254,02300314,14.7,21.5,0,0,inf,1,3,286.4,0,0,inf,4,11,89.8,0,0,inf,1,3,286.4,2,6,286.4
37853256,02300314,13.3,21.2,0,0,1916.1,1,3,373.4,0,0,inf,4,11,87.1,0,0,inf,1,3,373.4,2,6,297.2
37853257,02300314,17.5,22.0,0,0,1874.8,0,2,416.4,0,0,inf,2,11,130.1,0,0,inf,0,2,416.4,1,5,255.9
37853259,02300314,18.1,22.2,0,0,1827.2,0,2,469.2,0,0,inf,3,10,182.8,0,0,inf,0,2,469.2,2,5,203.4
37853261,02300314,15.4,18.3,0,0,1801.0,0,2,441.7,0,0,inf,4,12,172.2,0,0,1992.0,0,2,441.7,2,5,172.2
37853262,02300314,20.6,22.9,0,0,1841.0,0,2,456.9,0,0,inf,3,11,170.5,0,0,inf,0,2,456.9,2,5,217.2
37853263,02300314,11.5,22.0,0,0,1853.2,0,2,437.9,0,0,inf,3,11,151.6,0,0,inf,0,2,437.9,2,5,234.3
37853265,02300314,26.2,22.5,0,0,1979.0,1,3,310.4,0,0,inf,4,11,67.8,0,0,inf,1,3,310.4,2,6,310.4
37853267,02300314,34.5,22.5,0,0,1894.8,1,2,397.3,0,0,inf,3,11,111.1,0,0,inf,1,2,397.3,2,5,275.9
37853271,02300314,9.3,16.9,0,0,1815.9,1,2,358.9,0,0,inf,5,12,187.1,0,0,inf,1,2,358.9,3,5,187.1
37853273,02300314,31.5,55.4,0,0,1981.1,1,2,331.1,0,0,inf,4,10,253.2,0,0,inf,1,2,331.1,3,5,331.1
37853276,02300314,8.1,18.2,0,0,1853.6,1,2,323.7,0,0,inf,5,11,224.8,0,0,inf,1,2,323.7,3,5,224.8
37853277,02300314,13.3,17.9,0,0,1867.2,1,2,309.5,0,0,inf,5,11,231.7,0,0,inf,1,2,309.5,3,5,238.4
37853278,02300314,7.5,14.9,0,0,1940.6,1,2,290.6,0,0,inf,5,11,212.7,0,0,inf,1,2,290.6,3,5,290.6
37853279,02300314,8.4,18.4,0,0,1878.9,1,2,298.9,0,0,inf,5,11,221.1,0,0,inf,1,2,298.9,3,5,250.1
37853282,02100105,19.4,21.7,0,0,inf,1,3,83.5,0,0,inf,3,11,83.5,0,0,inf,1,3,83.5,2,6,83.5
37853283,02100105,30.1,21.5,0,0,1998.0,1,3,373.0,0,0,inf,4,11,86.7,0,0,inf,1,3,373.0,2,6,373.0
37853284,02100105,25.6,21.6,0,0,inf,1,2,126.2,0,0,inf,3,10,126.2,0,0,inf,1,2,126.2,1,5,126.2
37853285,02100105,26.6,21.9,0,0,inf,1,3,400.0,0,0,inf,2,10,113.7,0,0,inf,1,3,400.0,1,6,400.0
37853286,02100105,32.1,30.4,0,0,inf,1,2,146.7,0,0,inf,3,10,146.7,0,0,inf,1,2,146.7,1,5,146.7
37853287,02100105,39.1,25.7,0,0,inf,1,2,218.1,0,0,inf,3,10,218.1,0,0,inf,1,2,218.1,1,5,218.1
37853288,02100105,15.6,24.3,0,0,inf,1,2,202.3,0,0,inf,3,10,202.3,0,0,inf,1,2,202.3,1,5,202.3
37853289,02100105,19.4,24.0,0,0,inf,1,2,189.1,0,0,inf,3,10,189.1,0,0,inf,1,2,189.1,1,5,189.1
37853290,02100105,19.2,23.7,0,0,inf,1,2,174.3,0,0,inf,3,10,174.3,0,0,inf,1,2,174.3,1,5,174.3
37853291,02100105,23.1,23.2,0,0,inf,1,2,159.4,0,0,inf,3,10,159.4,0,0,inf,1,2,159.4,1,5,159.4
37853292,02100105,18.6,22.1,0,0,inf,1,3,355.2,0,0,inf,2,9,161.4,0,0,inf,1,3,355.2,1,5,355.2
37853293,02100105,33.6,35.3,0,0,inf,1,3,358.8,0,0,inf,2,9,184.1,0,0,inf,1,3,358.8,1,5,358.8
37853294,02100105,13.6,14.9,0,0,inf,1,3,332.9,0,0,inf,2,9,169.2,0,0,inf,1,3,332.9,1,5,332.9
37853295,02100105,41.3,17.1,0,0,inf,1,3,327.9,0,0,inf,2,9,178.5,0,0,inf,1,3,327.9,1,5,327.9
37853296,02100105,19.4,24.6,0,0,inf,1,3,388.1,0,0,inf,3,11,101.9,0,0,inf,1,3,388.1,2,6,388.1
37853297,02100105,34.8,17.3,0,0,1979.6,1,3,299.4,0,0,inf,4,11,68.4,0,0,inf,1,3,299.4,2,6,299.4
37853298,02100105,49.1,12.2,0,0,inf,1,2,186.3,0,0,inf,4,10,186.3,0,0,inf,1,2,186.3,2,5,186.3
37853299,02100105,20.1,16.6,0,0,1997.0,1,3,280.7,0,0,inf,4,11,85.8,0,0,inf,1,3,280.7,2,6,280.7
37853300,02100105,32.1,20.1,0,0,inf,1,2,198.7,0,0,inf,4,10,174.8,0,0,inf,1,2,198.7,2,5,198.7
37853301,02100105,13.1,15.4,0,0,inf,1,2,207.1,0,0,inf,4,10,156.8,0,0,inf,1,2,207.1,2,5,207.1
37853302,02100105,38.2,33.7,0,0,inf,1,2,235.5,0,0,inf,4,10,165.0,0,0,inf,1,2,235.5,2,5,235.5
37853303,02100105,41.0,16.1,0,0,inf,1,2,258.6,0,0,inf,3,10,106.8,0,0,inf,1,2,258.6,1,5,258.6
37853304,02100105,18.5,15.8,0,0,inf,1,2,236.2,0,0,inf,4,10,128.7,0,0,inf,1,2,236.2,2,5,236.2
37853305,02100105,22.5,14.9,0,0,inf,1,1,219.1,0,0,inf,4,9,219.1,0,0,inf,1,1,219.1,2,4,219.1
37853306,02100105,99.6,11.3,0,0,inf,1,1,215.5,0,0,inf,4,9,215.5,0,0,inf,1,1,215.5,2,4,215.5
37885528,02300314,21.4,22.2,0,0,1608.1,0,2,566.8,0,0,inf,1,13,216.7,0,0,1843.7,0,2,566.8,1,5,216.7
37885529,02300314,20.3,21.9,0,0,1625.8,0,2,548.6,0,0,inf,1,13,198.5,0,0,1861.4,0,2,548.6,1,5,198.5
37885530,02300314,6.9,13.9,0,0,1632.5,0,2,525.9,0,0,inf,1,13,175.8,0,0,1868.1,0,2,525.9,1,5,175.8
37885531,02300314,7.1,13.6,0,0,1632.1,0,2,513.8,0,0,inf,2,13,163.7,0,0,1879.4,0,2,513.8,2,5,163.7
37885532,02300314,10.9,16.4,0,0,1574.4,0,2,456.1,0,0,inf,3,12,144.8,0,0,1942.6,0,2,456.1,2,5,144.8
37885533,02300314,11.2,19.7,0,0,1547.1,0,2,470.2,0,0,inf,1,12,158.9,0,0,1976.7,0,2,470.2,1,5,158.9
37885534,02300314,22.4,16.6,0,0,1500.0,0,2,450.5,0,0,inf,1,12,199.7,0,0,1996.4,0,2,450.5,1,5,199.7
37885535,02300314,8.4,16.6,0,0,1515.4,0,2,465.9,0,0,inf,1,12,184.2,0,0,inf,0,2,465.9,1,5,184.2
37885536,02300314,10.4,16.5,0,0,1530.8,0,2,480.0,0,0,inf,1,12,168.7,0,0,1986.5,0,2,480.0,1,5,168.7
37885537,02300314,20.9,16.4,0,0,1483.4,0,2,433.9,0,0,inf,1,12,215.9,0,0,1979.8,0,2,433.9,1,5,215.9
37885539,02300314,2.2,10.8,0,0,1438.5,0,2,425.1,0,0,inf,1,12,271.9,0,0,1912.7,0,2,425.1,1,5,271.9
37885540,02300314,9.3,19.1,0,0,1441.6,0,1,521.4,0,0,inf,2,11,368.2,0,0,1833.0,0,1,521.4,1,3,368.2
37892785,02100104,35.6,15.9,0,0,1555.1,0,2,454.5,0,0,inf,2,12,143.2,0,0,1961.0,0,2,454.5,1,5,143.2
37892786,02100104,24.9,38.7,0,0,1554.6,1,2,340.3,0,0,inf,2,12,273.4,0,0,inf,1,2,340.3,2,6,273.4
37892787,02100104,29.2,14.4,0,0,1531.6,1,2,314.6,0,0,inf,2,12,247.8,0,0,inf,1,2,314.6,2,6,247.8
37892789,02100104,27.2,48.4,0,0,1566.3,0,2,508.3,0,0,inf,1,12,197.0,0,0,inf,0,2,508.3,1,5,197.0
37892790,02100104,31.4,14.8,0,0,1512.9,1,2,334.1,0,0,inf,2,12,267.2,0,0,inf,1,2,334.1,2,6,267.2
37892791,02100104,18.9,21.1,0,0,1502.1,1,2,357.7,0,0,inf,2,12,290.8,0,0,inf,1,2,357.7,2,5,290.8
37892792,02100104,36.5,20.5,0,0,1478.4,1,2,389.4,0,0,inf,2,13,268.5,0,0,1979.3,1,2,389.4,2,6,268.5
37892793,02100104,17.8,19.5,0,0,1489.8,0,2,407.4,0,0,inf,1,13,248.6,0,0,1986.2,0,2,407.4,1,6,248.6
37892794,02100104,21.7,16.5,0,0,1486.5,0,2,436.9,0,0,inf,1,12,213.1,0,0,1982.9,0,2,436.9,1,5,213.1
37892795,02100104,39.5,43.0,0,0,1545.5,0,2,496.0,0,0,inf,1,12,207.0,0,0,inf,0,2,496.0,1,5,207.0
37892796,02100104,19.5,14.2,0,0,1501.2,0,2,451.7,0,0,inf,1,12,193.7,0,0,1997.6,0,2,451.7,1,5,193.7
37892797,02100104,21.2,14.2,0,0,1540.2,1,2,305.7,0,0,inf,2,12,238.9,0,0,inf,1,2,305.7,2,6,238.9
37892798,02100104,25.7,17.7,0,0,1617.6,1,2,273.7,0,0,inf,2,12,168.5,0,0,inf,1,2,273.7,2,6,168.5
37892799,02100104,14.5,17.0,0,0,1562.4,1,2,289.1,0,0,inf,2,12,222.2,0,0,inf,1,2,289.1,2,6,222.2
37892800,02100104,7.5,34.7,0,0,1655.7,1,2,311.8,0,0,inf,2,12,164.4,0,0,inf,1,2,311.8,2,6,164.4
37892801,02100104,11.4,46.8,0,0,1569.7,1,2,341.4,0,0,inf,2,12,274.6,0,0,inf,1,2,341.4,2,6,274.6
37892802,02100104,27.3,27.8,0,0,1683.1,1,2,350.4,0,0,inf,4,12,112.0,0,0,inf,1,2,350.4,3,6,112.0
37892803,02100104,26.1,27.1,0,0,1664.1,1,2,320.2,0,0,inf,3,12,140.7,0,0,inf,1,2,320.2,2,6,140.7
37892805,02100104,32.9,24.9,0,0,1667.5,1,2,323.6,0,0,inf,3,12,132.9,0,0,inf,1,2,323.6,2,6,132.9
37892807,02100104,25.8,16.8,0,0,1591.1,0,2,420.3,0,0,inf,3,13,108.9,0,0,1979.3,0,2,420.3,2,6,108.9
37892808,02100104,21.5,23.7,0,0,1469.8,1,1,285.7,0,0,inf,2,10,285.7,0,0,inf,1,1,285.7,2,4,285.7
37892809,02100104,24.9,16.9,0,0,1489.5,1,1,305.4,0,0,inf,2,10,305.4,0,0,inf,1,1,305.4,2,4,305.4
37892810,02100104,17.9,15.3,0,0,1441.8,1,1,257.7,0,0,inf,2,10,257.7,0,0,inf,1,1,257.7,2,4,257.7
37892811,02100104,17.8,17.3,0,0,1430.6,1,1,246.5,0,0,inf,1,9,246.5,0,0,inf,1,1,246.5,1,4,246.5
37892813,02100104,24.5,15.2,0,0,1494.5,1,2,321.9,0,0,inf,2,12,321.9,0,0,inf,1,2,321.9,2,5,321.9
37892815,02100104,20.7,25.7,0,0,1477.5,1,1,293.4,0,0,inf,2,10,293.4,0,0,inf,1,1,293.4,2,4,293.4
37892817,02100104,19.1,16.5,0,0,1527.6,1,2,322.9,0,0,inf,2,12,256.0,0,0,inf,1,2,322.9,2,6,256.0
37892818,02100104,18.0,15.2,0,0,1551.9,1,2,299.8,0,0,inf,2,12,244.2,0,0,inf,1,2,299.8,2,6,244.2
37892819,02100104,26.1,7.0,0,0,1637.0,1,1,207.0,0,0,inf,2,9,207.0,0,0,inf,1,1,207.0,2,4,207.0
37892820,02100104,28.5,21.0,0,0,1588.7,1,2,274.7,0,0,inf,2,12,274.7,0,0,inf,1,2,274.7,2,6,274.7
37892821,02100104,17.9,14.9,0,0,1578.8,1,2,268.5,0,0,inf,2,12,201.6,0,0,inf,1,2,268.5,2,6,201.6
37892824,02100104,12.1,17.2,0,0,1459.7,1,2,63.7,0,0,inf,2,10,63.7,0,0,inf,1,2,63.7,1,6,63.7
37892826,02100104,13.0,26.0,0,0,1501.5,1,2,71.5,0,0,inf,3,11,71.5,0,0,inf,1,2,71.5,2,6,71.5
37892827,02100104,17.6,27.9,0,0,1511.2,1,2,81.3,0,0,inf,3,11,81.3,0,0,inf,1,2,81.3,2,6,81.3
37892828,02100104,19.5,23.0,0,0,1626.3,1,1,196.3,0,0,inf,2,10,196.3,0,0,inf,1,1,196.3,2,4,196.3
37896245,02100104,27.1,14.7,0,0,1747.4,1,2,317.4,0,0,inf,3,10,282.1,0,0,inf,1,2,317.4,2,6,317.4
37896248,02100104,30.6,32.2,0,0,1679.5,1,2,335.6,0,0,inf,3,12,135.5,0,0,inf,1,2,335.6,2,6,135.5
37896250,02100104,24.7,27.3,0,0,1669.0,1,2,325.1,0,0,inf,3,12,136.2,0,0,inf,1,2,325.1,2,6,136.2
37896251,02100104,27.8,21.9,0,0,1645.9,1,2,302.0,0,0,inf,3,12,148.4,0,0,inf,1,2,302.0,2,6,148.4
37896252,02100104,11.6,15.6,0,0,1626.1,1,2,282.2,0,0,inf,2,12,155.7,0,0,inf,1,2,282.2,2,6,155.7
37896254,02100104,16.2,20.6,0,0,1619.5,1,2,275.6,0,0,inf,2,12,172.4,0,0,inf,1,2,275.6,2,6,172.4
37896267,02100104,64.5,65.8,0,0,1715.9,1,2,286.0,0,0,inf,2,8,286.0,0,0,inf,1,2,286.0,2,5,286.0
37896269,02100104,25.5,22.0,0,0,1855.8,0,3,432.5,0,0,inf,2,12,104.0,0,0,inf,0,3,432.5,1,6,284.6
37896270,02100104,18.4,21.4,0,0,1874.9,0,3,412.3,0,0,inf,2,11,83.8,0,0,inf,0,3,412.3,1,6,303.7
37896271,02100104,16.6,23.3,0,0,1844.0,0,3,446.9,0,0,inf,2,12,118.4,0,0,inf,0,3,446.9,1,6,272.8
37896272,02100104,40.9,12.9,0,0,1822.2,1,2,397.9,0,0,inf,3,11,198.2,0,0,inf,1,2,397.9,2,6,251.0
37896274,02100104,53.8,14.4,0,0,1796.1,1,2,366.1,0,0,inf,3,8,323.9,0,0,inf,1,2,366.1,2,5,366.1
37896276,02100104,8.9,8.1,0,0,1789.8,1,2,359.8,0,0,inf,3,8,317.6,0,0,inf,1,2,359.8,2,5,359.8
37896277,02100104,44.9,15.7,0,0,1825.8,1,2,395.8,0,0,inf,2,8,378.2,0,0,inf,1,2,395.8,1,5,395.8
37896278,02100104,7.7,16.3,0,0,1798.0,1,2,368.1,0,0,inf,3,8,325.8,0,0,inf,1,2,368.1,2,5,368.1
37896283,02100104,46.1,37.2,0,0,1962.2,0,3,489.3,0,0,inf,2,7,215.6,0,0,inf,0,3,489.3,0,4,489.3
37896284,02100104,6.8,46.1,0,0,1978.0,0,3,505.1,0,0,inf,2,7,231.4,0,0,inf,0,3,505.1,0,4,505.1
37896293,02100104,41.4,31.5,0,0,inf,0,3,514.3,0,0,inf,2,8,185.8,0,0,inf,0,3,514.3,0,5,480.3
37896297,02100104,31.9,28.3,0,0,1975.1,0,3,438.0,0,0,inf,2,9,109.5,0,0,inf,0,3,438.0,0,5,403.9
37896298,02100104,26.9,28.2,0,0,1999.5,0,3,462.3,0,0,inf,2,8,133.8,0,0,inf,0,3,462.3,0,5,428.3
37896303,02100105,95.3,17.1,0,0,1824.2,1,3,351.4,0,0,inf,3,8,77.6,0,0,inf,1,3,351.4,1,5,351.4
37896304,02100105,36.9,16.0,0,0,1869.5,1,3,396.6,0,0,inf,3,9,122.9,0,0,inf,1,3,396.6,1,6,396.6
37896305,02100105,30.0,15.5,0,0,1968.3,0,3,495.4,0,0,inf,2,8,221.7,0,0,inf,0,3,495.4,0,5,495.4
37896306,02100105,51.0,17.1,0,0,1905.6,0,3,432.7,0,0,inf,2,9,159.0,0,0,inf,0,3,432.7,0,6,432.7
37896307,02100105,45.4,10.5,0,0,1812.3,1,3,339.4,0,0,inf,3,8,32.4,0,0,inf,1,3,339.4,1,5,339.4
37896309,02100105,16.7,15.3,0,0,inf,0,3,501.9,0,0,inf,2,8,285.0,0,0,inf,0,3,501.9,0,5,501.9
37896310,02100105,14.8,15.4,0,0,inf,0,3,486.2,0,0,inf,2,7,300.8,0,0,inf,0,3,486.2,0,4,486.2
37896311,02100105,286.2,15.7,0,0,1969.3,0,3,496.4,0,0,inf,2,8,189.4,0,0,inf,0,3,496.4,0,5,496.4
37896312,02100105,47.5,15.0,0,0,1993.1,0,3,520.2,0,0,inf,2,8,213.3,0,0,inf,0,3,520.2,0,5,520.2
37896317,02100105,32.5,21.1,0,0,1865.0,2,2,382.6,0,0,inf,3,7,146.0,0,0,inf,2,2,382.6,2,4,382.6
37896318,02100105,34.0,21.0,0,0,1842.3,1,2,369.5,0,0,inf,2,7,123.3,0,0,inf,1,2,369.5,1,4,369.5
37896319,02100105,29.0,10.5,0,0,1821.2,1,3,348.3,0,0,inf,2,8,61.5,0,0,inf,1,3,348.3,1,5,348.3
37896323,02100105,83.6,18.7,0,0,1941.2,1,2,347.9,0,0,inf,2,6,222.2,0,0,inf,1,2,347.9,1,3,347.9
37896324,02100105,17.5,18.1,0,0,1879.4,1,2,362.1,0,0,inf,2,7,160.4,0,0,inf,1,2,362.1,1,4,362.1
37896326,02100105,35.4,13.1,0,0,inf,1,3,294.3,0,0,inf,2,6,294.3,0,0,inf,1,3,294.3,1,3,294.3
37896327,02100105,91.9,12.2,0,0,inf,0,3,455.9,0,0,inf,2,7,278.7,0,0,inf,0,3,455.9,0,4,455.9
37896329,02100105,26.2,14.1,0,0,inf,1,3,333.7,0,0,inf,2,7,333.7,0,0,inf,1,3,333.7,1,4,333.7
37896331,02100105,39.8,15.9,0,0,inf,1,3,378.7,0,0,inf,2,8,305.5,0,0,inf,1,3,378.7,1,4,378.7
37896332,02100105,8.3,2.9,0,0,inf,0,3,471.6,0,0,inf,2,7,295.8,0,0,inf,0,3,471.6,0,4,471.6
37902417,02100105,20.8,17.5,0,0,inf,1,2,101.2,0,0,inf,1,8,101.2,0,0,inf,1,2,101.2,1,5,101.2
37902418,02100105,15.8,17.9,0,0,inf,1,2,117.3,0,0,inf,1,8,117.3,0,0,inf,1,2,117.3,1,5,117.3
37902419,02100105,19.0,18.1,0,0,inf,1,2,133.3,0,0,inf,2,8,133.3,0,0,inf,1,2,133.3,1,5,133.3
37902420,02100105,46.6,14.4,0,0,inf,1,3,282.5,0,0,inf,1,7,282.5,0,0,inf,1,3,282.5,1,4,282.5
37902421,02100105,41.5,15.4,0,0,inf,1,3,258.5,0,0,inf,1,7,258.5,0,0,inf,1,3,258.5,1,4,258.5
37902422,02100105,116.8,11.3,0,0,inf,1,3,315.0,0,0,inf,1,6,315.0,0,0,inf,1,3,315.0,1,3,315.0
37902425,02100105,96.9,5.1,0,0,inf,1,3,283.7,0,0,inf,2,7,283.7,0,0,inf,1,3,283.7,1,4,283.7
37902428,02100105,242.6,2.3,0,0,inf,1,3,223.2,0,0,inf,1,7,223.2,0,0,inf,1,3,223.2,1,4,223.2
37902429,02100105,91.3,17.3,0,0,inf,1,3,378.3,0,0,inf,2,8,332.2,0,0,inf,1,3,378.3,1,4,378.3
37902432,02100105,67.5,37.3,0,0,inf,1,2,268.8,0,0,inf,1,7,268.8,0,0,inf,1,2,268.8,1,3,268.8
37902435,02100105,18.7,21.4,0,0,inf,1,2,269.8,0,0,inf,1,8,269.8,0,0,inf,1,2,269.8,1,4,269.8
37902437,02100105,17.3,21.3,0,0,inf,1,2,283.3,0,0,inf,1,8,283.3,0,0,inf,1,2,283.3,1,4,283.3
37902440,02100105,753.7,1.6,0,0,inf,0,3,411.1,0,0,inf,2,8,382.8,0,0,inf,0,3,411.1,0,4,411.1
37902441,02100105,24.1,9.4,0,0,inf,0,3,521.6,0,0,inf,2,8,284.2,0,0,inf,0,3,521.6,0,5,521.6
37902442,02100105,23.4,14.8,0,0,inf,0,3,485.7,0,0,inf,2,7,300.1,0,0,inf,0,3,485.7,0,4,485.7
37902445,02100105,30.5,19.1,0,0,inf,0,3,439.3,0,0,inf,1,7,355.1,0,0,inf,0,3,439.3,0,4,439.3
37902446,02100105,30.2,18.0,0,0,1928.9,1,3,391.7,0,0,inf,4,11,63.2,0,0,inf,1,3,391.7,2,6,357.7
37902447,02100105,14.4,16.5,0,0,1949.7,0,3,412.6,0,0,inf,3,10,84.1,0,0,inf,0,3,412.6,1,6,378.5
37902448,02100105,26.8,25.5,0,0,1989.1,0,3,437.2,0,0,inf,1,9,123.5,0,0,inf,0,3,437.2,0,5,417.9
37902449,02100105,32.6,20.6,0,0,1954.0,0,3,416.9,0,0,inf,2,10,88.4,0,0,inf,0,3,416.9,1,6,382.9
37902450,02100105,26.1,23.2,0,0,inf,0,3,468.7,0,0,inf,1,9,176.2,0,0,inf,0,3,468.7,0,5,468.7
37902451,02100105,61.5,10.9,0,0,inf,0,3,493.5,0,0,inf,1,9,200.9,0,0,inf,0,3,493.5,0,5,493.5
37902452,02100105,33.8,24.6,0,0,inf,0,3,515.0,0,0,inf,1,8,222.5,0,0,inf,0,3,515.0,0,5,515.0
37902453,02100105,20.4,11.4,0,0,inf,0,3,499.5,0,0,inf,2,9,206.9,0,0,inf,0,3,499.5,0,5,499.5
37902454,02100105,28.4,15.5,0,0,inf,0,3,475.2,0,0,inf,1,9,312.1,0,0,inf,0,3,475.2,0,5,475.2
37902455,02100105,28.1,16.1,0,0,inf,0,3,459.1,0,0,inf,1,8,329.4,0,0,inf,0,3,459.1,0,5,459.1
37902457,02100105,332.1,17.2,0,0,inf,0,3,554.2,0,0,inf,2,8,259.0,0,0,inf,0,3,554.2,0,5,553.4
37910362,02300419,8.5,19.9,0,0,1165.1,0,1,760.4,0,0,1316.8,2,5,29.0,0,0,inf,0,1,760.4,2,5,29.0
37910366,02300419,2.5,15.9,0,0,1259.4,0,0,854.7,0,0,1411.2,2,4,123.4,0,0,inf,0,0,854.7,2,4,123.4
37910369,02300419,2.2,13.9,0,0,1356.1,0,0,899.1,0,0,1455.6,2,4,220.0,0,0,inf,0,0,899.1,2,4,220.0
37910374,02300418,18.9,13.2,0,0,1875.1,0,0,1153.0,0,0,1905.6,0,3,474.0,0,0,inf,0,0,1153.0,0,3,474.0
37910376,02300418,33.5,13.1,0,0,inf,0,0,1327.5,0,0,inf,0,2,516.3,0,0,inf,0,0,1327.5,0,2,516.3
37910377,02300418,33.0,17.9,0,0,1954.0,0,0,1261.2,0,0,1984.5,1,3,387.3,0,0,inf,0,0,1261.2,1,3,387.3
37910378,02300418,43.9,23.9,0,0,inf,0,0,1191.2,0,0,inf,1,3,283.3,0,0,inf,0,0,1191.2,1,3,283.3
37910380,02300418,23.8,30.2,0,0,inf,0,0,1244.4,0,0,inf,1,3,242.8,0,0,inf,0,0,1244.4,1,3,242.8
37910381,02300418,75.7,16.5,0,0,inf,0,0,1442.6,0,0,inf,0,1,438.7,0,0,inf,0,0,1442.6,0,1,438.7
37910382,02300418,13.6,17.8,0,0,inf,0,0,1212.8,0,0,inf,1,4,249.6,0,0,inf,0,0,1212.8,1,4,249.6
37910383,02300418,33.6,17.4,0,0,inf,0,0,1198.2,0,0,inf,1,4,263.4,0,0,inf,0,0,1198.2,1,4,263.4
37910384,02300418,15.5,17.0,0,0,inf,0,0,1158.5,0,0,inf,1,3,302.3,0,0,inf,0,0,1158.5,1,3,302.3
37910385,02300418,17.8,16.6,0,0,1982.8,0,0,1141.2,0,0,inf,1,3,318.9,0,0,inf,0,0,1141.2,1,3,318.9
37910386,02300418,11.6,16.0,0,0,1966.9,0,0,1125.2,0,0,1997.4,1,3,333.6,0,0,inf,0,0,1125.2,1,3,333.6
37910388,02300418,11.8,22.0,0,0,1941.5,0,0,1049.9,0,0,1972.0,1,3,377.0,0,0,inf,0,0,1049.9,1,3,377.0
37910389,02300418,13.2,22.8,0,0,1956.1,0,0,1036.8,0,0,1986.7,1,4,363.8,0,0,inf,0,0,1036.8,1,4,363.8
37910390,02300418,13.2,22.0,0,0,1999.1,0,0,992.2,0,0,inf,1,4,319.2,0,0,inf,0,0,992.2,1,4,319.2
37910391,02300418,13.4,22.0,0,0,inf,0,0,976.3,0,0,inf,1,4,303.3,0,0,inf,0,0,976.3,1,4,303.3
37910392,02300418,12.6,22.0,0,0,1983.7,0,0,1007.7,0,0,inf,1,4,334.7,0,0,inf,0,0,1007.7,1,4,334.7
37910393,02300418,12.5,22.0,0,0,1969.1,0,0,1022.2,0,0,1999.7,1,4,349.2,0,0,inf,0,0,1022.2,1,4,349.2
37910394,02300418,48.8,45.4,0,0,inf,0,0,1194.6,0,0,inf,1,3,322.9,0,0,inf,0,0,1194.6,1,3,322.9
37910395,02300418,11.3,17.2,0,0,inf,0,0,1215.5,0,0,inf,1,4,245.6,0,0,inf,0,0,1215.5,1,4,245.6
37910396,02300418,18.8,17.2,0,0,inf,0,0,1200.5,0,0,inf,1,4,260.6,0,0,inf,0,0,1200.5,1,4,260.6
37910397,02300418,50.7,21.8,0,0,inf,0,0,1176.6,0,0,inf,1,3,293.8,0,0,inf,0,0,1176.6,1,3,293.8
37910398,02300418,16.5,16.5,0,0,1979.8,0,0,1138.1,0,0,inf,1,3,321.6,0,0,inf,0,0,1138.1,1,3,321.6
37910399,02300418,15.0,16.5,0,0,1960.9,0,0,1119.3,0,0,1991.5,1,4,340.6,0,0,inf,0,0,1119.3,1,4,340.6
37910400,02300418,12.3,22.8,0,0,inf,0,0,1240.6,0,0,inf,1,3,165.4,0,0,inf,0,0,1240.6,1,3,165.4
37910402,02300418,14.8,26.5,0,0,inf,0,0,1199.9,0,0,inf,1,3,124.7,0,0,inf,0,0,1199.9,1,3,124.7
37910403,02300418,21.4,24.5,0,0,inf,0,0,1184.1,0,0,inf,1,4,108.9,0,0,inf,0,0,1184.1,1,4,108.9
37910404,02300418,14.1,24.2,0,0,inf,0,0,1214.5,0,0,inf,1,3,139.3,0,0,inf,0,0,1214.5,1,3,139.3
37910405,02300418,31.4,22.1,0,0,inf,0,0,1243.4,0,0,inf,1,3,227.7,0,0,inf,0,0,1243.4,1,3,227.7
37910406,02300418,12.2,47.7,0,0,inf,0,0,1239.0,0,0,inf,1,3,163.8,0,0,inf,0,0,1239.0,1,3,163.8
37910408,02300418,29.0,29.9,0,0,inf,0,0,1230.0,0,0,inf,1,3,154.8,0,0,inf,0,0,1230.0,1,3,154.8
37910409,02300418,26.7,16.0,0,0,inf,0,0,1106.8,0,0,inf,1,5,87.6,0,0,inf,0,0,1106.8,1,5,87.6
37910410,02300418,15.8,15.0,0,0,inf,0,0,1059.2,0,0,inf,1,4,133.3,0,0,inf,0,0,1059.2,1,4,133.3
37910411,02300418,36.9,16.9,0,0,inf,0,0,1011.7,0,0,inf,1,4,184.5,0,0,inf,0,0,1011.7,1,4,184.5
37910412,02300418,32.4,14.9,0,0,inf,0,0,973.7,0,0,inf,1,4,218.5,0,0,inf,0,0,973.7,1,4,218.5
37910414,02300418,23.6,51.4,0,0,inf,0,0,1074.1,0,0,inf,1,4,191.2,0,0,inf,0,0,1074.1,1,4,191.2
37910415,02300418,15.8,15.0,0,0,inf,0,0,1041.5,0,0,inf,1,4,151.0,0,0,inf,0,0,1041.5,1,4,151.0
37910416,02300418,14.3,14.4,0,0,inf,0,0,1079.5,0,0,inf,1,5,111.8,0,0,inf,0,0,1079.5,1,5,111.8
37910417,02300418,28.2,53.7,0,0,inf,0,0,1100.9,0,0,inf,1,4,168.8,0,0,inf,0,0,1100.9,1,4,168.8
37910418,02300418,36.0,17.2,0,0,inf,0,0,1031.0,0,0,inf,1,4,165.8,0,0,inf,0,0,1031.0,1,4,165.8
37917006,02300418,23.8,17.6,0,0,inf,0,0,875.9,0,0,inf,1,4,244.4,0,0,inf,0,0,875.9,1,4,244.4
37917007,02300418,23.7,21.7,0,0,inf,0,0,898.3,0,0,inf,1,4,230.1,0,0,inf,0,0,898.3,1,4,230.1
37917009,02300418,45.3,20.6,0,0,inf,0,0,954.7,0,0,inf,1,4,171.5,0,0,inf,0,0,954.7,1,4,171.5
37917010,02300418,24.5,28.5,0,0,inf,0,0,927.0,0,0,inf,1,4,215.1,0,0,inf,0,0,927.0,1,4,215.1
37917011,02300418,26.4,19.0,0,0,inf,0,0,842.3,0,0,inf,1,5,280.7,0,0,inf,0,0,842.3,1,4,280.7
37917012,02300418,23.1,21.2,0,0,inf,0,0,823.8,0,0,inf,1,5,303.6,0,0,inf,0,0,823.8,1,4,303.6
37917013,02300418,14.7,19.8,0,0,inf,0,0,801.7,0,0,inf,1,4,322.9,0,0,inf,0,0,801.7,1,3,322.9
37917014,02300418,16.8,22.0,0,0,inf,0,0,930.1,0,0,inf,1,4,198.9,0,0,inf,0,0,930.1,1,4,198.9
37917015,02300418,21.2,59.6,0,0,inf,0,0,1141.3,0,0,inf,1,3,212.1,0,0,inf,0,0,1141.3,1,3,212.1
37917016,02300418,55.8,37.3,0,0,inf,0,0,1071.7,0,0,inf,1,4,87.9,0,0,inf,0,0,1071.7,1,4,87.9
37917017,02300418,24.7,25.6,0,0,inf,0,0,1045.1,0,0,inf,1,4,91.1,0,0,inf,0,0,1045.1,1,4,91.1
37917019,02300418,12.8,22.4,0,0,inf,0,0,1110.1,0,0,inf,1,5,25.3,0,0,inf,0,0,1110.1,1,5,25.3
37917020,02300418,22.1,31.4,0,0,inf,0,0,1101.4,0,0,inf,1,4,46.4,0,0,inf,0,0,1101.4,1,4,46.4
37917021,02300418,26.2,28.5,0,0,inf,0,0,1084.2,0,0,inf,1,4,57.8,0,0,inf,0,0,1084.2,1,4,57.8
37917023,02300418,61.2,28.4,0,0,inf,0,0,1110.2,0,0,inf,1,4,181.0,0,0,inf,0,0,1110.2,1,4,181.0
37917024,02300418,26.2,17.6,0,0,inf,0,0,1007.7,0,0,inf,1,4,189.9,0,0,inf,0,0,1007.7,1,4,189.9
37917026,02300418,33.3,56.3,0,0,inf,0,0,1138.1,0,0,inf,1,3,208.9,0,0,inf,0,0,1138.1,1,3,208.9
37917027,02300418,11.8,46.1,0,0,inf,0,0,1012.4,0,0,inf,1,4,242.2,0,0,inf,0,0,1012.4,1,4,242.2
37917028,02300418,11.8,21.8,0,0,inf,0,0,820.3,0,0,inf,1,4,385.7,0,0,inf,0,0,820.3,1,3,385.7
37917029,02300418,18.3,21.8,0,0,inf,0,0,840.0,0,0,inf,1,5,366.0,0,0,inf,0,0,840.0,1,4,366.0
37917030,02300418,16.2,21.6,0,0,inf,0,0,859.8,0,0,inf,1,4,345.7,0,0,inf,0,0,859.8,1,4,345.7
37917031,02300418,13.0,22.5,0,0,inf,0,0,894.4,0,0,inf,1,4,313.0,0,0,inf,0,0,894.4,1,4,313.0
37917032,02300418,15.4,23.2,0,0,inf,0,0,880.5,0,0,inf,1,4,328.2,0,0,inf,0,0,880.5,1,4,328.2
37917033,02300418,16.1,16.1,0,0,inf,0,0,994.5,0,0,inf,1,4,200.0,0,0,inf,0,0,994.5,1,4,200.0
37917034,02300418,46.9,24.5,0,0,inf,0,0,1106.2,0,0,inf,1,4,177.1,0,0,inf,0,0,1106.2,1,4,177.1
37917035,02300418,31.7,24.5,0,0,inf,0,0,995.9,0,0,inf,1,4,331.8,0,0,inf,0,0,995.9,1,4,331.8
37917036,02300418,40.7,20.3,0,0,inf,0,0,975.2,0,0,inf,1,4,344.2,0,0,inf,0,0,975.2,1,4,344.2
37917039,02300418,18.5,23.2,0,0,inf,0,0,1012.8,0,0,inf,2,4,312.2,0,0,inf,0,0,1012.8,2,4,312.2
37917040,02300418,19.7,31.7,0,0,inf,0,0,1029.1,0,0,inf,2,4,313.0,0,0,inf,0,0,1029.1,2,4,313.0
37917041,02300418,41.7,53.3,0,0,inf,0,0,1032.3,0,0,inf,1,4,353.0,0,0,inf,0,0,1032.3,1,4,353.0
37917042,02300418,15.9,15.6,0,0,inf,0,0,1136.3,0,0,inf,2,5,237.1,0,0,inf,0,0,1136.3,2,5,237.1
37917043,02300418,33.0,19.2,0,0,inf,0,0,940.7,0,0,inf,1,4,336.4,0,0,inf,0,0,940.7,1,4,336.4
37917044,02300418,24.9,19.1,0,0,inf,0,0,960.8,0,0,inf,1,4,316.1,0,0,inf,0,0,960.8,1,4,316.1
37917045,02300418,17.0,19.6,0,0,inf,0,0,981.2,0,0,inf,1,4,296.7,0,0,inf,0,0,981.2,1,4,296.7
37917046,02300418,16.3,19.2,0,0,inf,0,0,997.5,0,0,inf,1,4,279.7,0,0,inf,0,0,997.5,1,4,279.7
37917047,02300418,15.4,18.9,0,0,inf,0,0,1013.0,0,0,inf,1,5,263.6,0,0,inf,0,0,1013.0,1,5,263.6
37917048,02300418,14.5,18.2,0,0,inf,0,0,1030.3,0,0,inf,1,5,244.9,0,0,inf,0,0,1030.3,1,5,244.9
37917049,02300418,15.0,18.1,0,0,inf,0,0,1042.5,0,0,inf,1,5,232.3,0,0,inf,0,0,1042.5,1,5,232.3
37917050,02300418,14.1,17.5,0,0,inf,0,0,1056.5,0,0,inf,1,4,214.3,0,0,inf,0,0,1056.5,1,4,214.3
37917051,02300418,31.0,30.6,0,0,inf,0,0,1047.2,0,0,inf,1,4,99.0,0,0,inf,0,0,1047.2,1,4,99.0
37917052,02300418,15.2,24.6,0,0,inf,0,0,1050.8,0,0,inf,1,4,83.4,0,0,inf,0,0,1050.8,1,4,83.4
37917053,02300418,13.6,23.4,0,0,inf,0,0,1062.4,0,0,inf,1,4,69.5,0,0,inf,0,0,1062.4,1,4,69.5
37917054,02300418,15.9,24.5,0,0,inf,0,0,1077.3,0,0,inf,1,4,56.6,0,0,inf,0,0,1077.3,1,4,56.6
37917055,02300418,16.9,23.4,0,0,inf,0,0,1091.7,0,0,inf,1,4,40.1,0,0,inf,0,0,1091.7,1,4,40.1
37917056,02300418,28.8,35.4,0,0,inf,0,0,1115.0,0,0,inf,1,4,40.9,0,0,inf,0,0,1115.0,1,4,40.9
37917057,02300418,13.8,23.3,0,0,inf,0,0,1123.1,0,0,inf,1,4,38.3,0,0,inf,0,0,1123.1,1,4,38.3
37917058,02300418,13.9,16.0,0,0,inf,0,0,1174.4,0,0,inf,1,4,99.2,0,0,inf,0,0,1174.4,1,4,99.2
37917059,02300418,13.8,15.3,0,0,inf,0,0,1189.2,0,0,inf,1,4,114.0,0,0,inf,0,0,1189.2,1,4,114.0
37917060,02300418,53.0,14.7,0,0,inf,0,0,1218.4,0,0,inf,2,4,143.2,0,0,inf,0,0,1218.4,2,4,143.2
37919974,02300418,32.6,25.2,0,0,inf,0,1,782.0,0,0,inf,0,5,418.5,0,0,inf,0,1,782.0,0,5,418.5
37919975,02300418,30.6,22.7,0,0,inf,0,0,823.7,0,0,inf,1,4,371.8,0,0,inf,0,0,823.7,1,4,371.8
37919976,02300418,17.0,46.9,0,0,inf,0,0,819.1,0,0,inf,0,4,424.9,0,0,inf,0,0,819.1,0,4,424.9
37919977,02300418,12.0,20.2,0,0,inf,0,1,791.1,0,0,inf,1,5,399.5,0,0,inf,0,1,791.1,1,5,399.5
37919978,02300418,12.0,16.8,0,0,inf,0,0,810.3,0,0,inf,1,4,373.5,0,0,inf,0,0,810.3,1,4,373.5
37919979,02300418,13.9,17.5,0,0,inf,0,0,856.1,0,0,inf,1,4,329.1,0,0,inf,0,0,856.1,1,4,329.1
37919981,02300418,36.6,20.8,0,0,inf,0,0,837.9,0,0,inf,1,4,354.0,0,0,inf,0,0,837.9,1,4,354.0
37919984,02300418,42.0,44.1,0,0,inf,0,0,895.0,0,0,inf,1,4,343.4,0,0,inf,0,0,895.0,1,4,343.4
37919985,02300418,15.3,20.8,0,0,inf,0,0,871.3,0,0,inf,2,4,300.5,0,0,inf,0,0,871.3,2,4,300.5
37919986,02300418,53.8,25.5,0,0,inf,0,0,853.6,0,0,inf,2,4,282.8,0,0,inf,0,0,853.6,2,4,282.8
37919987,02300418,5.7,18.7,0,0,inf,0,0,857.4,0,0,inf,2,4,286.6,0,0,inf,0,0,857.4,2,4,286.6
37919988,02300418,16.0,24.3,0,0,inf,0,0,868.3,0,0,inf,2,4,273.6,0,0,inf,0,0,868.3,2,4,273.6
37919989,02300418,16.1,24.2,0,0,inf,0,0,899.7,0,0,inf,2,4,242.0,0,0,inf,0,0,899.7,2,4,242.0
37919990,02300418,38.5,36.5,0,0,inf,0,0,900.8,0,0,inf,2,4,265.6,0,0,inf,0,0,900.8,2,4,265.6
37919991,02300418,25.3,36.3,0,0,inf,0,0,932.0,0,0,inf,2,4,233.8,0,0,inf,0,0,932.0,2,4,233.8
37919992,02300418,13.2,22.1,0,0,inf,0,0,945.1,0,0,inf,2,4,192.3,0,0,inf,0,0,945.1,2,4,192.3
37919993,02300418,25.4,21.5,0,0,inf,0,0,974.2,0,0,inf,1,4,307.6,0,0,inf,0,0,974.2,1,4,307.6
37919994,02300418,22.5,19.8,0,0,inf,0,0,1059.7,0,0,inf,1,4,217.5,0,0,inf,0,0,1059.7,1,4,217.5
37919996,02300418,19.7,20.4,0,0,inf,0,0,1003.4,0,0,inf,1,5,276.0,0,0,inf,0,0,1003.4,1,5,276.0
37919997,02300418,55.3,74.9,0,0,inf,0,0,872.0,0,0,inf,0,3,516.5,0,0,inf,0,0,872.0,0,3,516.5
37919998,02300418,20.0,21.7,0,0,inf,0,0,1020.9,0,0,inf,1,5,261.2,0,0,inf,0,0,1020.9,1,5,261.2
37919999,02300418,47.6,24.3,0,0,inf,0,0,882.4,0,0,inf,0,4,404.9,0,0,inf,0,0,882.4,0,4,404.9
37920000,02300418,19.7,21.4,0,0,inf,0,0,984.6,0,0,inf,1,4,297.1,0,0,inf,0,0,984.6,1,4,297.1
37920002,02300418,68.5,72.2,0,0,inf,0,0,1073.4,0,0,inf,1,3,309.8,0,0,inf,0,0,1073.4,1,3,309.8
37920003,02300418,26.6,47.5,0,0,inf,0,0,1008.6,0,0,inf,1,4,325.1,0,0,inf,0,0,1008.6,1,4,325.1
37920004,02300418,9.1,68.3,0,0,inf,0,0,919.2,0,0,inf,1,4,367.6,0,0,inf,0,0,919.2,1,4,367.6
37920005,02300418,19.6,20.4,0,0,inf,0,0,1039.4,0,0,inf,1,5,240.1,0,0,inf,0,0,1039.4,1,5,240.1
37932414,02300418,23.4,21.6,0,0,inf,0,1,753.1,0,0,inf,2,5,313.2,0,0,inf,0,1,753.1,2,4,313.2
37932415,02300418,23.6,21.2,0,0,inf,0,1,793.3,0,0,inf,2,5,272.2,0,0,inf,0,1,793.3,2,4,272.2
37932416,02300418,18.5,23.9,0,0,inf,0,0,901.3,0,0,inf,2,4,239.7,0,0,inf,0,0,901.3,2,4,239.7
37932417,02300418,65.0,46.4,0,0,inf,0,0,948.2,0,0,inf,2,4,237.9,0,0,inf,0,0,948.2,2,4,237.9
37932418,02300418,47.8,42.4,0,0,inf,0,0,909.8,0,0,inf,2,4,268.3,0,0,inf,0,0,909.8,2,4,268.3
37932419,02300418,19.1,58.7,0,0,inf,0,0,936.4,0,0,inf,2,4,274.4,0,0,inf,0,0,936.4,2,4,274.4
37932420,02300418,13.0,23.5,0,0,inf,0,0,860.5,0,0,inf,2,4,279.9,0,0,inf,0,0,860.5,2,4,279.9
37932421,02300418,21.1,19.9,0,0,inf,0,1,776.6,0,0,inf,2,5,286.3,0,0,inf,0,1,776.6,2,4,286.3
37932422,02300418,16.1,19.9,0,0,inf,0,1,715.9,0,0,inf,2,5,347.0,0,0,inf,0,1,715.9,2,4,347.0
37932423,02300418,12.4,19.9,0,0,inf,0,1,700.8,0,0,inf,2,5,362.0,0,0,inf,0,1,700.8,2,4,362.0
37932424,02300418,15.4,20.8,0,0,inf,0,1,644.4,0,0,inf,1,5,323.4,0,0,inf,0,1,644.4,1,4,323.4
37932425,02300418,28.2,19.5,0,0,inf,0,1,656.8,0,0,inf,1,5,335.8,0,0,inf,0,1,656.8,1,4,335.8
37932426,02300418,17.2,20.7,0,0,inf,0,1,677.5,0,0,inf,2,5,356.5,0,0,inf,0,1,677.5,2,4,356.5
37932427,02300418,14.7,19.9,0,0,inf,0,1,685.8,0,0,inf,2,5,364.8,0,0,inf,0,1,685.8,2,4,364.8
37932428,02300418,27.6,44.5,0,0,inf,0,1,704.0,0,0,inf,1,5,383.0,0,0,inf,0,1,704.0,1,4,383.0
37932429,02300418,23.4,34.1,0,0,inf,0,1,661.3,0,0,inf,1,5,340.3,0,0,inf,0,1,661.3,1,4,340.3
37932430,02300418,25.7,23.1,0,0,inf,0,1,627.2,0,0,inf,1,5,306.3,0,0,inf,0,1,627.2,1,4,306.3
37932431,02300418,23.0,39.9,0,0,inf,0,1,660.8,0,0,inf,1,5,339.8,0,0,inf,0,1,660.8,1,4,339.8
37932432,02300418,23.4,19.7,0,0,inf,0,1,797.7,0,0,inf,1,5,326.7,0,0,inf,0,1,797.7,1,4,326.7
37932433,02300418,132.0,24.1,0,0,inf,0,1,715.1,0,0,inf,1,5,394.1,0,0,inf,0,1,715.1,1,4,394.1
37932434,02300418,20.2,29.3,0,0,inf,0,1,689.3,0,0,inf,1,5,368.3,0,0,inf,0,1,689.3,1,4,368.3
37932435,02300418,28.4,39.5,0,0,inf,0,1,687.5,0,0,inf,1,5,366.6,0,0,inf,0,1,687.5,1,4,366.6
37932437,02300418,17.9,21.4,0,0,inf,0,0,948.5,0,0,inf,2,4,187.5,0,0,inf,0,0,948.5,2,4,187.5
37932438,02300418,25.6,23.1,0,0,inf,0,0,962.4,0,0,inf,1,4,168.7,0,0,inf,0,0,962.4,1,4,168.7
37932439,02300418,8.4,22.1,0,0,inf,0,0,932.5,0,0,inf,2,4,205.0,0,0,inf,0,0,932.5,2,4,205.0
37932440,02300418,20.9,20.1,0,0,inf,0,0,821.0,0,0,inf,1,5,304.2,0,0,inf,0,0,821.0,1,4,304.2
37932441,02300418,13.2,18.8,0,0,inf,0,0,875.9,0,0,inf,1,4,246.7,0,0,inf,0,0,875.9,1,4,246.7
37932442,02300418,12.9,19.6,0,0,inf,0,0,916.2,0,0,inf,1,4,208.0,0,0,inf,0,0,916.2,1,4,208.0
37932443,02300418,25.9,26.6,0,0,inf,0,0,932.3,0,0,inf,1,4,206.0,0,0,inf,0,0,932.3,1,4,206.0
37932444,02300418,16.8,20.7,0,0,inf,0,0,943.4,0,0,inf,1,4,183.0,0,0,inf,0,0,943.4,1,4,183.0
37932445,02300418,25.3,19.4,0,0,inf,0,0,896.6,0,0,inf,1,4,227.1,0,0,inf,0,0,896.6,1,4,227.1
37932446,02300418,29.8,20.5,0,0,inf,0,0,858.8,0,0,inf,1,4,267.2,0,0,inf,0,0,858.8,1,4,267.2
37932447,02300418,19.3,19.8,0,0,inf,0,0,846.5,0,0,inf,1,4,278.2,0,0,inf,0,0,846.5,1,4,278.2
37932448,02300418,14.1,17.8,0,0,inf,0,0,831.9,0,0,inf,1,5,288.6,0,0,inf,0,0,831.9,1,4,288.6
37932449,02300418,13.4,39.8,0,0,inf,0,0,896.8,0,0,inf,1,4,267.8,0,0,inf,0,0,896.8,1,4,267.8
37932450,02300418,27.2,63.0,0,0,inf,0,0,952.6,0,0,inf,1,4,258.5,0,0,inf,0,0,952.6,1,4,258.5
37932451,02300418,21.4,84.1,0,0,inf,0,0,978.9,0,0,inf,1,4,282.5,0,0,inf,0,0,978.9,1,4,282.5
37932452,02300418,17.2,65.7,0,0,inf,0,1,759.0,0,0,inf,1,5,395.5,0,0,inf,0,1,759.0,1,4,395.5
37932453,02300418,7.8,53.1,0,0,inf,0,1,735.4,0,0,inf,1,5,393.8,0,0,inf,0,1,735.4,1,4,393.8
37932454,02300418,6.8,46.7,0,0,inf,0,1,737.8,0,0,inf,1,5,378.7,0,0,inf,0,1,737.8,1,4,378.7
37960522,02300418,26.3,28.6,0,0,inf,0,1,687.7,0,0,inf,2,5,101.3,0,0,inf,0,1,687.7,2,4,101.3
37960523,02300418,33.5,23.3,0,0,inf,0,2,663.9,0,0,inf,2,6,77.5,0,0,inf,0,2,663.9,2,5,77.5
37960524,02300418,18.0,18.6,0,0,inf,0,2,677.3,0,0,inf,2,6,90.9,0,0,inf,0,2,677.3,2,5,90.9
37960525,02300418,11.2,19.0,0,0,inf,0,2,691.8,0,0,inf,2,6,105.4,0,0,inf,0,2,691.8,2,5,105.4
37960526,02300418,26.4,20.1,0,0,inf,0,2,676.3,0,0,inf,2,6,126.1,0,0,inf,0,2,676.3,2,5,126.1
37960528,02300418,32.9,22.7,0,0,inf,0,2,651.0,0,0,inf,1,6,156.7,0,0,inf,0,2,651.0,1,5,156.7
37960529,02300418,22.6,19.1,0,0,inf,0,2,661.6,0,0,inf,1,6,138.9,0,0,inf,0,2,661.6,1,5,138.9
37960535,02300418,15.2,23.0,0,0,inf,0,0,850.9,0,0,inf,1,4,345.2,0,0,inf,0,0,850.9,1,4,345.2
37960536,02300418,18.8,17.3,0,0,inf,0,1,796.1,0,0,inf,1,5,388.7,0,0,inf,0,1,796.1,1,5,388.7
37960538,02300418,14.3,18.1,0,0,inf,0,1,770.3,0,0,inf,0,5,416.0,0,0,inf,0,1,770.3,0,5,416.0
37960539,02300418,19.1,18.5,0,0,inf,0,1,786.3,0,0,inf,0,5,400.9,0,0,inf,0,1,786.3,0,5,400.9
37960541,02300418,15.4,22.0,0,0,inf,0,0,835.7,0,0,inf,1,4,358.4,0,0,inf,0,0,835.7,1,4,358.4
37960545,02300418,19.2,22.0,0,0,inf,0,0,823.3,0,0,inf,1,4,370.8,0,0,inf,0,0,823.3,1,4,370.8
37960546,02300418,3.6,3.5,0,0,inf,0,1,652.9,0,0,inf,1,5,380.5,0,0,inf,0,1,652.9,1,5,380.5
37960547,02300418,40.2,25.3,0,0,inf,0,1,753.9,0,0,inf,0,5,446.9,0,0,inf,0,1,753.9,0,5,446.9
37960551,02300418,11.8,51.1,0,0,inf,0,1,723.3,0,0,inf,0,5,450.8,0,0,inf,0,1,723.3,0,5,450.8
37960554,02300418,36.4,37.8,0,0,inf,0,1,710.1,0,0,inf,0,5,437.6,0,0,inf,0,1,710.1,0,5,437.6
37960555,02300418,17.5,43.2,0,0,inf,0,2,708.7,0,0,inf,2,6,122.3,0,0,inf,0,2,708.7,2,5,122.3
37960557,02300418,10.2,17.4,0,0,inf,0,1,560.0,0,0,inf,2,6,76.1,0,0,inf,0,1,560.0,2,4,76.1
37960558,02300418,15.6,17.7,0,0,inf,0,2,602.0,0,0,inf,2,6,34.8,0,0,inf,0,2,602.0,2,5,34.8
37960560,02300418,27.9,21.6,0,0,1937.6,0,1,430.6,0,0,1937.6,3,7,109.7,0,0,inf,0,1,430.6,2,5,109.7
37960561,02300418,16.1,23.6,0,0,1965.7,0,1,458.8,0,0,1965.7,2,7,137.8,0,0,inf,0,1,458.8,2,5,137.8
37960562,02300418,23.1,38.8,0,0,inf,0,1,505.2,0,0,inf,2,7,184.2,0,0,inf,0,1,505.2,2,5,184.2
37960563,02300418,24.6,32.7,0,0,inf,0,1,531.1,0,0,inf,2,6,210.1,0,0,inf,0,1,531.1,2,4,210.1
37960564,02300418,28.0,20.9,0,0,inf,0,1,759.4,0,0,inf,2,5,305.4,0,0,inf,0,1,759.4,2,4,305.4
37960565,02300418,15.1,24.6,0,0,inf,0,1,563.4,0,0,inf,2,6,242.4,0,0,inf,0,1,563.4,2,4,242.4
37960566,02300418,19.0,25.3,0,0,inf,0,1,534.3,0,0,inf,2,6,213.3,0,0,inf,0,1,534.3,2,4,213.3
37960567,02300418,41.4,43.9,0,0,inf,0,1,516.0,0,0,inf,2,7,195.1,0,0,inf,0,1,516.0,2,5,195.1
37960568,02300418,14.6,24.4,0,0,1980.8,0,1,473.9,0,0,1980.8,2,7,152.9,0,0,inf,0,1,473.9,2,5,152.9
37960569,02300418,14.8,23.5,0,0,1951.8,0,1,444.9,0,0,1951.8,2,7,123.9,0,0,inf,0,1,444.9,2,5,123.9
37960571,02300418,30.4,17.2,0,0,inf,0,1,535.4,0,0,inf,2,6,100.3,0,0,inf,0,1,535.4,2,4,100.3
37960572,02300418,39.2,32.8,0,0,inf,0,1,561.7,0,0,inf,2,6,240.7,0,0,inf,0,1,561.7,2,4,240.7
37960575,02300418,9.5,40.6,0,0,inf,0,1,669.3,0,0,inf,1,5,348.4,0,0,inf,0,1,669.3,1,4,348.4
37960576,02300418,26.9,20.8,0,0,inf,0,1,772.8,0,0,inf,2,5,291.8,0,0,inf,0,1,772.8,2,4,291.8
37960577,02300418,16.3,19.5,0,0,inf,0,1,746.6,0,0,inf,2,5,315.4,0,0,inf,0,1,746.6,2,4,315.4
37960578,02300418,18.8,19.4,0,0,inf,0,1,669.8,0,0,inf,2,5,348.9,0,0,inf,0,1,669.8,2,4,348.9
37960579,02300418,23.1,20.4,0,0,inf,0,1,623.4,0,0,inf,1,5,302.5,0,0,inf,0,1,623.4,1,4,302.5
37960580,02300418,12.2,19.8,0,0,inf,0,1,640.6,0,0,inf,1,5,319.7,0,0,inf,0,1,640.6,1,4,319.7
37960581,02300418,15.8,19.6,0,0,inf,0,1,653.2,0,0,inf,1,5,332.3,0,0,inf,0,1,653.2,1,4,332.3
37960582,02300418,16.0,19.0,0,0,inf,0,1,714.2,0,0,inf,2,5,346.9,0,0,inf,0,1,714.2,2,4,346.9
37960583,02300418,15.8,19.2,0,0,inf,0,1,683.7,0,0,inf,2,5,362.8,0,0,inf,0,1,683.7,2,4,362.8
37960584,02300418,16.4,19.3,0,0,inf,0,1,730.7,0,0,inf,1,5,331.1,0,0,inf,0,1,730.7,1,4,331.1
37960586,02300418,16.4,33.3,0,0,inf,0,1,675.4,0,0,inf,2,5,354.5,0,0,inf,0,1,675.4,2,4,354.5
37960587,02300418,16.7,32.9,0,0,inf,0,1,668.0,0,0,inf,2,5,347.0,0,0,inf,0,1,668.0,2,4,347.0
37960588,02300418,49.0,21.6,0,0,inf,0,1,638.1,0,0,inf,2,5,317.2,0,0,inf,0,1,638.1,2,4,317.2
37960589,02300418,37.0,39.7,0,0,inf,0,1,795.3,0,0,inf,2,5,224.5,0,0,inf,0,1,795.3,2,4,224.5
37960590,02300418,41.2,19.3,0,0,inf,0,1,799.8,0,0,inf,2,5,261.8,0,0,inf,0,1,799.8,2,4,261.8
37960591,02300418,24.5,17.3,0,0,inf,0,1,656.3,0,0,inf,2,5,153.1,0,0,inf,0,1,656.3,2,4,153.1
37960592,02300418,32.8,37.0,0,0,inf,0,1,772.9,0,0,inf,2,5,202.1,0,0,inf,0,1,772.9,2,4,202.1
37960596,02300418,59.9,29.2,0,0,inf,0,1,658.6,0,0,inf,2,5,174.6,0,0,inf,0,1,658.6,2,4,174.6
37960600,02300417,87.0,22.6,0,0,inf,0,1,620.7,0,0,inf,2,5,151.3,0,0,inf,0,1,620.7,2,4,151.3
37960601,02300417,17.9,40.6,0,0,inf,1,1,395.4,0,0,inf,3,6,333.8,0,0,inf,1,1,395.4,3,4,333.8
37960602,02300417,26.5,15.8,0,0,inf,0,1,410.4,0,0,inf,2,8,285.8,0,0,inf,0,1,410.4,2,5,285.8
37960603,02300417,18.8,38.1,0,0,inf,0,1,412.6,0,0,inf,2,7,328.1,0,0,inf,0,1,412.6,2,5,328.1
37960604,02300417,19.6,16.2,0,0,inf,1,1,390.8,0,0,inf,3,8,306.3,0,0,inf,1,1,390.8,3,5,306.3
37960605,02300417,17.4,15.4,0,0,inf,1,1,372.0,0,0,inf,3,8,310.4,0,0,inf,1,1,372.0,3,6,310.4
37960606,02300417,55.8,18.1,0,0,1987.6,1,1,336.8,0,0,1987.6,3,7,275.2,0,0,inf,1,1,336.8,3,5,275.2
37960607,02300417,19.4,14.3,0,0,1945.5,1,1,294.7,0,0,1945.5,4,7,233.1,0,0,inf,1,1,294.7,3,5,233.1
37960608,02300417,30.0,62.9,0,0,1994.0,1,1,343.2,0,0,1994.0,2,7,281.6,0,0,inf,1,1,343.2,2,5,281.6
37960609,02300417,47.5,15.7,0,0,1934.6,1,1,283.8,0,0,1934.6,3,8,222.1,0,0,inf,1,1,283.8,2,5,222.1
37960610,02300417,60.1,15.8,0,0,1904.9,1,1,254.1,0,0,1904.9,3,9,192.5,0,0,inf,1,1,254.1,2,6,192.5
37960612,02300417,21.0,29.1,0,0,1876.2,1,1,291.8,0,0,1876.2,4,8,91.3,0,0,inf,1,1,291.8,3,5,91.3
37960613,02300417,47.2,39.3,0,0,1898.3,1,1,289.9,0,0,1898.3,4,8,113.5,0,0,inf,1,1,289.9,3,5,113.5
37960614,02300417,27.3,60.0,0,0,1904.7,1,1,338.0,0,0,1904.7,4,7,107.0,0,0,inf,1,1,338.0,3,5,107.0
37960615,02300417,16.1,27.6,0,0,1875.0,1,1,308.3,0,0,1875.0,4,7,71.7,0,0,inf,1,1,308.3,3,5,71.7
37960616,02300417,85.6,62.0,0,0,1921.8,1,1,355.1,0,0,1921.8,4,7,93.8,0,0,inf,1,1,355.1,3,5,93.8
37960617,02300417,41.6,30.5,0,0,1919.3,1,1,369.6,0,0,1919.3,4,8,48.7,0,0,inf,1,1,369.6,3,6,48.7
37960618,02300417,19.8,27.6,0,0,1891.3,1,1,324.6,0,0,1891.3,4,7,55.4,0,0,inf,1,1,324.6,3,5,55.4
37960619,02300417,18.2,21.4,0,0,1941.8,0,1,434.9,0,0,1941.8,3,7,113.9,0,0,inf,0,1,434.9,2,5,113.9
37960620,02300417,21.3,22.4,0,0,1959.5,0,1,452.5,0,0,1959.5,2,7,131.6,0,0,inf,0,1,452.5,2,5,131.6
37960622,02300417,11.6,20.1,0,0,1968.8,0,1,461.9,0,0,1968.8,2,7,140.9,0,0,inf,0,1,461.9,2,5,140.9
37960623,02300417,14.0,20.5,0,0,1996.4,0,1,489.5,0,0,1996.4,2,7,152.8,0,0,inf,0,1,489.5,2,5,152.8
37960624,02300417,14.3,21.3,0,0,1982.3,0,1,475.4,0,0,1982.3,2,7,154.4,0,0,inf,0,1,475.4,2,5,154.4
37960625,02300417,27.9,20.8,0,0,inf,0,1,594.8,0,0,inf,2,5,125.4,0,0,inf,0,1,594.8,2,4,125.4
37960626,02300417,12.8,25.5,0,0,inf,0,1,509.8,0,0,inf,1,7,205.8,0,0,inf,0,1,509.8,1,4,205.8
37960627,02300417,31.7,15.2,0,0,inf,0,1,430.9,0,0,inf,2,7,264.2,0,0,inf,0,1,430.9,2,4,264.2
37960628,02300417,22.3,21.8,0,0,inf,0,1,531.1,0,0,inf,1,7,177.2,0,0,inf,0,1,531.1,1,4,177.2
37960629,02300417,40.5,37.3,0,0,inf,0,1,574.8,0,0,inf,1,5,164.4,0,0,inf,0,1,574.8,1,4,164.4
37960630,02300417,43.2,25.1,0,0,inf,0,1,582.0,0,0,inf,2,5,132.7,0,0,inf,0,1,582.0,2,4,132.7
37960631,02300417,18.0,28.9,0,0,inf,0,1,607.6,0,0,inf,2,5,114.7,0,0,inf,0,1,607.6,2,4,114.7
37960633,02300417,29.6,24.1,0,0,inf,0,2,623.3,0,0,inf,2,6,89.5,0,0,inf,0,2,623.3,2,5,89.5
38064147,02100103,94.8,11.4,0,0,1744.6,0,1,702.6,0,0,inf,3,6,80.0,0,0,inf,0,1,702.6,3,6,80.0
38064148,02100103,97.1,11.3,0,0,1800.4,0,1,648.8,0,0,inf,2,7,135.8,0,0,inf,0,1,648.8,2,6,135.8
38064149,02100103,96.4,10.8,0,0,1847.1,0,1,615.1,0,0,inf,2,6,182.5,0,0,inf,0,1,615.1,2,5,182.5
38064150,02100103,94.1,10.9,0,0,1906.9,0,1,588.6,0,0,inf,2,5,195.8,0,0,inf,0,1,588.6,2,4,195.8
38158643,02200209,18.5,15.9,0,0,1071.9,0,0,870.8,0,0,inf,3,9,218.5,0,0,1700.5,0,0,870.8,2,6,218.5
38158644,02200209,18.6,16.0,0,0,1073.1,0,0,885.5,0,0,inf,3,8,233.2,0,0,1715.2,0,0,885.5,2,5,233.2
38158645,02200209,16.9,15.7,0,0,1052.3,0,0,905.8,0,0,inf,3,8,253.4,0,0,1735.5,0,0,905.8,2,5,253.4
38158646,02200209,16.0,15.7,0,0,1032.0,0,0,926.0,0,0,inf,3,8,273.6,0,0,1755.7,0,0,926.0,2,5,273.6
38158647,02200209,16.1,15.8,0,0,1016.3,0,0,941.9,0,0,inf,3,8,289.5,0,0,1771.5,0,0,941.9,2,5,289.5
38158648,02200209,16.4,15.8,0,0,996.2,0,0,961.9,0,0,inf,3,8,291.2,0,0,1791.6,0,0,961.9,2,5,309.5
38158649,02200209,18.8,16.1,0,0,975.0,0,0,983.7,0,0,inf,3,8,270.0,0,0,1813.3,0,0,975.0,2,5,331.3
38158650,02200209,16.2,15.4,0,0,959.5,0,0,998.0,0,0,inf,3,8,254.5,0,0,1827.6,0,0,959.5,2,5,345.6
38158651,02200209,16.9,15.8,0,0,941.8,0,0,995.9,0,0,inf,3,7,236.7,0,0,1846.0,0,0,941.8,2,4,364.0
38158652,02200209,22.7,16.1,0,0,922.0,0,0,976.2,0,0,inf,2,7,216.9,0,0,1866.4,0,0,922.0,1,4,384.3
38158653,02200209,18.5,38.2,0,0,925.4,0,0,979.6,0,0,inf,1,7,220.3,0,0,1907.2,0,0,925.4,0,4,425.1
38158654,02200209,25.5,15.6,0,0,886.6,0,0,940.7,0,0,inf,2,8,181.5,0,0,1900.9,0,0,886.6,0,4,418.9
38158655,02200209,36.3,35.0,0,0,817.5,0,0,871.6,0,0,inf,2,7,187.6,0,0,1928.6,0,0,817.5,0,4,446.6
38158656,02200209,15.3,16.6,0,0,812.7,0,0,866.9,0,0,inf,2,8,155.7,0,0,1923.9,0,0,812.7,0,4,441.9
38159877,02200209,52.2,24.2,0,0,1097.2,0,0,896.2,0,0,inf,2,8,243.8,0,0,1725.8,0,0,896.2,2,5,243.8
38159878,02200209,19.3,17.0,0,0,1188.6,0,1,761.5,0,0,inf,3,11,125.9,0,0,1824.3,0,1,761.5,2,7,125.9
38159879,02200209,20.2,12.6,0,0,1098.1,0,0,897.0,0,0,inf,2,8,244.7,0,0,1726.7,0,0,897.0,2,5,244.7
38159882,02200209,19.6,19.0,0,0,1171.9,0,1,782.2,0,0,inf,3,10,146.6,0,0,1845.0,0,1,782.2,2,7,146.6
38159883,02200209,19.7,18.9,0,0,1153.0,0,0,800.9,0,0,inf,3,9,165.3,0,0,1863.7,0,0,800.9,2,6,165.3
38159884,02200209,19.6,18.8,0,0,1134.4,0,0,819.2,0,0,inf,4,9,183.6,0,0,1882.0,0,0,819.2,2,6,183.6
38159885,02200209,19.9,18.6,0,0,1115.5,0,0,837.9,0,0,inf,3,10,182.2,0,0,1900.7,0,0,837.9,1,6,202.3
38159886,02200209,16.9,18.2,0,0,1059.9,0,0,892.7,0,0,inf,3,8,126.6,0,0,1955.5,0,0,892.7,1,4,257.1
38159887,02200209,16.7,18.2,0,0,1078.1,0,0,874.5,0,0,inf,3,10,144.8,0,0,1937.4,0,0,874.5,1,6,238.9
38159888,02200209,16.7,18.4,0,0,1097.1,0,0,855.8,0,0,inf,3,10,163.9,0,0,1918.6,0,0,855.8,1,6,220.2
38531507,02400521,226.1,15.9,0,0,1439.3,0,2,493.2,0,1,776.4,0,5,493.2,0,0,1439.3,0,2,493.2,0,4,493.2
38673744,02400522,57.8,18.0,0,0,1535.2,0,0,929.8,0,3,603.4,0,0,867.5,0,0,1911.3,0,0,929.8,0,3,603.4
38673920,02400522,18.3,18.2,0,0,1565.4,0,0,899.9,0,4,573.5,0,0,897.7,0,0,1941.4,0,0,899.9,0,3,573.5
38674351,02400522,24.6,16.1,0,0,1554.4,0,0,845.2,0,2,703.5,0,0,845.2,0,0,1807.2,0,0,845.2,0,2,703.5
38674704,02400522,24.3,14.4,0,0,1563.4,0,0,832.7,0,2,712.6,0,0,832.7,0,0,1794.7,0,0,832.7,0,2,712.6
38674812,02400522,48.2,14.6,0,0,1595.2,0,0,801.2,0,2,711.9,0,0,801.2,0,0,1763.2,0,0,801.2,0,2,711.9
38799552,02100102,228.9,8.0,0,0,1036.6,1,1,191.9,0,0,inf,4,9,191.9,0,0,1720.3,1,1,191.9,3,6,191.9
39084530,02500836,10.3,12.7,0,0,856.9,0,0,inf,0,0,1571.6,3,6,177.5,0,0,1472.3,0,0,856.9,1,4,177.5
39084675,02500835,45.8,41.5,0,1,624.7,0,0,1834.6,0,0,1457.8,2,9,286.8,0,0,1091.0,0,1,624.7,2,6,286.8
39090739,02500835,38.4,19.8,0,1,693.2,0,0,1709.1,0,0,1348.4,2,8,246.0,0,0,944.8,0,1,693.2,2,5,246.0
39471781,02400624,70.9,14.0,0,0,1000.0,0,1,651.3,0,6,403.1,2,6,201.5,0,0,1476.0,0,1,651.3,1,9,201.5
39475600,02500726,35.4,15.0,0,0,910.6,0,0,1002.4,0,4,606.0,0,1,731.2,0,0,inf,0,0,910.6,0,2,741.7
39475601,02500726,19.1,14.6,0,0,932.0,0,0,993.4,0,4,613.3,0,1,752.6,0,0,inf,0,0,932.0,0,2,732.7
39475602,02500726,73.7,16.2,0,0,1018.2,0,0,909.7,0,4,529.6,0,0,808.8,0,0,inf,0,0,909.7,0,2,648.9
39475605,02500726,27.4,17.7,0,0,930.0,0,0,941.8,0,3,545.3,0,1,670.5,0,0,inf,0,0,930.0,0,1,681.0
39475606,02500726,48.8,17.1,0,0,985.3,0,0,885.2,0,4,488.8,0,1,614.0,0,0,inf,0,0,885.2,0,1,624.4
39497882,02400624,196.8,13.9,0,0,1275.8,1,1,217.4,0,0,989.4,1,4,217.4,0,0,1275.8,1,1,217.4,1,3,217.4
39497895,02400624,63.9,47.0,0,0,1013.3,0,1,433.0,0,0,959.3,1,5,352.3,0,0,1013.3,0,1,433.0,1,4,352.3
39497928,02400624,99.0,14.4,0,0,1223.1,1,1,329.9,0,0,802.7,2,5,329.9,0,0,1223.1,1,1,329.9,2,4,329.9
39497992,02400624,56.4,12.6,0,0,1238.3,1,1,332.4,0,0,817.8,1,4,332.4,0,0,1238.3,1,1,332.4,1,3,332.4
39498000,02400624,29.2,22.4,0,0,1128.6,1,1,397.0,0,2,633.2,3,6,221.3,0,0,1290.2,1,1,397.0,2,5,221.3
39498025,02400624,78.7,15.4,0,0,1349.5,1,2,279.3,0,2,729.3,1,6,279.3,0,0,1349.5,1,2,279.3,1,5,279.3
39498033,02400624,45.0,16.9,0,0,1479.3,1,2,379.2,1,4,379.2,1,4,379.2,0,0,1737.6,1,2,379.2,1,5,379.2
39498060,02400624,31.4,16.7,0,0,1345.9,1,2,389.9,1,5,389.9,1,5,389.9,0,0,1836.8,1,2,389.9,1,7,389.9
39709006,02300419,46.5,16.8,0,0,1073.6,0,1,517.1,0,0,1073.6,3,6,117.4,0,0,1983.8,0,1,517.1,3,5,117.4
39709008,02300419,43.2,12.0,0,0,1152.7,0,1,596.3,0,0,1152.7,3,6,68.8,0,0,inf,0,1,596.3,3,5,68.8
39712431,02300419,85.5,4.1,0,0,1122.8,0,1,566.3,0,0,1122.8,3,5,166.6,0,0,inf,0,1,566.3,3,4,166.6
40549689,02200209,19.6,17.9,0,0,1039.3,0,0,912.5,0,0,inf,3,8,106.1,0,0,1975.4,0,0,912.5,1,4,276.9
40549690,02200209,16.6,17.8,0,0,1022.6,0,0,929.0,0,0,inf,3,8,89.4,0,0,1991.8,0,0,929.0,1,4,293.4
40549691,02200209,19.0,17.6,0,0,1006.4,0,0,945.0,0,0,inf,3,8,73.2,0,0,inf,0,0,945.0,1,4,309.4
40549692,02200209,42.9,17.4,0,0,978.1,0,0,945.9,0,0,inf,3,8,44.9,0,0,inf,0,0,945.9,1,4,337.1
40549693,02200209,17.8,19.9,0,0,907.0,0,0,961.2,0,0,inf,2,7,67.8,0,0,inf,0,0,907.0,0,3,413.2
40549694,02200209,18.7,46.8,0,0,921.1,0,0,975.2,0,0,inf,1,7,216.0,0,0,1928.7,0,0,921.1,0,4,446.7
40549695,02200209,17.5,15.4,0,0,894.6,0,0,948.8,0,0,inf,2,8,189.6,0,0,1892.4,0,0,894.6,0,4,410.4
40549696,02200209,23.4,16.1,0,0,911.4,0,0,965.6,0,0,inf,3,7,206.3,0,0,1877.0,0,0,911.4,1,4,395.0
40549697,02200209,19.3,15.9,0,0,931.3,0,0,985.5,0,0,inf,3,7,226.3,0,0,1856.7,0,0,931.3,2,4,374.7
40549698,02200209,16.0,16.1,0,0,946.6,0,0,1000.7,0,0,inf,3,7,241.5,0,0,1841.8,0,0,946.6,2,4,359.8
40549699,02200209,17.1,42.4,0,0,978.4,0,0,1032.6,0,0,inf,3,7,273.4,0,0,1862.7,0,0,978.4,2,4,380.7
40549759,02200209,19.6,16.0,0,0,1022.4,0,0,936.3,0,0,inf,3,8,283.9,0,0,1765.9,0,0,936.3,2,5,283.9
40549760,02200209,18.0,14.7,0,0,1004.9,0,0,951.2,0,0,inf,3,8,298.8,0,0,1780.8,0,0,951.2,2,5,298.8
40549761,02200209,18.9,42.0,0,0,1036.0,0,0,974.5,0,0,inf,3,7,322.2,0,0,1804.2,0,0,974.5,2,4,322.2
40549762,02200209,17.0,18.6,0,0,973.4,0,0,990.4,0,0,inf,3,8,268.4,0,0,1820.0,0,0,973.4,2,5,338.0
40549763,02200209,45.8,15.8,0,0,868.5,0,0,922.7,0,0,inf,2,8,163.4,0,0,1919.3,0,0,868.5,0,4,437.3
40585437,02400520,25.2,25.9,0,0,1514.2,0,0,1268.1,1,4,226.7,2,5,197.1,0,0,inf,0,0,1268.1,1,4,226.7
40585439,02400520,50.0,22.5,0,0,1528.5,0,0,1250.2,0,4,411.5,1,5,197.9,0,0,inf,0,0,1250.2,0,4,411.5
40587014,02500830,5.6,17.3,0,0,1298.7,0,2,503.2,2,9,249.4,2,7,231.4,0,0,1322.8,0,2,503.2,2,11,231.4
40587458,02500727,20.9,15.8,0,0,1566.5,0,1,511.6,1,5,256.1,0,1,511.6,0,0,inf,0,1,511.6,0,2,412.5
40588233,02500727,45.3,14.2,0,0,1511.1,0,1,421.8,1,5,367.3,0,1,421.8,0,0,inf,0,1,421.8,0,2,421.8
40607217,02400522,288.3,0.8,0,0,1553.1,1,2,284.8,1,4,284.8,1,3,284.8,0,0,1875.6,1,2,284.8,1,4,284.8
40645025,02200209,27.8,24.5,0,0,857.5,0,1,758.9,0,0,inf,3,8,91.7,0,0,inf,0,1,758.9,1,4,356.5
40645026,02200209,18.5,19.6,0,1,791.9,0,1,693.3,0,0,inf,3,10,104.7,0,0,inf,0,2,693.3,1,6,290.8
40645029,02200209,26.9,20.1,0,1,737.3,0,1,638.7,0,0,inf,3,10,160.2,0,0,inf,0,2,638.7,1,6,236.3
40645033,02200209,15.9,20.3,0,2,669.1,0,1,570.5,0,0,inf,3,10,168.1,0,0,inf,0,3,570.5,1,7,168.1
40645035,02200209,30.9,20.1,0,2,631.0,0,1,532.3,0,0,inf,2,10,129.9,0,0,inf,0,3,532.3,1,7,129.9
40646242,02200209,29.5,20.7,0,0,913.6,0,0,873.2,0,0,inf,2,7,206.0,0,0,inf,0,0,873.2,0,3,470.7
40646243,02200209,16.2,17.6,0,0,883.7,0,1,785.1,0,0,inf,3,9,69.1,0,0,inf,0,1,785.1,1,4,382.6
40646244,02200209,21.1,17.7,0,0,901.3,0,0,802.6,0,0,inf,2,9,86.7,0,0,inf,0,0,802.6,0,3,400.2
40646245,02200209,14.5,44.2,0,0,908.6,0,0,810.0,0,0,inf,2,8,142.8,0,0,inf,0,0,810.0,0,3,407.5
40646246,02200209,19.2,17.5,0,0,925.7,0,0,827.1,0,0,inf,2,9,109.5,0,0,inf,0,0,827.1,0,3,424.7
40646247,02200209,19.3,17.0,0,0,939.6,0,0,841.0,0,0,inf,2,8,94.6,0,0,inf,0,0,841.0,0,3,438.5
40646248,02200209,20.1,17.7,0,0,959.7,0,0,861.1,0,0,inf,2,8,75.8,0,0,inf,0,0,861.1,0,3,422.6
40646249,02200209,37.3,17.3,0,0,981.9,0,0,888.9,0,0,inf,3,8,47.3,0,0,inf,0,0,888.9,1,3,394.0
40646250,02200209,22.9,44.1,0,0,993.8,0,0,895.2,0,0,inf,2,8,94.5,0,0,inf,0,0,895.2,0,3,441.2
40646251,02200209,21.4,19.5,0,0,886.7,0,0,940.9,0,0,inf,2,7,87.4,0,0,1997.9,0,0,886.7,0,3,432.8
40646252,02200209,19.0,19.8,0,0,869.1,0,0,923.2,0,0,inf,2,7,105.7,0,0,1980.2,0,0,869.1,0,3,451.0
40646253,02200209,20.8,25.8,0,0,851.9,0,0,906.1,0,0,inf,2,7,134.8,0,0,1963.0,0,0,851.9,0,3,480.1
40646254,02200209,19.1,20.2,0,0,833.5,0,0,887.7,0,0,inf,2,8,142.1,0,0,1944.7,0,0,833.5,0,4,462.6
40646255,02200209,17.9,20.1,0,0,815.4,0,0,869.6,0,0,inf,2,8,159.9,0,0,1926.6,0,0,815.4,0,4,444.5
40646256,02200209,28.8,18.4,0,1,789.4,0,0,843.6,0,0,inf,2,8,182.6,0,0,1900.6,0,1,789.4,0,5,418.5
40646257,02200209,21.4,21.3,0,0,821.5,0,0,875.6,0,0,inf,2,7,294.5,0,0,1932.6,0,0,821.5,0,4,450.6
40646258,02200209,18.2,21.8,0,0,845.8,0,0,899.9,0,0,inf,2,6,276.0,0,0,1956.9,0,0,845.8,0,3,474.9
40646259,02200209,20.5,21.9,0,0,865.5,0,0,919.7,0,0,inf,2,6,256.5,0,0,1976.7,0,0,865.5,0,3,494.7
40646260,02200209,25.4,21.5,0,0,881.6,0,0,906.6,0,0,inf,2,6,239.5,0,0,1992.8,0,0,881.6,0,3,504.2
40646261,02200209,18.4,25.7,0,0,923.1,0,0,824.5,0,0,inf,2,8,157.3,0,0,inf,0,0,824.5,0,3,422.1
40646262,02200209,13.0,20.5,0,0,899.8,0,0,801.2,0,0,inf,3,8,134.0,0,0,inf,0,0,801.2,1,3,398.7
40646263,02200209,18.2,17.9,0,0,879.1,0,1,780.5,0,0,inf,3,8,113.3,0,0,inf,0,1,780.5,1,4,378.0
40646264,02200209,30.0,17.4,0,0,857.8,0,1,759.2,0,0,inf,3,8,43.3,0,0,inf,0,1,759.2,1,4,356.8
40665545,02200210,31.4,19.9,0,0,1798.0,1,2,207.8,0,0,inf,2,10,207.8,0,0,inf,1,2,207.8,2,7,207.8
40680094,02400522,32.3,5.4,0,0,1396.4,0,1,434.4,0,0,837.9,0,2,434.4,0,0,1396.4,0,1,434.4,0,2,434.4
40685174,02400522,26.8,19.4,0,0,1647.6,0,0,820.2,0,3,493.8,0,0,820.2,0,0,inf,0,0,820.2,0,2,493.8
40686340,02400522,24.7,14.8,0,0,1648.2,0,1,588.8,1,4,356.6,0,1,588.8,0,0,inf,0,1,588.8,1,3,356.6
40686643,02400522,27.1,14.6,0,0,1693.8,0,1,542.8,2,4,350.3,0,1,542.8,0,0,inf,0,1,542.8,1,3,350.3
40686656,02400522,29.0,15.5,0,0,1669.7,0,1,568.6,1,4,376.2,0,1,568.6,0,0,inf,0,1,568.6,1,3,376.2
40955402,02200211,110.0,22.6,0,0,inf,0,1,749.0,0,0,inf,1,7,138.2,0,0,inf,0,1,749.0,1,6,138.2
40989190,02200207,2.5,26.7,0,0,1403.4,0,0,887.4,0,0,inf,0,0,887.4,0,0,1967.1,0,0,887.4,0,0,887.4
41781528,02100102,61.5,20.7,0,0,868.6,1,2,196.7,0,0,1766.4,2,9,196.7,0,0,1385.5,1,2,196.7,2,8,196.7
41781576,02100102,40.1,19.2,0,0,892.4,1,4,281.1,0,0,1577.0,1,8,281.1,0,0,988.5,1,4,281.1,1,9,281.1
42163186,02400623,233.0,38.5,0,1,543.4,0,0,1027.8,0,0,1715.9,2,11,279.1,0,1,543.4,0,1,543.4,1,6,279.1
42163697,02400623,316.2,75.0,0,1,419.3,0,0,1169.9,0,0,1614.3,1,10,313.1,0,1,419.3,0,1,419.3,1,5,313.1
42233998,02300417,24.8,71.2,0,0,inf,0,1,624.4,0,0,inf,0,5,401.4,0,0,inf,0,1,624.4,0,3,401.4
42234016,02300417,36.9,43.5,0,0,inf,0,1,626.9,0,0,inf,0,5,403.9,0,0,inf,0,1,626.9,0,3,403.9
42234041,02300417,26.2,50.2,0,0,inf,0,1,602.4,0,0,inf,1,5,379.4,0,0,inf,0,1,602.4,1,3,379.4
42234059,02300417,25.7,22.7,0,0,inf,0,2,522.8,0,0,inf,1,9,299.9,0,0,inf,0,2,522.8,1,6,299.9
42234069,02300417,26.9,19.3,0,0,inf,0,1,418.4,0,0,inf,2,8,284.8,0,0,inf,0,1,418.4,2,5,284.8
42234085,02300417,20.2,26.2,0,0,inf,0,2,527.5,0,0,inf,1,10,323.4,0,0,inf,0,2,527.5,1,6,323.4
42234088,02300417,22.3,7.7,0,0,inf,0,2,509.1,0,0,inf,1,9,360.0,0,0,inf,0,2,509.1,1,5,360.0
42709511,02500831,53.2,16.8,0,1,667.1,0,2,504.6,1,5,216.1,0,5,504.6,0,0,1367.7,0,2,504.6,1,7,216.1
42821985,02200210,28.1,16.0,0,0,1872.5,0,1,434.0,0,0,inf,2,9,340.7,0,0,inf,0,1,434.0,2,7,340.7
42821993,02200210,23.9,58.6,0,0,1763.8,1,2,392.6,0,0,inf,2,10,362.0,0,0,inf,1,2,392.6,2,8,362.0
42824701,02100106,34.2,28.9,0,0,1694.1,1,2,382.3,0,0,inf,1,7,382.3,0,0,inf,1,2,382.3,1,6,382.3
42825862,02300417,27.3,41.5,0,0,1979.3,1,1,141.0,0,0,1979.3,2,10,141.0,0,0,inf,1,1,141.0,2,7,141.0
43144374,02200212,26.3,12.4,0,0,inf,1,1,207.3,0,0,inf,2,6,207.3,0,0,inf,1,1,207.3,1,4,207.3
43144375,02200211,176.4,23.9,0,0,inf,0,2,508.8,0,0,inf,1,6,363.9,0,0,inf,0,2,508.8,0,5,427.2
43216101,02500831,17.6,18.3,0,1,672.0,0,2,542.5,2,5,126.1,0,5,542.5,0,0,1342.1,0,2,542.5,2,7,126.1
44581302,02400623,54.5,27.7,1,1,325.9,0,0,1168.7,0,0,1521.0,2,10,311.9,1,1,325.9,1,1,325.9,2,5,311.9
44851673,02400522,15.4,6.2,0,0,1319.9,0,0,1220.5,0,4,517.8,0,1,652.1,0,0,inf,0,0,1220.5,0,4,517.8
44851676,02400522,16.0,6.3,0,0,1364.1,0,0,1264.7,0,4,562.0,0,1,696.4,0,0,inf,0,0,1264.7,0,4,562.0
44851682,02400522,15.6,16.1,0,0,1317.4,0,0,1218.0,0,4,515.3,0,1,649.6,0,0,inf,0,0,1218.0,0,4,515.3
44889947,02400624,18.2,33.5,0,1,766.5,0,1,766.5,0,4,515.6,2,4,194.7,0,0,1405.9,0,1,766.5,0,5,490.7
44889948,02400624,37.1,20.2,0,1,731.1,0,2,731.1,0,6,480.3,3,7,43.0,0,0,1370.6,0,2,731.1,1,9,338.9
44966246,02500726,47.9,40.3,0,0,1113.0,0,0,863.1,0,4,483.0,0,0,863.1,0,0,inf,0,0,863.1,0,1,602.3
44966251,02500726,48.1,15.9,0,0,1060.4,0,0,866.8,0,5,486.8,0,0,851.1,0,0,inf,0,0,866.8,0,2,606.1
44966253,02500726,47.7,15.8,0,0,1043.3,0,0,883.8,0,5,503.8,0,0,834.0,0,0,inf,0,0,883.8,0,2,623.1
44966258,02500726,38.5,27.9,0,0,965.9,0,0,986.1,0,4,606.0,0,1,786.5,0,0,inf,0,0,965.9,0,2,725.4
44966261,02500726,6.4,42.6,0,0,962.5,0,0,1019.0,0,4,639.0,0,1,783.1,0,0,inf,0,0,962.5,0,2,758.3
44966273,02500726,37.4,15.6,0,0,1132.7,0,1,794.1,0,5,414.0,0,1,794.1,0,0,inf,0,1,794.1,0,2,533.3
44966276,02500726,44.8,15.7,0,0,1114.9,0,0,812.2,0,4,432.1,0,0,812.2,0,0,inf,0,0,812.2,0,1,551.4
44966278,02500726,49.3,15.9,0,0,1096.3,0,0,831.1,0,4,451.0,0,0,831.1,0,0,inf,0,0,831.1,0,1,570.3
44966285,02500726,56.7,42.3,0,0,1032.3,0,0,883.6,0,4,487.2,0,1,612.4,0,0,inf,0,0,883.6,0,1,622.8
44966290,02500726,32.7,20.0,0,0,1038.0,0,0,802.9,0,4,413.6,0,1,618.1,0,0,inf,0,0,802.9,0,1,542.2
44966292,02500726,37.8,23.3,0,0,1050.1,0,1,797.5,0,5,417.4,0,2,630.2,0,0,inf,0,1,797.5,0,2,536.7
44966294,02500726,27.8,20.0,0,0,1071.1,0,1,769.6,2,5,389.5,0,2,651.2,0,0,inf,0,1,769.6,0,2,508.9
44966296,02500726,61.6,22.7,0,0,1186.4,0,1,754.5,2,5,374.4,0,2,754.5,0,0,inf,0,1,754.5,0,2,493.7
44966301,02500726,49.2,41.2,0,0,1017.2,0,0,901.4,0,4,505.0,0,1,630.2,0,0,inf,0,0,901.4,0,1,640.6
45039198,02100104,80.1,43.2,0,0,1587.3,1,1,272.1,0,0,inf,1,6,272.1,0,0,inf,1,1,272.1,1,4,272.1
45100210,02500831,24.7,17.7,0,1,679.1,1,2,217.8,0,5,449.5,1,5,217.8,0,0,1482.6,1,2,217.8,1,7,217.8
45117807,02500831,44.2,16.3,0,0,896.8,1,1,252.0,1,6,382.9,2,4,252.0,0,0,1373.4,1,1,252.0,2,7,252.0
45121255,02300419,16.8,60.2,0,0,1407.8,0,1,654.5,0,0,1407.8,0,3,605.0,0,0,inf,0,1,654.5,0,2,605.0
45197923,02500835,43.9,42.4,0,0,952.4,0,0,1195.6,0,0,1752.1,0,4,449.9,0,0,inf,0,0,952.4,0,4,449.9
45392958,02300419,23.2,15.3,0,0,1203.0,0,1,605.9,0,0,1203.0,0,4,400.2,0,0,inf,0,1,605.9,0,3,400.2
45487621,02300418,14.2,18.6,0,0,1951.5,0,1,444.5,0,0,1951.5,2,7,123.6,0,0,inf,0,1,444.5,2,5,123.6
45498697,02200213,46.9,24.9,0,0,inf,0,1,600.1,0,0,inf,2,8,137.4,0,0,inf,0,1,600.1,2,6,137.4
45498698,02200213,20.4,22.6,0,0,inf,0,3,649.0,0,0,inf,2,10,186.3,0,0,inf,0,3,649.0,2,7,186.3
45498700,02200213,7.0,52.1,0,0,inf,0,0,939.8,0,0,inf,0,5,477.2,0,0,inf,0,0,939.8,0,4,477.2
45498709,02200213,24.2,19.7,0,0,inf,0,0,907.4,0,0,inf,0,5,444.7,0,0,inf,0,0,907.4,0,4,444.7
45498712,02200213,26.2,37.9,0,0,inf,0,1,593.0,0,0,inf,2,8,69.9,0,0,inf,0,1,593.0,2,6,69.9
45498713,02200213,23.9,28.5,0,0,inf,0,1,555.2,0,0,inf,2,7,92.6,0,0,inf,0,1,555.2,2,6,92.6
45498721,02200213,11.8,32.4,0,0,inf,0,1,723.0,0,0,inf,2,8,199.9,0,0,inf,0,1,723.0,2,6,199.9
45498723,02200213,23.4,40.1,0,0,inf,0,1,696.9,0,0,inf,2,9,173.8,0,0,inf,0,1,696.9,2,7,173.8
45736932,02500831,27.6,17.4,0,0,983.4,1,1,265.9,1,6,355.1,2,5,265.9,0,0,1373.2,1,1,265.9,2,8,265.9
46096491,02100102,97.3,23.8,0,0,832.8,1,2,177.3,0,0,1692.1,3,5,177.3,0,0,1168.5,1,2,177.3,3,5,177.3
46096492,02100102,40.1,16.7,0,0,904.8,2,3,106.7,0,0,1525.5,3,8,106.7,0,0,1158.0,2,3,106.7,3,8,106.7
46096493,02100102,209.7,26.8,0,0,1017.5,2,3,219.4,0,0,1444.0,3,7,219.4,0,0,1147.7,2,3,219.4,3,7,219.4
46096497,02100102,61.6,17.3,0,0,1040.9,1,3,242.8,0,0,1400.1,2,8,104.4,0,0,1284.7,1,3,242.8,2,8,104.4
46096498,02100102,46.5,15.8,0,0,878.8,2,3,80.7,0,0,1549.8,3,7,80.7,0,0,1182.3,2,3,80.7,3,8,80.7
46096500,02100102,73.6,23.8,0,0,916.0,2,3,117.9,0,0,1528.4,3,8,117.9,0,0,1160.9,2,3,117.9,3,8,117.9
46096502,02100102,32.3,20.8,0,0,836.1,1,3,87.7,0,0,1602.5,3,6,87.7,0,0,1171.8,1,3,87.7,3,7,87.7
46096526,02100102,34.8,93.6,0,1,790.1,0,1,505.5,0,0,inf,0,7,443.6,0,0,1360.8,0,2,505.5,0,6,443.6
47080627,02100101,196.5,25.5,0,1,713.5,0,2,527.0,0,0,inf,3,11,38.9,0,0,1397.2,0,3,527.0,1,8,258.3
47080632,02100101,47.3,29.7,0,1,581.1,0,2,529.5,0,0,inf,3,10,47.0,0,0,1264.8,0,3,529.5,1,7,47.0
47080633,02100101,38.8,50.2,0,1,588.5,0,2,610.3,0,0,inf,2,9,133.4,0,0,1272.2,0,3,588.5,1,6,133.4
47425299,02100101,121.3,39.2,1,2,369.9,1,2,369.9,0,0,inf,2,8,369.9,1,1,369.9,1,3,369.9,2,8,369.9
47425304,02100101,250.2,40.4,0,2,408.8,0,2,496.6,0,0,inf,1,8,164.1,0,1,496.6,0,3,408.8,1,8,164.1
47425316,02100101,28.0,25.8,1,2,305.2,1,2,305.2,0,0,inf,2,8,305.2,1,1,305.2,1,3,305.2,2,8,305.2
47425317,02100101,16.2,18.8,1,2,313.6,1,2,313.6,0,0,inf,2,8,313.6,1,1,313.6,1,3,313.6,2,8,313.6
48185506,02400520,32.1,30.6,0,0,1678.5,0,0,1039.8,0,3,424.1,1,4,112.2,0,0,inf,0,0,1039.8,0,3,424.1
48185679,02400520,55.7,33.2,0,0,1705.9,0,0,949.9,0,3,401.2,1,4,270.4,0,0,inf,0,0,949.9,0,3,401.2
48217934,02500835,11.6,16.3,0,0,868.7,0,0,868.7,0,0,868.7,1,5,388.4,0,0,1622.7,0,0,868.7,0,0,868.7
48377605,02400520,168.8,16.8,0,0,1231.9,0,0,1156.6,1,4,396.8,1,5,396.8,0,0,inf,0,0,1156.6,1,4,396.8
48700551,02200213,4.6,4.5,0,0,inf,0,1,709.4,0,0,inf,2,7,376.3,0,0,inf,0,1,709.4,1,6,393.7
48701241,02100106,1505.1,14.5,0,0,inf,0,2,486.5,0,0,inf,0,5,486.5,0,0,inf,0,2,486.5,0,2,486.5
48701609,02100106,126.5,98.3,0,0,inf,0,1,468.3,0,0,inf,0,5,415.1,0,0,inf,0,1,468.3,0,4,468.3
49263413,02200208,21.8,19.1,0,0,1014.7,0,3,439.6,0,0,inf,0,10,435.4,0,0,1698.4,0,3,439.6,0,6,435.4
49263414,02200208,16.9,20.0,0,0,1033.3,0,3,458.2,0,0,inf,1,11,373.4,0,0,1716.9,0,3,458.2,1,7,373.4
49263415,02200208,16.5,19.9,0,0,1051.7,0,3,476.6,0,0,inf,1,11,354.6,0,0,1735.4,0,3,476.6,1,7,354.6
49263416,02200208,21.2,19.8,0,0,1069.6,0,3,494.5,0,0,inf,1,11,336.7,0,0,1753.3,0,3,494.5,1,7,336.7
49263417,02200208,17.7,23.6,0,0,1033.7,0,3,458.6,0,0,inf,0,9,454.3,0,0,1717.4,0,3,458.6,0,6,454.3
49263418,02200208,20.0,26.4,0,0,1080.4,0,3,505.3,0,0,inf,0,7,501.0,0,0,1764.1,0,3,505.3,0,5,501.0
49263419,02200208,10.1,18.6,0,0,1063.1,0,3,488.0,0,0,inf,0,8,483.8,0,0,1746.8,0,3,488.0,0,5,483.8
49263420,02200208,12.7,49.6,0,0,1094.1,0,3,519.0,0,0,inf,0,7,514.7,0,0,1777.7,0,3,519.0,0,5,514.7
49263421,02200208,22.1,18.5,0,0,1048.1,0,3,473.0,0,0,inf,0,9,468.8,0,0,1731.8,0,3,473.0,0,6,468.8
49264491,02200208,14.6,45.8,0,0,1092.0,0,3,516.9,0,0,inf,1,10,366.1,0,0,1775.7,0,3,516.9,1,7,366.1
49312816,02200208,22.6,20.3,0,0,941.4,0,2,425.5,0,0,inf,0,6,425.5,0,0,1625.1,0,2,425.5,0,5,425.5
49312817,02200208,26.0,18.1,0,0,1173.0,0,2,657.0,0,0,inf,0,6,436.4,0,0,1856.6,0,2,657.0,0,5,436.4
49312818,02200208,19.7,19.5,0,0,1099.7,0,1,583.8,0,0,inf,0,3,512.4,0,0,1783.4,0,1,583.8,0,3,512.4
49312819,02200208,27.0,22.5,0,0,1124.8,0,1,608.8,0,0,inf,0,3,493.4,0,0,1808.5,0,1,608.8,0,3,493.4
49312821,02200208,45.9,26.4,0,0,1145.0,0,1,629.0,0,0,inf,0,3,481.0,0,0,1828.7,0,1,629.0,0,3,481.0
49312822,02200208,10.4,62.2,0,0,1178.5,0,1,662.6,0,0,inf,0,3,519.1,0,0,1862.2,0,1,662.6,0,3,519.1
49312824,02200208,15.2,20.1,0,0,1026.2,0,1,510.3,0,0,inf,0,3,510.3,0,0,1709.9,0,1,510.3,0,3,510.3
49312827,02200208,18.1,19.0,0,0,976.9,0,1,460.9,0,0,inf,0,4,460.9,0,0,1660.6,0,1,460.9,0,4,460.9
49312828,02200208,16.0,18.8,0,0,946.9,0,2,430.9,0,0,inf,0,4,430.9,0,0,1630.5,0,2,430.9,0,5,430.9
49312830,02200208,24.2,20.3,0,0,927.3,0,2,411.3,0,0,inf,0,4,411.3,0,0,1611.0,0,2,411.3,0,5,411.3
49312832,02200208,16.4,19.0,0,0,1060.8,0,2,544.9,0,0,inf,0,6,544.9,0,0,1744.5,0,2,544.9,0,4,544.9
49312833,02200208,6.8,36.8,0,0,1091.1,0,2,575.1,0,0,inf,0,6,573.4,0,0,1774.7,0,2,575.1,0,4,573.4
49312834,02200208,21.7,19.8,0,0,1099.8,0,3,534.8,0,0,inf,0,7,530.5,0,0,1783.5,0,3,534.8,0,5,530.5
49312836,02200208,2.0,52.8,0,0,1108.2,0,1,592.2,0,0,inf,0,5,588.3,0,0,1791.9,0,1,592.2,0,3,588.3
49312837,02200208,18.0,65.6,0,0,1100.1,0,1,584.2,0,0,inf,0,5,584.2,0,0,1783.8,0,1,584.2,0,3,584.2
49312838,02200208,23.4,72.9,0,0,1268.2,0,2,752.2,0,0,inf,0,5,450.7,0,0,1951.8,0,2,752.2,0,5,450.7
49312839,02200208,19.8,30.9,0,0,1249.4,0,2,722.4,0,0,inf,1,7,385.5,0,0,1933.1,0,2,722.4,1,5,385.5
49312840,02200208,25.8,20.1,0,0,1226.3,0,2,710.4,0,0,inf,1,7,387.1,0,0,1910.0,0,2,710.4,1,5,387.1
49312841,02200208,21.5,28.2,0,0,1222.9,0,2,707.0,0,0,inf,0,7,406.6,0,0,1906.6,0,2,707.0,0,5,406.6
49312842,02200208,11.0,17.3,0,0,1193.4,0,2,677.4,0,0,inf,0,6,414.4,0,0,1877.0,0,2,677.4,0,5,414.4
49312843,02200208,3.9,49.1,0,0,1121.4,0,3,546.3,0,0,inf,0,7,542.1,0,0,1805.1,0,3,546.3,0,5,542.1
49312844,02200208,25.5,18.6,0,0,1044.8,0,1,528.8,0,0,inf,0,5,528.8,0,0,1728.4,0,1,528.8,0,3,528.8
49405493,02100103,76.6,24.9,0,0,1630.0,0,0,825.3,0,0,1957.4,2,5,235.5,0,0,1965.6,0,0,825.3,2,5,235.5
49405494,02100103,63.3,21.9,0,0,1462.1,0,2,502.4,0,0,1634.5,1,8,131.3,0,0,1739.6,0,2,502.4,1,7,131.3
49405497,02100103,49.0,17.0,0,0,1585.6,0,2,780.9,0,0,1913.1,2,7,191.2,0,0,1921.3,0,2,780.9,2,7,191.2
49405498,02100103,44.2,42.9,0,0,1578.4,0,2,773.7,0,0,1905.8,2,7,184.0,0,0,1914.1,0,2,773.7,2,7,184.0
49405862,02100103,50.1,20.3,0,0,1443.1,0,2,638.4,0,0,1770.5,2,7,48.7,0,0,1778.8,0,2,638.4,2,7,48.7
49405863,02100103,13.9,14.3,0,0,1487.2,0,2,689.1,0,0,1879.0,3,8,201.9,0,0,1822.8,0,2,689.1,3,8,201.9
49405864,02100103,40.2,13.4,0,0,1545.7,0,2,751.1,0,0,1907.1,2,7,185.3,0,0,1884.9,0,2,751.1,2,7,185.3
49405867,02100103,33.7,18.2,0,0,1566.9,0,0,880.3,0,0,inf,2,6,243.3,0,0,inf,0,0,880.3,2,6,243.3
49405868,02100103,11.2,0.6,0,0,1531.3,0,2,736.7,0,0,1926.7,2,7,215.8,0,0,1870.5,0,2,736.7,2,7,215.8
49405911,02100103,57.2,13.1,0,0,1853.7,0,1,626.1,0,0,inf,2,6,194.6,0,0,inf,0,1,626.1,2,5,194.6
49405912,02100103,48.3,12.4,0,0,1799.9,0,1,607.3,0,0,inf,2,7,135.3,0,0,inf,0,1,607.3,2,6,135.3
49405913,02100103,49.3,12.8,0,0,1790.1,0,1,689.0,0,0,inf,2,6,154.4,0,0,inf,0,1,689.0,2,5,154.4
49405914,02100103,50.0,12.5,0,0,1742.4,0,1,665.0,0,0,inf,3,6,77.8,0,0,inf,0,1,665.0,3,6,77.8
49405915,02100103,62.0,11.7,0,0,1686.9,0,1,799.4,0,0,inf,2,6,162.4,0,0,inf,0,1,799.4,2,6,162.4
49405916,02100103,71.8,11.1,0,0,1609.4,0,0,880.0,0,0,inf,2,7,252.8,0,0,inf,0,0,880.0,2,6,252.8
49405917,02100103,54.1,11.2,0,0,1624.2,0,0,866.1,0,0,inf,1,6,280.3,0,0,inf,0,0,866.1,1,5,280.3
49405918,02100103,58.2,12.6,0,0,1892.3,0,1,564.2,0,0,inf,2,5,171.4,0,0,inf,0,1,564.2,2,4,171.4
49405919,02100103,51.1,12.3,0,0,1864.4,0,1,587.2,0,0,inf,2,5,194.4,0,0,inf,0,1,587.2,2,4,194.4
49407026,02100103,185.2,10.6,0,0,1808.4,0,1,680.5,0,0,inf,2,6,287.7,0,0,inf,0,1,680.5,2,5,287.7
49407027,02100103,211.6,0.0,0,0,1805.3,0,1,655.2,0,0,inf,2,6,262.4,0,0,inf,0,1,655.2,2,5,262.4
49407028,02100103,206.7,0.0,0,0,1765.0,0,1,707.4,0,0,inf,2,6,227.3,0,0,inf,0,1,707.4,2,5,227.3
49407029,02100103,143.9,20.2,0,0,1708.9,0,1,788.5,0,0,inf,2,6,288.5,0,0,inf,0,1,788.5,2,5,288.5
49407316,02100105,69.5,53.5,0,0,inf,1,1,372.4,0,0,inf,1,4,372.4,0,0,inf,1,1,372.4,1,2,372.4
49407317,02100105,68.8,67.3,0,0,inf,0,1,525.3,0,0,inf,0,3,525.3,0,0,inf,0,1,525.3,0,2,525.3
49407321,02100105,136.8,10.1,0,0,inf,0,2,460.3,0,0,inf,0,6,419.5,0,0,inf,0,2,460.3,0,4,460.3
49407323,02100105,73.0,14.6,0,0,1967.7,1,1,321.4,0,0,inf,1,4,321.4,0,0,inf,1,1,321.4,1,2,321.4
49407324,02100105,48.4,6.3,0,0,1900.4,0,2,427.6,0,0,inf,1,7,205.3,0,0,inf,0,2,427.6,0,5,427.6
49407325,02100105,61.1,9.0,0,0,inf,0,2,540.0,0,0,inf,1,6,317.8,0,0,inf,0,2,540.0,0,4,540.0
49407326,02100105,153.4,19.4,0,0,1964.3,0,2,491.5,0,0,inf,1,6,269.3,0,0,inf,0,2,491.5,0,4,491.5
49436220,02200211,14.0,15.3,0,0,inf,0,2,636.4,0,0,inf,2,6,333.8,0,0,inf,0,2,636.4,2,5,333.8
49436222,02200211,13.7,16.1,0,0,inf,0,2,687.3,0,0,inf,2,6,341.4,0,0,inf,0,2,687.3,2,5,341.4
49436223,02200211,13.1,15.8,0,0,inf,0,2,704.4,0,0,inf,1,6,323.5,0,0,inf,0,2,704.4,1,5,323.5
49436224,02200211,13.0,15.8,0,0,inf,0,2,720.3,0,0,inf,1,6,307.6,0,0,inf,0,2,720.3,1,5,307.6
49436225,02200211,14.8,16.0,0,0,inf,0,2,709.1,0,0,inf,1,6,292.1,0,0,inf,0,2,709.1,1,5,292.1
49436227,02200211,12.0,37.2,0,0,inf,0,2,730.0,0,0,inf,1,6,313.1,0,0,inf,0,2,730.0,1,5,313.1
49436228,02200211,11.3,37.7,0,0,inf,0,2,742.3,0,0,inf,1,6,329.4,0,0,inf,0,2,742.3,1,5,329.4
49436229,02200211,4.4,37.1,0,0,inf,0,2,730.7,0,0,inf,1,6,339.8,0,0,inf,0,2,730.7,1,5,339.8
49436231,02200211,10.0,38.9,0,0,inf,0,2,644.7,0,0,inf,1,6,342.1,0,0,inf,0,2,644.7,1,5,342.1
49436232,02200211,15.0,15.7,0,0,1992.8,0,2,624.4,0,0,inf,1,7,321.8,0,0,inf,0,2,624.4,1,6,321.8
49436483,02200211,14.4,15.5,0,0,inf,0,2,692.5,0,0,inf,2,6,275.5,0,0,inf,0,2,692.5,2,5,275.5
49436484,02200211,13.1,36.4,0,0,inf,0,1,713.0,0,0,inf,1,5,296.1,0,0,inf,0,1,713.0,1,4,296.1
49436485,02200211,12.8,16.0,0,0,inf,0,1,677.6,0,0,inf,2,5,260.6,0,0,inf,0,1,677.6,2,4,260.6
49512687,02200211,17.8,22.3,0,0,inf,0,1,674.1,0,0,inf,2,5,257.1,0,0,inf,0,1,674.1,2,4,257.1
49512688,02200211,18.1,22.9,0,0,inf,0,1,649.6,0,0,inf,2,6,232.6,0,0,inf,0,1,649.6,2,4,232.6
49512689,02200211,14.1,16.6,0,0,inf,0,1,634.1,0,0,inf,2,6,217.1,0,0,inf,0,1,634.1,2,4,217.1
49512690,02200211,16.2,17.7,0,0,inf,0,1,622.2,0,0,inf,2,6,205.2,0,0,inf,0,1,622.2,2,4,205.2
49512691,02200211,18.2,15.7,0,0,inf,0,1,599.4,0,0,inf,2,7,182.4,0,0,inf,0,1,599.4,2,5,182.4
49513149,02200211,23.9,20.3,0,0,inf,0,1,566.2,0,0,inf,2,6,186.3,0,0,inf,0,1,566.2,2,4,186.3
49513150,02200211,14.2,17.4,0,0,inf,0,1,620.8,0,0,inf,2,5,203.8,0,0,inf,0,1,620.8,2,4,203.8
49513151,02200211,10.9,38.0,0,0,inf,0,1,651.0,0,0,inf,2,5,234.0,0,0,inf,0,1,651.0,2,4,234.0
49513152,02200211,16.0,16.7,0,0,inf,0,1,634.9,0,0,inf,2,5,218.0,0,0,inf,0,1,634.9,2,4,218.0
49513153,02200211,23.1,16.5,0,0,inf,0,1,655.2,0,0,inf,2,5,238.3,0,0,inf,0,1,655.2,2,4,238.3
49513335,02200211,25.5,15.6,0,0,inf,0,1,678.8,0,0,inf,2,6,261.8,0,0,inf,0,1,678.8,2,5,261.8
49513336,02200211,10.8,15.5,0,0,inf,0,1,697.7,0,0,inf,2,6,280.7,0,0,inf,0,1,697.7,2,5,280.7
49513337,02200211,28.8,16.3,0,0,inf,0,1,692.7,0,0,inf,1,6,300.1,0,0,inf,0,1,692.7,1,5,300.1
49513464,02200211,26.2,16.3,0,0,1970.9,0,2,636.5,0,0,inf,0,7,421.7,0,0,inf,0,2,636.5,0,6,421.7
49513465,02200211,13.2,15.7,0,0,inf,0,2,595.9,0,0,inf,0,7,461.0,0,0,inf,0,2,595.9,0,6,461.0
49513466,02200211,13.6,15.6,0,0,inf,0,2,579.4,0,0,inf,0,7,477.4,0,0,inf,0,2,579.4,0,6,477.4
49513467,02200211,29.5,26.1,0,0,inf,0,2,580.5,0,0,inf,0,7,497.1,0,0,inf,0,2,580.5,0,6,497.1
49514569,02200211,26.1,16.2,0,0,inf,0,2,589.2,0,0,inf,0,7,468.8,0,0,inf,0,2,589.2,0,6,468.8
49514570,02200211,13.1,15.1,0,0,1999.0,0,2,606.0,0,0,inf,0,7,449.8,0,0,inf,0,2,606.0,0,6,449.8
49514909,02200211,16.8,16.5,0,0,1990.4,0,2,655.8,0,0,inf,0,7,403.1,0,0,inf,0,2,655.8,0,6,403.1
49514910,02200211,17.1,16.4,0,0,inf,0,2,673.7,0,0,inf,2,6,384.9,0,0,inf,0,2,673.7,2,5,384.9
49514911,02200211,19.7,16.5,0,0,inf,0,2,669.3,0,0,inf,2,6,366.6,0,0,inf,0,2,669.3,2,5,366.6
49514912,02200211,10.7,15.7,0,0,inf,0,2,672.8,0,0,inf,2,6,355.0,0,0,inf,0,2,672.8,2,5,355.0
49514913,02200211,12.8,15.6,0,0,inf,0,2,687.0,0,0,inf,2,6,340.6,0,0,inf,0,2,687.0,2,5,340.6
49514914,02200211,31.8,16.3,0,0,inf,0,2,736.4,0,0,inf,1,6,291.1,0,0,inf,0,2,736.4,1,5,291.1
49514915,02200211,23.9,16.6,0,0,inf,0,2,698.4,0,0,inf,2,6,281.4,0,0,inf,0,2,698.4,2,5,281.4
49514916,02200211,16.0,15.3,0,0,inf,0,2,679.2,0,0,inf,2,6,262.2,0,0,inf,0,2,679.2,2,5,262.2
49514917,02200211,13.6,15.5,0,0,inf,0,1,662.1,0,0,inf,2,5,245.2,0,0,inf,0,1,662.1,2,4,245.2
49514918,02200211,14.1,16.3,0,0,inf,0,1,647.9,0,0,inf,2,6,230.9,0,0,inf,0,1,647.9,2,4,230.9
49514919,02200211,13.2,15.8,0,0,inf,0,1,632.2,0,0,inf,2,6,215.2,0,0,inf,0,1,632.2,2,4,215.2
49514920,02200211,15.6,20.6,0,0,inf,0,1,617.2,0,0,inf,2,6,200.2,0,0,inf,0,1,617.2,2,4,200.2
49514922,02200211,29.6,20.1,0,0,inf,0,1,602.5,0,0,inf,2,8,149.6,0,0,inf,0,1,602.5,2,6,149.6
49514988,02200211,31.4,19.6,0,0,inf,0,1,610.6,0,0,inf,2,7,140.7,0,0,inf,0,1,610.6,2,6,140.7
49514989,02200211,14.9,15.9,0,0,inf,0,1,631.2,0,0,inf,2,5,214.3,0,0,inf,0,1,631.2,2,4,214.3
49514990,02200211,13.9,15.6,0,0,inf,0,1,647.1,0,0,inf,2,5,230.2,0,0,inf,0,1,647.1,2,4,230.2
49514991,02200211,13.2,16.1,0,0,inf,0,1,662.6,0,0,inf,2,5,245.6,0,0,inf,0,1,662.6,2,4,245.6
49514992,02200211,12.0,15.8,0,0,inf,0,1,676.7,0,0,inf,2,6,259.8,0,0,inf,0,1,676.7,2,5,259.8
49514993,02200211,14.6,15.7,0,0,inf,0,1,692.4,0,0,inf,2,6,275.4,0,0,inf,0,1,692.4,2,5,275.4
49514994,02200211,37.7,15.7,0,0,inf,0,1,701.7,0,0,inf,1,6,272.4,0,0,inf,0,1,701.7,1,5,272.4
49515416,02200211,15.5,15.3,0,0,1923.6,0,2,677.0,0,0,inf,1,7,374.4,0,0,inf,0,2,677.0,1,6,374.4
49515417,02200211,13.8,15.2,0,0,1911.9,0,2,665.3,0,0,inf,1,8,362.7,0,0,inf,0,2,665.3,1,6,362.7
49515418,02200211,30.5,15.8,0,0,1897.1,0,2,650.5,0,0,inf,1,8,347.9,0,0,inf,0,2,650.5,1,6,347.9
49515419,02200211,13.0,16.1,0,0,1834.0,0,3,666.7,0,0,inf,1,8,364.1,0,0,inf,0,3,666.7,1,6,364.1
49515420,02200211,15.4,16.7,0,0,1818.7,0,3,683.3,0,0,inf,1,8,380.7,0,0,inf,0,3,683.3,1,6,380.7
49515421,02200211,17.6,13.6,0,0,1812.9,0,2,698.8,0,0,inf,2,7,396.2,0,0,inf,0,2,698.8,1,5,396.2
49515813,02200211,22.1,14.3,0,0,1832.7,0,2,718.6,0,0,inf,0,7,416.0,0,0,inf,0,2,718.6,0,5,416.0
49515814,02200211,19.1,31.7,0,0,1830.9,0,2,716.7,0,0,inf,0,7,414.1,0,0,inf,0,2,716.7,0,5,414.1
49515815,02200211,20.3,35.1,0,0,1853.5,0,2,739.4,0,0,inf,0,7,436.8,0,0,inf,0,2,739.4,0,5,436.8
49939622,02100101,39.3,9.7,1,2,298.8,0,3,502.2,0,0,inf,3,6,298.8,0,1,719.6,1,4,298.8,3,7,298.8
49940018,02100101,25.5,18.4,1,1,201.0,0,2,552.0,0,0,inf,2,6,201.0,0,0,818.7,1,3,201.0,2,7,201.0
49940020,02100101,33.6,17.2,1,1,228.2,0,2,481.3,0,0,inf,2,6,164.9,0,0,886.9,1,3,228.2,2,7,164.9
49940022,02100101,31.0,17.1,1,1,261.4,0,2,448.1,0,0,inf,2,6,131.8,0,0,920.0,1,3,261.4,2,7,131.8
49940023,02100101,17.1,19.7,1,1,289.3,0,2,425.3,0,0,inf,2,5,108.9,0,0,901.0,1,3,289.3,2,6,108.9
49940024,02100101,56.1,15.5,1,1,346.1,0,2,403.1,0,0,inf,2,5,192.8,0,0,830.4,1,3,346.1,2,6,192.8
49940026,02100101,12.3,15.5,0,2,407.0,1,3,379.8,0,0,inf,2,5,207.5,0,1,766.6,1,4,379.8,2,6,207.5
49940027,02100101,13.4,6.2,1,2,363.2,0,3,405.1,0,0,inf,2,6,232.8,0,1,754.2,1,4,363.2,2,7,232.8
49940030,02100101,32.4,7.8,1,2,364.9,0,3,406.6,0,0,inf,2,6,234.3,0,1,755.7,1,4,364.9,2,7,234.3
50013027,02100101,35.8,12.2,1,2,344.3,0,3,476.9,0,0,inf,3,7,304.6,0,1,694.3,1,4,344.3,3,8,304.6
50013723,02100101,19.1,14.0,1,2,355.3,0,3,487.9,0,0,inf,3,7,315.6,0,1,655.5,1,4,355.3,3,8,315.6
50013724,02100101,19.1,14.0,1,2,359.7,0,3,510.3,0,0,inf,3,7,300.5,0,1,633.0,1,4,359.7,3,8,300.5
50013726,02100101,12.6,14.7,1,2,344.6,0,3,527.0,0,0,inf,3,7,285.4,0,1,617.9,1,4,344.6,3,8,285.4
50013728,02100101,14.0,14.4,1,2,305.7,0,2,527.4,0,0,inf,2,8,246.5,0,1,578.9,1,3,305.7,2,8,246.5
50013730,02100101,34.8,25.6,0,2,430.2,0,2,514.2,0,0,inf,1,7,390.5,0,1,663.0,0,3,430.2,1,7,390.5
50014256,02100101,12.1,14.9,0,2,434.0,0,2,476.5,0,0,inf,1,7,362.6,0,1,625.3,0,3,434.0,1,7,362.6
50014627,02100101,65.7,28.5,0,2,465.4,0,2,484.9,0,0,inf,0,7,419.1,0,1,633.7,0,3,465.4,0,7,419.1
51109546,02300314,16.3,16.1,0,0,1886.5,1,2,286.6,0,0,inf,5,12,208.7,0,0,inf,1,2,286.6,3,5,257.7
51460346,02500727,71.5,17.0,0,0,1370.7,0,2,450.3,0,6,450.3,0,3,450.3,0,0,inf,0,2,450.3,0,4,450.3
51460373,02500727,49.3,51.4,0,0,1598.7,0,1,408.6,0,5,408.6,0,1,408.6,0,0,inf,0,1,408.6,0,2,408.6
51460390,02500727,74.7,24.0,0,0,1490.7,0,2,433.7,0,6,433.7,0,2,433.7,0,0,inf,0,2,433.7,0,3,433.7
51460453,02500727,21.2,14.3,0,0,1380.6,0,2,552.4,0,6,438.9,0,2,552.4,0,0,inf,0,2,552.4,0,3,552.4
51460489,02500727,42.4,32.6,0,0,1455.9,0,2,513.9,0,5,400.4,0,2,513.9,0,0,inf,0,2,513.9,0,3,513.9
51460491,02500727,9.2,35.1,0,0,1442.2,0,2,532.6,0,5,419.1,0,2,532.6,0,0,inf,0,2,532.6,0,3,532.6
51460496,02500727,30.0,28.2,0,0,1277.3,0,2,544.2,0,6,467.9,0,3,544.2,0,0,inf,0,2,544.2,0,3,544.2
51460502,02500727,17.8,32.1,0,0,1311.4,0,2,515.9,0,5,477.2,0,4,515.9,0,0,1987.2,0,2,515.9,0,4,515.9
51460577,02500727,17.7,20.1,0,0,1487.6,0,1,535.8,3,6,112.2,0,1,535.8,0,0,inf,0,1,535.8,1,3,352.1
51460636,02500727,38.8,33.4,0,0,1347.1,0,1,520.6,2,5,146.3,0,1,520.6,0,0,inf,0,1,520.6,1,3,259.9
51460855,02500727,98.8,10.3,0,0,1360.8,0,1,760.9,2,5,269.6,0,1,760.9,0,0,inf,0,1,760.9,0,2,577.2
51461235,02500727,49.6,27.8,0,0,1218.7,0,1,637.7,2,6,263.4,0,2,637.7,0,0,inf,0,1,637.7,1,3,376.9
51461465,02500727,16.3,17.3,0,0,1458.5,0,1,678.9,2,6,203.1,0,1,678.9,0,0,inf,0,1,678.9,0,2,495.2
51461556,02500727,17.1,48.5,0,0,1524.8,0,1,674.9,2,5,251.3,0,1,674.9,0,0,inf,0,1,674.9,0,2,491.3
51461733,02500727,81.8,14.8,0,0,1346.2,0,1,742.6,3,6,90.8,0,1,742.6,0,0,inf,0,1,742.6,0,2,602.6
51461837,02500727,41.4,16.3,0,0,1369.4,0,1,722.4,3,6,113.9,0,1,722.4,0,0,inf,0,1,722.4,0,2,582.3
51537550,02400522,24.9,62.3,0,0,1655.4,0,0,817.1,1,3,363.8,0,0,817.1,0,0,inf,0,0,817.1,1,2,363.8
51537553,02400522,25.0,25.1,0,0,1582.5,0,1,696.6,1,4,290.9,0,1,696.6,0,0,inf,0,1,696.6,1,3,290.9
51537566,02400522,17.8,49.6,0,0,1643.0,0,1,757.1,1,4,351.4,0,1,757.1,0,0,inf,0,1,757.1,1,3,351.4
51735927,02300314,16.4,14.1,0,0,1611.7,0,2,493.4,0,0,inf,2,13,143.3,0,0,1900.9,0,2,493.4,2,5,143.3
51735928,02100104,12.5,13.9,0,0,1539.1,0,2,466.6,0,0,inf,1,12,155.3,0,0,1973.1,0,2,466.6,1,5,155.3
51735929,02100104,36.7,10.6,0,0,1726.3,1,1,352.5,0,0,inf,3,7,130.5,0,0,inf,1,1,352.5,3,5,130.5
51740917,02100102,87.7,17.4,0,0,1212.5,1,1,343.3,0,0,inf,3,9,128.8,0,0,1896.2,1,1,343.3,3,7,128.8
51740918,02100102,105.0,9.9,0,0,1335.5,0,1,466.3,0,0,inf,2,7,166.5,0,0,inf,0,1,466.3,2,5,166.5
51741113,02100102,158.4,20.9,0,0,1180.5,1,1,311.3,0,0,inf,3,9,167.7,0,0,1864.2,1,1,311.3,3,6,167.7
51741316,02100102,101.9,10.0,0,0,1294.1,0,1,595.3,0,0,inf,2,7,103.8,0,0,1977.7,0,1,595.3,2,5,103.8
51741344,02100102,101.7,14.0,0,0,1276.2,0,1,577.5,0,0,inf,2,7,86.0,0,0,1959.9,0,1,577.5,2,5,86.0
51741702,02100102,205.3,28.6,0,0,1139.2,0,1,541.3,0,0,inf,2,8,126.2,0,0,1822.9,0,1,541.3,2,6,126.2
51743122,02100102,194.9,15.9,0,0,1063.4,0,1,465.5,0,0,inf,2,8,176.5,0,0,1747.1,0,1,465.5,1,6,176.5
51743124,02100102,22.0,10.0,0,0,991.8,1,2,390.7,0,0,inf,3,10,239.5,0,0,1675.5,1,2,390.7,2,7,239.5
51743265,02100102,71.9,44.3,0,0,1038.4,0,2,437.3,0,0,inf,2,8,261.4,0,0,1722.1,0,2,437.3,1,6,261.4
51743266,02100102,51.8,20.2,0,0,1003.8,1,2,336.6,0,0,inf,4,10,313.9,0,0,1687.5,1,2,336.6,2,7,313.9
51744822,02100102,260.7,18.3,0,0,995.9,0,2,437.4,0,0,inf,2,9,248.9,0,0,1679.6,0,2,437.4,1,7,248.9
51744823,02100102,47.6,23.6,0,0,1052.7,0,2,567.4,0,0,inf,3,9,184.7,0,0,1736.4,0,2,567.4,2,7,184.7
51745563,02100103,123.7,1.0,0,0,1201.1,0,1,617.8,0,0,inf,3,8,88.1,0,0,1884.8,0,1,617.8,3,6,88.1
51774895,02100104,19.1,16.4,0,0,1505.7,1,2,337.1,0,0,inf,2,12,306.6,0,0,inf,1,2,337.1,2,5,306.6
51774897,02100104,18.1,15.6,0,0,1633.0,1,2,289.1,0,0,inf,3,12,148.8,0,0,inf,1,2,289.1,2,6,148.8
51774898,02100104,155.2,20.9,0,0,1635.2,1,1,216.5,0,0,inf,2,10,216.5,0,0,inf,1,1,216.5,2,4,216.5
51774899,02100104,15.8,10.8,0,0,1562.3,1,2,280.6,0,0,inf,2,12,254.6,0,0,inf,1,2,280.6,2,6,254.6
51774900,02300314,1.6,50.6,0,0,1883.4,1,2,358.8,0,0,inf,5,11,254.7,0,0,inf,1,2,358.8,3,5,254.7
51774901,02300314,7.5,55.1,0,0,1879.0,1,2,372.2,0,0,inf,5,11,250.2,0,0,inf,1,2,372.2,3,5,250.2
51774902,02300314,14.7,16.6,0,0,1808.6,0,2,454.2,0,0,inf,4,12,184.7,0,0,inf,0,2,454.2,2,5,184.7
51774903,02300314,22.8,13.0,0,0,1790.7,0,2,431.3,0,0,inf,4,12,161.9,0,0,1981.7,0,2,431.3,2,5,161.9
51774904,02300314,10.0,17.6,0,0,1829.1,1,2,347.0,0,0,inf,5,12,200.3,0,0,inf,1,2,347.0,3,5,200.3
51774905,02300314,9.0,19.3,0,0,1842.3,1,2,337.2,0,0,inf,5,12,213.6,0,0,inf,1,2,337.2,3,5,213.6
51774914,02100104,49.9,17.7,0,0,1394.4,1,2,210.3,0,0,inf,1,10,210.3,0,0,inf,1,2,210.3,1,5,210.3
51799148,02300314,13.0,15.5,0,0,1824.1,1,2,347.8,0,0,inf,5,12,195.3,0,0,inf,1,2,347.8,3,5,195.3
51799149,02300314,19.9,15.3,0,0,1809.1,1,2,362.5,0,0,inf,5,12,180.3,0,0,inf,1,2,362.5,3,5,180.3
51799150,02300314,12.9,15.3,0,0,1793.7,1,2,377.9,0,0,inf,5,12,165.0,0,0,1984.7,1,2,377.9,3,5,165.0
51799151,02300314,10.7,15.3,0,0,1763.4,0,2,465.8,0,0,inf,4,12,133.6,0,0,1923.0,0,2,465.8,2,5,133.6
51961333,02400521,130.5,16.7,0,0,1392.1,1,2,200.3,0,2,668.0,1,5,200.3,0,0,1417.7,1,2,200.3,1,4,200.3
51961338,02400521,25.0,16.8,0,0,1277.2,1,2,315.3,0,2,555.5,1,5,315.3,0,0,1532.8,1,2,315.3,1,4,315.3
52031995,02500835,61.5,39.6,0,1,782.4,0,0,1592.1,0,0,1186.0,0,4,584.7,0,1,782.4,0,1,782.4,0,2,584.7
52090751,02400624,50.8,6.8,0,0,1335.2,1,2,222.0,0,2,769.5,1,6,222.0,0,0,1335.2,1,2,222.0,1,5,222.0
52090764,02400624,48.3,12.0,0,0,1354.1,1,2,350.2,0,2,657.3,1,6,350.2,0,0,1488.3,1,2,350.2,1,5,350.2
52090789,02400624,48.1,10.8,0,0,1398.8,1,2,394.9,0,2,626.2,1,5,394.9,0,0,1533.0,1,2,394.9,1,4,394.9
52090794,02400624,48.2,11.2,0,0,1448.5,0,2,441.3,0,3,581.8,0,5,441.3,0,0,1579.5,0,2,441.3,0,5,441.3
52090797,02400624,30.7,9.6,0,0,1491.1,0,2,472.7,0,4,519.2,0,4,472.7,0,0,1610.9,0,2,472.7,0,5,472.7
52090798,02400624,51.0,37.8,0,0,1500.4,0,2,519.9,0,3,566.3,0,4,519.9,0,0,1658.1,0,2,519.9,0,5,519.9
52090802,02400624,42.1,7.3,0,0,1456.5,0,2,502.8,0,3,549.2,0,4,502.8,0,0,1640.9,0,2,502.8,0,5,502.8
52090876,02400624,52.7,37.7,0,0,1062.4,1,1,365.3,0,0,891.6,1,5,365.3,0,0,1062.4,1,1,365.3,1,4,365.3
52091064,02400624,38.0,37.5,0,0,1163.4,0,1,452.4,0,2,668.1,1,6,256.2,0,0,1345.6,0,1,452.4,1,5,256.2
52116531,02100102,38.7,22.3,0,1,655.6,0,3,583.2,0,0,inf,2,11,71.1,0,0,1339.3,0,4,583.2,1,8,200.5
52116533,02100102,38.5,15.0,0,1,653.5,0,3,623.1,0,0,inf,2,11,111.0,0,0,1337.2,0,4,623.1,1,8,240.3
52116535,02100102,24.1,9.0,0,1,722.0,0,2,650.4,0,0,inf,2,10,220.3,0,0,1405.7,0,3,650.4,1,8,349.7
52116539,02100102,102.8,16.3,0,0,861.3,0,2,539.7,0,0,inf,1,10,295.0,0,0,1545.0,0,2,539.7,0,8,424.4
52168459,02100102,109.0,37.8,0,0,815.0,0,2,450.2,0,0,inf,3,10,140.4,0,0,1498.6,0,2,450.2,1,7,303.8
52168460,02100102,54.8,69.3,0,0,846.2,0,2,481.9,0,0,inf,3,9,171.6,0,0,1529.9,0,2,481.9,1,6,335.4
52168461,02100102,60.3,61.4,0,0,837.0,0,1,597.8,0,0,inf,2,9,162.5,0,0,1520.7,0,1,597.8,1,6,381.9
52168463,02100102,55.7,52.2,0,0,930.9,0,2,487.1,0,0,inf,2,8,256.3,0,0,1614.5,0,2,487.1,1,6,386.4
52168464,02100102,20.1,36.7,0,0,915.4,0,2,471.7,0,0,inf,2,8,240.8,0,0,1599.0,0,2,471.7,1,6,370.9
52168465,02100102,25.8,31.0,0,0,909.7,0,2,466.0,0,0,inf,2,8,235.1,0,0,1593.4,0,2,466.0,1,6,365.2
52168466,02100102,34.6,26.9,0,0,905.6,0,2,461.9,0,0,inf,2,9,231.1,0,0,1589.3,0,2,461.9,1,7,361.1
52168467,02100102,103.1,19.8,0,0,917.0,0,2,436.3,0,0,inf,2,8,242.5,0,0,1600.7,0,2,436.3,1,6,335.5
52168993,02100101,17.6,16.8,0,1,531.8,0,2,553.6,0,0,inf,2,11,76.7,0,0,1215.5,0,3,531.8,1,8,76.7
52168995,02100101,20.2,10.1,0,1,625.0,0,2,684.6,0,0,inf,2,9,172.5,0,0,1308.6,0,3,625.0,1,7,301.9
52168996,02100101,24.2,8.3,0,1,595.2,0,3,647.5,0,0,inf,2,11,135.4,0,0,1278.8,0,4,595.2,1,8,264.8
52168997,02100101,25.3,31.4,0,1,474.3,0,2,570.7,0,0,inf,2,10,124.1,0,0,1157.9,0,3,474.3,1,7,124.1
52169317,02100102,29.4,33.5,0,0,1069.2,0,1,516.6,0,0,1820.8,1,8,311.5,0,0,1639.9,0,1,516.6,1,7,311.5
52170597,02100102,25.2,11.0,0,0,853.9,0,2,536.8,0,0,inf,1,10,287.5,0,0,1537.6,0,2,536.8,0,8,416.9
52170600,02100102,37.6,25.0,0,0,868.3,0,2,527.6,0,0,inf,1,10,302.0,0,0,1552.0,0,2,527.6,0,8,405.7
52170602,02100102,26.7,16.8,0,0,875.9,0,2,503.6,0,0,inf,2,10,309.6,0,0,1559.6,0,2,503.6,1,8,381.7
52170604,02100102,16.8,16.6,0,0,895.5,0,2,483.4,0,0,inf,2,10,292.6,0,0,1579.2,0,2,483.4,1,8,361.6
52170610,02100102,23.5,15.1,0,0,929.4,0,2,445.6,0,0,inf,2,8,254.9,0,0,1613.1,0,2,445.6,1,6,291.1
52170619,02100102,24.7,13.8,0,0,964.8,0,2,479.5,0,0,inf,2,8,253.0,0,0,1648.5,0,2,479.5,1,6,253.0
52199568,02100102,23.5,0.0,0,1,766.2,0,2,479.6,0,0,inf,1,11,319.4,0,0,1449.9,0,3,479.6,0,9,448.8
52199569,02100102,61.2,19.6,0,0,812.9,0,2,455.0,0,0,inf,1,10,383.2,0,0,1496.6,0,2,455.0,0,8,455.0
52492453,02400520,19.5,53.7,0,0,1547.6,0,0,1402.3,1,3,183.5,2,5,183.5,0,0,inf,0,0,1402.3,1,3,183.5
52518479,02300417,24.8,20.1,0,0,1900.8,1,1,367.4,0,0,1900.8,4,8,46.4,0,0,inf,1,1,367.4,3,6,46.4
52518482,02300315,20.3,15.7,0,0,1604.6,0,1,400.9,0,0,inf,3,12,97.7,0,0,1604.6,0,1,400.9,1,7,273.9
52518484,02300315,15.6,18.5,0,0,1695.8,1,1,384.2,0,0,1988.2,4,13,81.1,0,0,1695.8,1,1,384.2,2,8,365.1
52525453,02100106,16.3,16.2,0,0,inf,1,3,165.1,0,0,inf,3,11,165.1,0,0,inf,1,3,165.1,1,6,165.1
52525456,02100106,19.7,15.7,0,0,inf,1,2,366.6,0,0,inf,1,8,366.6,0,0,inf,1,2,366.6,1,5,366.6
52525457,02100106,29.8,13.4,0,0,inf,0,2,476.1,0,0,inf,1,8,334.2,0,0,inf,0,2,476.1,0,5,476.1
52525458,02100106,20.0,16.4,0,0,inf,1,2,386.7,0,0,inf,1,8,386.7,0,0,inf,1,2,386.7,1,5,386.7
52525459,02100106,16.7,15.3,0,0,inf,1,2,397.8,0,0,inf,1,8,397.8,0,0,inf,1,2,397.8,1,5,397.8
52525460,02100106,19.8,15.9,0,0,inf,1,2,388.0,0,0,inf,1,8,388.0,0,0,inf,1,2,388.0,1,5,388.0
52525461,02100106,19.7,15.5,0,0,inf,1,2,353.9,0,0,inf,2,8,353.9,0,0,inf,1,2,353.9,1,5,353.9
52525462,02100106,14.5,39.6,0,0,inf,0,2,410.7,0,0,inf,0,8,410.7,0,0,inf,0,2,410.7,0,5,410.7
52525463,02100106,15.4,15.8,0,0,inf,0,2,403.8,0,0,inf,0,8,403.8,0,0,inf,0,2,403.8,0,5,403.8
52525464,02100106,16.1,16.2,0,0,inf,0,2,420.4,0,0,inf,1,8,395.4,0,0,inf,0,2,420.4,0,5,420.4
52525465,02100106,26.6,31.9,0,0,inf,0,2,502.5,0,0,inf,0,8,418.3,0,0,inf,0,2,502.5,0,5,502.5
52525467,02100106,20.7,15.8,0,0,inf,1,2,373.9,0,0,inf,1,8,373.9,0,0,inf,1,2,373.9,1,5,373.9
52525468,02100106,33.4,65.5,0,0,inf,0,2,434.6,0,0,inf,0,8,434.6,0,0,inf,0,2,434.6,0,5,434.6
52525469,02100106,9.6,12.7,0,0,inf,0,2,508.0,0,0,inf,1,8,300.9,0,0,inf,0,2,508.0,0,5,508.0
52525470,02100106,14.9,11.6,0,0,inf,0,2,492.8,0,0,inf,1,8,313.8,0,0,inf,0,2,492.8,0,5,492.8
52525472,02100106,7.4,30.0,0,0,inf,0,2,524.8,0,0,inf,1,7,318.6,0,0,inf,0,2,524.8,0,4,524.8
52525475,02100106,20.7,17.0,0,0,inf,0,3,412.3,0,0,inf,1,8,94.3,0,0,inf,0,3,412.3,0,5,412.3
52525480,02100106,17.6,25.8,0,0,inf,1,3,240.8,0,0,inf,3,10,204.2,0,0,inf,1,3,240.8,1,6,240.8
52525481,02100106,25.6,26.2,0,0,inf,1,2,281.3,0,0,inf,3,9,164.6,0,0,inf,1,2,281.3,1,5,281.3
52525482,02100106,23.0,26.1,0,0,inf,1,3,258.3,0,0,inf,3,10,187.3,0,0,inf,1,3,258.3,1,6,258.3
52525485,02100106,19.0,17.8,0,0,inf,1,2,207.3,0,0,inf,3,9,207.3,0,0,inf,1,2,207.3,1,5,207.3
52525486,02100106,54.6,15.7,0,0,inf,1,2,194.6,0,0,inf,3,9,194.6,0,0,inf,1,2,194.6,1,5,194.6
52525487,02100106,63.9,40.7,0,0,inf,1,2,322.3,0,0,inf,3,8,152.5,0,0,inf,1,2,322.3,1,5,322.3
52525488,02100106,35.3,10.5,0,0,inf,1,3,132.0,0,0,inf,3,10,132.0,0,0,inf,1,3,132.0,1,6,132.0
52525489,02100106,33.9,25.6,0,0,inf,1,3,147.1,0,0,inf,3,10,147.1,0,0,inf,1,3,147.1,1,6,147.1
52525490,02100106,35.6,11.0,0,0,inf,1,3,116.4,0,0,inf,3,10,116.4,0,0,inf,1,3,116.4,1,6,116.4
52525491,02100106,36.6,6.6,0,0,inf,1,3,145.4,0,0,inf,3,11,145.4,0,0,inf,1,3,145.4,1,6,145.4
52525492,02300314,15.4,15.7,0,0,1829.1,1,3,221.0,0,0,inf,5,13,99.3,0,0,1829.1,1,3,221.0,3,6,107.8
52525495,02300314,18.1,13.9,0,0,1707.3,0,2,489.3,0,0,inf,3,12,157.1,0,0,1870.5,0,2,489.3,2,5,157.1
52525496,02300314,8.0,26.6,0,0,1788.3,1,3,356.0,0,0,inf,6,14,59.3,0,0,1788.3,1,3,356.0,4,6,59.3
52526525,02100106,33.7,15.3,0,0,inf,0,2,437.2,0,0,inf,1,8,376.7,0,0,inf,0,2,437.2,0,5,437.2
52566585,02100104,25.4,16.2,0,0,1538.8,1,2,108.9,0,0,inf,3,10,108.9,0,0,inf,1,2,108.9,2,6,108.9
52566586,02300315,18.1,10.4,0,0,1519.7,0,1,596.8,0,0,inf,5,13,125.5,0,0,1519.7,0,1,596.8,1,6,375.8
52566588,02100104,34.4,20.3,0,0,1815.2,0,3,469.4,0,0,inf,2,11,141.3,0,0,inf,0,3,469.4,1,6,244.0
52566589,02100104,18.0,17.3,0,0,1931.5,1,3,394.4,0,0,inf,4,11,65.9,0,0,inf,1,3,394.4,2,6,360.4
52566590,02300314,5.8,14.9,0,0,1549.6,0,2,591.0,0,0,inf,4,14,34.3,0,0,1549.6,0,2,591.0,1,6,302.0
52566591,02300314,10.6,13.7,0,0,1693.9,0,2,669.2,0,0,inf,3,12,178.6,0,0,1693.9,0,2,669.2,1,5,380.2
52566592,02300315,26.5,14.1,0,0,1492.2,0,1,533.9,0,0,1993.6,4,13,220.8,0,0,1492.2,0,1,533.9,1,8,220.8
52566593,02300315,15.6,17.9,0,0,1327.7,0,1,680.6,0,0,inf,3,13,140.5,0,0,1327.7,0,1,680.6,0,7,432.1
52566595,02300315,15.9,18.5,0,0,1329.7,0,1,705.1,0,0,inf,3,13,209.6,0,0,1329.7,0,1,705.1,1,7,392.0
52885684,02200212,13.4,16.1,0,0,inf,0,1,470.1,0,0,inf,1,7,363.8,0,0,inf,0,1,470.1,1,5,363.8
52885685,02200212,17.5,41.5,0,0,inf,0,1,480.3,0,0,inf,1,6,373.9,0,0,inf,0,1,480.3,1,5,373.9
52885686,02200212,44.0,23.7,0,0,inf,0,1,512.8,0,0,inf,0,7,410.4,0,0,inf,0,1,512.8,0,5,410.4
52885687,02200212,20.7,20.2,0,0,inf,0,1,458.9,0,0,inf,1,7,352.6,0,0,inf,0,1,458.9,1,5,352.6
52885688,02200212,19.3,20.1,0,0,inf,0,1,439.7,0,0,inf,1,6,333.4,0,0,inf,0,1,439.7,1,5,333.4
52885689,02200212,20.4,17.9,0,0,inf,0,1,422.5,0,0,inf,1,6,316.2,0,0,inf,0,1,422.5,1,5,316.2
52885690,02200212,20.1,16.5,0,0,inf,0,1,402.6,0,0,inf,1,6,296.3,0,0,inf,0,1,402.6,1,5,296.3
52885692,02200212,33.8,22.1,0,0,inf,1,1,298.0,0,0,inf,2,5,269.8,0,0,inf,1,1,298.0,2,4,269.8
53160480,02300315,23.1,18.6,0,0,1829.1,1,2,227.5,0,0,inf,2,14,205.1,0,0,1829.1,1,2,227.5,2,7,205.1
53160481,02300315,2.3,38.7,0,0,1986.4,1,2,273.1,0,0,inf,2,13,273.1,0,0,1986.4,1,2,273.1,2,6,273.1
53160482,02300315,3.8,30.5,0,0,1805.6,1,2,274.9,0,0,inf,2,14,181.6,0,0,1805.6,1,2,274.9,2,7,181.6
53170109,02500729,13.3,12.4,1,1,306.6,1,2,306.6,1,4,306.6,1,2,306.6,0,0,1670.8,1,2,306.6,1,5,306.6
53170221,02500729,24.8,15.3,0,1,763.8,0,1,763.8,1,4,376.8,0,1,763.8,0,0,inf,0,1,763.8,0,1,763.8
54225899,02500835,51.4,18.7,0,1,749.0,0,0,1636.4,0,0,1152.6,2,6,52.9,0,1,749.0,0,1,749.0,1,4,52.9
54225900,02500835,41.6,44.1,0,0,821.7,0,0,1698.0,0,0,1225.3,1,5,122.8,0,0,821.7,0,0,821.7,1,3,122.8
54452409,02500728,34.7,30.1,0,0,859.8,0,1,501.8,0,2,534.2,0,1,501.8,0,0,1875.6,0,1,501.8,0,1,501.8
54452417,02500729,37.4,29.6,0,0,849.2,0,1,730.7,0,3,409.4,0,1,730.7,0,0,inf,0,1,730.7,0,1,730.7
54452419,02500729,27.7,23.5,0,0,833.9,0,1,733.9,0,3,412.6,0,1,733.9,0,0,inf,0,1,733.9,0,1,733.9
54452425,02500728,32.2,25.2,0,0,1162.5,0,2,482.7,0,4,572.2,0,4,482.7,0,0,1954.0,0,2,482.7,0,4,482.7
54452449,02500728,25.0,23.3,0,0,1170.7,0,1,668.0,2,4,200.0,0,1,668.0,0,0,inf,0,1,668.0,0,1,668.0
54739468,02300314,4.9,49.6,0,0,1462.3,0,0,813.0,0,0,inf,2,11,224.9,0,0,1462.3,0,0,813.0,0,5,524.0
55503926,02300418,1.4,30.8,0,0,1967.5,0,0,1041.5,0,0,1998.1,1,4,368.5,0,0,inf,0,0,1041.5,1,4,368.5
55503927,02300418,1.4,31.7,0,0,inf,0,0,999.4,0,0,inf,1,4,326.4,0,0,inf,0,0,999.4,1,4,326.4
55503928,02300418,0.8,30.5,0,0,1986.1,0,0,1022.3,0,0,inf,1,4,349.3,0,0,inf,0,0,1022.3,1,4,349.3
56247632,02200207,8.4,8.7,0,0,1230.0,0,1,714.0,0,0,inf,0,1,714.0,0,0,1793.7,0,1,714.0,0,1,714.0
57114542,02100102,319.3,15.1,0,0,802.4,1,3,353.2,0,0,1922.6,1,9,353.2,0,0,1426.3,1,3,353.2,1,8,353.2
57114555,02100102,50.3,18.2,0,0,844.8,1,3,292.1,0,0,1861.9,1,10,292.1,0,0,1415.4,1,3,292.1,1,9,292.1
57114558,02100102,54.4,16.3,0,0,825.1,1,2,272.5,0,0,1842.3,1,9,272.5,0,0,1395.8,1,2,272.5,1,8,272.5
57129705,02100102,29.8,10.6,0,1,586.7,0,2,589.8,0,0,inf,2,10,245.6,0,0,1270.4,0,3,586.7,1,8,374.9
57129709,02100102,49.7,15.6,0,1,606.5,0,2,626.0,0,0,inf,2,10,219.3,0,0,1290.2,0,3,606.5,1,8,348.7
58252411,02200208,29.6,4.2,0,1,782.7,1,3,266.7,0,0,inf,1,6,266.7,0,0,1466.3,1,4,266.7,1,6,266.7
58252414,02200208,9.8,18.9,0,0,880.9,1,3,67.7,0,0,inf,1,7,67.7,0,0,1564.6,1,3,67.7,1,5,67.7
58252415,02200208,11.8,23.7,0,1,769.4,1,3,188.6,0,0,inf,1,6,188.6,0,0,1453.1,1,4,188.6,1,6,188.6
58252416,02200208,18.7,24.3,0,0,839.3,1,3,119.9,0,0,inf,1,6,119.9,0,0,1523.0,1,3,119.9,1,5,119.9
58252417,02200208,26.8,28.2,0,0,863.1,1,3,103.9,0,0,inf,1,7,103.9,0,0,1546.8,1,3,103.9,1,5,103.9
59285083,02200208,9.9,19.0,0,0,1074.6,0,3,499.6,0,0,inf,0,7,495.3,0,0,1758.3,0,3,499.6,0,5,495.3
59285086,02200208,18.7,63.0,0,0,1054.0,0,1,538.0,0,0,inf,0,4,538.0,0,0,1737.7,0,1,538.0,0,2,538.0
59285088,02200208,22.9,32.0,0,0,1078.0,0,3,502.9,0,0,inf,0,7,498.7,0,0,1761.7,0,3,502.9,0,5,498.7
59285090,02200208,27.8,19.7,0,0,853.4,1,3,278.3,0,0,inf,1,8,278.3,0,0,1537.1,1,3,278.3,1,5,278.3
59285091,02200208,58.2,36.0,0,0,1137.2,0,1,612.9,0,0,inf,0,5,608.6,0,0,1820.8,0,1,612.9,0,3,608.6
59285094,02200208,28.5,34.0,0,0,899.7,1,2,138.4,0,0,inf,1,7,138.4,0,0,1583.4,1,2,138.4,1,4,138.4
59285095,02200208,13.4,71.4,0,0,870.5,1,2,354.5,0,0,inf,1,2,354.5,0,0,1554.1,1,2,354.5,1,3,354.5
59285096,02200208,23.4,24.5,0,0,1036.8,0,3,461.7,0,0,inf,0,9,457.4,0,0,1720.5,0,3,461.7,0,6,457.4
59285099,02200208,27.2,20.3,0,0,1047.7,0,3,472.6,0,0,inf,0,9,468.4,0,0,1731.4,0,3,472.6,0,6,468.4
59285101,02200208,20.2,20.1,0,0,886.5,1,3,311.4,0,0,inf,1,8,311.4,0,0,1570.1,1,3,311.4,1,5,311.4
59285102,02200208,71.6,35.8,0,0,920.0,1,2,121.7,0,0,inf,1,8,121.7,0,0,1603.6,1,2,121.7,1,5,121.7
59285104,02200208,29.6,33.5,0,0,850.9,1,2,186.2,0,0,inf,1,7,186.2,0,0,1534.6,1,2,186.2,1,4,186.2
59285107,02200208,24.0,24.8,0,0,821.4,1,2,246.4,0,0,inf,2,7,246.4,0,0,1505.1,1,2,246.4,1,4,246.4
59285108,02200208,19.2,21.2,0,0,949.3,1,3,374.2,0,0,inf,1,9,374.2,0,0,1633.0,1,3,374.2,1,6,374.2
59285109,02200208,16.4,17.1,0,0,963.4,1,3,388.3,0,0,inf,1,10,388.3,0,0,1647.1,1,3,388.3,1,6,388.3
59285110,02200208,18.0,25.9,0,0,842.1,1,3,267.0,0,0,inf,1,8,267.0,0,0,1525.8,1,3,267.0,1,5,267.0
59285111,02200208,17.9,18.6,0,0,972.3,0,1,456.3,0,0,inf,0,6,456.3,0,0,1656.0,0,1,456.3,0,4,456.3
59285112,02200208,17.1,19.9,0,0,1011.7,0,1,495.7,0,0,inf,0,5,495.7,0,0,1695.4,0,1,495.7,0,3,495.7
59285114,02200208,24.1,38.6,0,0,875.8,1,2,171.4,0,0,inf,1,7,171.4,0,0,1559.5,1,2,171.4,1,4,171.4
59285115,02200208,8.4,53.6,0,0,947.6,1,2,129.6,0,0,inf,1,7,129.6,0,0,1631.3,1,2,129.6,1,4,129.6
59285117,02200208,25.0,20.1,0,0,929.0,1,3,353.9,0,0,inf,1,8,353.9,0,0,1612.7,1,3,353.9,1,5,353.9
59289169,02200208,17.1,19.9,0,0,1143.7,0,2,568.6,0,0,inf,1,9,262.6,0,0,1827.4,0,2,568.6,1,6,262.6
59289170,02200208,12.8,42.4,0,0,1175.2,0,2,600.1,0,0,inf,1,9,276.1,0,0,1858.8,0,2,600.1,1,6,276.1
59289171,02200208,15.6,23.9,0,0,1043.7,0,3,468.6,0,0,inf,0,10,408.1,0,0,1727.3,0,3,468.6,0,7,464.3
59289172,02200208,18.2,18.2,0,0,1156.0,0,2,580.9,0,0,inf,1,9,247.1,0,0,1839.7,0,2,580.9,1,6,247.1
59289174,02200208,28.6,31.4,0,0,1093.6,0,3,518.5,0,0,inf,1,10,373.2,0,0,1777.3,0,3,518.5,0,7,514.2
59289175,02200208,16.8,18.5,0,0,1073.7,0,3,498.6,0,0,inf,1,10,329.9,0,0,1757.4,0,3,498.6,1,7,329.9
59289176,02200208,16.0,28.9,0,0,1109.8,0,3,534.7,0,0,inf,1,10,352.0,0,0,1793.4,0,3,534.7,0,7,530.4
59289177,02200208,34.7,49.6,0,0,1240.0,0,2,562.6,0,0,inf,1,8,225.7,0,0,1923.7,0,2,562.6,1,5,225.7
59289178,02200208,36.1,20.0,0,0,1158.3,1,2,368.5,0,0,inf,3,8,98.6,0,0,inf,1,2,368.5,3,5,98.6
59289179,02200208,27.6,19.6,0,0,1017.2,0,3,442.1,0,0,inf,0,10,425.9,0,0,1700.9,0,3,442.1,0,6,437.8
59289180,02200208,22.2,23.8,0,0,1174.9,1,1,358.3,0,0,inf,3,7,114.9,0,0,inf,1,1,358.3,3,4,114.9
59289181,02200208,14.9,19.8,0,0,1031.6,0,3,456.5,0,0,inf,1,11,374.6,0,0,1715.3,0,3,456.5,1,7,374.6
59289182,02200208,22.6,20.1,0,0,1180.3,0,2,563.4,0,0,inf,1,9,226.5,0,0,1864.0,0,2,563.4,1,6,226.5
59289184,02200208,20.2,19.7,0,0,1213.5,0,2,509.8,0,0,inf,1,9,172.9,0,0,1916.6,0,2,509.8,1,5,172.9
59289185,02200208,28.4,19.8,0,0,1062.8,0,3,487.7,0,0,inf,1,11,343.5,0,0,1746.4,0,3,487.7,1,7,343.5
59289186,02200208,31.3,19.9,0,0,1194.6,0,2,490.9,0,0,inf,1,9,154.1,0,0,1935.9,0,2,490.9,1,5,154.1
59289187,02200208,37.1,20.1,0,0,1199.3,0,2,544.4,0,0,inf,1,10,207.6,0,0,1883.0,0,2,544.4,1,6,207.6
59289188,02200208,32.5,20.2,0,0,1166.7,0,2,463.0,0,0,inf,1,9,126.2,0,0,1964.4,0,2,463.0,1,5,126.2
59289189,02200208,15.0,20.7,0,0,1119.7,0,3,511.0,0,0,inf,2,11,325.8,0,0,1803.3,0,3,511.0,0,8,511.0
59289190,02200208,24.9,20.4,0,0,1238.8,1,1,367.2,0,0,inf,3,7,178.8,0,0,inf,1,1,367.2,3,4,178.8
59289191,02200208,20.6,29.4,0,0,1052.9,0,3,477.8,0,0,inf,1,11,372.5,0,0,1736.6,0,3,477.8,1,7,372.5
59289192,02200208,3.9,17.7,0,0,1140.2,0,3,484.3,0,0,inf,2,11,299.2,0,0,1823.9,0,3,484.3,0,8,484.3
59289194,02200208,19.1,36.1,0,0,1137.6,0,2,562.5,0,0,inf,1,9,301.2,0,0,1821.3,0,2,562.5,1,6,301.2
59291473,02200208,138.5,3.1,0,0,1042.2,1,3,377.9,0,0,inf,3,11,214.9,0,0,1725.9,1,3,377.9,1,8,377.9
59291474,02200208,25.2,16.3,0,0,1237.3,0,3,573.0,0,0,inf,0,9,410.0,0,0,1921.0,0,3,573.0,0,6,573.0
59291475,02200208,16.7,17.2,0,0,1134.5,0,3,489.0,0,0,inf,2,11,303.9,0,0,1818.2,0,3,489.0,0,8,489.0
59291477,02200208,32.8,51.9,0,0,1229.4,0,2,713.4,0,0,inf,0,5,447.6,0,0,1913.1,0,2,713.4,0,5,447.6
59291478,02200208,10.9,18.7,0,0,1145.2,0,1,629.2,0,0,inf,0,4,465.4,0,0,1828.8,0,1,629.2,0,4,465.4
59291479,02200208,26.2,20.9,0,0,1016.5,0,3,441.4,0,0,inf,0,10,429.4,0,0,1700.2,0,3,441.4,0,6,437.1
59464594,02200211,12.8,16.4,0,0,1853.0,0,2,402.6,0,0,inf,1,9,309.3,0,0,inf,0,2,402.6,1,6,309.3
59464595,02200211,11.9,48.1,0,0,1783.7,0,2,581.3,0,0,inf,2,7,285.5,0,0,inf,0,2,581.3,1,5,285.5
59464596,02200211,12.8,16.2,0,0,1890.4,0,2,410.6,0,0,inf,1,8,224.3,0,0,inf,0,2,410.6,1,5,224.3
59464597,02200211,7.0,38.4,0,0,1900.8,0,2,444.6,0,0,inf,1,8,234.7,0,0,inf,0,2,444.6,1,5,234.7
59464598,02200211,24.1,17.4,0,0,1790.5,0,2,507.6,0,0,inf,2,9,376.8,0,0,inf,0,2,507.6,1,6,386.8
59464599,02200211,12.2,16.2,0,0,1875.3,0,2,425.8,0,0,inf,1,8,209.2,0,0,inf,0,2,425.8,1,5,209.2
59464600,02200211,11.9,18.0,0,0,1840.6,0,2,418.2,0,0,inf,1,10,324.8,0,0,inf,0,2,418.2,1,6,324.8
59464601,02200211,23.3,20.2,0,0,1818.7,0,2,490.3,0,0,inf,1,8,194.5,0,0,inf,0,2,490.3,1,5,194.5
59464602,02200211,15.7,16.7,0,0,1881.6,1,2,374.6,0,0,inf,2,7,281.2,0,0,inf,1,2,374.6,2,5,281.2
59464603,02200211,12.6,18.8,0,0,1741.8,0,2,564.5,0,0,inf,2,7,268.7,0,0,inf,0,2,564.5,1,5,268.7
59464604,02200211,12.5,16.5,0,0,1867.1,1,2,388.7,0,0,inf,2,8,295.3,0,0,inf,1,2,388.7,2,5,295.3
59464605,02200211,15.6,14.9,0,0,1805.5,0,2,466.9,0,0,inf,2,10,373.5,0,0,inf,0,2,466.9,2,6,373.5
59464606,02200211,37.6,39.1,0,0,1807.3,0,2,539.7,0,0,inf,2,7,243.9,0,0,inf,0,2,539.7,1,5,243.9
59464607,02200211,13.3,16.8,0,0,1929.4,1,2,372.9,0,0,inf,2,7,263.2,0,0,inf,1,2,372.9,2,5,263.2
59464608,02200211,12.1,16.4,0,0,1916.6,1,2,384.9,0,0,inf,2,7,250.4,0,0,inf,1,2,384.9,2,5,250.4
59464609,02200211,25.0,16.0,0,0,1899.3,1,2,355.5,0,0,inf,2,7,262.1,0,0,inf,1,2,355.5,2,5,262.1
59464610,02200211,12.2,16.5,0,0,1902.2,1,2,399.5,0,0,inf,2,8,236.1,0,0,inf,1,2,399.5,2,5,236.1
59464611,02200211,19.8,18.1,0,0,1775.3,0,2,524.2,0,0,inf,2,9,361.6,0,0,inf,0,2,524.2,1,6,371.5
59464612,02200211,14.6,16.7,0,0,1748.9,0,2,547.9,0,0,inf,2,7,335.2,0,0,inf,0,2,547.9,1,5,345.1
59464613,02200211,30.6,33.8,0,0,1780.7,0,2,555.6,0,0,inf,2,7,259.8,0,0,inf,0,2,555.6,1,5,259.8
59464614,02200211,13.3,19.0,0,0,1799.3,0,2,507.4,0,0,inf,2,8,211.6,0,0,inf,0,2,507.4,1,5,211.6
59464615,02200211,13.6,32.7,0,0,1854.1,0,2,434.2,0,0,inf,1,9,340.8,0,0,inf,0,2,434.2,1,6,340.8
59464616,02200211,19.8,33.9,0,0,1781.2,0,2,549.9,0,0,inf,2,7,367.5,0,0,inf,0,2,549.9,1,5,377.4
59464617,02200211,12.1,19.2,0,0,1756.8,0,2,550.3,0,0,inf,2,7,254.5,0,0,inf,0,2,550.3,1,5,254.5
59464618,02200211,21.6,19.1,0,0,1730.6,0,2,570.9,0,0,inf,2,7,316.9,0,0,inf,0,2,570.9,1,5,326.8
59464619,02200211,3.6,52.7,0,0,1879.2,0,2,449.0,0,0,inf,1,7,355.6,0,0,inf,0,2,449.0,1,5,355.6
60965998,02100104,9.7,23.9,0,0,1594.9,0,2,484.0,0,0,1942.1,1,7,203.8,0,0,inf,0,2,484.0,1,5,203.8
61743137,02300314,13.7,15.4,0,0,1690.8,1,3,358.6,0,0,inf,6,14,69.7,0,0,1690.8,1,3,358.6,4,6,69.7
61743138,02300314,7.1,41.5,0,0,1814.2,1,3,381.9,0,0,inf,6,12,85.2,0,0,1814.2,1,3,381.9,4,6,85.2
62137110,02500836,5.5,13.5,0,0,1061.4,0,0,inf,0,0,1270.7,2,4,185.7,0,0,1486.3,0,0,1061.4,0,2,451.8
62182562,02300314,73.2,13.0,0,0,1878.2,1,3,166.6,0,0,inf,5,13,44.9,0,0,1878.2,1,3,166.6,3,6,156.9
62182563,02300315,20.5,16.0,0,0,1718.1,0,1,408.0,0,0,1944.6,4,13,166.2,0,0,1718.1,0,1,408.0,2,8,387.4
62182564,02300315,19.6,15.0,0,0,1710.4,1,1,398.9,0,0,1966.8,4,13,95.7,0,0,1710.4,1,1,398.9,2,8,379.7
62182565,02300314,86.4,44.5,0,0,inf,1,3,227.8,0,0,inf,2,12,227.8,0,0,inf,1,3,227.8,1,6,227.8
62182566,02300315,29.5,18.0,0,0,1662.7,0,1,467.4,0,0,1899.6,3,13,225.6,0,0,1662.7,0,1,467.4,2,8,332.0
62182568,02300314,215.1,12.7,0,0,1964.2,1,2,181.1,0,0,inf,5,12,134.2,0,0,1964.2,1,2,181.1,3,5,181.1
62363307,02100103,38.5,11.9,0,0,1704.7,0,1,702.8,0,0,1999.6,3,6,65.8,0,0,inf,0,1,702.8,3,6,65.8
63262426,02500830,19.3,15.2,0,0,1286.9,0,2,491.4,1,8,234.1,1,7,330.3,0,0,1539.9,0,2,491.4,1,10,330.3
63985706,02100103,5.1,30.0,0,0,1498.7,0,0,861.4,0,0,inf,0,4,453.7,0,0,inf,0,0,861.4,0,4,453.7
63985710,02100103,26.3,42.1,0,0,1620.3,0,0,820.9,0,0,inf,0,6,548.1,0,0,inf,0,0,820.9,0,5,548.1
63985711,02100103,25.3,41.9,0,0,1556.8,0,0,883.8,0,0,inf,0,5,531.1,0,0,inf,0,0,883.8,0,5,531.1
63985713,02100103,26.5,35.3,0,0,1738.5,0,0,834.6,0,0,inf,0,5,441.8,0,0,inf,0,0,834.6,0,4,441.8
65202058,02100102,28.6,18.5,0,0,1217.7,0,1,665.1,0,0,1956.7,2,8,108.2,0,0,1788.3,0,1,665.1,2,7,108.2
65202059,02100102,15.2,16.7,0,0,1212.2,0,1,677.9,0,0,1969.5,2,8,91.8,0,0,1801.2,0,1,677.9,2,7,91.8
65202060,02100102,16.4,17.4,0,0,1198.3,0,1,693.1,0,0,1984.7,2,9,93.5,0,0,1816.4,0,1,693.1,2,8,93.5
65425825,02100106,22.4,11.1,0,0,inf,1,2,168.4,0,0,inf,3,9,168.4,0,0,inf,1,2,168.4,1,5,168.4
65425826,02100106,28.0,37.0,0,0,inf,1,2,192.6,0,0,inf,3,9,192.6,0,0,inf,1,2,192.6,1,5,192.6
65425828,02100106,359.3,26.8,0,0,inf,1,2,134.9,0,0,inf,2,9,134.9,0,0,inf,1,2,134.9,1,5,134.9
65425830,02100106,23.5,21.5,0,0,inf,1,2,239.1,0,0,inf,3,9,239.1,0,0,inf,1,2,239.1,1,5,239.1
65425832,02100106,32.6,37.5,0,0,inf,1,2,172.4,0,0,inf,3,9,172.4,0,0,inf,1,2,172.4,1,5,172.4
65425834,02100106,27.9,37.0,0,0,inf,1,2,214.8,0,0,inf,3,10,214.8,0,0,inf,1,2,214.8,1,6,214.8
65425839,02100106,24.2,19.4,0,0,inf,1,2,218.8,0,0,inf,3,9,218.8,0,0,inf,1,2,218.8,1,5,218.8
65780498,02100101,24.0,10.0,0,1,674.2,0,2,453.7,0,0,inf,3,9,140.1,0,0,1357.9,0,3,453.7,1,6,140.1
65780501,02100101,17.4,25.9,0,1,573.6,0,2,529.5,0,0,inf,3,10,39.4,0,0,1257.2,0,3,529.5,1,7,39.4
65780505,02100101,44.6,28.1,0,1,710.2,1,2,316.0,0,0,inf,3,8,297.4,0,0,1393.8,1,3,316.0,2,5,297.4
67068883,02300315,26.3,16.0,0,0,1845.9,1,2,158.7,0,0,inf,3,16,158.7,0,0,1845.9,1,2,158.7,2,9,158.7
67068887,02300315,27.3,34.8,0,0,1778.4,1,2,310.7,0,0,inf,4,14,154.4,0,0,1778.4,1,2,310.7,3,7,154.4
68576794,02200211,12.4,15.9,0,0,inf,0,1,531.7,0,0,inf,0,6,467.3,0,0,inf,0,1,531.7,0,5,467.3
68576796,02200211,11.4,12.4,0,0,inf,0,1,513.1,0,0,inf,0,6,421.9,0,0,inf,0,1,513.1,0,5,421.9
70428129,02200210,3.1,9.1,0,0,inf,0,1,541.6,0,0,inf,1,6,394.8,0,0,inf,0,1,541.6,1,5,394.8
70910914,02200213,62.2,61.5,0,0,inf,0,2,458.5,0,0,inf,0,9,413.8,0,0,inf,0,2,458.5,0,7,413.8
70910920,02200213,45.5,25.1,0,0,inf,0,2,425.0,0,0,inf,1,10,374.4,0,0,inf,0,2,425.0,1,7,374.4
70910924,02200213,19.2,16.0,0,0,inf,1,2,393.7,0,0,inf,2,10,387.5,0,0,inf,1,2,393.7,2,7,387.5
70910926,02200213,18.0,16.2,0,0,inf,0,2,407.5,0,0,inf,1,10,318.9,0,0,inf,0,2,407.5,1,7,318.9
70910931,02200213,45.6,25.5,0,0,inf,0,2,439.1,0,0,inf,1,9,350.4,0,0,inf,0,2,439.1,1,7,350.4
70910934,02200213,64.1,22.2,0,0,inf,1,2,370.6,0,0,inf,1,11,370.6,0,0,inf,1,2,370.6,1,8,370.6
70910935,02200213,54.3,29.7,0,0,inf,1,1,240.4,0,0,inf,2,10,240.4,0,0,inf,1,1,240.4,2,6,240.4
71094372,02100104,20.4,18.3,0,0,1784.7,1,1,343.6,0,0,inf,3,7,87.5,0,0,inf,1,1,343.6,3,5,87.5
71094373,02100104,19.6,17.9,0,0,1721.9,1,1,249.1,0,0,inf,2,7,224.6,0,0,inf,1,1,249.1,2,5,224.6
71094375,02100104,6.4,18.3,0,0,1752.0,1,1,279.1,0,0,inf,3,7,152.1,0,0,inf,1,1,279.1,3,5,152.1
71094378,02100104,21.0,18.1,0,0,1809.9,1,1,370.2,0,0,inf,3,6,60.6,0,0,inf,1,1,370.2,3,5,60.6
71094382,02100104,9.8,18.3,0,0,1734.4,1,1,261.6,0,0,inf,2,7,169.5,0,0,inf,1,1,261.6,2,5,169.5
71094385,02100104,20.3,12.8,0,0,1759.0,1,1,286.2,0,0,inf,2,6,261.7,0,0,inf,1,1,286.2,2,5,261.7
71125258,02200208,18.2,29.5,0,0,928.3,1,3,353.2,0,0,inf,1,8,353.2,0,0,1611.9,1,3,353.2,1,5,353.2
71125259,02200208,21.8,30.5,0,0,915.9,1,3,340.8,0,0,inf,1,8,340.8,0,0,1599.6,1,3,340.8,1,5,340.8
71125260,02200208,27.8,34.4,0,0,878.0,1,2,160.8,0,0,inf,1,7,160.8,0,0,1561.7,1,2,160.8,1,4,160.8
71290049,02300314,3.9,60.6,0,0,1639.8,0,1,712.8,0,0,inf,2,10,245.5,0,0,1639.8,0,1,712.8,0,4,417.5
72118975,02400624,18.3,16.0,0,1,704.4,0,1,704.4,0,5,453.6,2,4,132.7,0,0,1343.9,0,1,704.4,0,6,428.6
72429246,02300419,38.8,13.9,0,0,1271.9,0,1,715.5,0,0,1271.9,2,4,195.2,0,0,inf,0,1,715.5,2,4,195.2
72970726,02300417,14.7,22.1,0,0,inf,1,3,305.8,0,0,inf,4,13,305.8,0,0,inf,1,3,305.8,2,7,305.8
72984381,02400623,54.9,75.5,0,1,639.5,0,1,639.5,0,0,1481.9,1,5,260.1,0,0,878.9,0,1,639.5,0,3,572.3
73541634,02100106,24.2,18.8,0,0,inf,1,3,330.1,0,0,inf,2,9,330.1,0,0,inf,1,3,330.1,1,5,330.1
73541643,02100106,24.0,18.5,0,0,inf,1,3,357.5,0,0,inf,2,9,357.5,0,0,inf,1,3,357.5,1,5,357.5
73594214,02300417,41.0,32.0,0,0,1982.2,1,2,280.5,0,0,inf,3,11,280.5,0,0,1982.2,1,2,280.5,2,5,280.5
73781758,02300315,36.9,16.1,0,0,1665.1,1,2,353.0,0,0,inf,4,15,270.8,0,0,1665.1,1,2,353.0,2,7,302.4
73781760,02300315,23.3,5.3,0,0,1597.6,1,2,399.0,0,0,inf,4,16,203.4,0,0,1597.6,1,2,399.0,2,8,267.1
73786135,02300314,13.4,15.8,0,0,1680.8,0,2,483.0,0,0,inf,4,13,194.1,0,0,1680.8,0,2,483.0,2,5,194.1
73834113,02300417,42.8,52.0,0,0,inf,1,2,84.3,0,0,inf,2,11,84.3,0,0,inf,1,2,84.3,2,8,84.3
73834114,02300417,24.8,16.1,0,0,1892.7,1,1,241.9,0,0,1892.7,3,9,180.3,0,0,inf,1,1,241.9,2,6,180.3
73834115,02300417,24.0,42.4,0,0,1998.4,1,1,123.6,0,0,1998.4,2,10,123.6,0,0,inf,1,1,123.6,2,7,123.6
73834116,02300417,17.9,30.0,0,0,1945.6,1,1,151.6,0,0,1945.6,3,10,151.6,0,0,inf,1,1,151.6,2,7,151.6
73834118,02300417,26.5,33.2,0,0,1996.7,1,1,106.9,0,0,1996.7,2,10,106.9,0,0,inf,1,1,106.9,2,7,106.9
73834119,02300417,54.4,38.9,0,0,1991.2,1,2,66.2,0,0,1991.2,2,13,66.2,0,0,inf,1,2,66.2,2,8,66.2
73834120,02300417,37.0,46.6,0,0,1950.7,1,1,179.8,0,0,1950.7,3,9,179.8,0,0,inf,1,1,179.8,2,6,179.8
73834121,02300417,15.4,29.9,0,0,1911.5,1,1,185.5,0,0,1911.5,3,10,185.5,0,0,inf,1,1,185.5,2,7,185.5
74476571,02100102,49.4,0.3,0,0,1226.2,0,3,428.1,0,0,1687.3,2,9,204.0,0,0,1561.9,0,3,428.1,2,9,204.0
74476572,02100102,101.8,13.4,0,0,1277.5,0,2,479.4,0,0,1738.6,2,7,255.2,0,0,1613.2,0,2,479.4,2,7,255.2
74476573,02100102,40.8,17.6,0,0,1393.3,0,2,595.2,0,0,1833.2,3,8,174.9,0,0,1729.0,0,2,595.2,3,8,174.9
74476574,02100102,23.2,23.5,0,0,1209.6,0,1,657.0,0,0,1948.6,1,8,126.3,0,0,1780.3,0,1,657.0,1,7,126.3
74476575,02100102,41.4,9.2,0,0,1416.2,0,2,618.1,0,0,1849.5,2,8,172.3,0,0,1751.9,0,2,618.1,2,8,172.3
74476576,02100102,31.6,8.7,0,0,1386.5,0,2,662.5,0,0,1893.9,2,8,216.7,0,0,1796.2,0,2,662.5,2,8,216.7
74476577,02100102,93.1,13.1,0,0,1278.0,0,2,479.9,0,0,1739.1,2,7,255.7,0,0,1613.7,0,2,479.9,2,7,255.7
74476578,02100102,41.6,9.6,0,0,1357.9,0,2,559.8,0,0,1808.2,3,8,149.9,0,0,1693.6,0,2,559.8,3,8,149.9
74476579,02100102,76.5,18.6,0,0,1187.7,1,2,389.6,0,0,1648.8,3,8,182.9,0,0,1523.4,1,2,389.6,3,8,182.9
74476582,02100102,80.8,18.6,0,0,1155.0,1,2,356.9,0,0,1616.1,3,8,150.1,0,0,1490.6,1,2,356.9,3,8,150.1
74476583,02100102,54.1,17.5,0,0,1336.6,0,2,538.5,0,0,1789.0,2,7,130.8,0,0,1672.3,0,2,538.5,2,7,130.8
74476584,02100102,36.7,14.5,0,0,1375.0,0,2,685.6,0,0,1913.3,2,8,236.1,0,0,1819.3,0,2,685.6,2,8,236.1
74476585,02100102,44.5,12.7,0,0,1411.3,0,2,645.7,0,0,1877.1,2,8,199.9,0,0,1779.5,0,2,645.7,2,8,199.9
74597706,02100101,111.7,42.8,1,1,229.3,0,0,877.3,0,0,inf,1,6,229.3,0,0,877.3,1,1,229.3,1,5,229.3
74598369,02100101,55.3,17.9,1,1,379.1,0,1,538.8,0,0,inf,2,9,133.8,0,0,949.8,1,2,379.1,2,8,133.8
74598450,02100101,85.2,48.1,0,1,674.5,0,1,675.5,0,0,inf,1,5,327.9,0,0,1245.1,0,2,674.5,1,4,327.9
75066448,02300417,30.4,18.0,0,0,1920.5,1,1,269.7,0,0,1920.5,3,9,208.1,0,0,inf,1,1,269.7,2,6,208.1
75066449,02300417,47.2,17.3,0,0,1938.5,1,1,287.7,0,0,1938.5,3,8,226.0,0,0,inf,1,1,287.7,2,5,226.0
75077346,02300417,116.2,39.5,0,0,inf,1,2,205.5,0,0,inf,1,12,205.5,0,0,inf,1,2,205.5,1,7,205.5
75113100,02300417,15.4,16.5,0,0,inf,1,2,399.9,0,0,inf,1,9,399.9,0,0,inf,1,2,399.9,1,5,399.9
75846644,02200208,16.0,16.7,0,0,1113.7,0,3,508.9,0,0,inf,2,11,323.8,0,0,1797.4,0,3,508.9,0,8,508.9
75846646,02200208,36.2,20.3,0,0,824.0,1,3,248.9,0,0,inf,2,8,248.9,0,0,1507.7,1,3,248.9,1,5,248.9
75846651,02200208,24.7,45.2,0,0,1080.4,0,3,505.3,0,0,inf,0,10,414.0,0,0,1764.1,0,3,505.3,0,7,501.1
75846653,02200208,31.3,20.8,0,0,898.2,1,3,323.1,0,0,inf,2,9,279.4,0,0,1581.9,1,3,323.1,1,6,323.1
75846655,02200208,33.3,20.5,0,0,895.6,1,3,320.5,0,0,inf,1,8,320.5,0,0,1579.3,1,3,320.5,1,5,320.5
75846663,02200208,30.4,20.4,0,0,852.3,1,3,277.2,0,0,inf,1,8,277.2,0,0,1536.0,1,3,277.2,1,5,277.2
75846670,02200208,19.1,23.7,0,0,942.0,1,3,366.9,0,0,inf,1,9,366.9,0,0,1625.7,1,3,366.9,1,6,366.9
75846671,02200208,12.9,16.9,0,0,1097.3,0,3,522.2,0,0,inf,2,10,340.4,0,0,1781.0,0,3,522.2,0,7,517.9
75846675,02200208,22.3,22.9,0,0,943.4,1,3,368.3,0,0,inf,2,9,238.5,0,0,1627.0,1,3,368.3,1,6,368.3
75846676,02200208,25.3,20.2,0,0,1074.1,0,3,499.0,0,0,inf,1,10,370.3,0,0,1757.8,0,3,499.0,0,7,494.8
75846681,02200208,14.7,19.3,0,0,950.9,1,3,375.8,0,0,inf,1,9,375.8,0,0,1634.5,1,3,375.8,1,6,375.8
75846687,02200208,38.9,7.7,0,0,1259.2,0,3,594.9,0,0,inf,0,9,431.9,0,0,1942.9,0,3,594.9,0,6,594.9
75846688,02200208,19.0,18.9,0,0,870.3,1,3,295.2,0,0,inf,1,8,295.2,0,0,1554.0,1,3,295.2,1,5,295.2
75846693,02200208,24.0,20.9,0,0,1035.4,0,3,460.3,0,0,inf,0,10,410.3,0,0,1719.1,0,3,460.3,0,7,456.0
75846696,02200208,22.7,18.6,0,0,871.5,1,3,296.4,0,0,inf,2,9,296.4,0,0,1555.2,1,3,296.4,1,6,296.4
75846697,02200208,30.6,20.4,0,0,996.9,1,3,342.9,0,0,inf,3,10,179.9,0,0,1680.6,1,3,342.9,1,7,342.9
75846701,02200208,17.8,25.6,0,0,927.3,1,3,352.2,0,0,inf,2,9,259.9,0,0,1611.0,1,3,352.2,1,6,352.2
75846703,02200208,20.2,17.6,0,0,909.4,1,3,334.3,0,0,inf,2,9,261.8,0,0,1593.1,1,3,334.3,1,6,334.3
75846706,02200208,12.8,19.6,0,0,925.0,1,3,349.9,0,0,inf,1,8,349.9,0,0,1608.6,1,3,349.9,1,5,349.9
75846707,02200208,14.6,18.3,0,0,1086.7,0,3,511.6,0,0,inf,1,10,354.0,0,0,1770.4,0,3,511.6,0,7,507.4
77487122,02200213,14.5,20.5,0,0,inf,0,2,452.5,0,0,inf,1,7,248.6,0,0,inf,0,2,452.5,0,5,452.5
77487123,02200213,13.9,64.3,0,0,inf,0,2,492.8,0,0,inf,1,5,288.8,0,0,inf,0,2,492.8,0,3,492.8
77487125,02200213,19.5,19.6,0,0,inf,0,2,401.6,0,0,inf,1,6,197.7,0,0,inf,0,2,401.6,0,4,401.6
77487126,02200213,16.9,21.7,0,0,inf,0,2,472.2,0,0,inf,1,6,268.3,0,0,inf,0,2,472.2,0,4,472.2
77487127,02200213,17.2,21.9,0,0,inf,0,2,510.4,0,0,inf,1,6,306.4,0,0,inf,0,2,510.4,0,4,510.4
77487130,02200213,22.1,61.2,0,0,inf,0,2,446.0,0,0,inf,1,7,331.5,0,0,inf,0,2,446.0,0,5,446.0
77487131,02200213,24.3,21.1,0,0,inf,0,2,430.1,0,0,inf,1,7,226.2,0,0,inf,0,2,430.1,0,5,430.1
77487132,02200213,19.0,16.6,0,0,inf,0,2,402.5,0,0,inf,1,7,285.9,0,0,inf,0,2,402.5,0,5,402.5
77487134,02200213,13.1,62.2,0,0,inf,0,2,559.8,0,0,inf,1,4,355.9,0,0,inf,0,2,559.8,0,3,559.8
77487136,02200213,15.2,20.4,0,0,inf,0,2,434.8,0,0,inf,1,8,230.9,0,0,inf,0,2,434.8,0,6,434.8
77487138,02200213,15.1,18.7,0,0,inf,0,2,416.0,0,0,inf,1,7,212.1,0,0,inf,0,2,416.0,0,5,416.0
77487139,02200213,18.1,23.3,0,0,inf,0,2,495.1,0,0,inf,1,6,291.2,0,0,inf,0,2,495.1,0,4,495.1
77487141,02200213,18.6,19.0,0,0,inf,0,2,448.1,0,0,inf,1,8,245.1,0,0,inf,0,2,448.1,0,6,448.1
77487143,02200213,53.8,18.9,0,0,inf,1,2,374.5,0,0,inf,2,6,170.6,0,0,inf,1,2,374.5,1,4,374.5
77487144,02200213,21.9,19.0,0,0,inf,0,2,430.7,0,0,inf,1,7,262.5,0,0,inf,0,2,430.7,0,5,430.7
77487147,02200213,18.5,22.3,0,0,inf,0,2,528.0,0,0,inf,1,6,324.1,0,0,inf,0,2,528.0,0,4,528.0
77642369,02400623,164.2,24.9,0,0,908.3,0,1,733.6,0,0,1243.8,1,6,366.8,0,0,908.3,0,1,733.6,1,4,366.8
77747038,02100103,172.8,26.9,0,0,1420.1,0,0,833.4,0,0,inf,2,6,312.8,0,0,1967.2,0,0,833.4,2,6,312.8
78716034,02100101,41.7,19.9,0,0,907.7,0,3,406.3,0,0,inf,3,9,243.3,0,0,1591.4,0,3,406.3,1,6,373.6
79514214,02500835,20.1,30.1,0,0,1167.0,0,0,1408.8,0,0,1306.0,1,4,332.8,0,0,1289.4,0,0,1167.0,0,1,707.1
79612701,02400522,24.6,13.9,0,0,1753.8,0,2,730.3,0,4,462.3,0,2,730.3,0,0,1883.7,0,2,730.3,0,4,462.3
79814937,02500831,31.7,18.6,0,0,848.8,1,1,203.9,0,5,435.4,1,4,203.9,0,0,1425.9,1,1,203.9,1,6,203.9
79860450,02300418,48.2,37.8,0,0,inf,0,0,884.6,0,0,inf,2,4,284.3,0,0,inf,0,0,884.6,2,4,284.3
79860451,02300418,13.2,22.1,0,0,inf,0,0,929.1,0,0,inf,2,4,208.3,0,0,inf,0,0,929.1,2,4,208.3
80501174,02200212,36.1,21.2,0,0,inf,0,1,472.4,0,0,inf,1,9,90.3,0,0,inf,0,1,472.4,0,6,419.8
80501175,02200212,20.9,18.7,0,0,inf,0,2,542.1,0,0,inf,2,11,157.1,0,0,inf,0,2,542.1,1,8,157.1
80501176,02200212,26.6,17.0,0,0,inf,0,2,499.4,0,0,inf,3,11,76.0,0,0,inf,0,2,499.4,2,8,76.0
80501177,02300417,10.3,33.0,0,0,inf,1,1,372.8,0,0,inf,3,7,311.2,0,0,inf,1,1,372.8,3,5,311.2
80501178,02200212,17.5,18.1,0,0,inf,0,2,465.5,0,0,inf,2,11,134.2,0,0,inf,0,2,465.5,1,8,232.6
80501180,02300417,11.7,15.9,0,0,1995.1,1,1,344.3,0,0,1995.1,3,7,282.7,0,0,inf,1,1,344.3,3,5,282.7
80501182,02300417,14.6,15.7,0,0,inf,1,1,377.2,0,0,inf,3,8,315.5,0,0,inf,1,1,377.2,3,6,315.5
80501183,02100106,44.1,28.6,0,0,inf,1,2,201.1,0,0,inf,3,10,201.1,0,0,inf,1,2,201.1,1,5,201.1
80501184,02200212,19.7,18.7,0,0,inf,0,2,528.0,0,0,inf,2,11,171.1,0,0,inf,0,2,528.0,1,8,171.1
80501185,02200212,1.4,32.6,0,0,inf,0,1,607.0,0,0,inf,1,9,224.9,0,0,inf,0,1,607.0,0,6,410.9
80501186,02100106,24.8,19.1,0,0,inf,1,3,303.0,0,0,inf,2,9,303.0,0,0,inf,1,3,303.0,1,6,303.0
80501188,02100106,12.8,16.2,0,0,inf,1,2,297.1,0,0,inf,2,8,279.2,0,0,inf,1,2,297.1,1,4,297.1
80501190,02300417,14.0,38.8,0,0,inf,0,1,401.9,0,0,inf,2,6,340.3,0,0,inf,0,1,401.9,2,4,340.3
80501191,02100106,12.6,16.4,0,0,inf,1,2,308.8,0,0,inf,2,8,290.9,0,0,inf,1,2,308.8,1,4,308.8
80501192,02200212,28.8,17.1,0,0,inf,0,2,528.7,0,0,inf,3,11,105.2,0,0,inf,0,2,528.7,2,8,105.2
80501193,02300417,37.8,35.6,0,0,inf,0,1,418.8,0,0,inf,2,7,317.0,0,0,inf,0,1,418.8,2,5,317.0
80501195,02200212,21.9,19.0,0,0,inf,0,2,506.2,0,0,inf,2,11,174.8,0,0,inf,0,2,506.2,1,8,193.6
80501196,02200212,15.0,15.3,0,0,inf,0,2,447.2,0,0,inf,2,10,115.8,0,0,inf,0,2,447.2,1,7,245.3
80501198,02100106,17.6,30.4,0,0,inf,1,2,146.4,0,0,inf,3,10,146.4,0,0,inf,1,2,146.4,1,5,146.4
80501200,02100106,9.1,23.5,0,0,inf,1,2,295.3,0,0,inf,2,8,277.4,0,0,inf,1,2,295.3,1,4,295.3
80501201,02100106,42.1,29.1,0,0,inf,1,2,232.6,0,0,inf,3,10,232.6,0,0,inf,1,2,232.6,1,5,232.6
80501204,02100106,50.0,29.5,0,0,inf,1,2,169.1,0,0,inf,3,10,169.1,0,0,inf,1,2,169.1,1,5,169.1
80501206,02300417,15.0,16.1,0,0,inf,1,1,361.7,0,0,inf,3,8,300.0,0,0,inf,1,1,361.7,3,6,300.0
80501207,02200212,24.3,18.2,0,0,inf,0,2,559.6,0,0,inf,2,11,136.1,0,0,inf,0,2,559.6,1,8,136.1
80501209,02100106,47.0,15.9,0,0,inf,1,2,271.8,0,0,inf,3,9,271.8,0,0,inf,1,2,271.8,1,6,271.8
80501210,02200212,26.2,18.9,0,0,inf,0,2,488.4,0,0,inf,2,11,157.1,0,0,inf,0,2,488.4,1,8,211.3
80501212,02300417,26.1,22.8,0,0,inf,0,2,497.1,0,0,inf,1,9,274.2,0,0,inf,0,2,497.1,1,6,274.2
80501213,02300417,16.7,8.5,0,0,inf,0,2,530.5,0,0,inf,1,9,381.5,0,0,inf,0,2,530.5,1,5,381.5
80501215,02300417,13.1,50.2,0,0,inf,1,1,396.5,0,0,inf,3,6,334.8,0,0,inf,1,1,396.5,3,4,334.8
80504097,02300417,24.6,46.5,0,0,inf,1,1,104.7,0,0,inf,2,10,104.7,0,0,inf,1,1,104.7,2,7,104.7
80504098,02300417,6.2,50.6,0,0,1966.3,1,1,315.5,0,0,1966.3,2,7,253.8,0,0,inf,1,1,315.5,2,5,253.8
80504099,02300417,51.0,54.1,0,0,inf,1,1,356.3,0,0,inf,2,7,294.6,0,0,inf,1,1,356.3,2,5,294.6
80504100,02300417,16.3,55.3,0,0,1971.0,1,1,177.0,0,0,1971.0,2,9,177.0,0,0,inf,1,1,177.0,2,6,177.0
80504101,02300417,24.8,73.1,0,0,inf,1,1,175.4,0,0,inf,2,9,175.4,0,0,inf,1,1,175.4,2,6,175.4
80504102,02300417,13.4,17.6,0,0,1913.1,1,1,262.3,0,0,1913.1,3,9,200.7,0,0,inf,1,1,262.3,2,6,200.7
80523703,02400522,34.7,15.5,0,0,1807.3,0,2,559.3,0,4,498.5,0,2,559.3,0,0,1807.3,0,2,559.3,0,4,498.5
80536706,02300417,25.0,16.1,0,0,inf,1,2,215.3,0,0,inf,1,12,215.3,0,0,inf,1,2,215.3,1,7,215.3
80536708,02300417,49.9,15.9,0,0,1995.4,1,2,183.0,0,0,inf,2,12,183.0,0,0,1995.4,1,2,183.0,1,7,183.0
80572666,02300417,22.0,22.3,0,0,inf,0,2,470.4,0,0,inf,1,9,372.7,0,0,inf,0,2,470.4,1,5,372.7
80572667,02300417,27.7,35.2,0,0,inf,0,2,450.0,0,0,inf,0,9,419.0,0,0,inf,0,2,450.0,0,5,419.0
80572668,02300417,60.1,49.2,0,0,inf,0,2,571.3,0,0,inf,0,8,422.2,0,0,inf,0,2,571.3,0,5,422.2
80572669,02300417,24.4,16.5,0,0,inf,1,2,350.8,0,0,inf,1,10,350.8,0,0,inf,1,2,350.8,1,5,350.8
80572670,02300417,26.2,16.7,0,0,inf,1,2,310.1,0,0,inf,1,12,310.1,0,0,inf,1,2,310.1,1,7,310.1
80572671,02300417,31.3,22.8,0,0,inf,1,2,304.4,0,0,inf,1,12,304.4,0,0,inf,1,2,304.4,1,7,304.4
80572672,02300417,32.9,28.3,0,0,inf,0,2,539.0,0,0,inf,1,9,389.9,0,0,inf,0,2,539.0,1,5,389.9
80572673,02300417,7.4,27.6,0,0,inf,1,2,252.9,0,0,inf,1,12,252.9,0,0,inf,1,2,252.9,1,7,252.9
80572675,02300417,25.4,31.2,0,0,inf,0,2,452.1,0,0,inf,0,9,408.8,0,0,inf,0,2,452.1,0,5,408.8
80572676,02300417,21.0,57.5,0,0,inf,1,2,334.3,0,0,inf,1,10,334.3,0,0,inf,1,2,334.3,1,5,334.3
80572677,02300417,17.1,50.9,0,0,inf,0,2,573.0,0,0,inf,0,8,423.9,0,0,inf,0,2,573.0,0,5,423.9
80572679,02300417,24.7,29.3,0,0,inf,0,2,417.9,0,0,inf,0,9,417.9,0,0,inf,0,2,417.9,0,5,417.9
80572681,02300417,17.2,24.4,0,0,inf,0,2,402.0,0,0,inf,0,9,402.0,0,0,inf,0,2,402.0,0,5,402.0
80572682,02300417,10.4,25.6,0,0,inf,0,2,547.7,0,0,inf,1,8,398.6,0,0,inf,0,2,547.7,1,5,398.6
80573052,02300417,14.4,62.2,0,0,inf,0,1,660.4,0,0,inf,2,5,191.0,0,0,inf,0,1,660.4,2,4,191.0
80599783,02200212,17.6,23.5,0,0,inf,1,1,399.6,0,0,inf,3,6,171.1,0,0,inf,1,1,399.6,3,5,171.1
80717022,02200212,19.3,48.8,0,0,inf,0,1,436.3,0,0,inf,2,6,185.0,0,0,inf,0,1,436.3,2,5,185.0
80717024,02200212,21.3,21.8,0,0,inf,0,1,413.4,0,0,inf,2,7,153.7,0,0,inf,0,1,413.4,2,6,153.7
80717025,02200212,18.3,21.4,0,0,inf,0,1,432.8,0,0,inf,2,7,133.6,0,0,inf,0,1,432.8,2,6,133.6
80717876,02200212,51.9,55.2,0,0,inf,0,1,411.1,0,0,inf,1,6,304.8,0,0,inf,0,1,411.1,1,5,304.8
80717877,02200212,38.8,22.4,0,0,inf,0,1,458.4,0,0,inf,2,7,110.0,0,0,inf,0,1,458.4,2,6,110.0
80717878,02200212,16.1,25.0,0,0,inf,1,1,383.4,0,0,inf,3,6,190.1,0,0,inf,1,1,383.4,3,5,190.1
80719592,02200212,31.7,29.1,0,0,inf,0,1,429.1,0,0,inf,2,7,152.7,0,0,inf,0,1,429.1,2,6,152.7
80723160,02200212,28.5,26.0,0,0,inf,0,1,544.9,0,0,inf,2,8,165.9,0,0,inf,0,1,544.9,2,6,165.9
80723162,02200212,37.8,20.5,0,0,inf,1,1,355.0,0,0,inf,2,7,248.6,0,0,inf,1,1,355.0,2,6,248.6
80723165,02200212,19.2,17.8,0,0,inf,1,1,397.1,0,0,inf,2,6,290.7,0,0,inf,1,1,397.1,2,5,290.7
80723166,02200212,18.9,24.8,0,0,inf,0,1,570.5,0,0,inf,2,7,191.5,0,0,inf,0,1,570.5,2,5,191.5
80723167,02200212,21.7,24.4,0,0,inf,0,1,586.5,0,0,inf,3,7,207.5,0,0,inf,0,1,586.5,2,5,207.5
80723168,02200212,22.4,18.8,0,0,inf,1,1,379.4,0,0,inf,2,6,273.0,0,0,inf,1,1,379.4,2,5,273.0
80723174,02200212,29.0,25.7,0,0,inf,0,1,455.8,0,0,inf,2,7,119.3,0,0,inf,0,1,455.8,2,6,119.3
80751862,02200212,49.6,0.3,0,0,inf,1,1,284.5,0,0,inf,3,5,284.5,0,0,inf,1,1,284.5,2,4,284.5
80916905,02100101,65.4,33.1,0,1,725.4,1,3,392.0,0,0,inf,4,10,191.3,0,0,1409.1,1,4,392.0,2,7,191.3
80916906,02100101,17.3,16.6,0,0,815.2,1,3,336.4,0,0,inf,4,9,173.4,0,0,1498.9,1,3,336.4,2,6,281.1
80995083,02100101,32.4,29.1,0,1,693.8,0,3,415.7,0,0,inf,3,10,159.6,0,0,1377.4,0,4,415.7,1,7,159.6
80995852,02100101,39.6,31.8,0,1,682.6,0,3,432.4,0,0,inf,3,10,148.4,0,0,1366.2,0,4,432.4,1,7,148.4
80996756,02100101,18.3,26.5,0,1,662.7,0,3,441.6,0,0,inf,3,10,128.6,0,0,1346.4,0,4,441.6,1,7,128.6
80997564,02100103,201.9,16.5,0,0,1307.3,0,1,666.1,0,0,inf,2,8,247.1,0,0,1991.0,0,1,666.1,2,6,247.1
81193701,02100101,48.9,27.0,0,1,654.2,0,2,451.0,0,0,inf,3,9,120.1,0,0,1337.9,0,3,451.0,1,6,120.1
81194038,02100101,102.6,19.4,0,1,679.3,0,2,467.3,0,0,inf,3,9,145.1,0,0,1362.9,0,3,467.3,1,6,145.1
81353557,02200212,17.4,20.5,0,0,inf,1,1,162.7,0,0,inf,1,6,162.7,0,0,inf,1,1,162.7,1,4,162.7
81353558,02200212,21.9,25.6,0,0,inf,1,1,224.1,0,0,inf,2,5,224.1,0,0,inf,1,1,224.1,2,4,224.1
81353559,02200212,23.4,23.3,0,0,inf,1,1,272.1,0,0,inf,2,5,272.1,0,0,inf,1,1,272.1,2,4,272.1
81353560,02200212,22.5,25.6,0,0,inf,1,1,238.4,0,0,inf,2,5,238.4,0,0,inf,1,1,238.4,2,4,238.4
81353561,02200212,22.6,23.5,0,0,inf,1,1,201.6,0,0,inf,2,6,201.6,0,0,inf,1,1,201.6,2,4,201.6
81353562,02200212,17.5,25.0,0,0,inf,1,1,155.2,0,0,inf,1,6,155.2,0,0,inf,1,1,155.2,1,4,155.2
81353563,02200212,17.4,23.4,0,0,inf,1,1,255.3,0,0,inf,2,5,255.3,0,0,inf,1,1,255.3,2,4,255.3
81353564,02200212,18.4,23.1,0,0,inf,1,1,184.2,0,0,inf,2,6,184.2,0,0,inf,1,1,184.2,2,4,184.2
81353750,02200212,33.6,25.7,0,0,inf,1,1,183.9,0,0,inf,2,6,183.9,0,0,inf,1,1,183.9,2,4,183.9
81353751,02200212,25.4,23.8,0,0,inf,1,1,212.3,0,0,inf,2,5,212.3,0,0,inf,1,1,212.3,2,4,212.3
81353752,02200212,26.2,21.5,0,0,inf,1,1,99.1,0,0,inf,1,5,99.1,0,0,inf,1,1,99.1,1,3,99.1
81353753,02200212,31.9,22.4,0,0,inf,1,1,132.6,0,0,inf,1,6,132.6,0,0,inf,1,1,132.6,1,4,132.6
81353754,02200212,46.6,23.5,0,0,inf,1,1,241.9,0,0,inf,2,5,241.9,0,0,inf,1,1,241.9,2,4,241.9
81353755,02200212,13.9,26.0,0,0,inf,1,1,153.9,0,0,inf,1,6,153.9,0,0,inf,1,1,153.9,1,4,153.9
81353756,02200212,21.5,24.2,0,0,inf,1,1,300.9,0,0,inf,3,6,300.9,0,0,inf,1,1,300.9,2,4,300.9
81356183,02200212,24.5,33.3,0,0,inf,1,1,136.6,0,0,inf,1,6,136.6,0,0,inf,1,1,136.6,1,4,136.6
81356184,02200212,17.4,24.3,0,0,inf,1,1,131.6,0,0,inf,1,6,131.6,0,0,inf,1,1,131.6,1,4,131.6
81356991,02200212,34.4,23.5,0,0,inf,1,1,363.8,0,0,inf,1,5,363.8,0,0,inf,1,1,363.8,1,3,363.8
81356992,02200212,19.8,14.9,0,0,inf,1,1,334.2,0,0,inf,1,6,334.2,0,0,inf,1,1,334.2,1,4,334.2
81509580,02200212,19.0,17.8,0,0,inf,0,1,415.5,0,0,inf,1,6,309.2,0,0,inf,0,1,415.5,1,5,309.2
81509581,02200212,56.6,16.1,0,0,inf,0,1,488.8,0,0,inf,1,7,382.5,0,0,inf,0,1,488.8,1,5,382.5
81509582,02200212,18.9,20.0,0,0,inf,0,1,438.4,0,0,inf,1,6,332.1,0,0,inf,0,1,438.4,1,5,332.1
81509584,02200212,20.8,17.2,0,0,inf,0,1,449.8,0,0,inf,1,7,343.5,0,0,inf,0,1,449.8,1,5,343.5
81509585,02200212,16.5,49.4,0,0,inf,0,1,653.0,0,0,inf,1,7,387.2,0,0,inf,0,1,653.0,1,5,387.2
81509586,02200212,94.6,15.2,0,0,inf,0,1,753.8,0,0,inf,2,7,273.9,0,0,inf,0,1,753.8,2,6,273.9
81511876,02200212,44.5,38.9,0,0,inf,0,1,624.4,0,0,inf,2,8,101.3,0,0,inf,0,1,624.4,2,6,101.3
81511879,02200212,35.3,24.5,0,0,inf,0,1,564.5,0,0,inf,2,8,41.3,0,0,inf,0,1,564.5,2,6,41.3
81511880,02200212,38.8,40.6,0,0,inf,0,1,641.1,0,0,inf,3,8,118.0,0,0,inf,0,1,641.1,3,6,118.0
81511882,02200212,41.4,33.9,0,0,inf,0,1,589.1,0,0,inf,2,8,65.9,0,0,inf,0,1,589.1,2,6,65.9
82265823,02200213,42.0,63.8,0,0,inf,0,1,466.6,0,0,inf,1,6,354.3,0,0,inf,0,1,466.6,1,4,354.3
82391174,02200213,16.3,31.5,0,0,inf,0,1,646.8,0,0,inf,2,8,222.9,0,0,inf,0,1,646.8,2,5,222.9
82834996,02500833,3.8,30.2,0,0,1203.6,0,1,480.1,2,6,185.5,2,6,185.5,0,0,1203.6,0,1,480.1,2,9,185.5
83392540,02200211,9.2,36.2,0,0,1878.2,1,2,326.1,0,0,inf,2,7,307.3,0,0,inf,1,2,326.1,2,5,307.3
83392544,02200211,16.6,16.4,0,0,1853.4,1,2,301.3,0,0,inf,2,8,292.5,0,0,inf,1,2,301.3,2,6,292.5
83392935,02200211,11.0,48.6,0,0,1858.5,1,2,306.4,0,0,inf,2,8,306.4,0,0,inf,1,2,306.4,2,6,306.4
83392940,02200211,8.2,38.6,0,0,1862.2,1,2,157.3,0,0,inf,2,9,157.3,0,0,inf,1,2,157.3,2,7,157.3
83394859,02200213,5.3,37.6,0,0,inf,1,1,181.7,0,0,inf,2,9,181.7,0,0,inf,1,1,181.7,2,5,181.7
83394861,02200213,12.0,14.1,0,0,inf,1,2,233.5,0,0,inf,2,10,233.5,0,0,inf,1,2,233.5,2,7,233.5
83395056,02200213,19.9,22.4,0,0,inf,1,2,100.1,0,0,inf,1,9,100.1,0,0,inf,1,2,100.1,1,6,100.1
83401061,02200210,22.7,17.0,0,0,1879.7,1,2,193.6,0,0,inf,1,10,193.6,0,0,inf,1,2,193.6,1,8,193.6
83401063,02200210,12.6,17.7,0,0,1936.4,1,2,103.8,0,0,inf,2,9,103.8,0,0,inf,1,2,103.8,2,8,103.8
83401353,02200210,31.9,25.7,0,0,1935.7,1,2,40.8,0,0,inf,3,8,40.8,0,0,inf,1,2,40.8,2,7,40.8
83401354,02200210,31.9,28.6,0,0,1974.2,1,2,79.3,0,0,inf,3,8,79.3,0,0,inf,1,2,79.3,2,7,79.3
83402215,02200210,12.4,15.5,0,0,inf,1,1,178.4,0,0,inf,2,8,178.4,0,0,inf,1,1,178.4,1,7,178.4
83402216,02200210,26.8,16.6,0,0,1996.6,1,1,304.8,0,0,inf,2,10,304.8,0,0,inf,1,1,304.8,2,8,304.8
83402217,02200210,18.2,17.3,0,0,inf,1,1,268.7,0,0,inf,2,8,268.7,0,0,inf,1,1,268.7,2,6,268.7
83402218,02200210,17.0,60.9,0,0,inf,1,1,285.9,0,0,inf,1,7,285.9,0,0,inf,1,1,285.9,1,6,285.9
83402219,02200210,12.3,20.7,0,0,1986.4,1,2,91.5,0,0,inf,3,8,91.5,0,0,inf,1,2,91.5,2,7,91.5
83402221,02200210,5.5,48.0,0,0,inf,1,1,225.8,0,0,inf,2,7,225.8,0,0,inf,1,1,225.8,1,6,225.8
83402223,02200210,12.8,39.3,0,0,inf,1,1,243.9,0,0,inf,2,7,243.9,0,0,inf,1,1,243.9,1,6,243.9
83822428,02200210,10.4,60.2,0,0,inf,0,1,674.7,0,0,inf,1,6,347.2,0,0,inf,0,1,674.7,1,5,347.2
83902905,02200211,29.5,20.8,0,0,inf,0,1,429.4,0,0,inf,2,6,126.8,0,0,inf,0,1,429.4,2,4,126.8
83902912,02200211,16.9,20.8,0,0,inf,0,1,450.7,0,0,inf,1,6,158.8,0,0,inf,0,1,450.7,1,4,158.8
83902914,02200211,8.6,20.4,0,0,inf,0,1,435.4,0,0,inf,1,6,173.2,0,0,inf,0,1,435.4,1,4,173.2
83903478,02200212,40.8,24.0,0,0,inf,0,1,459.5,0,0,inf,0,7,459.5,0,0,inf,0,1,459.5,0,5,459.5
83903480,02200212,5.7,17.7,0,0,inf,1,1,338.4,0,0,inf,1,7,338.4,0,0,inf,1,1,338.4,1,5,338.4
83903481,02200212,30.6,24.5,0,0,inf,1,1,376.0,0,0,inf,1,7,376.0,0,0,inf,1,1,376.0,1,5,376.0
83903485,02200212,25.7,24.0,0,0,inf,0,1,486.3,0,0,inf,0,8,437.5,0,0,inf,0,1,486.3,0,5,437.5
83903487,02200212,26.7,30.6,0,0,inf,1,1,368.9,0,0,inf,1,7,368.9,0,0,inf,1,1,368.9,1,5,368.9
83903490,02200212,22.0,28.8,0,0,inf,0,1,437.2,0,0,inf,0,7,437.2,0,0,inf,0,1,437.2,0,5,437.2
83903491,02200212,18.7,23.5,0,0,inf,0,1,446.8,0,0,inf,0,7,446.8,0,0,inf,0,1,446.8,0,5,446.8
83903492,02200212,26.0,24.1,0,0,inf,1,1,396.4,0,0,inf,1,7,396.4,0,0,inf,1,1,396.4,1,5,396.4
83903494,02200212,27.0,24.2,0,0,inf,0,1,411.4,0,0,inf,0,7,411.4,0,0,inf,0,1,411.4,0,5,411.4
84038154,02200211,15.9,15.9,0,0,1927.1,1,2,373.5,0,0,inf,2,7,261.0,0,0,inf,1,2,373.5,2,5,261.0
84038156,02200211,14.0,16.2,0,0,1896.1,0,2,405.1,0,0,inf,1,8,230.0,0,0,inf,0,2,405.1,1,5,230.0
84038161,02200211,13.9,17.2,0,0,1957.0,1,2,283.8,0,0,inf,2,7,190.4,0,0,inf,1,2,283.8,2,5,190.4
84038162,02200211,15.1,16.2,0,0,1907.6,1,2,393.6,0,0,inf,2,8,241.5,0,0,inf,1,2,393.6,2,5,241.5
84038164,02200211,27.8,18.5,0,0,1860.7,0,2,445.1,0,0,inf,1,8,194.6,0,0,inf,0,2,445.1,1,5,194.6
84038165,02200211,12.6,16.9,0,0,1867.0,1,2,314.9,0,0,inf,2,7,279.8,0,0,inf,1,2,314.9,2,5,279.8
84038166,02200211,12.7,11.2,0,0,1784.2,0,2,461.0,0,0,inf,2,10,367.6,0,0,inf,0,2,461.0,2,6,367.6
84038170,02200211,16.0,16.6,0,0,1984.5,1,2,255.3,0,0,inf,2,7,161.9,0,0,inf,1,2,255.3,2,5,161.9
84038171,02200211,8.2,36.8,0,0,1904.9,0,1,444.2,0,0,inf,1,8,141.6,0,0,inf,0,1,444.2,1,5,141.6
84038173,02200211,12.7,19.8,0,0,1878.1,0,1,437.1,0,0,inf,1,8,134.5,0,0,inf,0,1,437.1,1,5,134.5
84038174,02200211,26.0,16.8,0,0,1924.6,1,2,315.4,0,0,inf,2,7,222.0,0,0,inf,1,2,315.4,2,5,222.0
84038175,02200211,18.0,25.4,0,0,1920.0,0,1,406.3,0,0,inf,1,7,103.6,0,0,inf,0,1,406.3,1,5,103.6
84038176,02200211,6.8,31.0,0,0,1988.2,1,2,280.2,0,0,inf,2,7,186.8,0,0,inf,1,2,280.2,2,5,186.8
84038177,02200211,13.5,16.9,0,0,1840.4,1,2,288.3,0,0,inf,2,10,288.3,0,0,inf,1,2,288.3,2,7,288.3
85163359,02500729,29.3,18.9,1,1,350.5,1,2,350.5,1,4,350.5,1,2,350.5,0,0,1565.6,1,2,350.5,1,5,350.5
85163360,02500729,30.0,20.8,1,1,341.6,1,2,341.6,2,4,341.6,1,2,341.6,0,0,1545.0,1,2,341.6,2,5,341.6
85163362,02500729,43.9,22.7,1,1,319.2,1,2,319.2,2,4,319.2,1,2,319.2,0,0,1522.6,1,2,319.2,2,5,319.2
85510953,02300417,18.6,19.7,0,0,inf,1,2,378.8,0,0,inf,1,7,378.8,0,0,inf,1,2,378.8,1,4,378.8
85510957,02300417,30.3,15.0,0,0,inf,0,3,430.8,0,0,inf,1,10,68.4,0,0,inf,0,3,430.8,0,6,430.8
85511251,02300417,18.5,5.0,0,0,inf,1,3,277.0,0,0,inf,2,11,277.0,0,0,inf,1,3,277.0,1,6,277.0
85511253,02300417,122.8,10.9,0,0,inf,1,2,317.5,0,0,inf,2,9,317.5,0,0,inf,1,2,317.5,1,5,317.5
85511254,02300417,10.9,16.1,0,0,inf,1,2,346.9,0,0,inf,2,8,346.9,0,0,inf,1,2,346.9,1,5,346.9
85511255,02300417,24.3,13.3,0,0,inf,1,2,315.0,0,0,inf,2,9,315.0,0,0,inf,1,2,315.0,1,5,315.0
85511257,02300417,22.5,16.3,0,0,1999.3,1,3,369.1,0,0,inf,3,13,239.1,0,0,1999.3,1,3,369.1,2,7,340.1
85511259,02300417,11.6,16.1,0,0,inf,1,2,358.6,0,0,inf,2,8,358.6,0,0,inf,1,2,358.6,1,5,358.6
85511434,02300417,13.4,23.3,0,0,1922.4,1,2,322.9,0,0,inf,3,13,263.1,0,0,1922.4,1,2,322.9,2,6,263.1
85603002,02200208,15.5,24.5,0,0,1437.1,1,3,77.5,0,0,inf,4,10,77.5,0,0,inf,1,3,77.5,3,6,77.5
85603003,02200208,17.9,23.7,0,0,1376.5,1,2,136.5,0,0,inf,4,10,136.5,0,0,inf,1,2,136.5,3,6,136.5
85603013,02200208,10.4,21.6,0,0,1357.5,1,2,151.4,0,0,inf,4,9,151.4,0,0,inf,1,2,151.4,3,5,151.4
85603020,02200208,11.0,22.5,0,0,1350.0,1,2,160.6,0,0,inf,4,9,160.6,0,0,inf,1,2,160.6,3,5,160.6
85603021,02200208,13.0,13.0,0,0,1340.6,1,2,222.8,0,0,inf,3,9,211.5,0,0,inf,1,2,222.8,3,5,211.5
85603955,02200208,4.0,39.2,0,0,1345.9,0,3,639.7,0,0,inf,0,6,454.6,0,0,inf,0,3,639.7,0,4,639.7
85603960,02200208,33.9,40.4,0,0,1381.6,0,2,675.4,0,0,inf,0,4,490.2,0,0,inf,0,2,675.4,0,2,675.4
85603962,02200208,17.6,52.3,0,0,1378.6,0,2,672.4,0,0,inf,0,5,487.3,0,0,inf,0,2,672.4,0,3,672.4
85603973,02200208,11.2,33.0,0,0,1349.8,0,3,643.6,0,0,inf,0,6,458.4,0,0,inf,0,3,643.6,0,4,643.6
85603982,02200208,5.6,56.6,0,0,1355.0,0,3,648.7,0,0,inf,0,6,463.6,0,0,inf,0,3,648.7,0,4,648.7
85603989,02200208,17.8,58.9,0,0,1319.5,0,3,613.3,0,0,inf,0,9,428.2,0,0,inf,0,3,613.3,0,6,613.3
85605117,02200209,18.7,19.3,0,0,1196.2,0,1,408.5,0,0,inf,4,7,294.5,0,0,inf,0,1,408.5,2,4,353.7
85605120,02200209,11.2,16.7,0,0,1087.1,0,1,512.4,0,0,inf,3,8,246.1,0,0,inf,0,1,512.4,1,4,288.8
85605124,02200209,19.3,21.3,0,0,1045.4,0,1,596.3,0,0,inf,3,7,200.5,0,0,inf,0,1,596.3,2,4,200.5
85605127,02200209,21.0,18.8,0,0,1152.0,0,1,485.2,0,0,inf,3,8,285.0,0,0,inf,0,1,485.2,1,4,285.0
85605131,02200209,13.2,20.0,0,0,1166.3,0,1,439.8,0,0,inf,4,8,325.3,0,0,inf,0,1,439.8,2,4,345.5
85605133,02200209,15.8,20.2,0,0,1079.0,0,1,560.4,0,0,inf,2,8,164.5,0,0,inf,0,1,560.4,1,4,164.5
85605135,02200209,18.1,20.2,0,0,1059.1,0,1,580.4,0,0,inf,2,8,184.6,0,0,inf,0,1,580.4,1,4,184.6
85605139,02200209,18.4,19.9,0,0,1181.5,0,1,424.5,0,0,inf,4,7,310.5,0,0,inf,0,1,424.5,2,4,360.7
85605141,02200209,13.0,19.6,0,0,1069.6,0,1,535.6,0,0,inf,2,8,228.5,0,0,inf,0,1,535.6,1,4,271.2
85605145,02200209,23.7,16.5,0,0,1172.8,0,1,459.8,0,0,inf,2,8,259.6,0,0,inf,0,1,459.8,1,4,259.6
85605151,02200209,10.3,50.5,0,0,1258.5,0,1,408.7,0,0,inf,2,7,294.7,0,0,inf,0,1,408.7,1,4,353.9
85605346,02200209,29.7,26.9,0,0,1421.6,1,2,198.4,0,0,inf,3,10,143.6,0,0,inf,1,2,198.4,2,6,143.6
85605349,02200209,35.7,67.3,0,0,1283.0,0,1,417.6,0,0,inf,2,7,303.6,0,0,inf,0,1,417.6,1,4,362.8
85605352,02200209,17.9,25.1,0,0,1342.1,1,2,202.5,0,0,inf,3,9,162.4,0,0,inf,1,2,202.5,3,5,162.4
85605488,02200209,4.2,35.0,0,0,1275.9,1,3,360.2,0,0,inf,3,10,246.2,0,0,inf,1,3,360.2,2,7,305.4
85605492,02200209,51.7,71.6,0,0,1279.0,0,1,466.3,0,0,inf,1,7,289.9,0,0,inf,0,1,466.3,1,4,289.9
85605493,02200209,14.4,26.2,0,0,1346.9,1,3,271.6,0,0,inf,3,10,216.8,0,0,inf,1,3,271.6,2,7,216.8
85605494,02200209,29.4,26.9,0,0,1372.8,1,3,247.1,0,0,inf,3,10,192.3,0,0,inf,1,3,247.1,2,7,192.3
85605558,02200209,17.9,27.5,0,0,1396.9,1,3,224.3,0,0,inf,3,10,169.5,0,0,inf,1,3,224.3,2,6,169.5
85605866,02200209,51.1,12.8,0,0,1278.7,1,2,349.0,0,0,inf,3,8,223.4,0,0,inf,1,2,349.0,3,5,223.4
85605868,02200209,46.9,4.9,0,0,1241.1,1,2,306.5,0,0,inf,3,8,181.0,0,0,inf,1,2,306.5,3,5,181.0
85605999,02200209,8.5,19.3,0,0,1259.3,1,3,345.5,0,0,inf,3,10,231.5,0,0,inf,1,3,345.5,2,7,290.7
85606000,02200209,13.7,20.2,0,0,1274.8,1,3,331.6,0,0,inf,3,10,217.6,0,0,inf,1,3,331.6,2,7,276.8
85606003,02200209,8.8,38.1,0,0,1255.5,1,3,386.8,0,0,inf,3,10,272.8,0,0,inf,1,3,386.8,2,7,332.0
85613512,02300417,31.3,38.3,0,0,inf,1,2,246.3,0,0,inf,2,13,246.3,0,0,inf,1,2,246.3,2,6,246.3
85613514,02300417,31.0,29.9,0,0,1910.8,1,3,380.3,0,0,inf,2,15,251.6,0,0,1910.8,1,3,380.3,2,7,251.6
85613516,02300417,13.3,26.3,0,0,1956.0,1,2,278.7,0,0,inf,2,13,278.7,0,0,1956.0,1,2,278.7,2,6,278.7
85613517,02300417,26.8,15.6,0,0,inf,1,2,268.3,0,0,inf,1,12,268.3,0,0,inf,1,2,268.3,1,7,268.3
85613518,02300417,12.9,26.3,0,0,1939.3,1,2,295.4,0,0,inf,2,13,280.0,0,0,1939.3,1,2,295.4,2,6,280.0
85613519,02300417,13.2,15.5,0,0,inf,1,2,197.6,0,0,inf,2,12,197.6,0,0,inf,1,2,197.6,1,7,197.6
85613521,02300417,18.6,22.7,0,0,inf,0,3,448.8,0,0,inf,0,13,416.2,0,0,inf,0,3,448.8,0,7,448.8
85613522,02300417,25.0,34.5,0,0,inf,0,3,482.3,0,0,inf,0,12,406.0,0,0,inf,0,3,482.3,0,7,456.8
85613523,02300417,15.8,13.8,0,0,inf,1,2,303.3,0,0,inf,1,12,303.3,0,0,inf,1,2,303.3,1,7,303.3
85613529,02300417,17.6,9.8,0,0,1970.0,0,3,403.2,0,0,inf,2,12,310.7,0,0,1970.0,0,3,403.2,1,6,310.7
85613530,02300417,9.7,8.5,0,0,1978.0,0,3,411.3,0,0,inf,2,12,318.7,0,0,1978.0,0,3,411.3,1,6,318.7
85613532,02300417,19.4,53.6,0,0,inf,1,2,323.0,0,0,inf,1,11,323.0,0,0,inf,1,2,323.0,1,6,323.0
85613533,02300417,26.2,17.9,0,0,inf,1,2,222.8,0,0,inf,1,12,222.8,0,0,inf,1,2,222.8,1,7,222.8
85613535,02300417,24.1,35.2,0,0,1986.9,1,2,206.6,0,0,inf,2,13,206.6,0,0,1986.9,1,2,206.6,2,7,206.6
85613537,02300417,25.2,37.4,0,0,1929.8,1,2,327.1,0,0,inf,2,12,270.5,0,0,1929.8,1,2,327.1,2,5,270.5
85613539,02300417,48.7,9.1,0,0,inf,0,3,468.1,0,0,inf,1,11,388.3,0,0,inf,0,3,468.1,0,6,439.1
85614485,02300417,16.3,83.0,0,0,inf,0,3,509.6,0,0,inf,0,11,429.8,0,0,inf,0,3,509.6,0,6,480.6
85614486,02300417,15.4,15.3,0,0,inf,1,2,396.7,0,0,inf,1,9,396.7,0,0,inf,1,2,396.7,1,5,396.7
85614488,02300417,47.0,39.2,0,0,inf,0,3,491.6,0,0,inf,1,8,129.1,0,0,inf,0,3,491.6,0,5,491.6
85614490,02300417,13.0,15.6,0,0,inf,0,3,482.2,0,0,inf,1,9,354.8,0,0,inf,0,3,482.2,0,6,482.2
85614494,02300417,21.4,16.6,0,0,inf,0,3,404.9,0,0,inf,2,11,204.0,0,0,inf,0,3,404.9,1,6,375.9
85614495,02300417,31.1,42.4,0,0,inf,0,3,479.7,0,0,inf,1,9,180.7,0,0,inf,0,3,479.7,0,5,450.7
85614498,02300417,11.2,39.7,0,0,inf,0,3,531.0,0,0,inf,1,8,354.2,0,0,inf,0,3,531.0,0,5,531.0
85614505,02300417,15.0,25.3,0,0,inf,0,3,473.4,0,0,inf,1,12,396.6,0,0,inf,0,3,473.4,0,7,447.4
85614506,02300417,57.5,16.4,0,0,inf,0,3,440.8,0,0,inf,1,10,397.7,0,0,inf,0,3,440.8,0,6,440.8
85614508,02300417,21.8,31.1,0,0,inf,1,3,397.9,0,0,inf,3,11,318.0,0,0,inf,1,3,397.9,2,6,368.8
85614511,02300417,59.9,48.0,0,0,inf,0,2,461.4,0,0,inf,0,11,454.0,0,0,inf,0,2,461.4,0,6,461.4
85614522,02300417,44.6,22.3,0,0,inf,0,3,579.1,0,0,inf,1,7,216.6,0,0,inf,0,3,579.1,0,5,579.1
85614525,02300417,33.1,22.4,0,0,inf,0,3,547.1,0,0,inf,1,8,184.6,0,0,inf,0,3,547.1,0,6,547.1
85614533,02300417,13.6,15.9,0,0,inf,0,3,454.8,0,0,inf,1,9,92.3,0,0,inf,0,3,454.8,0,5,454.8
85615460,02200210,13.7,49.3,0,0,inf,1,2,324.7,0,0,inf,1,4,324.7,0,0,inf,1,2,324.7,1,2,324.7
85615461,02200210,41.7,19.4,0,0,inf,0,1,611.8,0,0,inf,1,7,328.4,0,0,inf,0,1,611.8,1,5,328.4
85615462,02200210,32.4,18.7,0,0,inf,0,1,494.1,0,0,inf,0,6,444.8,0,0,inf,0,1,494.1,0,4,444.8
85615463,02200210,17.9,60.8,0,0,inf,0,1,630.2,0,0,inf,1,5,392.9,0,0,inf,0,1,630.2,1,4,392.9
85615464,02200210,7.1,50.9,0,0,inf,0,1,597.1,0,0,inf,0,5,406.2,0,0,inf,0,1,597.1,0,4,406.2
85615465,02200210,38.4,18.7,0,0,inf,0,1,466.9,0,0,inf,0,5,466.9,0,0,inf,0,1,466.9,0,3,466.9
85615466,02200210,7.5,41.4,0,0,inf,1,2,288.9,0,0,inf,1,6,288.9,0,0,inf,1,2,288.9,1,4,288.9
85615467,02200210,20.3,18.8,0,0,inf,1,1,302.9,0,0,inf,1,6,302.9,0,0,inf,1,1,302.9,1,4,302.9
85615468,02200210,13.9,40.5,0,0,inf,1,1,385.1,0,0,inf,1,5,385.1,0,0,inf,1,1,385.1,1,3,385.1
85615469,02200210,10.6,65.5,0,0,inf,0,1,445.7,0,0,inf,0,4,445.7,0,0,inf,0,1,445.7,0,2,445.7
85615470,02200210,34.9,18.6,0,0,inf,0,1,519.8,0,0,inf,0,5,418.9,0,0,inf,0,1,519.8,0,4,418.9
85615471,02200210,32.0,48.7,0,0,inf,1,2,358.9,0,0,inf,1,4,358.9,0,0,inf,1,2,358.9,1,2,358.9
85615472,02200210,19.5,14.3,0,0,inf,1,2,264.3,0,0,inf,1,7,264.3,0,0,inf,1,2,264.3,1,5,264.3
85615473,02200210,13.3,41.1,0,0,inf,0,1,413.8,0,0,inf,0,5,413.8,0,0,inf,0,1,413.8,0,3,413.8
85615474,02200210,24.2,14.6,0,0,inf,1,2,282.9,0,0,inf,1,6,282.9,0,0,inf,1,2,282.9,1,4,282.9
85615475,02200210,18.7,18.6,0,0,inf,0,1,429.8,0,0,inf,0,5,429.8,0,0,inf,0,1,429.8,0,3,429.8
85615476,02200210,30.1,18.2,0,0,inf,1,1,318.3,0,0,inf,1,6,318.3,0,0,inf,1,1,318.3,1,4,318.3
85615477,02200210,26.3,19.6,0,0,inf,1,2,377.8,0,0,inf,2,4,328.6,0,0,inf,1,2,377.8,1,2,377.8
85615478,02200210,13.7,42.1,0,0,inf,0,1,440.4,0,0,inf,0,5,440.4,0,0,inf,0,1,440.4,0,3,440.4
85615479,02200210,25.3,18.7,0,0,inf,0,1,445.5,0,0,inf,0,5,445.5,0,0,inf,0,1,445.5,0,3,445.5
85615480,02200210,15.8,17.5,0,0,inf,0,1,415.0,0,0,inf,0,5,415.0,0,0,inf,0,1,415.0,0,3,415.0
85615481,02200210,18.6,19.6,0,0,inf,0,1,400.1,0,0,inf,0,5,400.1,0,0,inf,0,1,400.1,0,3,400.1
85615482,02200210,19.7,14.4,0,0,inf,1,2,336.5,0,0,inf,2,4,336.5,0,0,inf,1,2,336.5,1,2,336.5
85615483,02200210,18.8,14.0,0,0,inf,1,2,390.3,0,0,inf,2,5,304.8,0,0,inf,1,2,390.3,1,3,390.3
85615484,02200210,6.9,39.2,0,0,inf,1,1,301.2,0,0,inf,1,6,301.2,0,0,inf,1,1,301.2,1,4,301.2
85615485,02200210,20.5,15.4,0,0,inf,1,2,301.7,0,0,inf,2,6,301.7,0,0,inf,1,2,301.7,1,4,301.7
85615486,02200210,31.7,16.7,0,0,inf,0,1,549.4,0,0,inf,1,5,385.4,0,0,inf,0,1,549.4,1,4,385.4
85615487,02200210,19.8,14.6,0,0,inf,1,2,354.8,0,0,inf,2,4,341.7,0,0,inf,1,2,354.8,1,2,354.8
85616158,02200210,94.0,32.1,0,0,inf,0,2,566.0,0,0,inf,1,3,334.4,0,0,inf,0,2,566.0,0,2,566.0
85616166,02200210,12.8,14.6,0,0,inf,0,2,479.6,0,0,inf,1,6,248.0,0,0,inf,0,2,479.6,0,4,479.6
85616172,02200210,22.8,2.2,0,0,inf,0,2,450.3,0,0,inf,1,6,251.7,0,0,inf,0,2,450.3,0,4,450.3
85616173,02200210,15.6,14.3,0,0,inf,0,2,477.6,0,0,inf,1,5,171.8,0,0,inf,0,2,477.6,0,4,477.6
85616177,02200210,17.8,80.0,0,0,inf,0,2,613.9,0,0,inf,1,3,382.3,0,0,inf,0,2,613.9,0,2,613.9
85616180,02200210,26.1,15.4,0,0,inf,0,2,409.7,0,0,inf,1,6,288.2,0,0,inf,0,2,409.7,0,4,409.7
85616185,02200210,14.4,28.8,0,0,inf,0,2,519.0,0,0,inf,1,5,287.4,0,0,inf,0,2,519.0,0,4,519.0
85616187,02200210,61.5,21.5,0,0,inf,0,2,540.2,0,0,inf,1,3,341.5,0,0,inf,0,2,540.2,0,2,540.2
85616194,02200210,4.8,39.5,0,0,inf,0,2,558.3,0,0,inf,1,3,359.6,0,0,inf,0,2,558.3,0,2,558.3
85616204,02200210,20.7,75.8,0,0,inf,0,2,609.8,0,0,inf,1,3,378.1,0,0,inf,0,2,609.8,0,2,609.8
85616208,02200210,17.5,64.9,0,0,inf,0,1,614.5,0,0,inf,0,5,416.8,0,0,inf,0,1,614.5,0,4,416.8
85616210,02200210,26.2,54.9,0,0,inf,0,2,497.3,0,0,inf,1,5,191.4,0,0,inf,0,2,497.3,0,4,497.3
85616213,02200210,19.6,14.5,0,0,inf,0,2,493.3,0,0,inf,1,5,187.5,0,0,inf,0,2,493.3,0,4,493.3
85616219,02200210,22.8,0.4,0,0,inf,0,2,468.1,0,0,inf,1,6,236.4,0,0,inf,0,2,468.1,0,4,468.1
85616221,02200210,35.8,18.2,0,0,inf,0,2,459.9,0,0,inf,1,5,154.1,0,0,inf,0,2,459.9,0,4,459.9
85616231,02200210,20.8,74.4,0,0,inf,0,2,608.3,0,0,inf,1,3,376.7,0,0,inf,0,2,608.3,0,2,608.3
85616233,02200210,26.3,17.4,0,0,inf,0,2,469.5,0,0,inf,1,6,270.8,0,0,inf,0,2,469.5,0,4,469.5
86260686,02200211,11.7,17.3,0,0,inf,1,1,304.7,0,0,inf,2,7,33.6,0,0,inf,1,1,304.7,2,5,33.6
86260687,02200211,12.5,16.9,0,0,1994.4,1,1,314.8,0,0,inf,2,7,22.7,0,0,inf,1,1,314.8,2,5,22.7
86336711,02200211,5.0,31.2,0,0,inf,1,1,143.0,0,0,inf,1,4,143.0,0,0,inf,1,1,143.0,1,2,143.0
86336713,02200211,17.5,53.4,0,0,inf,1,1,196.1,0,0,inf,1,4,196.1,0,0,inf,1,1,196.1,1,2,196.1
86336714,02200211,34.1,17.5,0,0,inf,0,1,401.7,0,0,inf,0,4,401.7,0,0,inf,0,1,401.7,0,3,401.7
86336716,02200211,22.7,47.9,0,0,inf,1,1,211.2,0,0,inf,1,4,211.2,0,0,inf,1,1,211.2,1,2,211.2
86336717,02200211,4.8,80.2,0,0,inf,1,1,228.0,0,0,inf,1,3,228.0,0,0,inf,1,1,228.0,1,2,228.0
86336718,02200211,21.0,24.9,0,0,inf,1,1,335.4,0,0,inf,1,4,335.4,0,0,inf,1,1,335.4,1,3,335.4
86336719,02200211,17.2,22.2,0,0,inf,1,1,146.1,0,0,inf,1,4,146.1,0,0,inf,1,1,146.1,1,2,146.1
86336721,02200211,7.9,66.1,0,0,inf,1,1,278.0,0,0,inf,1,3,278.0,0,0,inf,1,1,278.0,1,2,278.0
86337189,02200213,26.2,18.9,0,0,inf,0,2,663.3,0,0,inf,2,9,239.4,0,0,inf,0,2,663.3,2,6,239.4
86724081,02200211,12.6,56.6,0,0,inf,0,1,479.5,0,0,inf,0,4,479.5,0,0,inf,0,1,479.5,0,2,479.5
86724082,02200211,0.6,18.0,0,0,inf,0,2,536.9,0,0,inf,2,6,337.9,0,0,inf,0,2,536.9,1,5,350.4
86724787,02200211,36.5,18.8,0,0,inf,0,2,591.0,0,0,inf,1,6,232.8,0,0,inf,0,2,591.0,0,5,457.2
88499645,02500726,38.1,10.5,0,0,1368.7,0,0,909.2,0,3,534.9,0,0,909.2,0,0,inf,0,0,909.2,0,1,648.5
88524316,02100105,53.7,30.6,0,0,inf,1,2,236.0,0,0,inf,2,6,236.0,0,0,inf,1,2,236.0,1,3,236.0
88524318,02100105,37.5,10.9,0,0,inf,1,2,383.2,0,0,inf,2,6,383.2,0,0,inf,1,2,383.2,1,3,383.2
88524322,02100105,57.7,25.4,0,0,inf,1,2,189.2,0,0,inf,2,6,189.2,0,0,inf,1,2,189.2,1,3,189.2
88524323,02100105,25.0,16.4,0,0,inf,1,2,341.6,0,0,inf,2,6,341.6,0,0,inf,1,2,341.6,1,3,341.6
88524324,02100105,19.1,15.4,0,0,inf,1,2,222.3,0,0,inf,1,5,222.3,0,0,inf,1,2,222.3,1,3,222.3
88524777,02100105,29.0,15.6,0,0,inf,1,2,380.3,0,0,inf,2,6,380.3,0,0,inf,1,2,380.3,1,3,380.3
88524781,02100105,45.2,16.7,0,0,inf,1,2,331.1,0,0,inf,2,6,331.1,0,0,inf,1,2,331.1,1,3,331.1
88524785,02100105,27.8,15.3,0,0,inf,1,2,305.5,0,0,inf,2,6,305.5,0,0,inf,1,2,305.5,1,3,305.5
88666894,02200212,21.3,26.4,0,0,inf,1,1,210.4,0,0,inf,2,5,210.4,0,0,inf,1,1,210.4,1,3,210.4
88666896,02200212,19.3,11.8,0,0,inf,1,1,196.7,0,0,inf,2,6,196.7,0,0,inf,1,1,196.7,1,4,196.7
88666897,02200212,18.7,31.6,0,0,inf,0,1,561.2,0,0,inf,0,5,454.8,0,0,inf,0,1,561.2,0,4,454.8
88666900,02200212,19.3,31.0,0,0,inf,1,1,216.4,0,0,inf,2,5,216.4,0,0,inf,1,1,216.4,1,3,216.4
88666902,02200212,27.9,13.5,0,0,inf,0,1,524.1,0,0,inf,1,5,198.6,0,0,inf,0,1,524.1,0,3,433.1
88666903,02200212,31.2,40.9,0,0,inf,1,1,395.4,0,0,inf,2,5,91.7,0,0,inf,1,1,395.4,1,3,395.4
88681290,02200212,58.0,23.3,0,0,inf,0,1,574.6,0,0,inf,2,7,195.7,0,0,inf,0,1,574.6,2,5,195.7
88682672,02200212,14.9,17.4,0,0,inf,0,1,530.0,0,0,inf,2,6,204.5,0,0,inf,0,1,530.0,1,4,307.1
88684191,02200212,31.4,12.3,0,0,inf,0,1,660.5,0,0,inf,2,7,207.5,0,0,inf,0,1,660.5,1,5,207.5
88684193,02200212,35.2,15.8,0,0,inf,0,2,650.4,0,0,inf,2,10,223.8,0,0,inf,0,2,650.4,2,7,223.8
88684196,02200212,31.5,22.2,0,0,inf,0,2,537.3,0,0,inf,3,10,113.9,0,0,inf,0,2,537.3,2,7,113.9
88684197,02200212,10.8,8.1,0,0,inf,0,1,767.9,0,0,inf,1,7,314.9,0,0,inf,0,1,767.9,1,5,314.9
88684204,02200212,17.9,12.9,0,0,inf,0,1,779.0,0,0,inf,1,7,326.0,0,0,inf,0,1,779.0,1,5,326.0
88871054,02200208,13.1,23.7,0,0,867.4,0,2,645.6,0,0,inf,2,8,221.9,0,0,inf,0,2,645.6,2,5,221.9
88871056,02200208,34.1,18.7,0,0,927.1,0,2,787.2,0,0,inf,1,9,281.7,0,0,1988.0,0,2,787.2,1,5,281.7
88871062,02200208,42.9,34.8,0,0,1128.6,0,1,632.6,0,0,inf,1,5,279.9,0,0,inf,0,1,632.6,1,4,279.9
88871068,02200208,22.9,22.3,0,0,1132.7,0,1,507.7,0,0,inf,1,7,170.8,0,0,inf,0,1,507.7,1,4,170.8
88871073,02200208,24.0,30.8,0,0,1127.4,0,1,502.3,0,0,inf,1,7,165.5,0,0,inf,0,1,502.3,1,4,165.5
88871076,02200208,16.6,27.9,0,0,897.7,0,2,623.6,0,0,inf,2,8,252.2,0,0,inf,0,2,623.6,2,5,252.2
88871078,02200208,14.6,17.7,0,0,879.6,0,1,781.0,0,0,inf,1,6,234.2,0,0,inf,0,1,781.0,1,3,234.2
88871080,02200208,20.0,22.6,0,0,855.9,0,2,757.3,0,0,inf,1,8,210.5,0,0,inf,0,2,757.3,1,5,210.5
88871084,02200208,18.0,21.1,0,0,1146.2,0,1,587.7,0,0,inf,1,5,235.0,0,0,inf,0,1,587.7,1,4,235.0
88871090,02200208,21.9,24.6,0,0,1146.9,0,1,563.3,0,0,inf,1,6,210.7,0,0,inf,0,1,563.3,1,4,210.7
88871094,02200208,17.2,17.9,0,0,871.6,0,1,772.9,0,0,inf,1,7,226.1,0,0,inf,0,1,772.9,1,4,226.1
88871096,02200208,7.3,34.4,0,0,1011.4,0,1,523.0,0,0,inf,2,8,166.0,0,0,inf,0,1,523.0,2,4,166.0
88871101,02200208,27.2,34.6,0,0,941.2,0,1,593.5,0,0,inf,2,8,236.5,0,0,inf,0,1,593.5,2,4,236.5
88871102,02200208,19.4,19.0,0,0,954.8,0,2,760.1,0,0,inf,1,8,309.4,0,0,1960.9,0,2,760.1,1,5,309.4
88871107,02200208,14.0,29.3,0,0,916.8,0,1,607.4,0,0,inf,2,8,250.4,0,0,inf,0,1,607.4,2,4,250.4
88871109,02200208,18.9,28.8,0,0,1086.6,0,2,662.7,0,0,inf,1,7,310.1,0,0,1968.1,0,2,662.7,1,5,310.1
88871115,02200208,21.5,21.5,0,0,1147.5,0,1,522.5,0,0,inf,1,7,185.6,0,0,inf,0,1,522.5,1,4,185.6
88871121,02200208,14.4,16.6,0,0,968.5,0,2,741.6,0,0,inf,1,8,323.1,0,0,1942.4,0,2,741.6,1,5,323.1
88871129,02200208,17.9,33.4,0,0,965.7,0,1,566.7,0,0,inf,2,8,209.7,0,0,inf,0,1,566.7,2,4,209.7
88871135,02200208,37.0,25.3,0,0,1156.6,0,2,452.9,0,0,inf,1,8,116.0,0,0,1984.9,0,2,452.9,1,5,116.0
88871141,02200208,18.8,21.0,0,0,1132.2,0,1,601.3,0,0,inf,1,5,248.7,0,0,inf,0,1,601.3,1,4,248.7
88871148,02200208,15.7,19.5,0,0,1167.4,0,1,548.5,0,0,inf,1,7,211.7,0,0,inf,0,1,548.5,1,4,211.7
88871152,02200208,38.4,16.5,0,0,899.8,0,0,801.1,0,0,inf,1,7,254.3,0,0,inf,0,0,801.1,1,3,254.3
88871157,02200208,22.7,37.6,0,0,1005.0,0,1,535.8,0,0,inf,2,8,178.8,0,0,inf,0,1,535.8,2,4,178.8
88871159,02200208,15.6,22.1,0,0,1162.8,0,1,537.7,0,0,inf,1,7,200.8,0,0,inf,0,1,537.7,1,4,200.8
88871163,02200208,15.0,21.0,0,0,1157.5,0,1,573.9,0,0,inf,1,6,221.3,0,0,inf,0,1,573.9,1,4,221.3
88871173,02200208,30.0,26.2,0,0,1124.2,0,1,499.1,0,0,inf,1,7,162.2,0,0,inf,0,1,499.1,1,4,162.2
88871177,02200208,19.3,29.6,0,0,1093.2,0,2,657.5,0,0,inf,1,6,304.9,0,0,1974.7,0,2,657.5,1,5,304.9
88871181,02200208,19.6,20.6,0,0,1102.3,0,2,630.4,0,0,inf,1,6,277.8,0,0,1983.8,0,2,630.4,1,5,277.8
89051046,02200208,14.6,28.7,0,0,1078.0,0,2,656.3,0,0,inf,1,7,319.4,0,0,1959.5,0,2,656.3,1,5,319.4
89051047,02200208,13.0,20.4,0,0,1226.2,0,2,710.2,0,0,inf,1,7,387.8,0,0,1909.9,0,2,710.2,1,5,387.8
89051048,02200208,39.0,20.1,0,0,1216.0,0,2,527.7,0,0,inf,1,9,190.8,0,0,1899.7,0,2,527.7,1,5,190.8
89051049,02200208,11.3,41.8,0,0,1089.0,0,2,672.7,0,0,inf,0,7,431.8,0,0,1872.3,0,2,672.7,0,5,431.8
89051051,02200208,12.4,20.7,0,0,1259.7,0,2,691.7,0,0,inf,1,8,354.9,0,0,1943.4,0,2,691.7,1,5,354.9
89051052,02200208,25.7,18.8,0,0,1204.8,0,2,688.8,0,0,inf,0,7,406.0,0,0,1888.4,0,2,688.8,0,5,406.0
89051053,02200208,15.4,18.7,0,0,1170.2,0,2,466.5,0,0,inf,1,9,129.6,0,0,1957.9,0,2,466.5,1,5,129.6
89051054,02200208,15.0,19.1,0,0,1271.7,0,2,676.0,0,0,inf,1,8,339.1,0,0,1955.4,0,2,676.0,1,5,339.1
89051055,02200208,17.3,19.1,0,0,1071.8,0,2,644.5,0,0,inf,0,7,414.6,0,0,1844.1,0,2,644.5,0,5,414.6
89051057,02200208,23.8,21.1,0,0,1230.4,0,2,634.7,0,0,inf,1,8,297.9,0,0,1914.1,0,2,634.7,1,5,297.9
89051059,02200208,17.2,21.0,0,0,1212.7,0,2,617.0,0,0,inf,1,9,280.1,0,0,1896.4,0,2,617.0,1,6,280.1
89051060,02200208,18.9,26.2,0,0,1091.5,0,2,637.8,0,0,inf,1,6,300.9,0,0,1973.0,0,2,637.8,1,5,300.9
89051061,02200208,19.5,20.7,0,0,1114.7,0,2,603.5,0,0,inf,1,6,266.7,0,0,1996.2,0,2,603.5,1,5,266.7
89051062,02200208,37.5,19.7,0,0,1194.2,0,2,548.5,0,0,inf,1,10,211.7,0,0,1877.9,0,2,548.5,1,6,211.7
89051064,02200208,29.6,30.5,0,0,1246.8,0,2,724.2,0,0,inf,1,7,387.4,0,0,1930.4,0,2,724.2,1,5,387.4
89051065,02200208,25.1,27.2,0,0,1105.9,0,2,625.3,0,0,inf,1,6,288.5,0,0,1987.4,0,2,625.3,1,5,288.5
89051066,02200208,25.5,33.7,0,0,1256.0,0,2,660.3,0,0,inf,1,8,323.4,0,0,1939.7,0,2,660.3,1,5,323.4
89051067,02200208,40.3,20.1,0,0,1210.6,0,2,506.9,0,0,inf,1,9,170.1,0,0,1920.5,0,2,506.9,1,5,170.1
90893283,02200213,16.1,20.6,0,0,inf,1,1,376.1,0,0,inf,2,6,358.5,0,0,inf,1,1,376.1,2,4,358.5
90893286,02200213,17.6,16.9,0,0,inf,0,1,404.2,0,0,inf,1,6,323.0,0,0,inf,0,1,404.2,1,4,323.0
90893289,02200213,17.8,16.8,0,0,inf,0,1,438.4,0,0,inf,1,7,288.4,0,0,inf,0,1,438.4,1,4,288.4
90893294,02200213,27.2,29.9,0,0,inf,0,2,645.5,0,0,inf,2,8,132.0,0,0,inf,0,2,645.5,2,6,132.0
90893300,02200213,17.7,18.0,0,0,inf,1,2,388.1,0,0,inf,1,6,388.1,0,0,inf,1,2,388.1,1,5,388.1
90893304,02200213,42.7,21.4,0,0,inf,1,2,353.3,0,0,inf,2,6,353.3,0,0,inf,1,2,353.3,1,5,353.3
90893308,02200213,15.6,19.1,0,0,inf,0,1,532.3,0,0,inf,1,7,285.0,0,0,inf,0,1,532.3,1,4,285.0
90893314,02200213,25.9,23.3,0,0,inf,0,2,656.3,0,0,inf,2,9,232.4,0,0,inf,0,2,656.3,2,6,232.4
90893315,02200213,31.9,15.0,0,0,inf,0,2,664.9,0,0,inf,2,8,206.4,0,0,inf,0,2,664.9,2,6,206.4
90893318,02200213,24.3,19.3,0,0,inf,1,2,373.1,0,0,inf,1,6,373.1,0,0,inf,1,2,373.1,1,5,373.1
90893322,02200213,44.2,16.1,0,0,inf,0,2,612.4,0,0,inf,3,10,81.5,0,0,inf,0,2,612.4,3,7,81.5
90893327,02200213,15.5,21.4,0,0,inf,0,2,503.2,0,0,inf,0,6,473.8,0,0,inf,0,2,503.2,0,4,473.8
90971097,02200213,17.2,13.8,0,0,inf,0,2,548.1,0,0,inf,0,6,435.5,0,0,inf,0,2,548.1,0,4,435.5
90971098,02200213,28.9,26.7,0,0,inf,0,2,605.8,0,0,inf,0,6,406.3,0,0,inf,0,2,605.8,0,4,555.5
90971099,02200213,26.1,21.6,0,0,inf,0,2,560.7,0,0,inf,0,6,441.3,0,0,inf,0,2,560.7,0,4,510.4
90971101,02200213,23.2,18.9,0,0,inf,0,2,411.8,0,0,inf,0,6,411.8,0,0,inf,0,2,411.8,0,5,411.8
90971102,02200213,18.3,45.8,0,0,inf,0,2,456.0,0,0,inf,0,6,456.0,0,0,inf,0,2,456.0,0,5,456.0
90971913,02200213,27.7,23.3,0,0,inf,1,1,110.2,0,0,inf,1,9,110.2,0,0,inf,1,1,110.2,1,5,110.2
90971914,02200213,11.4,42.2,0,0,inf,1,1,254.8,0,0,inf,1,5,254.8,0,0,inf,1,1,254.8,1,4,254.8
90971915,02200213,45.5,23.5,0,0,inf,0,2,400.4,0,0,inf,1,7,301.8,0,0,inf,0,2,400.4,0,5,400.4
90971917,02200213,74.5,23.2,0,0,inf,0,2,427.0,0,0,inf,1,7,223.1,0,0,inf,0,2,427.0,0,5,427.0
92313737,02200213,26.2,16.5,0,0,inf,1,2,371.6,0,0,inf,2,7,354.7,0,0,inf,1,2,371.6,2,5,354.7
92313744,02200213,43.5,27.9,0,0,inf,1,1,223.2,0,0,inf,1,5,223.2,0,0,inf,1,1,223.2,1,4,223.2
92335615,02100101,34.8,15.7,0,1,467.9,0,2,789.7,0,0,inf,2,9,277.6,0,0,1151.6,0,3,467.9,1,7,386.8
92335617,02100101,46.1,15.7,0,1,522.3,0,1,754.0,0,0,inf,2,9,241.9,0,0,1206.0,0,2,522.3,1,7,371.3
92335619,02100101,196.0,15.9,0,1,468.3,0,0,818.8,0,0,inf,1,6,387.2,0,0,1152.0,0,1,468.3,1,4,387.2
92335621,02100102,29.8,11.4,0,0,960.5,0,1,407.9,0,0,1866.2,0,8,407.9,0,0,1531.2,0,1,407.9,0,7,407.9
92335623,02100101,25.2,16.6,1,1,257.8,0,1,686.1,0,0,inf,1,7,257.8,0,0,941.5,1,2,257.8,1,6,257.8
92335629,02100101,42.4,13.4,0,1,562.0,0,2,690.9,0,0,inf,2,9,178.8,0,0,1245.7,0,3,562.0,1,7,308.2
92335630,02100101,23.8,21.4,0,1,686.1,1,2,326.9,0,0,inf,3,8,273.4,0,0,1369.7,1,3,326.9,2,5,273.4
92335631,02100101,39.8,11.6,1,1,357.4,0,1,666.9,0,0,inf,1,7,357.4,0,0,1041.1,1,2,357.4,1,6,357.4
92335632,02100101,42.4,9.9,0,1,607.1,0,3,638.7,0,0,inf,2,11,126.6,0,0,1290.8,0,4,607.1,1,8,256.0
92335634,02100101,43.0,12.8,0,1,528.8,0,1,741.8,0,0,inf,2,9,229.7,0,0,1212.5,0,2,528.8,1,7,359.1
92335635,02100102,30.8,14.2,0,0,1053.0,0,1,462.8,0,0,1725.4,1,7,324.3,0,0,1596.5,0,1,462.8,1,6,324.3
92335637,02100101,42.5,13.8,0,1,536.3,0,1,717.3,0,0,inf,2,9,205.2,0,0,1220.0,0,2,536.3,1,7,334.6
92335641,02100101,34.3,7.6,0,1,416.0,0,2,743.9,0,0,inf,2,9,313.2,0,0,1099.7,0,3,416.0,1,7,334.9
92335643,02100102,49.0,35.1,0,1,755.7,1,2,196.5,0,0,1711.3,3,8,196.5,0,0,1091.4,1,3,196.5,3,8,196.5
92335644,02100102,16.8,18.4,0,0,922.0,1,2,138.6,0,0,1708.3,2,7,138.6,0,0,1327.3,1,2,138.6,2,6,138.6
92335645,02100101,34.2,15.6,0,1,509.4,0,1,766.9,0,0,inf,2,9,254.8,0,0,1193.0,0,2,509.4,1,7,384.2
92335646,02100101,27.2,13.0,0,1,655.3,0,2,478.6,0,0,inf,3,9,121.2,0,0,1339.0,0,3,478.6,1,6,121.2
92335647,02100101,34.5,15.6,0,1,489.0,0,1,775.6,0,0,inf,2,8,263.5,0,0,1172.7,0,2,489.0,1,6,392.9
92335648,02100102,46.2,20.0,0,0,897.6,1,2,166.3,0,0,1736.0,2,7,166.3,0,0,1355.0,1,2,166.3,2,6,166.3
92416202,02200213,39.9,34.4,0,0,inf,1,1,318.8,0,0,inf,2,10,318.8,0,0,inf,1,1,318.8,2,6,318.8
92416204,02200213,43.9,17.4,0,0,inf,1,2,182.5,0,0,inf,2,10,182.5,0,0,inf,1,2,182.5,2,7,182.5
92416206,02200213,18.2,17.2,0,0,inf,1,1,126.0,0,0,inf,2,9,126.0,0,0,inf,1,1,126.0,2,5,126.0
92416207,02200213,19.6,49.7,0,0,inf,1,1,199.3,0,0,inf,2,9,199.3,0,0,inf,1,1,199.3,2,5,199.3
92416208,02200213,17.1,17.6,0,0,inf,1,1,167.2,0,0,inf,2,10,167.2,0,0,inf,1,1,167.2,2,6,167.2
93119086,02200208,16.5,46.3,0,0,999.1,0,1,483.1,0,0,inf,0,4,483.1,0,0,1682.7,0,1,483.1,0,2,483.1
93119087,02200207,36.6,66.6,0,0,1099.0,0,1,583.0,0,0,inf,0,1,583.0,0,0,1662.7,0,1,583.0,0,1,583.0
93119088,02200208,19.8,18.6,0,0,992.2,0,1,476.2,0,0,inf,0,4,476.2,0,0,1675.9,0,1,476.2,0,2,476.2
93119089,02200207,69.1,14.1,0,0,992.1,0,3,577.4,0,0,inf,0,3,577.4,0,0,1477.9,0,3,577.4,0,4,577.4
93119090,02200208,14.3,60.8,0,0,887.9,1,3,144.3,0,0,inf,1,6,144.3,0,0,1571.6,1,3,144.3,1,5,144.3
93217718,02200213,14.1,21.8,0,0,inf,0,2,539.5,0,0,inf,3,10,68.2,0,0,inf,0,2,539.5,2,8,68.2
93297246,02300417,29.5,15.3,0,0,1924.6,1,3,391.7,0,0,inf,3,15,265.3,0,0,1924.6,1,3,391.7,2,8,265.3
93297248,02300417,15.1,22.0,0,0,inf,1,3,324.6,0,0,inf,4,13,295.2,0,0,inf,1,3,324.6,2,7,324.6
93323278,02200213,29.2,26.5,0,0,inf,0,2,427.4,0,0,inf,5,10,167.8,0,0,inf,0,2,427.4,3,8,167.8
93323284,02200213,21.3,23.5,0,0,inf,1,2,330.8,0,0,inf,4,9,203.3,0,0,inf,1,2,330.8,3,7,203.3
93323287,02200213,23.3,20.6,0,0,inf,0,2,447.9,0,0,inf,5,11,187.6,0,0,inf,0,2,447.9,3,9,187.6
93628053,02400522,50.0,42.3,0,0,1480.1,0,0,1176.3,0,4,678.0,0,0,812.4,0,0,inf,0,0,1176.3,0,4,678.0
93628054,02400522,19.1,16.8,0,0,1502.3,0,0,1103.0,0,4,649.8,0,0,834.5,0,0,inf,0,0,1103.0,0,4,649.8
93723111,02200213,70.6,79.0,0,0,inf,0,1,656.2,0,0,inf,2,10,232.7,0,0,inf,0,1,656.2,2,6,232.7
93723113,02200213,14.1,24.1,0,0,inf,0,2,602.8,0,0,inf,2,10,179.3,0,0,inf,0,2,602.8,2,7,179.3
93723114,02200213,33.5,33.0,0,0,inf,1,1,309.8,0,0,inf,2,10,309.8,0,0,inf,1,1,309.8,2,6,309.8
93723123,02200213,35.5,20.3,0,0,inf,1,2,378.1,0,0,inf,2,10,138.6,0,0,inf,1,2,378.1,2,7,138.6
93723126,02200213,11.3,70.8,0,0,inf,0,2,430.0,0,0,inf,1,9,187.8,0,0,inf,0,2,430.0,1,7,187.8
93723129,02200213,25.3,68.7,0,0,inf,0,2,409.5,0,0,inf,1,10,204.2,0,0,inf,0,2,409.5,1,7,204.2
95264381,02100106,50.6,48.6,0,0,inf,1,2,362.2,0,0,inf,2,7,362.2,0,0,inf,1,2,362.2,1,4,362.2
96069075,02200212,63.7,17.0,0,0,inf,0,2,421.1,0,0,inf,2,10,89.7,0,0,inf,0,2,421.1,1,7,274.7
96069077,02200212,41.9,75.0,0,0,inf,1,1,326.2,0,0,inf,2,9,207.0,0,0,inf,1,1,326.2,1,6,326.2
96069078,02200212,47.5,50.7,0,0,inf,1,1,223.0,0,0,inf,4,9,261.5,0,0,inf,1,1,223.0,2,6,223.0
96069082,02200212,5.6,94.8,0,0,inf,1,1,286.0,0,0,inf,3,8,286.7,0,0,inf,1,1,286.0,1,5,286.0
96069084,02200212,35.2,32.5,0,0,inf,1,1,181.1,0,0,inf,4,10,254.0,0,0,inf,1,1,181.1,2,6,181.1
96069092,02200212,34.0,72.8,0,0,inf,0,2,504.1,0,0,inf,3,10,235.8,0,0,inf,0,2,504.1,3,8,235.8
96069098,02200212,26.6,48.4,0,0,inf,0,2,524.8,0,0,inf,2,11,193.4,0,0,inf,0,2,524.8,1,8,233.9
96069106,02200212,26.7,49.4,0,0,inf,0,2,506.0,0,0,inf,2,10,174.7,0,0,inf,0,2,506.0,1,7,254.7
96069110,02200212,9.9,72.9,0,0,inf,0,2,515.7,0,0,inf,2,10,184.3,0,0,inf,0,2,515.7,1,7,291.9
96069113,02200212,18.1,88.0,0,0,inf,0,1,424.8,0,0,inf,5,9,165.2,0,0,inf,0,1,424.8,3,7,165.2
96069116,02200212,13.9,24.1,0,0,inf,0,2,473.6,0,0,inf,5,11,168.9,0,0,inf,0,2,473.6,3,9,168.9
96069118,02200212,28.3,18.2,0,0,inf,0,2,475.9,0,0,inf,2,11,144.5,0,0,inf,0,2,475.9,1,8,222.4
96069120,02200212,21.5,17.9,0,0,inf,0,2,510.1,0,0,inf,2,11,178.8,0,0,inf,0,2,510.1,1,8,187.4
96072736,02200211,16.3,52.1,0,0,inf,0,1,788.7,0,0,inf,1,4,292.2,0,0,inf,0,1,788.7,1,4,292.2
97334029,02100101,25.6,18.7,0,1,665.6,1,2,341.8,0,0,inf,4,8,252.9,0,0,1349.3,1,3,341.8,2,5,252.9
98599361,02300417,10.3,42.8,0,0,inf,0,2,520.5,0,0,inf,1,9,363.7,0,0,inf,0,2,520.5,1,5,363.7
98599362,02300417,19.4,22.5,0,0,inf,0,2,414.2,0,0,inf,0,12,414.2,0,0,inf,0,2,414.2,0,6,414.2
98599363,02300417,33.9,45.8,0,0,inf,0,3,685.6,0,0,inf,0,6,422.2,0,0,inf,0,3,685.6,0,5,594.7
98599365,02300417,23.5,72.6,0,0,inf,1,2,338.8,0,0,inf,1,10,338.8,0,0,inf,1,2,338.8,1,5,338.8
98599366,02300417,15.8,23.6,0,0,inf,0,2,531.1,0,0,inf,1,10,314.6,0,0,inf,0,2,531.1,1,6,314.6
98599367,02300417,28.0,34.2,0,0,1992.0,1,2,211.6,0,0,inf,2,13,211.6,0,0,1992.0,1,2,211.6,2,7,211.6
98599368,02300417,23.9,64.7,0,0,inf,0,2,537.1,0,0,inf,1,9,390.7,0,0,inf,0,2,537.1,1,5,390.7
98599369,02300417,21.5,18.5,0,0,inf,0,1,532.0,0,0,inf,1,7,309.1,0,0,inf,0,1,532.0,1,4,309.1
98599371,02300417,26.0,41.5,0,0,inf,0,2,535.1,0,0,inf,1,9,312.1,0,0,inf,0,2,535.1,1,6,312.1
98599372,02300417,40.7,32.5,0,0,inf,0,3,614.9,0,0,inf,1,6,351.4,0,0,inf,0,3,614.9,0,4,614.9
98599373,02300417,26.5,17.8,0,0,1981.0,1,2,168.5,0,0,inf,2,12,168.5,0,0,1981.0,1,2,168.5,1,7,168.5
98599374,02300417,14.5,15.3,0,0,inf,0,3,443.1,0,0,inf,0,10,428.0,0,0,inf,0,3,443.1,0,6,443.1
98599375,02300417,19.1,23.5,0,0,inf,0,2,515.3,0,0,inf,1,10,330.2,0,0,inf,0,2,515.3,1,6,330.2
98599376,02300417,37.6,70.9,0,0,inf,0,2,699.3,0,0,inf,0,5,435.9,0,0,inf,0,2,699.3,0,4,631.2
98599377,02300417,26.7,15.5,0,0,inf,0,1,487.9,0,0,inf,1,7,265.0,0,0,inf,0,1,487.9,1,4,265.0
98599378,02300417,19.2,22.5,0,0,inf,1,2,397.2,0,0,inf,1,12,397.2,0,0,inf,1,2,397.2,1,6,397.2
98599379,02300417,22.0,21.7,0,0,inf,0,3,409.5,0,0,inf,2,11,329.6,0,0,inf,0,3,409.5,1,6,380.4
98599380,02300417,13.1,15.1,0,0,inf,1,2,312.9,0,0,inf,1,12,312.9,0,0,inf,1,2,312.9,1,7,312.9
98599381,02300417,12.8,16.2,0,0,inf,0,3,459.7,0,0,inf,1,9,378.4,0,0,inf,0,3,459.7,0,6,459.7
98599382,02300417,14.4,25.8,0,0,1993.3,1,2,240.3,0,0,inf,2,13,240.3,0,0,1993.3,1,2,240.3,2,6,240.3
98599383,02300417,28.2,50.9,0,0,inf,0,1,720.7,0,0,inf,0,4,457.3,0,0,inf,0,1,720.7,0,3,569.9
98599385,02300417,37.8,23.5,0,0,inf,0,2,650.0,0,0,inf,0,6,427.0,0,0,inf,0,2,650.0,0,4,427.0
98599386,02300417,13.0,17.4,0,0,inf,0,2,468.5,0,0,inf,0,8,453.5,0,0,inf,0,2,468.5,0,5,468.5
98599388,02300417,14.1,22.2,0,0,inf,0,2,487.1,0,0,inf,1,9,355.7,0,0,inf,0,2,487.1,1,5,355.7
98599389,02300417,23.7,8.2,0,0,inf,0,3,433.5,0,0,inf,2,12,340.9,0,0,inf,0,3,433.5,1,6,340.9
98599391,02300417,25.2,60.9,0,0,inf,0,2,512.1,0,0,inf,0,8,497.0,0,0,inf,0,2,512.1,0,5,512.1
98599392,02300417,18.1,14.7,0,0,inf,0,1,588.9,0,0,inf,1,5,366.0,0,0,inf,0,1,588.9,1,3,366.0
98599393,02300417,28.4,20.6,0,0,inf,0,2,713.0,0,0,inf,0,5,449.5,0,0,inf,0,2,713.0,0,4,517.1
98599394,02300417,11.5,22.2,0,0,inf,0,2,474.2,0,0,inf,1,9,368.8,0,0,inf,0,2,474.2,1,5,368.8
98599395,02300417,58.2,14.8,0,0,inf,0,3,527.0,0,0,inf,1,8,308.4,0,0,inf,0,3,527.0,0,5,527.0
98599396,02300417,12.1,23.6,0,0,inf,0,2,501.4,0,0,inf,1,9,344.3,0,0,inf,0,2,501.4,1,5,344.3
98599397,02300417,12.8,67.6,0,0,inf,0,1,758.6,0,0,inf,0,4,495.2,0,0,inf,0,1,758.6,0,3,565.3
98599398,02300417,20.4,15.6,0,0,inf,0,1,518.8,0,0,inf,1,7,295.8,0,0,inf,0,1,518.8,1,4,295.8
98599399,02300417,12.8,16.9,0,0,inf,0,1,575.3,0,0,inf,1,5,352.4,0,0,inf,0,1,575.3,1,3,352.4
98599400,02300417,26.1,18.0,0,0,inf,1,2,283.6,0,0,inf,1,12,283.6,0,0,inf,1,2,283.6,1,7,283.6
98599401,02300417,26.2,17.8,0,0,inf,1,2,253.1,0,0,inf,1,12,253.1,0,0,inf,1,2,253.1,1,7,253.1
98599405,02300417,22.2,9.9,0,0,inf,0,2,461.1,0,0,inf,0,8,446.0,0,0,inf,0,2,461.1,0,5,461.1
98599408,02300417,13.3,15.6,0,0,1997.5,1,2,185.0,0,0,inf,2,12,185.0,0,0,1997.5,1,2,185.0,1,7,185.0
98599409,02300417,13.8,15.6,0,0,inf,0,1,507.6,0,0,inf,1,7,284.7,0,0,inf,0,1,507.6,1,4,284.7
98599415,02300417,26.6,35.2,0,0,inf,0,2,522.4,0,0,inf,1,9,299.4,0,0,inf,0,2,522.4,1,6,299.4
98599418,02300417,29.4,16.6,0,0,inf,0,3,503.2,0,0,inf,1,9,335.7,0,0,inf,0,3,503.2,0,6,503.2
98599426,02300417,43.7,36.3,0,0,inf,0,2,460.9,0,0,inf,0,9,410.1,0,0,inf,0,2,460.9,0,5,410.1
98599430,02300417,39.5,21.5,0,0,inf,0,3,651.4,0,0,inf,1,6,387.9,0,0,inf,0,3,651.4,0,5,580.5
98599435,02300417,20.1,17.2,0,0,inf,0,1,556.6,0,0,inf,1,6,333.7,0,0,inf,0,1,556.6,1,4,333.7
98599437,02300417,48.0,33.9,0,0,inf,0,2,447.2,0,0,inf,0,12,440.1,0,0,inf,0,2,447.2,0,6,447.2
98599438,02300417,16.1,65.5,0,0,inf,0,2,518.9,0,0,inf,0,9,410.6,0,0,inf,0,2,518.9,0,5,410.6
98599439,02300417,27.0,24.6,0,0,inf,0,2,724.6,0,0,inf,0,5,473.0,0,0,inf,0,2,724.6,0,4,501.6
98599440,02300417,9.4,81.9,0,0,inf,0,1,741.7,0,0,inf,0,4,478.3,0,0,inf,0,1,741.7,0,3,610.8
98599442,02300417,25.8,73.3,0,0,inf,0,1,607.7,0,0,inf,1,5,384.7,0,0,inf,0,1,607.7,1,3,384.7
98599443,02300417,12.0,15.5,0,0,inf,0,1,546.8,0,0,inf,1,6,323.8,0,0,inf,0,1,546.8,1,4,323.8
98599444,02300417,9.5,59.8,0,0,inf,0,2,547.0,0,0,inf,1,8,371.1,0,0,inf,0,2,547.0,1,5,371.1
98599445,02300417,27.1,15.6,0,0,inf,1,2,238.2,0,0,inf,1,12,238.2,0,0,inf,1,2,238.2,1,7,238.2
98599446,02300417,46.3,38.0,0,0,inf,0,3,654.2,0,0,inf,1,6,390.8,0,0,inf,0,3,654.2,0,5,610.7
98599447,02300417,24.3,20.1,0,0,inf,0,3,689.6,0,0,inf,0,6,426.2,0,0,inf,0,3,689.6,0,5,539.5
98599448,02300417,23.9,16.6,0,0,inf,1,2,350.7,0,0,inf,1,11,350.7,0,0,inf,1,2,350.7,1,6,350.7
98599450,02300417,13.2,15.5,0,0,inf,1,2,211.2,0,0,inf,1,12,211.2,0,0,inf,1,2,211.2,1,7,211.2
98599451,02300417,27.8,15.7,0,0,inf,0,2,608.6,0,0,inf,1,6,385.6,0,0,inf,0,2,608.6,1,4,385.6
101222038,02400520,18.5,10.2,0,0,1336.2,0,0,1183.1,1,3,380.0,2,4,353.6,0,0,inf,0,0,1183.1,1,3,380.0
101272229,02200211,5.7,39.0,0,0,1968.4,1,2,315.9,0,0,inf,2,7,222.6,0,0,inf,1,2,315.9,2,5,222.6
101272230,02200211,13.1,20.4,0,0,1906.0,0,1,410.4,0,0,inf,1,8,107.8,0,0,inf,0,1,410.4,1,5,107.8
101272231,02200211,14.7,15.9,0,0,1876.0,0,2,424.5,0,0,inf,1,8,209.9,0,0,inf,0,2,424.5,1,5,209.9
101272232,02200211,25.4,20.0,0,0,1935.0,1,1,380.6,0,0,inf,2,7,78.0,0,0,inf,1,1,380.6,2,5,78.0
101272233,02200211,8.8,35.9,0,0,inf,1,1,318.6,0,0,inf,2,7,56.9,0,0,inf,1,1,318.6,2,5,56.9
101272234,02200211,15.1,15.8,0,0,1941.6,1,2,296.4,0,0,inf,2,7,203.0,0,0,inf,1,2,296.4,2,5,203.0
101807416,02400522,58.9,20.0,0,0,1414.8,0,0,1197.0,0,5,612.7,0,1,747.1,0,0,inf,0,0,1197.0,0,5,612.7
101807418,02400522,19.3,21.1,0,0,1632.1,0,0,973.4,0,3,520.1,0,0,964.4,0,0,inf,0,0,973.4,0,2,520.1
101807419,02400522,28.8,17.1,0,0,1376.0,0,0,1228.6,0,5,573.9,0,1,708.3,0,0,inf,0,0,1228.6,0,5,573.9
101807420,02400522,66.0,17.6,0,0,988.3,0,0,1364.8,2,6,320.6,1,1,320.6,0,0,inf,0,0,988.3,2,6,320.6
101807421,02400522,52.9,16.9,0,0,1628.7,0,0,976.7,0,3,523.5,0,0,961.0,0,0,inf,0,0,976.7,0,2,523.5
101807422,02400522,19.2,15.1,0,0,1563.8,0,0,1038.1,0,3,584.8,0,0,896.1,0,0,inf,0,0,1038.1,0,3,584.8
101807423,02400522,22.3,19.6,0,0,1597.8,0,0,1013.1,0,4,559.8,0,0,930.1,0,0,inf,0,0,1013.1,0,3,559.8
101807427,02400522,17.6,33.1,0,0,976.1,0,0,1352.6,2,6,308.4,1,1,308.4,0,0,inf,0,0,976.1,2,6,308.4
101807428,02400522,17.9,15.3,0,0,1533.2,0,0,1069.2,0,3,615.9,0,0,865.4,0,0,inf,0,0,1069.2,0,3,615.9
101807429,02400522,27.6,16.9,0,0,1575.0,0,0,1029.1,0,4,575.9,0,0,907.3,0,0,1998.3,0,0,1029.1,0,3,575.9
101807431,02400522,13.6,13.7,0,0,1578.2,0,0,1020.9,0,4,567.6,0,0,910.5,0,0,inf,0,0,1020.9,0,3,567.6
101807432,02400522,26.0,15.8,0,0,1493.4,0,0,1110.0,0,4,656.7,0,0,825.6,0,0,inf,0,0,1110.0,0,4,656.7
102029023,02400522,37.5,14.5,0,0,1415.5,0,0,1183.8,0,5,613.4,0,1,747.8,0,0,inf,0,0,1183.8,0,5,613.4
102029024,02400522,21.2,15.2,0,0,1552.1,0,0,1048.8,0,3,595.5,0,0,884.3,0,0,inf,0,0,1048.8,0,3,595.5
102029027,02400522,36.6,14.7,0,0,1396.9,0,0,1202.9,0,5,594.8,0,1,729.1,0,0,inf,0,0,1202.9,0,5,594.8
102029028,02400522,37.4,14.6,0,0,1453.2,0,0,1146.4,0,5,651.1,0,1,785.5,0,0,inf,0,0,1146.4,0,5,651.1
102029029,02400522,21.9,14.4,0,0,1531.0,0,0,1068.2,0,4,614.9,0,0,863.3,0,0,inf,0,0,1068.2,0,4,614.9
102029030,02400522,37.6,14.5,0,0,1434.0,0,0,1165.3,0,5,631.9,0,1,766.3,0,0,inf,0,0,1165.3,0,5,631.9
102029031,02400522,50.8,16.0,0,0,1495.8,0,0,1106.5,0,4,653.3,0,0,828.1,0,0,inf,0,0,1106.5,0,4,653.3
102717966,02300314,10.0,29.8,0,0,1408.2,0,0,838.3,0,0,inf,2,10,170.8,0,0,1408.2,0,0,838.3,0,4,549.4
102814719,02200207,3.7,13.0,0,0,1151.9,0,1,636.0,0,0,inf,0,1,636.0,0,0,1715.6,0,1,636.0,0,1,636.0
102815915,02200207,12.1,11.9,0,0,1017.3,0,2,420.6,0,0,inf,0,2,659.5,0,0,1465.4,0,2,420.6,0,3,420.6
103844034,02100105,41.1,23.1,0,0,inf,0,3,495.3,0,0,inf,1,9,242.7,0,0,inf,0,3,495.3,0,5,495.3
104230280,02200211,21.3,36.4,0,0,inf,0,1,426.6,0,0,inf,2,6,247.8,0,0,inf,0,1,426.6,1,4,247.8
104230374,02200211,21.1,15.5,0,0,1990.2,0,1,498.6,0,0,inf,1,7,196.0,0,0,inf,0,1,498.6,1,5,196.0
104501372,02100106,14.0,22.2,0,0,inf,1,1,356.9,0,0,inf,2,6,303.6,0,0,inf,1,1,356.9,1,4,356.9
104850364,02300418,3.0,31.4,0,0,inf,0,0,877.4,0,0,inf,1,4,347.8,0,0,inf,0,0,877.4,1,4,347.8
105066707,02100104,40.8,22.2,0,0,inf,0,3,489.7,0,0,inf,2,8,161.2,0,0,inf,0,3,489.7,0,5,455.7
105066741,02100104,37.2,48.7,0,0,inf,0,3,510.3,0,0,inf,2,8,181.8,0,0,inf,0,3,510.3,0,5,476.3
105297495,02200208,77.4,24.4,0,0,1268.2,0,2,672.5,0,0,inf,1,8,335.6,0,0,1951.9,0,2,672.5,1,5,335.6
105735033,02100105,32.6,12.8,0,0,1618.8,0,1,702.8,0,0,inf,0,6,505.8,0,0,inf,0,1,702.8,0,6,505.8
105735035,02100103,43.5,18.9,0,0,1395.3,0,1,526.0,0,0,inf,2,7,230.3,0,0,inf,0,1,526.0,2,5,230.3
105735044,02100105,158.8,16.6,0,0,1502.8,0,2,733.4,0,0,inf,1,6,389.9,0,0,inf,0,2,733.4,1,6,389.9
105735045,02100105,150.2,14.1,0,0,1707.6,0,1,783.2,0,0,inf,0,6,599.3,0,0,inf,0,1,783.2,0,6,599.3
105735046,02100105,42.6,13.3,0,0,1621.1,0,0,849.2,0,0,inf,0,5,588.2,0,0,inf,0,0,849.2,0,5,588.2
105735052,02100105,24.8,9.9,0,0,1468.9,0,2,699.4,0,0,inf,1,7,355.9,0,0,inf,0,2,699.4,1,6,355.9
105735056,02100105,31.5,6.9,0,0,1600.4,0,1,774.5,0,0,inf,0,5,487.4,0,0,inf,0,1,774.5,0,5,487.4
105735057,02100105,151.7,16.3,0,0,1656.7,0,0,848.0,0,0,inf,0,4,558.7,0,0,inf,0,0,848.0,0,4,558.7
105735058,02100105,74.7,16.5,0,0,1513.0,0,0,875.7,0,0,inf,0,4,487.2,0,0,inf,0,0,875.7,0,4,487.2
105735061,02100103,27.0,17.0,0,0,1327.4,0,1,591.2,0,0,inf,2,7,214.4,0,0,inf,0,1,591.2,2,5,214.4
105738064,02100102,29.0,20.0,0,0,1180.0,0,1,627.4,0,0,1898.5,1,6,188.2,0,0,1750.7,0,1,627.4,1,6,188.2
105738075,02100103,267.2,21.7,0,0,1673.3,0,0,1071.5,0,0,inf,0,5,515.0,0,0,inf,0,0,1071.5,0,5,515.0
105738077,02100103,125.7,19.0,0,0,1485.7,0,0,883.9,0,0,inf,1,6,327.4,0,0,inf,0,0,883.9,1,6,327.4
105738079,02100102,57.2,17.0,0,0,1136.9,0,1,584.3,0,0,1875.9,1,9,185.9,0,0,1707.6,0,1,584.3,1,8,185.9
105738080,02100102,60.7,9.9,0,0,1130.5,0,1,577.9,0,0,1848.9,2,8,217.4,0,0,1701.2,0,1,577.9,2,8,217.4
105748761,02100101,55.1,8.6,1,1,224.5,0,0,827.5,0,0,inf,2,7,224.5,0,0,908.2,1,1,224.5,2,5,224.5
105807289,02400522,19.7,14.6,0,0,1652.3,0,1,766.4,1,4,360.8,0,1,766.4,0,0,1986.6,0,1,766.4,1,3,360.8
105807291,02400522,47.2,19.7,0,0,1566.6,0,1,728.4,1,4,275.1,0,1,728.4,0,0,inf,0,1,728.4,1,3,275.1
105807292,02400522,16.1,19.6,0,0,1745.7,0,2,709.9,0,4,454.1,0,2,709.9,0,0,1973.9,0,2,709.9,0,4,454.1
105807294,02400522,52.5,49.1,0,0,1626.7,0,1,788.4,1,4,335.1,0,1,788.4,0,0,inf,0,1,788.4,1,3,335.1
105807297,02400522,25.3,19.1,0,0,1836.1,0,2,618.4,0,4,488.9,0,2,618.4,0,0,1912.1,0,2,618.4,0,4,488.9
105807299,02400522,33.2,15.2,0,0,1703.6,0,2,743.1,0,4,412.0,0,2,743.1,0,0,1951.0,0,2,743.1,0,4,412.0
105807301,02400522,27.4,34.7,0,0,1576.4,0,1,738.2,1,4,284.9,0,1,738.2,0,0,inf,0,1,738.2,1,3,284.9
105807302,02400522,28.1,20.7,0,0,1835.7,0,2,577.6,0,4,448.0,0,2,577.6,0,0,1871.2,0,2,577.6,0,4,448.0
105807304,02400522,14.9,19.3,0,0,1698.6,0,2,478.9,2,5,311.0,0,2,478.9,0,0,1949.3,0,2,478.9,1,4,311.0
105807305,02400522,18.2,18.2,0,0,1535.6,0,1,697.3,2,4,244.1,0,1,697.3,0,0,inf,0,1,697.3,2,3,244.1
105807306,02400522,15.1,18.8,0,0,1684.4,0,2,489.1,2,5,296.7,0,2,489.1,0,0,1962.5,0,2,489.1,1,4,296.7
105807307,02400522,60.5,20.2,0,0,1742.4,0,2,514.2,2,4,354.7,0,2,514.2,0,0,1907.2,0,2,514.2,1,4,354.7
105807308,02400522,20.0,19.5,0,0,1759.4,0,2,695.9,0,4,467.8,0,2,695.9,0,0,1987.6,0,2,695.9,0,4,467.8
105807309,02400522,40.7,48.5,0,0,1857.7,0,2,655.5,0,4,526.0,0,2,655.5,0,0,1949.2,0,2,655.5,0,4,526.0
105807310,02400522,46.8,20.6,0,0,1691.9,0,2,496.7,2,5,304.2,0,2,496.7,0,0,inf,0,2,496.7,1,4,304.2
105807311,02400522,37.4,25.3,0,0,1636.3,0,1,750.4,1,4,344.7,0,1,750.4,0,0,inf,0,1,750.4,1,3,344.7
105807312,02400522,3.5,19.6,0,0,1816.6,0,2,558.5,0,4,428.9,0,2,558.5,0,0,1880.3,0,2,558.5,0,4,428.9
105807313,02400522,38.1,31.4,0,0,1647.9,0,1,762.0,1,4,356.3,0,1,762.0,0,0,inf,0,1,762.0,1,3,356.3
105807314,02400522,35.9,32.5,0,0,1620.7,0,1,734.8,1,4,329.1,0,1,734.8,0,0,inf,0,1,734.8,1,3,329.1
105807315,02400522,19.2,19.9,0,0,1806.9,0,2,548.8,0,4,419.2,0,2,548.8,0,0,1870.6,0,2,548.8,0,4,419.2
105807447,02400522,18.4,18.4,0,0,1657.0,0,0,808.6,0,3,482.2,0,0,808.6,0,0,1999.8,0,0,808.6,0,2,482.2
105807448,02400522,36.8,19.5,0,0,1688.6,0,1,779.3,0,4,452.9,0,1,779.3,0,0,1970.5,0,1,779.3,0,3,452.9
105807823,02400522,51.7,18.0,0,0,1618.0,0,2,422.7,2,5,230.3,0,2,422.7,0,0,inf,0,2,422.7,1,4,230.3
105807824,02400522,49.9,17.4,0,0,1515.9,0,0,929.9,0,4,644.9,0,0,848.1,0,0,1891.9,0,0,929.9,0,4,644.9
105807825,02400522,49.8,32.0,0,0,1580.4,0,0,995.3,0,3,593.6,0,0,912.7,0,0,1957.3,0,0,995.3,0,3,593.6
105807826,02400522,29.5,20.2,0,0,1537.6,0,0,931.7,0,3,605.3,0,0,869.8,0,0,1913.6,0,0,931.7,0,3,605.3
105807827,02400522,41.1,35.4,0,0,1674.9,0,1,789.0,1,4,383.3,0,1,789.0,0,0,inf,0,1,789.0,1,3,383.3
105807828,02400522,36.0,34.8,0,0,1576.9,0,0,991.8,0,3,602.7,0,0,909.2,0,0,1953.8,0,0,991.8,0,3,602.7
105807829,02400522,30.8,21.8,0,0,1525.3,0,1,535.3,3,5,82.0,0,1,535.3,0,0,inf,0,1,535.3,2,3,82.0
105807830,02400522,24.9,44.6,0,0,1638.0,0,0,1014.4,0,3,561.1,0,0,970.2,0,0,inf,0,0,1014.4,0,2,561.1
105807831,02400522,26.7,16.2,0,0,1630.4,0,1,744.5,1,4,338.9,0,1,744.5,0,0,inf,0,1,744.5,1,3,338.9
105807832,02400522,105.4,30.9,0,0,1523.1,0,1,404.7,2,5,135.4,0,1,404.7,0,0,inf,0,1,404.7,1,3,135.4
105807833,02400522,32.8,37.3,0,0,1687.7,0,0,801.8,1,3,396.2,0,0,801.8,0,0,1996.6,0,0,801.8,1,2,396.2
105807834,02400522,15.9,20.1,0,0,1569.8,0,0,899.4,0,4,572.9,0,0,899.4,0,0,1945.8,0,0,899.4,0,3,572.9
105807835,02400522,60.0,28.7,0,0,1522.1,0,1,460.4,2,5,75.4,0,1,460.4,0,0,inf,0,1,460.4,1,3,75.4
105807836,02400522,57.7,22.9,0,0,1558.5,0,1,504.3,2,5,51.0,0,1,504.3,0,0,inf,0,1,504.3,1,3,51.0
105807838,02400522,26.7,24.1,0,0,1562.5,0,0,914.6,0,3,588.1,0,0,894.8,0,0,1938.5,0,0,914.6,0,3,588.1
105807839,02400522,38.0,19.9,0,0,1672.0,0,1,784.1,1,4,380.4,0,1,784.1,0,0,1977.5,0,1,784.1,1,3,380.4
105807840,02400522,18.5,0.4,0,0,1650.8,0,2,455.5,2,5,263.1,0,2,455.5,0,0,1996.4,0,2,455.5,1,4,263.1
105807841,02400522,48.6,37.1,0,0,1615.3,0,0,1022.3,0,3,569.0,0,0,947.5,0,0,1992.2,0,0,1022.3,0,2,569.0
105807842,02400522,31.9,19.7,0,0,1662.8,0,0,805.5,0,3,479.1,0,0,805.5,0,0,1996.7,0,0,805.5,0,2,479.1
105807843,02400522,30.6,21.9,0,0,1510.3,0,1,550.5,3,5,97.2,0,1,550.5,0,0,inf,0,1,550.5,2,3,97.2
105807844,02400522,50.4,29.7,0,0,1589.4,0,0,899.0,0,4,572.6,0,0,899.0,0,0,1965.4,0,0,899.0,0,3,572.6
105807846,02400522,31.1,21.7,0,0,1494.5,0,1,565.9,3,5,112.7,0,1,565.9,0,0,inf,0,1,565.9,2,3,112.7
105807847,02400522,66.4,34.0,0,0,1626.7,0,0,870.3,0,3,543.9,0,0,870.3,0,0,inf,0,0,870.3,0,2,543.9
105807848,02400522,25.3,20.1,0,0,1639.8,0,0,829.3,0,3,502.9,0,0,829.3,0,0,inf,0,0,829.3,0,2,502.9
105807850,02400522,51.8,51.9,0,0,1638.6,0,0,894.1,0,3,567.7,0,0,894.1,0,0,inf,0,0,894.1,0,2,567.7
105808286,02400522,19.1,19.4,0,0,1643.9,0,0,805.6,1,3,352.3,0,0,805.6,0,0,inf,0,0,805.6,1,2,352.3
105808287,02400522,23.6,48.6,0,0,1691.4,0,0,853.1,1,3,399.8,0,0,853.1,0,0,inf,0,0,853.1,1,2,399.8
105808288,02400522,27.1,35.4,0,0,1684.5,0,0,846.3,1,3,393.0,0,0,846.3,0,0,inf,0,0,846.3,1,2,393.0
105808289,02400522,24.2,19.7,0,0,1628.3,0,0,974.4,0,3,521.1,0,0,960.6,0,0,inf,0,0,974.4,0,2,521.1
105808290,02400522,41.5,21.0,0,0,1652.5,0,0,952.8,0,3,499.6,0,0,952.8,0,0,inf,0,0,952.8,0,2,499.6
105808291,02400522,51.0,20.2,0,0,1674.8,0,0,836.5,1,3,383.2,0,0,836.5,0,0,inf,0,0,836.5,1,2,383.2
105808292,02400522,56.1,19.9,0,0,1702.4,0,0,864.2,0,3,410.9,0,0,864.2,0,0,inf,0,0,864.2,0,2,410.9
105809442,02400521,11.8,48.6,0,0,1780.4,0,1,751.3,1,3,153.9,2,4,153.9,0,0,1780.4,0,1,751.3,1,4,153.9
105809444,02400521,11.0,27.3,0,0,1697.0,0,1,667.9,1,3,194.7,2,4,139.0,0,0,1697.0,0,1,667.9,1,4,194.7
105809445,02400521,38.3,20.3,0,0,1588.5,0,1,559.3,1,3,289.2,2,5,30.4,0,0,1588.5,0,1,559.3,1,4,289.2
105809447,02400521,35.6,34.9,0,0,1575.4,0,1,546.3,1,3,331.5,2,5,52.7,0,0,1575.4,0,1,546.3,1,4,331.5
105809448,02400521,12.4,24.2,0,0,1657.2,0,1,628.1,1,3,228.3,2,4,99.2,0,0,1657.2,0,1,628.1,1,4,228.3
105809449,02400521,11.6,24.6,0,0,1728.3,0,1,699.2,1,3,158.1,2,4,158.1,0,0,1728.3,0,1,699.2,1,4,158.1
105809451,02400521,11.1,25.4,0,0,1758.2,0,1,729.1,1,3,129.6,2,4,129.6,0,0,1758.2,0,1,729.1,1,4,129.6
105809453,02400521,7.9,28.1,0,0,1706.0,0,1,676.9,1,3,187.2,2,4,148.0,0,0,1706.0,0,1,676.9,1,4,187.2
105809454,02400521,14.8,22.5,0,0,1803.0,0,1,698.0,1,3,110.9,2,4,110.9,0,0,1803.0,0,1,698.0,1,4,110.9
105809455,02400521,35.8,32.8,0,0,1821.2,0,1,650.3,1,3,120.7,2,4,120.7,0,0,1836.7,0,1,650.3,1,4,120.7
105809456,02400521,13.6,27.9,0,0,1740.9,0,1,711.7,1,3,152.0,2,4,152.0,0,0,1740.9,0,1,711.7,1,4,152.0
105809457,02400521,29.6,35.1,0,0,1676.4,0,1,647.3,1,3,231.0,2,4,118.4,0,0,1676.4,0,1,647.3,1,4,231.0
105809458,02400521,10.0,24.4,0,0,1716.9,0,1,687.8,1,3,168.9,2,4,158.9,0,0,1716.9,0,1,687.8,1,4,168.9
105809607,02400521,16.0,15.8,0,0,1499.2,0,1,470.1,1,3,369.4,2,4,90.6,0,0,1499.2,0,1,470.1,1,4,369.4
105809608,02400521,45.9,13.7,0,0,1632.1,0,1,461.2,1,3,271.6,1,4,271.6,0,0,1647.6,0,1,461.2,1,4,271.6
105809613,02400521,24.3,18.4,0,0,1481.9,0,1,452.8,1,3,391.9,2,4,113.0,0,0,1481.9,0,1,452.8,1,4,391.9
105809615,02400521,35.4,33.0,0,0,1542.8,0,1,513.7,1,3,360.3,2,4,81.4,0,0,1542.8,0,1,513.7,1,4,360.3
105809616,02400521,26.3,17.8,0,0,1520.6,0,1,491.4,1,3,352.0,2,4,73.2,0,0,1520.6,0,1,491.4,1,4,352.0
105809618,02400521,36.3,24.6,0,0,1558.4,0,1,529.3,1,3,327.9,2,5,49.0,0,0,1558.4,0,1,529.3,1,4,327.9
105809805,02400521,13.6,13.7,0,0,1681.8,0,1,511.0,1,3,221.8,1,4,221.8,0,0,1697.3,0,1,511.0,1,4,221.8
105809806,02400521,21.4,15.1,0,0,1693.4,0,1,522.5,1,3,213.2,1,4,213.2,0,0,1708.9,0,1,522.5,1,4,213.2
105809807,02400521,40.9,17.0,0,0,1748.6,0,1,577.7,1,3,161.6,2,4,161.6,0,0,1764.1,0,1,577.7,1,4,161.6
105809808,02400521,10.1,13.1,0,0,1708.0,0,1,537.1,1,3,194.4,2,4,194.4,0,0,1723.5,0,1,537.1,1,4,194.4
105809809,02400521,44.5,10.5,0,0,1757.9,0,1,587.1,1,3,203.1,2,4,203.1,0,0,1773.4,0,1,587.1,1,4,203.1
105809810,02400521,17.4,14.5,0,0,1667.0,0,1,496.2,1,3,238.2,1,4,238.2,0,0,1682.5,0,1,496.2,1,4,238.2
105809812,02400521,24.9,14.0,0,0,1649.6,0,1,478.8,1,3,254.8,1,4,254.8,0,0,1665.2,0,1,478.8,1,4,254.8
105809813,02400521,25.5,15.5,0,0,1727.5,0,1,556.6,1,3,179.8,2,4,179.8,0,0,1743.0,0,1,556.6,1,4,179.8
105809814,02400521,20.5,17.8,0,0,1768.5,0,1,597.6,1,3,143.4,2,4,143.4,0,0,1784.0,0,1,597.6,1,4,143.4
105809834,02400521,16.5,15.9,0,0,1567.8,0,1,538.7,1,3,301.2,2,5,22.3,0,0,1567.8,0,1,538.7,1,4,301.2
105809835,02400521,61.6,16.5,0,0,1505.8,0,1,476.7,1,3,364.1,2,4,85.3,0,0,1505.8,0,1,476.7,1,4,364.1
105809838,02400521,14.8,16.1,0,0,1553.4,0,1,524.3,1,3,315.9,2,5,37.0,0,0,1553.4,0,1,524.3,1,4,315.9
105809839,02400521,17.8,16.2,0,0,1682.2,0,1,673.8,1,3,322.1,2,4,144.9,0,0,1682.2,0,1,673.8,1,4,322.1
105809840,02400521,16.9,16.6,0,0,1540.0,0,1,510.9,1,3,330.2,2,5,51.4,0,0,1540.0,0,1,510.9,1,4,330.2
105810158,02400521,26.8,34.9,0,0,1601.9,0,0,813.2,1,4,320.2,1,2,284.3,0,0,1842.3,0,0,813.2,1,4,320.2
105810159,02400521,17.8,22.1,0,0,1645.3,0,0,846.5,2,4,187.3,2,3,187.3,0,0,1943.0,0,0,846.5,2,4,187.3
105810160,02400521,16.7,28.0,0,0,1760.3,0,1,731.1,1,3,132.9,2,4,132.9,0,0,1760.3,0,1,731.1,1,4,132.9
105810161,02400521,15.0,24.3,0,0,1625.9,0,0,870.3,2,4,211.0,1,3,211.0,0,0,1966.7,0,0,870.3,2,4,211.0
105810162,02400521,27.2,35.9,0,0,1598.8,0,0,920.7,2,5,261.4,1,3,261.4,0,0,inf,0,0,920.7,2,5,261.4
105810163,02400521,28.6,32.9,0,0,1611.4,0,0,902.0,2,4,242.7,1,3,242.7,0,0,1998.4,0,0,902.0,2,4,242.7
105810164,02400521,135.2,15.9,0,0,1695.0,0,1,671.0,1,4,319.3,2,4,142.1,0,0,1700.1,0,1,671.0,1,5,319.3
105810165,02400521,59.5,20.5,0,0,1787.4,0,1,724.4,1,4,105.5,2,4,105.5,0,0,1797.6,0,1,724.4,1,5,105.5
105810166,02400521,30.9,35.9,0,0,1686.3,0,0,833.0,1,4,173.8,2,3,173.8,0,0,1929.5,0,0,833.0,1,4,173.8
105810167,02400521,37.1,42.4,0,0,1625.9,0,0,906.5,2,4,247.2,1,3,247.2,0,0,inf,0,0,906.5,2,4,247.2
105810168,02400521,15.8,23.4,0,0,1551.2,0,0,943.3,2,5,269.6,1,3,284.0,0,0,inf,0,0,943.3,2,5,269.6
105810169,02400521,38.7,42.4,0,0,1739.2,0,1,710.1,1,3,182.7,2,4,181.2,0,0,1739.2,0,1,710.1,1,4,182.7
105810170,02400521,20.2,21.9,0,0,1662.1,0,0,829.2,2,4,169.9,2,3,169.9,0,0,1925.6,0,0,829.2,2,4,169.9
105810171,02400521,38.8,36.8,0,0,1758.7,0,1,729.5,1,3,152.1,2,4,152.1,0,0,1758.7,0,1,729.5,1,4,152.1
105810172,02400521,10.0,23.3,0,0,1634.4,0,0,859.7,2,4,200.5,2,3,200.5,0,0,1956.2,0,0,859.7,2,4,200.5
105848337,02400623,121.9,64.1,0,0,1289.1,0,1,468.7,0,0,1135.4,0,2,468.7,0,0,1289.1,0,1,468.7,0,2,468.7
105848338,02400623,17.7,20.8,0,0,1008.5,1,1,333.7,0,0,1105.7,2,4,288.0,0,0,1008.5,1,1,333.7,2,4,288.0
105848343,02400623,143.6,93.6,0,0,1074.7,0,1,413.1,0,0,1185.1,1,3,354.1,0,0,1074.7,0,1,413.1,1,3,354.1
105848344,02400623,11.2,21.2,0,0,1243.6,0,1,423.1,0,0,1089.8,0,2,423.1,0,0,1243.6,0,1,423.1,0,2,423.1
105848345,02400623,41.8,21.8,0,0,1078.5,1,1,293.0,0,0,1048.2,2,4,293.0,0,0,1078.5,1,1,293.0,2,4,293.0
105849841,02400624,24.1,32.8,0,0,1054.2,1,1,281.9,2,10,219.8,2,6,219.8,0,0,1933.9,1,1,281.9,2,11,219.8
105849844,02400624,15.1,17.5,0,0,1168.8,0,1,568.8,1,7,263.7,2,5,263.7,0,0,1670.4,0,1,568.8,2,8,263.7
105849845,02400624,37.7,40.5,0,0,984.8,1,1,366.8,3,9,150.4,3,7,150.4,0,0,1864.5,1,1,366.8,4,10,150.4
105849848,02400624,10.5,48.4,0,0,998.1,0,1,492.0,2,8,93.0,2,7,93.0,0,0,1755.0,0,1,492.0,3,10,93.0
105849849,02400624,22.2,31.0,0,0,1064.7,1,1,267.9,2,10,230.2,2,5,230.2,0,0,1944.3,1,1,267.9,2,11,230.2
105849850,02400624,25.0,18.5,0,0,1027.1,0,1,521.0,1,8,122.1,3,7,122.1,0,0,1666.2,0,1,521.0,3,10,122.1
105849852,02400624,17.0,17.9,0,0,995.7,0,1,489.6,2,8,90.6,2,7,90.6,0,0,1696.5,0,1,489.6,3,10,90.6
105849853,02400624,29.4,38.8,0,0,1006.1,1,1,342.1,3,9,171.7,3,7,171.7,0,0,1885.8,1,1,342.1,4,10,171.7
105849857,02400624,23.9,17.6,0,0,1047.0,0,1,540.9,1,8,141.9,3,7,141.9,0,0,1644.6,0,1,540.9,3,10,141.9
105849858,02400624,20.2,18.9,0,0,966.4,0,1,460.3,2,8,61.3,2,7,61.3,0,0,1727.7,0,1,460.3,3,10,61.3
105849859,02400624,42.0,17.4,0,0,1147.5,0,1,589.9,1,7,242.4,2,6,242.4,0,0,1649.1,0,1,589.9,2,9,242.4
105849860,02400624,26.9,64.9,0,0,1212.4,0,1,619.9,1,6,307.3,1,5,307.3,0,0,1714.0,0,1,619.9,1,7,307.3
105849864,02400624,24.2,45.3,0,0,1007.2,0,1,501.1,2,8,102.2,2,7,102.2,0,0,1739.7,0,1,501.1,3,10,102.2
105849866,02400624,10.3,61.9,0,0,1620.7,0,1,584.2,0,2,584.2,0,2,584.2,0,0,inf,0,1,584.2,0,2,584.2
105849867,02400624,39.1,31.0,0,0,1026.0,0,1,519.9,1,8,120.9,2,7,120.9,0,0,1692.3,0,1,519.9,2,10,120.9
105849869,02400624,24.9,36.0,0,0,1033.1,1,1,309.4,2,10,198.6,3,7,198.6,0,0,1912.7,1,1,309.4,3,11,198.6
105849871,02400624,59.5,17.3,0,0,1121.6,0,2,615.5,1,8,216.6,2,7,216.6,0,0,1623.2,0,2,615.5,2,11,216.6
105849873,02400624,21.3,17.9,0,0,979.9,0,1,473.8,2,8,74.8,2,7,74.8,0,0,1712.2,0,1,473.8,3,10,74.8
105849874,02400624,24.7,36.9,0,0,1019.3,1,1,325.1,2,9,184.9,3,7,184.9,0,0,1899.0,1,1,325.1,3,10,184.9
105850179,02400624,20.0,63.9,0,0,1229.0,0,1,601.3,1,6,323.9,1,5,323.9,0,0,1730.6,0,1,601.3,1,7,323.9
105850180,02400624,27.4,17.9,0,0,1182.1,0,1,556.2,1,6,277.0,1,5,277.0,0,0,1683.7,0,1,556.2,1,7,277.0
105850181,02400624,22.2,17.4,0,0,1184.2,0,1,553.1,1,6,279.1,1,5,279.1,0,0,1685.8,0,1,553.1,1,7,279.1
105850184,02400624,51.6,58.3,0,0,1248.6,0,1,570.5,1,5,343.5,1,5,343.5,0,0,1750.2,0,1,570.5,1,7,343.5
105850185,02400624,50.4,16.8,0,0,1209.2,0,1,527.0,1,6,304.1,1,5,304.1,0,0,1710.8,0,1,527.0,1,7,304.1
105850579,02400624,46.0,19.0,0,0,1424.5,1,2,388.1,1,4,388.1,1,5,388.1,0,0,1835.0,1,2,388.1,1,6,388.1
105850580,02400624,42.8,17.7,0,0,1461.6,0,2,425.2,0,3,425.2,0,4,425.2,0,0,1872.1,0,2,425.2,0,4,425.2
105850581,02400624,19.0,16.4,0,0,1334.0,0,2,401.4,0,5,401.4,0,5,401.4,0,0,1835.6,0,2,401.4,0,7,401.4
105850582,02400624,56.8,14.4,0,0,1500.4,0,2,464.0,0,3,464.0,0,4,464.0,0,0,1910.9,0,2,464.0,0,4,464.0
105850584,02400624,35.5,18.3,0,0,1289.1,0,2,450.0,1,5,384.0,1,6,384.0,0,0,1790.7,0,2,450.0,1,7,384.0
105850585,02400624,44.9,19.9,0,0,1318.7,0,2,423.7,0,5,413.6,0,6,413.6,0,0,1820.3,0,2,423.7,0,7,413.6
105850586,02400624,30.8,17.5,0,0,1265.1,0,2,472.4,1,5,360.0,1,6,360.0,0,0,1766.7,0,2,472.4,1,8,360.0
105850587,02400624,32.2,12.3,0,0,1554.7,0,1,518.3,0,2,518.3,0,3,518.3,0,0,1965.2,0,1,518.3,0,3,518.3
105955825,02300419,18.6,45.2,0,0,1380.3,0,0,812.2,0,0,1380.3,1,4,276.0,0,0,inf,0,0,812.2,1,4,276.0
105955827,02300419,11.3,70.1,0,0,1536.7,0,0,968.2,0,0,1536.7,0,4,597.2,0,0,inf,0,0,968.2,0,4,597.2
105955829,02300419,19.2,48.7,0,0,1496.6,0,0,928.1,0,0,1496.6,0,4,594.3,0,0,inf,0,0,928.1,0,4,594.3
105955830,02300419,19.5,49.2,0,0,1514.6,0,0,946.1,0,0,1514.6,0,4,577.4,0,0,inf,0,0,946.1,0,4,577.4
105955832,02300419,18.6,48.4,0,0,1462.3,0,0,893.8,0,0,1462.3,0,4,628.1,0,0,inf,0,0,893.8,0,4,628.1
106742725,02100106,18.2,13.9,0,0,inf,0,2,620.4,0,0,inf,0,6,536.2,0,0,inf,0,2,620.4,0,3,620.4
106742726,02100106,24.5,13.7,0,0,inf,0,2,533.1,0,0,inf,0,7,448.9,0,0,inf,0,2,533.1,0,4,533.1
106742729,02100106,41.3,21.5,0,0,inf,0,2,421.2,0,0,inf,0,8,403.4,0,0,inf,0,2,421.2,0,4,421.2
106742731,02100106,13.6,17.8,0,0,inf,0,2,623.4,0,0,inf,0,6,605.6,0,0,inf,0,2,623.4,0,3,623.4
106742734,02100106,18.0,14.4,0,0,inf,0,2,604.2,0,0,inf,0,6,520.1,0,0,inf,0,2,604.2,0,3,604.2
106742735,02100106,9.9,12.9,0,0,inf,0,2,638.7,0,0,inf,0,6,585.1,0,0,inf,0,2,638.7,0,3,638.7
106742736,02100106,19.5,15.4,0,0,inf,0,2,638.6,0,0,inf,0,6,554.4,0,0,inf,0,2,638.6,0,3,638.6
106742737,02100106,17.2,19.9,0,0,inf,1,2,361.8,0,0,inf,2,8,344.0,0,0,inf,1,2,361.8,1,4,361.8
106742738,02100106,23.1,45.3,0,0,inf,0,2,554.7,0,0,inf,0,5,536.8,0,0,inf,0,2,554.7,0,2,554.7
106742741,02100106,17.2,13.6,0,0,inf,0,3,570.0,0,0,inf,0,8,485.8,0,0,inf,0,3,570.0,0,5,570.0
106742742,02100106,17.3,20.9,0,0,inf,0,2,577.4,0,0,inf,0,7,559.5,0,0,inf,0,2,577.4,0,3,577.4
106742744,02100106,15.2,19.4,0,0,inf,0,2,594.0,0,0,inf,0,7,576.2,0,0,inf,0,2,594.0,0,3,594.0
106742747,02100106,63.9,32.4,0,0,inf,0,2,534.6,0,0,inf,0,7,450.4,0,0,inf,0,2,534.6,0,4,534.6
106742748,02100106,20.0,17.1,0,0,inf,1,2,356.4,0,0,inf,2,8,338.6,0,0,inf,1,2,356.4,1,4,356.4
106742750,02100106,19.6,14.1,0,0,inf,0,3,587.1,0,0,inf,0,8,502.9,0,0,inf,0,3,587.1,0,5,587.1
106742755,02100106,18.4,19.8,0,0,inf,0,2,549.6,0,0,inf,0,6,531.8,0,0,inf,0,2,549.6,0,2,549.6
106742927,02100106,95.9,76.0,0,0,inf,0,1,628.9,0,0,inf,0,5,544.7,0,0,inf,0,1,628.9,0,2,628.9
106742994,02100106,12.4,9.7,0,0,inf,1,2,289.8,0,0,inf,2,9,202.2,0,0,inf,1,2,289.8,1,6,289.8
106742995,02100106,13.4,15.8,0,0,inf,1,2,288.8,0,0,inf,2,9,225.7,0,0,inf,1,2,288.8,1,6,288.8
106742996,02100106,18.2,16.3,0,0,inf,1,2,304.9,0,0,inf,2,8,210.6,0,0,inf,1,2,304.9,1,5,304.9
106742997,02100106,11.4,17.6,0,0,inf,0,2,401.6,0,0,inf,1,7,106.2,0,0,inf,0,2,401.6,0,4,401.6
106743001,02100106,55.1,21.1,0,0,inf,1,2,288.7,0,0,inf,2,8,226.1,0,0,inf,1,2,288.7,1,5,288.7
106743004,02100106,12.5,2.9,0,0,inf,1,2,283.3,0,0,inf,3,9,195.1,0,0,inf,1,2,283.3,1,6,283.3
106743081,02100106,28.4,23.6,0,0,inf,1,2,363.1,0,0,inf,2,8,226.3,0,0,inf,1,2,363.1,1,5,363.1
106743082,02100106,36.6,18.9,0,0,inf,1,2,355.9,0,0,inf,2,8,219.1,0,0,inf,1,2,355.9,1,5,355.9
106743083,02100106,18.9,20.5,0,0,inf,1,2,376.9,0,0,inf,2,7,136.8,0,0,inf,1,2,376.9,1,4,376.9
106743084,02100106,24.4,13.7,0,0,inf,0,2,445.3,0,0,inf,1,8,167.1,0,0,inf,0,2,445.3,0,5,445.3
106743085,02100106,19.2,12.4,0,0,inf,0,2,476.4,0,0,inf,1,8,133.6,0,0,inf,0,2,476.4,0,5,476.4
106743086,02100106,14.3,15.7,0,0,inf,1,2,384.7,0,0,inf,2,7,119.4,0,0,inf,1,2,384.7,1,4,384.7
106743277,02100106,53.7,20.2,0,0,inf,0,2,536.2,0,0,inf,0,7,436.0,0,0,inf,0,2,536.2,0,3,536.2
106743278,02100106,7.0,20.4,0,0,inf,0,2,501.0,0,0,inf,1,8,398.6,0,0,inf,0,2,501.0,0,4,501.0
106743279,02100106,9.0,28.5,0,0,inf,1,2,375.4,0,0,inf,2,9,375.4,0,0,inf,1,2,375.4,1,4,375.4
106743280,02100106,89.5,23.8,0,0,inf,0,2,462.0,0,0,inf,1,8,359.6,0,0,inf,0,2,462.0,0,4,462.0
106743281,02100106,19.0,11.0,0,0,inf,0,2,502.5,0,0,inf,0,6,502.5,0,0,inf,0,2,502.5,0,2,502.5
106743283,02100106,37.5,0.7,0,0,inf,0,2,486.9,0,0,inf,0,7,482.4,0,0,inf,0,2,486.9,0,3,486.9
106743284,02100106,30.6,10.3,0,0,inf,0,2,521.6,0,0,inf,0,6,521.6,0,0,inf,0,2,521.6,0,2,521.6
106743814,02200210,13.1,21.0,0,0,inf,0,1,463.5,0,0,inf,2,6,282.3,0,0,inf,0,1,463.5,1,5,344.9
106743816,02200210,22.8,20.4,0,0,1958.6,0,1,591.9,0,0,inf,3,7,163.6,0,0,inf,0,1,591.9,2,6,227.5
106743818,02200210,13.2,21.1,0,0,inf,0,1,478.5,0,0,inf,2,6,297.4,0,0,inf,0,1,478.5,1,5,329.9
106743819,02200210,22.2,21.5,0,0,inf,0,1,431.9,0,0,inf,2,6,250.7,0,0,inf,0,1,431.9,1,5,377.4
106743820,02200210,14.6,19.0,0,0,inf,0,1,497.4,0,0,inf,3,7,69.1,0,0,inf,0,1,497.4,2,6,251.6
106743821,02200210,26.0,21.7,0,0,inf,0,1,500.3,0,0,inf,2,7,309.4,0,0,inf,0,1,500.3,1,6,309.4
106743822,02200210,43.6,18.8,0,0,1933.8,0,1,601.2,0,0,inf,2,8,202.7,0,0,inf,0,1,601.2,1,6,202.7
106743823,02200210,11.3,19.1,0,0,1988.8,0,1,546.9,0,0,inf,2,7,257.7,0,0,inf,0,1,546.9,1,6,257.7
106743824,02200210,36.2,25.1,0,0,inf,0,1,417.8,0,0,inf,2,6,107.1,0,0,inf,0,1,417.8,1,5,289.6
106743825,02200210,15.9,24.6,0,0,inf,0,1,440.4,0,0,inf,3,6,83.5,0,0,inf,0,1,440.4,2,5,266.0
106743826,02200210,16.5,23.8,0,0,inf,0,1,403.5,0,0,inf,2,7,118.7,0,0,inf,0,1,403.5,1,5,301.2
106743827,02200210,45.7,20.5,0,0,1983.2,0,1,567.4,0,0,inf,3,7,139.1,0,0,inf,0,1,567.4,2,6,252.1
106743828,02200210,15.9,21.0,0,0,inf,0,1,448.4,0,0,inf,2,6,267.3,0,0,inf,0,1,448.4,1,5,359.9
106743831,02200210,24.7,23.3,0,0,inf,1,1,389.9,0,0,inf,3,6,131.3,0,0,inf,1,1,389.9,2,4,313.8
106743943,02200210,15.6,20.4,0,0,inf,0,1,522.9,0,0,inf,3,6,93.0,0,0,inf,0,1,522.9,2,5,232.5
106744679,02200210,19.2,23.9,0,0,inf,0,1,725.4,0,0,inf,4,7,110.8,0,0,inf,0,1,725.4,3,6,110.8
106744686,02200210,12.8,25.0,0,0,inf,0,1,607.4,0,0,inf,4,7,101.3,0,0,inf,0,1,607.4,3,6,101.3
106744688,02200210,19.7,17.9,0,0,1974.8,0,1,570.6,0,0,inf,3,7,142.3,0,0,inf,0,1,570.6,2,6,243.7
106744690,02200210,18.6,23.2,0,0,inf,0,1,661.7,0,0,inf,4,8,90.1,0,0,inf,0,1,661.7,3,6,90.1
106744696,02200210,14.0,18.1,0,0,1993.0,0,1,552.8,0,0,inf,3,7,124.5,0,0,inf,0,1,552.8,2,6,261.9
106744699,02200210,49.3,17.5,0,0,inf,0,1,670.1,0,0,inf,3,7,81.1,0,0,inf,0,1,670.1,2,6,81.1
106744702,02200210,48.5,23.9,0,0,inf,0,1,609.9,0,0,inf,4,7,53.9,0,0,inf,0,1,609.9,3,6,53.9
106744711,02200210,17.2,18.2,0,0,inf,0,1,534.4,0,0,inf,3,7,106.1,0,0,inf,0,1,534.4,2,6,280.5
106744713,02200210,20.9,19.8,0,0,inf,0,1,568.8,0,0,inf,3,6,153.3,0,0,inf,0,1,568.8,2,5,269.4
106744714,02200210,20.5,26.9,0,0,inf,0,1,587.0,0,0,inf,4,7,82.7,0,0,inf,0,1,587.0,3,6,82.7
106744719,02200210,26.0,27.8,0,0,inf,0,1,708.4,0,0,inf,4,7,93.8,0,0,inf,0,1,708.4,3,6,93.8
106744720,02200210,35.6,18.3,0,0,inf,0,1,596.7,0,0,inf,3,6,156.0,0,0,inf,0,1,596.7,2,5,156.0
106744724,02200210,26.6,24.0,0,0,inf,0,1,511.3,0,0,inf,4,6,83.0,0,0,inf,0,1,511.3,3,5,195.3
106744725,02200210,15.3,17.4,0,0,inf,0,1,649.1,0,0,inf,3,6,102.0,0,0,inf,0,1,649.1,2,5,102.0
106744726,02200210,23.8,23.6,0,0,inf,0,1,756.2,0,0,inf,4,8,100.0,0,0,inf,0,1,756.2,3,7,100.0
106744729,02200210,19.1,24.9,0,0,inf,0,1,534.8,0,0,inf,4,7,106.5,0,0,inf,0,1,534.8,3,6,173.6
106744731,02200210,20.7,25.7,0,0,inf,0,1,593.0,0,0,inf,4,7,117.0,0,0,inf,0,1,593.0,3,6,117.0
106744732,02200210,20.8,25.6,0,0,inf,0,1,573.8,0,0,inf,4,7,135.9,0,0,inf,0,1,573.8,3,6,135.9
106744733,02200210,25.6,27.9,0,0,inf,0,1,745.2,0,0,inf,4,7,127.2,0,0,inf,0,1,745.2,3,6,127.2
106744734,02200210,13.4,17.7,0,0,inf,0,1,630.5,0,0,inf,3,6,121.1,0,0,inf,0,1,630.5,2,5,121.1
106744735,02200210,20.5,25.3,0,0,inf,0,1,554.3,0,0,inf,4,7,126.0,0,0,inf,0,1,554.3,3,6,154.8
106744852,02200210,36.2,17.6,0,0,1901.3,0,2,652.3,0,0,inf,3,9,166.2,0,0,inf,0,2,652.3,2,7,166.2
106744853,02200210,57.2,25.3,0,0,1912.3,0,1,674.3,0,0,inf,4,8,45.6,0,0,inf,0,1,674.3,3,6,45.6
106744854,02200210,25.3,20.5,0,0,1963.4,0,2,685.4,0,0,inf,3,9,56.6,0,0,inf,0,2,685.4,2,7,56.6
106744855,02200210,15.7,20.9,0,0,1856.5,0,1,682.8,0,0,inf,2,8,216.3,0,0,inf,0,1,682.8,1,6,216.3
106744856,02200210,37.1,18.9,0,0,1918.3,0,2,649.2,0,0,inf,3,9,167.3,0,0,inf,0,2,649.2,2,7,167.3
106744857,02200210,31.1,19.0,0,0,1978.2,0,1,557.2,0,0,inf,2,7,247.1,0,0,inf,0,1,557.2,1,6,247.1
106744858,02200210,29.8,20.6,0,0,1901.7,0,1,637.1,0,0,inf,2,8,186.4,0,0,inf,0,1,637.1,1,6,186.4
106763503,02200211,16.5,17.5,0,0,1757.3,0,2,468.6,0,0,inf,1,9,349.2,0,0,inf,0,2,468.6,1,5,349.2
106763504,02200211,24.1,39.3,0,0,1801.2,0,2,540.6,0,0,inf,2,7,387.5,0,0,inf,0,2,540.6,1,5,397.4
106763505,02200211,32.2,36.0,0,0,1322.6,1,3,320.9,0,0,inf,3,10,201.4,0,0,inf,1,3,320.9,2,7,266.1
106763508,02200211,21.3,17.4,0,0,1714.8,0,2,426.1,0,0,inf,1,9,306.7,0,0,inf,0,2,426.1,1,5,306.7
106763510,02200211,20.8,72.3,0,0,1413.1,0,2,411.4,0,0,inf,2,9,183.5,0,0,inf,0,2,411.4,1,6,356.6
106763512,02200211,22.2,17.4,0,0,1788.0,0,2,470.3,0,0,inf,2,10,377.0,0,0,inf,0,2,470.3,2,6,377.0
106763515,02200211,19.1,17.6,0,0,1733.3,0,2,444.6,0,0,inf,1,9,325.2,0,0,inf,0,2,444.6,1,5,325.2
106763516,02200211,35.7,34.6,0,0,1407.5,0,2,405.8,0,0,inf,2,9,113.8,0,0,inf,0,2,405.8,1,6,351.1
106763517,02200211,15.8,35.6,0,0,1337.5,1,3,299.8,0,0,inf,3,10,221.8,0,0,inf,1,3,299.8,2,7,245.0
106763518,02200211,17.9,45.3,0,0,1397.6,1,2,395.9,0,0,inf,3,9,145.0,0,0,inf,1,2,395.9,2,6,341.1
106763520,02200211,21.4,17.3,0,0,1805.2,0,2,482.1,0,0,inf,2,10,388.7,0,0,inf,0,2,482.1,2,6,388.7
106763522,02200211,14.2,17.1,0,0,1801.9,0,2,495.6,0,0,inf,2,9,388.2,0,0,inf,0,2,495.6,1,6,398.2
106763523,02200211,15.5,32.6,0,0,1789.1,0,2,498.8,0,0,inf,1,8,381.0,0,0,inf,0,2,498.8,1,5,381.0
106763525,02200211,19.8,44.3,0,0,1531.9,0,2,530.2,0,0,inf,1,8,118.2,0,0,inf,0,2,530.2,0,5,475.4
106763527,02200211,16.0,32.8,0,0,1764.7,0,2,476.0,0,0,inf,1,9,356.6,0,0,inf,0,2,476.0,1,5,356.6
106763529,02200211,18.3,35.8,0,0,1414.0,0,2,412.3,0,0,inf,2,9,109.7,0,0,inf,0,2,412.3,1,6,357.5
106763667,02200211,14.7,40.8,0,0,1380.4,1,3,267.3,0,0,inf,3,10,212.5,0,0,inf,1,3,267.3,2,7,212.5
106763668,02200211,15.5,66.3,0,0,1390.3,1,3,308.3,0,0,inf,3,10,253.5,0,0,inf,1,3,308.3,2,7,253.5
106763669,02200211,10.3,67.3,0,0,1703.7,0,2,440.3,0,0,inf,1,7,295.6,0,0,inf,0,2,440.3,1,5,295.6
106763670,02200211,9.9,75.1,0,0,1411.2,1,2,305.1,0,0,inf,3,8,250.3,0,0,inf,1,2,305.1,2,5,250.3
106763671,02200211,18.6,37.6,0,0,1384.8,1,3,256.5,0,0,inf,3,10,201.7,0,0,inf,1,3,256.5,2,7,201.7
106763672,02200211,10.4,42.6,0,0,1681.3,0,2,418.0,0,0,inf,1,7,273.2,0,0,inf,0,2,418.0,1,5,273.2
106763674,02200211,18.8,34.8,0,0,1356.1,1,3,279.6,0,0,inf,3,10,224.8,0,0,inf,1,3,279.6,2,7,224.8
106763675,02200211,15.6,63.7,0,0,1367.7,1,3,325.7,0,0,inf,3,10,252.0,0,0,inf,1,3,325.7,2,7,270.9
106763833,02200211,19.1,25.4,0,0,1481.3,1,2,217.9,0,0,inf,2,9,73.2,0,0,inf,1,2,217.9,2,5,73.2
106763834,02200211,14.3,34.2,0,0,1436.0,1,2,198.6,0,0,inf,3,10,143.8,0,0,inf,1,2,198.6,2,6,143.8
106763835,02200211,14.6,34.9,0,0,1415.7,1,2,220.3,0,0,inf,3,9,165.5,0,0,inf,1,2,220.3,2,5,165.5
106763836,02200211,17.2,31.0,0,0,1440.7,1,2,177.3,0,0,inf,5,10,122.5,0,0,inf,1,2,177.3,3,6,122.5
106763838,02200211,30.8,35.4,0,0,1502.9,1,2,239.5,0,0,inf,2,9,94.8,0,0,inf,1,2,239.5,2,5,94.8
106764044,02200211,28.4,36.8,0,0,1607.1,1,2,343.7,0,0,inf,2,8,199.0,0,0,inf,1,2,343.7,2,5,199.0
106764045,02200211,26.9,13.4,0,0,1576.1,1,2,312.7,0,0,inf,2,9,168.0,0,0,inf,1,2,312.7,2,5,168.0
106764047,02200211,33.2,32.6,0,0,1529.1,1,2,265.7,0,0,inf,2,9,120.9,0,0,inf,1,2,265.7,2,5,120.9
106764049,02200211,40.9,37.4,0,0,1641.2,1,2,377.8,0,0,inf,2,7,233.1,0,0,inf,1,2,377.8,2,5,233.1
106764050,02200211,8.9,53.7,0,0,1644.9,1,2,381.5,0,0,inf,2,7,236.8,0,0,inf,1,2,381.5,2,5,236.8
106764865,02200211,28.6,24.2,0,0,1660.0,2,2,371.4,0,0,inf,3,8,251.9,0,0,inf,2,2,371.4,3,5,251.9
106764866,02200211,20.3,17.8,0,0,1688.0,1,2,399.3,0,0,inf,2,8,279.8,0,0,inf,1,2,399.3,2,5,279.8
106764867,02200211,21.3,33.9,0,0,1722.8,0,2,434.1,0,0,inf,1,8,314.7,0,0,inf,0,2,434.1,1,5,314.7
106764868,02200211,24.3,17.7,0,0,1669.1,1,2,380.5,0,0,inf,2,8,261.0,0,0,inf,1,2,380.5,2,5,261.0
106764869,02200211,22.3,14.4,0,0,1584.4,1,2,321.0,0,0,inf,2,8,176.3,0,0,inf,1,2,321.0,2,5,176.3
106764872,02200211,24.7,24.8,0,0,1598.4,2,2,335.0,0,0,inf,3,8,190.3,0,0,inf,2,2,335.0,3,5,190.3
106765563,02200211,10.4,55.0,0,0,1621.9,0,3,620.2,0,0,inf,1,7,208.2,0,0,inf,0,3,620.2,0,5,461.1
106765565,02200211,15.3,22.7,0,0,1529.9,0,3,528.2,0,0,inf,1,9,116.1,0,0,inf,0,3,528.2,0,6,473.4
106765571,02200211,14.0,29.0,0,0,1625.3,0,3,623.6,0,0,inf,1,8,211.6,0,0,inf,0,3,623.6,0,6,405.6
106765574,02200211,20.1,21.7,0,0,1496.9,0,2,495.2,0,0,inf,2,10,83.2,0,0,inf,0,2,495.2,0,6,440.4
106765583,02200211,34.5,32.4,0,0,1550.7,0,3,549.0,0,0,inf,1,9,137.0,0,0,inf,0,3,549.0,0,6,487.0
106765586,02200211,34.4,39.7,0,0,1590.6,0,3,588.9,0,0,inf,1,8,176.8,0,0,inf,0,3,588.9,0,6,461.7
106765588,02200211,11.4,20.7,0,0,1601.8,0,3,600.1,0,0,inf,1,9,188.1,0,0,inf,0,3,600.1,0,7,412.6
106765590,02200211,12.2,21.9,0,0,1507.4,0,3,505.7,0,0,inf,2,11,93.7,0,0,inf,0,3,505.7,0,7,450.9
106765699,02200211,26.3,21.3,0,0,1687.2,0,3,618.8,0,0,inf,2,8,273.5,0,0,inf,0,3,618.8,1,6,328.4
106765700,02200211,21.4,18.1,0,0,1769.2,0,2,530.2,0,0,inf,2,8,355.5,0,0,inf,0,2,530.2,1,6,365.4
106765701,02200211,20.0,33.3,0,0,1668.3,0,3,661.6,0,0,inf,2,8,254.6,0,0,inf,0,3,661.6,1,6,371.2
106765702,02200211,16.2,18.0,0,0,1752.7,0,2,546.6,0,0,inf,2,7,339.0,0,0,inf,0,2,546.6,1,5,349.0
106765703,02200211,16.9,20.3,0,0,1667.8,0,3,636.0,0,0,inf,2,8,254.1,0,0,inf,0,3,636.0,1,6,345.6
106765705,02200211,20.9,28.7,0,0,1642.3,0,3,640.6,0,0,inf,2,8,228.6,0,0,inf,0,3,640.6,1,6,388.0
106765706,02200211,19.5,34.1,0,0,1642.2,0,3,640.5,0,0,inf,2,8,228.5,0,0,inf,0,3,640.5,1,6,398.8
106766816,02200210,23.2,15.8,0,0,1693.4,0,2,402.0,0,0,inf,1,9,286.1,0,0,inf,0,2,402.0,1,6,286.1
106766817,02200210,35.8,25.4,0,0,1458.6,1,3,76.5,0,0,inf,3,9,76.5,0,0,inf,1,3,76.5,2,5,76.5
106766818,02200210,14.4,24.7,0,0,1476.9,1,2,230.8,0,0,inf,3,8,230.8,0,0,inf,1,2,230.8,2,5,230.8
106766819,02200210,18.7,20.5,0,0,1578.1,2,2,314.7,0,0,inf,3,9,147.0,0,0,inf,2,2,314.7,3,5,147.0
106766821,02200210,21.3,20.3,0,0,1515.4,1,2,269.3,0,0,inf,2,10,269.3,0,0,inf,1,2,269.3,1,7,269.3
106766822,02200210,16.0,28.1,0,0,1399.9,1,3,153.8,0,0,inf,3,9,153.8,0,0,inf,1,3,153.8,2,6,153.8
106766823,02200210,12.7,19.1,0,0,1497.5,1,2,251.4,0,0,inf,2,10,251.4,0,0,inf,1,2,251.4,1,7,251.4
106766825,02200210,13.2,15.7,0,0,1592.4,1,2,346.3,0,0,inf,2,9,346.3,0,0,inf,1,2,346.3,2,6,346.3
106766828,02200210,5.0,39.3,0,0,1509.3,1,2,245.9,0,0,inf,2,8,78.2,0,0,inf,1,2,245.9,2,5,78.2
106766830,02200210,26.6,38.3,0,0,1635.5,1,2,389.4,0,0,inf,2,8,354.5,0,0,inf,1,2,389.4,2,6,354.5
106766834,02200210,36.5,45.0,0,0,1491.0,1,2,108.9,0,0,inf,3,8,108.9,0,0,inf,1,2,108.9,2,4,108.9
106766836,02200210,13.5,20.5,0,0,1562.5,2,2,299.1,0,0,inf,3,9,131.4,0,0,inf,2,2,299.1,3,5,131.4
106766838,02200210,20.2,29.8,0,0,1490.0,1,2,108.0,0,0,inf,3,8,108.0,0,0,inf,1,2,108.0,2,4,108.0
106766840,02200210,22.0,29.4,0,0,1535.6,1,2,272.2,0,0,inf,2,8,104.5,0,0,inf,1,2,272.2,2,5,104.5
106766841,02200210,10.8,18.6,0,0,1483.8,1,2,237.7,0,0,inf,2,8,237.7,0,0,inf,1,2,237.7,1,5,237.7
106766843,02200210,18.1,20.2,0,0,1471.6,1,2,89.5,0,0,inf,3,8,89.5,0,0,inf,1,2,89.5,2,4,89.5
106766847,02200210,5.3,13.1,0,0,1692.1,0,2,400.7,0,0,inf,1,9,284.8,0,0,inf,0,2,400.7,1,6,284.8
106766848,02200210,20.3,18.2,0,0,1639.5,1,2,393.4,0,0,inf,2,9,310.1,0,0,inf,1,2,393.4,2,6,310.1
106766849,02200210,10.8,47.4,0,0,1570.1,1,2,306.7,0,0,inf,2,8,139.0,0,0,inf,1,2,306.7,2,5,139.0
106766850,02200210,30.2,33.3,0,0,1534.6,1,2,271.2,0,0,inf,2,8,103.5,0,0,inf,1,2,271.2,2,5,103.5
106766851,02200210,18.9,23.1,0,0,1481.7,1,2,218.3,0,0,inf,2,9,50.5,0,0,inf,1,2,218.3,2,5,50.5
106766855,02200210,2.9,15.2,0,0,1705.0,0,2,413.7,0,0,inf,1,9,297.8,0,0,inf,0,2,413.7,1,6,297.8
106766856,02200210,25.1,21.5,0,0,1464.2,1,2,200.8,0,0,inf,2,9,33.1,0,0,inf,1,2,200.8,2,5,33.1
106766857,02200210,31.8,20.0,0,0,1451.7,1,3,205.6,0,0,inf,3,9,205.6,0,0,inf,1,3,205.6,2,6,205.6
106766912,02200210,15.8,17.1,0,0,1667.5,1,2,352.3,0,0,inf,2,9,236.4,0,0,inf,1,2,352.3,2,6,236.4
106766913,02200210,14.5,20.0,0,0,1674.1,1,2,282.3,0,0,inf,2,9,243.0,0,0,inf,1,2,282.3,2,6,243.0
106767385,02200210,52.9,24.6,0,0,1706.7,1,2,258.9,0,0,inf,2,9,258.9,0,0,inf,1,2,258.9,2,6,258.9
106767386,02200210,42.0,34.8,0,0,1852.2,1,2,133.7,0,0,inf,2,11,133.7,0,0,inf,1,2,133.7,2,8,133.7
106767390,02200210,31.8,15.3,0,0,1790.2,1,2,200.1,0,0,inf,2,10,200.1,0,0,inf,1,2,200.1,2,7,200.1
106767391,02200210,13.1,16.4,0,0,1831.0,1,2,240.9,0,0,inf,2,10,240.9,0,0,inf,1,2,240.9,2,7,240.9
106767392,02200210,9.0,51.4,0,0,1878.7,1,2,288.6,0,0,inf,1,8,288.6,0,0,inf,1,2,288.6,1,6,288.6
106767393,02200210,22.6,18.4,0,0,1815.8,1,2,346.3,0,0,inf,1,9,346.3,0,0,inf,1,2,346.3,1,7,346.3
106767394,02200210,36.1,17.9,0,0,1856.0,1,2,277.4,0,0,inf,1,9,277.4,0,0,inf,1,2,277.4,1,7,277.4
106767396,02200210,13.6,20.2,0,0,1687.6,1,2,269.0,0,0,inf,2,9,256.5,0,0,inf,1,2,269.0,2,6,256.5
106767397,02200210,31.7,38.0,0,0,1854.1,1,2,347.1,0,0,inf,1,9,347.1,0,0,inf,1,2,347.1,1,7,347.1
106767398,02200210,21.0,16.1,0,0,1841.8,1,2,251.7,0,0,inf,1,11,251.7,0,0,inf,1,2,251.7,1,8,251.7
106767399,02200210,19.0,21.7,0,0,1809.3,1,2,150.5,0,0,inf,3,11,150.5,0,0,inf,1,2,150.5,3,8,150.5
106767401,02200210,14.7,15.8,0,0,1811.7,1,2,221.6,0,0,inf,2,10,221.6,0,0,inf,1,2,221.6,2,7,221.6
106767404,02200210,17.5,15.6,0,0,1828.3,1,2,238.2,0,0,inf,2,10,238.2,0,0,inf,1,2,238.2,2,7,238.2
106767405,02200210,12.2,16.5,0,0,1817.1,1,2,227.0,0,0,inf,2,10,227.0,0,0,inf,1,2,227.0,2,7,227.0
106767407,02200210,11.9,36.8,0,0,1869.7,1,2,279.5,0,0,inf,1,8,279.5,0,0,inf,1,2,279.5,1,6,279.5
106767410,02200210,12.4,16.5,0,0,1848.5,1,2,258.4,0,0,inf,1,11,258.4,0,0,inf,1,2,258.4,1,8,258.4
106767479,02200210,16.6,17.0,0,0,1860.2,1,2,270.0,0,0,inf,1,9,270.0,0,0,inf,1,2,270.0,1,7,270.0
106767480,02200210,16.2,16.8,0,0,1816.5,1,2,314.8,0,0,inf,1,9,314.8,0,0,inf,1,2,314.8,1,7,314.8
106767481,02200210,5.9,42.0,0,0,1645.1,1,2,399.0,0,0,inf,1,8,399.0,0,0,inf,1,2,399.0,1,7,399.0
106767482,02200210,11.7,26.5,0,0,1728.4,0,2,422.4,0,0,inf,0,9,422.4,0,0,inf,0,2,422.4,0,7,422.4
106767483,02200210,12.5,16.9,0,0,1776.1,1,2,355.3,0,0,inf,1,9,355.3,0,0,inf,1,2,355.3,1,7,355.3
106767484,02200210,14.4,16.1,0,0,1760.1,1,2,369.9,0,0,inf,1,9,369.9,0,0,inf,1,2,369.9,1,7,369.9
106767485,02200210,15.3,16.5,0,0,1833.1,1,2,297.5,0,0,inf,1,9,297.5,0,0,inf,1,2,297.5,1,7,297.5
106767486,02200210,12.7,16.7,0,0,1844.3,1,2,286.8,0,0,inf,1,9,286.8,0,0,inf,1,2,286.8,1,7,286.8
106767487,02200210,17.6,17.0,0,0,1785.7,1,2,345.9,0,0,inf,1,9,345.9,0,0,inf,1,2,345.9,1,7,345.9
106767604,02200210,21.5,17.5,0,0,1941.3,1,2,133.1,0,0,inf,2,9,133.1,0,0,inf,1,2,133.1,2,8,133.1
106767605,02200210,17.0,19.6,0,0,1860.3,1,2,304.1,0,0,inf,1,10,304.1,0,0,inf,1,2,304.1,1,8,304.1
106767606,02200210,33.8,21.5,0,0,1866.7,1,2,215.5,0,0,inf,1,10,215.5,0,0,inf,1,2,215.5,1,8,215.5
106767607,02200210,13.7,18.5,0,0,1873.4,1,2,288.8,0,0,inf,1,10,288.8,0,0,inf,1,2,288.8,1,8,288.8
106767608,02200210,22.6,17.8,0,0,1895.6,1,2,179.4,0,0,inf,2,9,179.4,0,0,inf,1,2,179.4,2,8,179.4
106767609,02200210,20.2,48.2,0,0,1958.5,1,2,177.0,0,0,inf,2,8,177.0,0,0,inf,1,2,177.0,2,7,177.0
106767610,02200210,16.9,17.7,0,0,1908.2,1,2,166.5,0,0,inf,2,10,166.5,0,0,inf,1,2,166.5,2,9,166.5
106767611,02200210,26.1,30.0,0,0,1852.1,1,2,333.2,0,0,inf,1,10,333.2,0,0,inf,1,2,333.2,1,8,333.2
106767612,02200210,15.1,17.2,0,0,1877.8,1,2,196.0,0,0,inf,1,10,196.0,0,0,inf,1,2,196.0,1,8,196.0
106767613,02200210,18.7,16.2,0,0,1949.9,1,2,117.3,0,0,inf,2,9,117.3,0,0,inf,1,2,117.3,2,8,117.3
106767614,02200210,14.5,20.0,0,0,1848.3,1,2,107.9,0,0,inf,2,11,107.9,0,0,inf,1,2,107.9,2,8,107.9
106767615,02200210,33.1,21.7,0,0,1869.2,1,2,90.5,0,0,inf,2,8,90.5,0,0,inf,1,2,90.5,2,7,90.5
106767616,02200210,11.1,38.4,0,0,1932.4,1,2,183.8,0,0,inf,1,8,183.8,0,0,inf,1,2,183.8,1,7,183.8
106767617,02200210,32.5,17.5,0,0,1921.6,1,2,152.6,0,0,inf,2,9,152.6,0,0,inf,1,2,152.6,2,8,152.6
106767618,02200210,14.2,17.0,0,0,1936.3,1,2,103.6,0,0,inf,2,9,103.6,0,0,inf,1,2,103.6,2,8,103.6
106767907,02200210,23.5,30.1,0,0,1762.5,0,2,444.4,0,0,inf,1,9,360.7,0,0,inf,0,2,444.4,1,8,360.7
106767908,02200210,16.0,17.9,0,0,1802.0,1,2,273.2,0,0,inf,1,11,273.2,0,0,inf,1,2,273.2,1,9,273.2
106767909,02200210,32.5,16.6,0,0,1728.6,1,3,343.9,0,0,inf,2,11,326.8,0,0,inf,1,3,343.9,2,9,326.8
106767911,02200210,15.0,16.0,0,0,1720.5,0,2,409.1,0,0,inf,0,9,409.1,0,0,inf,0,2,409.1,0,7,409.1
106767912,02200210,20.7,17.8,0,0,1749.0,1,2,326.0,0,0,inf,2,11,326.0,0,0,inf,1,2,326.0,2,9,326.0
106767914,02200210,12.8,20.4,0,0,1727.1,0,2,475.1,0,0,inf,1,9,391.3,0,0,inf,0,2,475.1,1,8,391.3
106767915,02200210,28.7,17.3,0,0,1855.5,1,2,269.3,0,0,inf,1,10,269.3,0,0,inf,1,2,269.3,1,8,269.3
106767917,02200210,23.6,18.7,0,0,1765.1,1,2,311.6,0,0,inf,2,11,311.6,0,0,inf,1,2,311.6,2,9,311.6
106767918,02200210,26.0,18.5,0,0,1785.5,1,2,290.9,0,0,inf,2,11,290.9,0,0,inf,1,2,290.9,2,9,290.9
106767921,02200210,14.2,16.1,0,0,1871.1,1,2,285.0,0,0,inf,1,10,285.0,0,0,inf,1,2,285.0,1,8,285.0
106767922,02200210,15.2,15.9,0,0,1737.5,1,2,392.0,0,0,inf,1,9,392.0,0,0,inf,1,2,392.0,1,7,392.0
106768810,02200210,6.7,39.9,0,0,1924.4,0,1,429.9,0,0,inf,1,8,392.6,0,0,inf,0,1,429.9,1,6,392.6
106768811,02200210,19.6,16.0,0,0,1891.4,0,1,415.1,0,0,inf,2,8,359.7,0,0,inf,0,1,415.1,2,6,359.7
106768812,02200210,16.8,16.4,0,0,1924.4,1,1,382.7,0,0,inf,3,8,382.7,0,0,inf,1,1,382.7,3,6,382.7
106768813,02200210,17.2,16.3,0,0,1905.0,0,1,402.0,0,0,inf,2,8,373.3,0,0,inf,0,1,402.0,2,6,373.3
106768887,02200210,31.3,17.2,0,0,1820.5,1,2,253.2,0,0,inf,1,10,253.2,0,0,inf,1,2,253.2,1,8,253.2
106768888,02200210,18.8,16.2,0,0,1902.7,1,2,316.6,0,0,inf,1,10,316.6,0,0,inf,1,2,316.6,1,8,316.6
106768889,02200210,15.4,16.0,0,0,1937.3,1,1,369.1,0,0,inf,2,8,369.1,0,0,inf,1,1,369.1,2,6,369.1
106768890,02200210,17.6,17.9,0,0,1754.7,1,2,320.4,0,0,inf,2,11,320.4,0,0,inf,1,2,320.4,2,9,320.4
106768891,02200210,15.0,54.2,0,0,1820.9,1,2,326.9,0,0,inf,1,10,326.9,0,0,inf,1,2,326.9,1,8,326.9
106768892,02200210,16.3,17.2,0,0,1708.6,1,3,365.1,0,0,inf,2,11,306.7,0,0,inf,1,3,365.1,2,9,306.7
106768893,02200210,18.6,16.6,0,0,1918.2,1,2,332.1,0,0,inf,2,10,332.1,0,0,inf,1,2,332.1,2,8,332.1
106768894,02200210,16.4,17.5,0,0,1889.6,1,2,303.4,0,0,inf,1,10,303.4,0,0,inf,1,2,303.4,1,8,303.4
106768895,02200210,17.7,17.9,0,0,1742.9,1,3,332.2,0,0,inf,2,12,332.2,0,0,inf,1,3,332.2,2,10,332.2
106768896,02200210,19.4,17.4,0,0,1722.7,1,3,351.3,0,0,inf,2,11,320.9,0,0,inf,1,3,351.3,2,9,320.9
106768897,02200210,30.5,17.0,0,0,1952.0,1,2,350.3,0,0,inf,2,11,350.3,0,0,inf,1,2,350.3,2,9,350.3
106768898,02200210,14.7,16.0,0,0,1873.8,1,2,287.6,0,0,inf,1,11,287.6,0,0,inf,1,2,287.6,1,8,287.6
106768899,02200210,11.7,37.4,0,0,1816.7,1,2,297.5,0,0,inf,1,10,297.5,0,0,inf,1,2,297.5,1,8,297.5
106768900,02200210,16.4,17.4,0,0,1783.0,1,2,291.1,0,0,inf,2,11,291.1,0,0,inf,1,2,291.1,2,9,291.1
106768901,02200210,10.5,55.8,0,0,1791.1,1,2,359.7,0,0,inf,2,10,359.7,0,0,inf,1,2,359.7,2,8,359.7
106768902,02200210,19.9,17.4,0,0,1771.6,1,2,302.5,0,0,inf,2,11,302.5,0,0,inf,1,2,302.5,2,9,302.5
106768903,02200210,12.0,38.1,0,0,1950.7,1,2,364.6,0,0,inf,1,10,364.6,0,0,inf,1,2,364.6,1,8,364.6
106769137,02200210,14.3,16.1,0,0,1838.5,0,1,468.2,0,0,inf,2,9,306.8,0,0,inf,0,1,468.2,2,7,306.8
106769138,02200210,19.3,15.9,0,0,1822.4,0,1,483.7,0,0,inf,2,10,290.7,0,0,inf,0,1,483.7,2,8,290.7
106769140,02200210,43.4,16.0,0,0,1851.9,0,1,454.5,0,0,inf,2,9,320.2,0,0,inf,0,1,454.5,2,7,320.2
106769141,02200210,19.5,16.0,0,0,1803.5,0,1,502.9,0,0,inf,2,11,271.7,0,0,inf,0,1,502.9,2,8,271.7
106769589,02200210,15.8,16.8,0,0,1749.3,0,2,558.7,0,0,inf,2,11,217.6,0,0,inf,0,2,558.7,2,8,217.6
106769591,02200210,10.6,14.6,0,0,1784.6,0,1,519.0,0,0,inf,2,11,252.9,0,0,inf,0,1,519.0,2,8,252.9
106769592,02200210,41.1,42.1,0,0,1780.1,0,1,578.5,0,0,inf,2,10,248.4,0,0,inf,0,1,578.5,2,7,248.4
106769594,02200210,19.0,15.9,0,0,1767.6,0,1,538.7,0,0,inf,2,11,235.8,0,0,inf,0,1,538.7,2,8,235.8
106769597,02200210,28.1,27.5,0,0,1691.8,0,2,637.6,0,0,inf,2,11,160.1,0,0,inf,0,2,637.6,2,8,160.1
106769607,02200210,28.7,17.6,0,0,1610.8,0,3,531.1,0,0,inf,2,11,209.0,0,0,inf,0,3,531.1,2,9,209.0
106769616,02200210,79.0,27.1,0,0,1828.6,0,1,681.6,0,0,inf,2,8,296.9,0,0,inf,0,1,681.6,2,7,296.9
106769619,02200210,18.9,25.1,0,0,1803.5,0,1,656.5,0,0,inf,3,10,154.2,0,0,inf,0,1,656.5,3,7,154.2
106769742,02200210,52.4,19.9,0,0,1731.1,0,3,694.1,0,0,inf,2,10,309.4,0,0,inf,0,3,694.1,2,9,309.4
106769743,02200210,13.3,30.5,0,0,1675.3,0,2,660.1,0,0,inf,2,10,143.6,0,0,inf,0,2,660.1,2,8,143.6
106769744,02200210,12.8,25.5,0,0,1600.8,0,2,620.5,0,0,inf,2,10,307.7,0,0,inf,0,2,620.5,2,7,307.7
106769745,02200210,14.0,15.8,0,0,1747.9,0,3,669.1,0,0,inf,2,10,284.4,0,0,inf,0,3,669.1,2,9,284.4
106770514,02200210,14.3,14.7,0,0,inf,1,1,363.2,0,0,inf,2,10,298.0,0,0,inf,1,1,363.2,2,8,298.0
106770523,02200210,36.7,19.2,0,0,inf,0,1,461.2,0,0,inf,1,8,209.2,0,0,inf,0,1,461.2,1,6,209.2
106809596,02200210,14.3,14.8,0,0,1864.2,0,1,754.0,0,0,inf,0,7,547.8,0,0,inf,0,1,754.0,0,6,547.8
106809599,02200210,20.0,8.0,0,0,1384.7,0,2,464.6,0,0,inf,3,10,187.8,0,0,inf,0,2,464.6,3,7,187.8
106809600,02200210,12.4,32.9,0,0,1793.2,0,2,683.0,0,0,inf,0,8,476.8,0,0,inf,0,2,683.0,0,7,476.8
106809602,02200210,28.7,26.6,0,0,1597.4,0,2,617.2,0,0,inf,2,10,304.4,0,0,inf,0,2,617.2,2,7,304.4
106809604,02200210,13.0,12.4,0,0,1622.6,0,3,642.3,0,0,inf,2,11,329.6,0,0,inf,0,3,642.3,2,8,329.6
106809606,02200210,13.0,10.8,0,0,1427.1,0,2,446.8,0,0,inf,3,10,170.0,0,0,inf,0,2,446.8,3,7,170.0
106809608,02200210,12.4,27.4,0,0,1637.6,0,2,657.3,0,0,inf,2,9,344.6,0,0,inf,0,2,657.3,2,7,344.6
106809610,02200210,13.2,12.4,0,0,1544.0,0,2,563.8,0,0,inf,2,10,251.0,0,0,inf,0,2,563.8,2,7,251.0
106809612,02200210,14.1,17.1,0,0,1665.2,0,3,684.9,0,0,inf,2,10,369.6,0,0,inf,0,3,684.9,2,8,369.6
106809613,02200210,14.0,16.8,0,0,1745.6,0,2,635.4,0,0,inf,0,8,429.2,0,0,inf,0,2,635.4,0,7,429.2
106809614,02200210,14.1,31.4,0,0,1879.7,0,1,769.4,0,0,inf,0,5,563.2,0,0,inf,0,1,769.4,0,4,563.2
106809615,02200210,8.5,20.7,0,0,1388.2,0,2,468.1,0,0,inf,2,10,191.3,0,0,inf,0,2,468.1,2,7,191.3
106809616,02200210,14.5,15.5,0,0,1781.8,0,2,671.6,0,0,inf,0,8,465.4,0,0,inf,0,2,671.6,0,7,465.4
106809617,02200210,13.4,13.9,0,0,1824.0,0,1,713.8,0,0,inf,0,7,507.6,0,0,inf,0,1,713.8,0,6,507.6
106809618,02200210,14.0,11.1,0,0,1446.3,0,2,466.1,0,0,inf,3,10,189.3,0,0,inf,0,2,466.1,3,7,189.3
106810308,02200210,14.8,22.7,0,0,1802.4,0,1,740.5,0,0,inf,2,8,274.1,0,0,inf,0,1,740.5,1,7,274.1
106810309,02200210,17.4,19.4,0,0,1940.8,0,2,676.1,0,0,inf,3,9,129.1,0,0,inf,0,2,676.1,2,7,129.1
106810316,02200210,25.3,29.1,0,0,1852.2,0,1,703.6,0,0,inf,2,7,237.1,0,0,inf,0,1,703.6,1,6,237.1
106810318,02200210,163.6,14.7,0,0,1783.2,0,1,789.6,0,0,inf,2,8,346.8,0,0,inf,0,1,789.6,1,7,346.8
106810321,02200210,16.6,18.9,0,0,1840.9,0,1,694.4,0,0,inf,2,8,227.9,0,0,inf,0,1,694.4,1,7,227.9
106810323,02200210,9.1,44.0,0,0,1883.8,0,1,736.8,0,0,inf,2,7,352.1,0,0,inf,0,1,736.8,2,6,352.1
106810325,02200210,18.2,21.1,0,0,inf,0,1,594.3,0,0,inf,1,6,358.8,0,0,inf,0,1,594.3,1,5,358.8
106810331,02200210,12.2,18.4,0,0,1823.8,0,1,710.5,0,0,inf,2,8,244.1,0,0,inf,0,1,710.5,1,7,244.1
106810336,02200210,20.8,19.5,0,0,1968.4,0,2,703.7,0,0,inf,3,9,101.5,0,0,inf,0,2,703.7,2,7,101.5
106810338,02200210,20.1,20.0,0,0,1860.9,0,1,676.5,0,0,inf,2,8,210.1,0,0,inf,0,1,676.5,1,6,210.1
106810340,02200210,17.0,21.2,0,0,1957.8,0,2,693.0,0,0,inf,3,9,115.6,0,0,inf,0,2,693.0,2,7,115.6
106810344,02200210,4.8,46.2,0,0,1886.0,0,1,739.0,0,0,inf,2,7,354.2,0,0,inf,0,1,739.0,2,6,354.2
106810351,02200210,10.3,51.4,0,0,1891.2,0,1,744.2,0,0,inf,2,6,359.5,0,0,inf,0,1,744.2,2,5,359.5
106810352,02200210,12.4,19.0,0,0,1825.3,0,1,710.2,0,0,inf,2,8,243.8,0,0,inf,0,1,710.2,1,7,243.8
106810355,02200210,21.8,28.3,0,0,inf,0,1,577.8,0,0,inf,2,6,342.3,0,0,inf,0,1,577.8,1,5,342.3
106810358,02200210,18.7,53.8,0,0,inf,0,2,742.4,0,0,inf,3,9,131.6,0,0,inf,0,2,742.4,2,7,131.6
106810360,02200210,14.9,40.5,0,0,1809.0,0,0,815.4,0,0,inf,1,7,372.6,0,0,inf,0,0,815.4,1,6,372.6
106810362,02200210,12.8,21.1,0,0,inf,0,1,633.1,0,0,inf,1,6,397.6,0,0,inf,0,1,633.1,1,5,397.6
106810364,02200210,16.0,19.7,0,0,1988.1,0,2,711.1,0,0,inf,3,9,82.3,0,0,inf,0,2,711.1,2,7,82.3
106810367,02200210,26.3,30.7,0,0,inf,0,1,615.3,0,0,inf,1,6,379.8,0,0,inf,0,1,615.3,1,5,379.8
106810369,02200210,26.7,19.7,0,0,1972.3,0,2,694.3,0,0,inf,3,9,65.5,0,0,inf,0,2,694.3,2,7,65.5
106810371,02200210,16.2,19.8,0,0,1942.7,0,1,594.4,0,0,inf,2,8,211.6,0,0,inf,0,1,594.4,1,6,211.6
106810372,02200210,16.8,18.5,0,0,1956.2,0,1,578.2,0,0,inf,2,7,225.0,0,0,inf,0,1,578.2,1,6,225.0
106810373,02200210,18.7,38.3,0,0,1996.7,0,2,718.7,0,0,inf,3,9,89.9,0,0,inf,0,2,718.7,2,7,89.9
106810582,02200210,14.2,22.8,0,0,inf,0,2,687.8,0,0,inf,4,9,116.1,0,0,inf,0,2,687.8,3,7,116.1
106810583,02200210,16.2,26.8,0,0,inf,0,1,682.2,0,0,inf,4,8,110.5,0,0,inf,0,1,682.2,3,6,110.5
106810586,02200210,13.7,17.9,0,0,1956.8,0,1,588.6,0,0,inf,3,7,160.3,0,0,inf,0,1,588.6,2,6,225.7
106810587,02200210,11.4,18.6,0,0,1938.3,0,2,673.6,0,0,inf,3,9,129.8,0,0,inf,0,2,673.6,2,7,129.8
106810588,02200210,15.9,24.0,0,0,inf,0,2,722.3,0,0,inf,4,9,93.5,0,0,inf,0,2,722.3,3,7,93.5
106810590,02200210,20.7,19.1,0,0,1940.0,0,1,607.8,0,0,inf,3,8,179.5,0,0,inf,0,1,607.8,2,6,208.9
106810591,02200210,16.4,20.9,0,0,1955.4,0,2,690.7,0,0,inf,3,9,117.3,0,0,inf,0,2,690.7,2,7,117.3
106810592,02200210,16.2,19.8,0,0,1984.2,0,2,715.3,0,0,inf,3,9,86.5,0,0,inf,0,2,715.3,2,7,86.5
106810594,02200210,20.7,28.3,0,0,inf,0,2,749.3,0,0,inf,4,8,167.6,0,0,inf,0,2,749.3,3,6,167.6
106810595,02200210,16.2,24.1,0,0,1985.4,0,2,707.4,0,0,inf,4,9,78.6,0,0,inf,0,2,707.4,3,7,78.6
106810596,02200210,16.6,12.4,0,0,inf,0,2,729.5,0,0,inf,4,9,147.8,0,0,inf,0,2,729.5,3,7,147.8
106810597,02200210,9.3,23.7,0,0,1972.8,0,2,694.8,0,0,inf,3,9,66.0,0,0,inf,0,2,694.8,2,7,66.0
106810599,02200210,13.5,19.7,0,0,1978.1,0,2,700.0,0,0,inf,3,9,71.3,0,0,inf,0,2,700.0,2,7,71.3
106810600,02200210,27.1,23.9,0,0,inf,0,1,773.1,0,0,inf,4,7,191.4,0,0,inf,0,1,773.1,3,5,191.4
106810601,02200210,16.5,19.9,0,0,1970.1,0,2,705.4,0,0,inf,3,9,100.8,0,0,inf,0,2,705.4,2,7,100.8
106810602,02200210,24.2,13.5,0,0,inf,0,2,731.0,0,0,inf,4,9,149.3,0,0,inf,0,2,731.0,3,7,149.3
106810603,02200210,17.5,47.3,0,0,inf,0,2,738.8,0,0,inf,3,9,110.0,0,0,inf,0,2,738.8,2,7,110.0
106810780,02200210,17.7,22.7,0,0,inf,0,2,725.1,0,0,inf,1,8,221.7,0,0,inf,0,2,725.1,1,6,221.7
106810782,02200210,22.2,20.8,0,0,inf,0,2,682.9,0,0,inf,1,8,260.2,0,0,inf,0,2,682.9,1,6,260.2
106810783,02200210,24.7,23.8,0,0,inf,0,2,701.5,0,0,inf,1,8,190.1,0,0,inf,0,2,701.5,1,6,190.1
106810784,02200210,33.6,18.0,0,0,1965.3,0,1,617.9,0,0,inf,2,8,93.8,0,0,inf,0,1,617.9,2,6,93.8
106810785,02200210,30.2,16.5,0,0,1942.4,0,2,629.3,0,0,inf,3,9,35.6,0,0,inf,0,2,629.3,2,7,35.6
106810786,02200210,39.4,29.7,0,0,inf,0,2,724.7,0,0,inf,4,9,139.4,0,0,inf,0,2,724.7,3,7,139.4
106810788,02200210,18.3,31.2,0,0,inf,0,1,662.2,0,0,inf,1,7,301.7,0,0,inf,0,1,662.2,1,5,301.7
106810790,02200210,31.3,23.9,0,0,inf,0,2,705.9,0,0,inf,4,9,134.3,0,0,inf,0,2,705.9,3,7,134.3
106810791,02200210,14.7,49.3,0,0,inf,0,2,738.0,0,0,inf,1,8,226.7,0,0,inf,0,2,738.0,1,6,226.7
106810796,02200210,22.5,22.9,0,0,1997.1,0,2,719.1,0,0,inf,4,9,90.3,0,0,inf,0,2,719.1,3,7,90.3
106810798,02200210,20.6,54.0,0,0,inf,0,1,683.7,0,0,inf,4,7,112.0,0,0,inf,0,1,683.7,3,6,112.0
106810799,02200210,18.4,57.1,0,0,inf,0,2,760.3,0,0,inf,1,8,248.9,0,0,inf,0,2,760.3,1,6,248.9
106810802,02200210,34.4,24.0,0,0,inf,0,2,713.2,0,0,inf,1,8,236.2,0,0,inf,0,2,713.2,1,6,236.2
106810803,02200210,18.9,23.0,0,0,inf,0,1,671.7,0,0,inf,4,8,100.0,0,0,inf,0,1,671.7,3,6,100.0
106810804,02200210,22.7,25.1,0,0,1982.0,0,2,704.0,0,0,inf,3,9,75.2,0,0,inf,0,2,704.0,2,7,75.2
106810807,02200210,47.4,21.9,0,0,1998.0,0,1,637.9,0,0,inf,2,8,126.5,0,0,inf,0,1,637.9,2,6,126.5
106810810,02200210,36.0,21.9,0,0,inf,0,2,672.9,0,0,inf,2,9,161.5,0,0,inf,0,2,672.9,2,7,161.5
106810813,02200210,128.4,31.9,0,0,inf,0,1,734.0,0,0,inf,1,7,314.3,0,0,inf,0,1,734.0,1,5,314.3
106810815,02200210,17.1,22.6,0,0,inf,0,2,718.0,0,0,inf,1,8,206.7,0,0,inf,0,2,718.0,1,6,206.7
106810816,02200210,32.8,32.8,0,0,inf,0,2,745.0,0,0,inf,4,10,125.2,0,0,inf,0,2,745.0,3,8,125.2
106811494,02200210,17.5,16.0,0,0,1871.0,0,1,435.5,0,0,inf,2,9,339.3,0,0,inf,0,1,435.5,2,7,339.3
106811495,02200210,10.8,16.4,0,0,1782.2,0,1,525.0,0,0,inf,2,11,250.5,0,0,inf,0,1,525.0,2,8,250.5
106811497,02200210,14.3,13.5,0,0,1816.8,0,1,484.5,0,0,inf,2,10,285.1,0,0,inf,0,1,484.5,2,8,285.1
106811500,02200210,18.0,15.9,0,0,1800.2,0,1,505.9,0,0,inf,2,11,268.5,0,0,inf,0,1,505.9,2,8,268.5
106811503,02200210,15.3,13.9,0,0,1832.9,0,1,469.4,0,0,inf,2,9,301.2,0,0,inf,0,1,469.4,2,7,301.2
106811505,02200210,20.3,24.9,0,0,1799.8,0,1,652.8,0,0,inf,3,10,157.4,0,0,inf,0,1,652.8,3,7,157.4
106811507,02200210,15.9,29.7,0,0,1887.9,0,1,675.6,0,0,inf,3,8,129.0,0,0,inf,0,1,675.6,3,6,129.0
106811510,02200210,22.1,16.0,0,0,1885.1,0,1,421.2,0,0,inf,2,9,353.4,0,0,inf,0,1,421.2,2,7,353.4
106811514,02200210,15.4,27.5,0,0,1787.4,0,1,640.4,0,0,inf,2,10,175.0,0,0,inf,0,1,640.4,2,7,175.0
106811521,02200210,3.5,40.5,0,0,1903.3,0,1,452.2,0,0,inf,2,8,371.5,0,0,inf,0,1,452.2,2,6,371.5
106811522,02200210,13.8,26.4,0,0,1817.9,0,1,670.9,0,0,inf,3,9,142.2,0,0,inf,0,1,670.9,3,7,142.2
106814836,02200210,16.9,18.8,0,0,inf,1,1,385.6,0,0,inf,2,9,283.9,0,0,inf,1,1,385.6,2,7,283.9
106814839,02200210,14.7,16.5,0,0,inf,1,1,273.1,0,0,inf,2,9,273.1,0,0,inf,1,1,273.1,2,7,273.1
106814841,02200210,31.1,16.8,0,0,inf,1,1,326.9,0,0,inf,3,9,255.8,0,0,inf,1,1,326.9,2,7,326.9
106814844,02200210,24.2,23.3,0,0,inf,1,1,362.8,0,0,inf,3,8,291.7,0,0,inf,1,1,362.8,2,6,333.2
106814846,02200210,6.2,17.0,0,0,inf,1,1,382.1,0,0,inf,3,8,301.2,0,0,inf,1,1,382.1,2,6,301.2
106814848,02200210,29.2,17.0,0,0,inf,1,2,228.8,0,0,inf,2,9,207.0,0,0,inf,1,2,228.8,1,8,228.8
106814849,02200210,29.7,17.0,0,0,inf,0,1,401.2,0,0,inf,2,8,282.2,0,0,inf,0,1,401.2,1,6,282.2
106814851,02200210,18.3,16.4,0,0,inf,1,1,207.4,0,0,inf,2,8,207.4,0,0,inf,1,1,207.4,1,7,207.4
106814853,02200210,26.2,19.7,0,0,inf,0,1,437.4,0,0,inf,2,8,251.4,0,0,inf,0,1,437.4,1,6,251.4
106814854,02200210,15.8,18.2,0,0,inf,0,1,401.4,0,0,inf,1,8,267.0,0,0,inf,0,1,401.4,1,6,267.0
106814857,02200210,17.5,15.7,0,0,inf,1,1,177.0,0,0,inf,2,8,177.0,0,0,inf,1,1,177.0,1,7,177.0
106814859,02200210,21.1,17.3,0,0,inf,0,1,418.3,0,0,inf,2,8,265.7,0,0,inf,0,1,418.3,1,6,265.7
106814860,02200210,31.4,16.7,0,0,inf,1,1,344.8,0,0,inf,3,8,273.7,0,0,inf,1,1,344.8,2,6,338.0
106814862,02200210,17.2,16.1,0,0,inf,1,1,258.6,0,0,inf,1,8,258.6,0,0,inf,1,1,258.6,1,6,258.6
106814863,02200210,36.6,16.1,0,0,inf,1,1,238.6,0,0,inf,2,8,238.6,0,0,inf,1,1,238.6,1,6,238.6
106814865,02200210,22.9,13.4,0,0,inf,1,2,208.7,0,0,inf,2,9,208.7,0,0,inf,1,2,208.7,1,8,208.7
106814867,02200210,19.5,16.0,0,0,inf,1,1,177.1,0,0,inf,2,8,177.1,0,0,inf,1,1,177.1,1,7,177.1
106814868,02200210,18.5,16.8,0,0,inf,1,1,306.6,0,0,inf,3,8,235.5,0,0,inf,1,1,306.6,2,6,306.6
106814871,02200210,21.8,15.0,0,0,inf,1,1,193.1,0,0,inf,2,8,193.1,0,0,inf,1,1,193.1,1,7,193.1
106814872,02200210,17.0,16.0,0,0,inf,1,1,194.8,0,0,inf,2,8,194.8,0,0,inf,1,1,194.8,1,7,194.8
106814875,02200210,16.7,15.8,0,0,inf,1,1,287.6,0,0,inf,2,9,287.6,0,0,inf,1,1,287.6,2,7,287.6
106814876,02200210,39.0,18.0,0,0,inf,1,2,161.2,0,0,inf,2,9,161.2,0,0,inf,1,2,161.2,1,8,161.2
106814879,02200210,17.7,16.3,0,0,inf,1,1,224.1,0,0,inf,2,8,224.1,0,0,inf,1,1,224.1,1,6,224.1
106814880,02200210,15.1,16.9,0,0,inf,1,2,293.7,0,0,inf,3,9,222.5,0,0,inf,1,2,293.7,2,7,293.7
106814883,02200210,17.1,18.6,0,0,inf,1,1,369.0,0,0,inf,2,9,300.1,0,0,inf,1,1,369.0,2,7,300.1
106814885,02200210,28.2,19.2,0,0,1994.9,1,1,351.1,0,0,inf,2,10,319.2,0,0,inf,1,1,351.1,2,8,319.2
106818275,02200211,21.3,19.9,0,0,inf,1,2,298.9,0,0,inf,2,8,165.8,0,0,inf,1,2,298.9,1,7,298.9
106818276,02200211,14.9,42.2,0,0,inf,1,1,264.8,0,0,inf,2,8,208.8,0,0,inf,1,1,264.8,1,7,264.8
106818279,02200211,11.8,16.2,0,0,inf,1,1,368.6,0,0,inf,3,6,235.6,0,0,inf,1,1,368.6,2,5,364.4
106818280,02200211,21.0,16.8,0,0,inf,1,1,393.9,0,0,inf,3,5,260.8,0,0,inf,1,1,393.9,2,4,340.3
106818283,02200211,4.8,15.9,0,0,inf,0,1,404.2,0,0,inf,2,5,271.1,0,0,inf,0,1,404.2,1,4,328.2
106818296,02200211,25.8,20.2,0,0,inf,1,2,195.9,0,0,inf,3,8,195.9,0,0,inf,1,2,195.9,2,7,195.9
106818301,02200211,10.6,16.8,0,0,inf,1,1,352.5,0,0,inf,3,6,219.4,0,0,inf,1,1,352.5,2,5,352.5
106818305,02200211,4.6,28.4,0,0,inf,1,1,255.7,0,0,inf,3,7,255.7,0,0,inf,1,1,255.7,2,6,255.7
106818309,02200211,16.2,20.8,0,0,inf,1,1,230.1,0,0,inf,2,8,200.7,0,0,inf,1,1,230.1,1,7,230.1
106818311,02200211,27.6,50.5,0,0,inf,1,1,260.5,0,0,inf,3,7,260.5,0,0,inf,1,1,260.5,2,6,260.5
106818315,02200211,30.7,16.3,0,0,inf,1,2,326.9,0,0,inf,2,8,193.8,0,0,inf,1,2,326.9,1,7,326.9
106818317,02200211,10.2,14.7,0,0,inf,1,1,224.2,0,0,inf,3,7,224.2,0,0,inf,1,1,224.2,2,6,224.2
106818320,02200211,10.1,14.6,0,0,inf,1,1,207.7,0,0,inf,3,7,207.7,0,0,inf,1,1,207.7,2,6,207.7
106819368,02200211,27.0,18.2,0,0,inf,0,1,526.2,0,0,inf,1,5,301.8,0,0,inf,0,1,526.2,1,3,301.8
106819370,02200211,15.2,19.5,0,0,inf,0,1,441.9,0,0,inf,2,6,139.3,0,0,inf,0,1,441.9,2,4,139.3
106819371,02200211,15.6,20.0,0,0,inf,0,1,453.7,0,0,inf,2,6,151.1,0,0,inf,0,1,453.7,2,4,151.1
106819372,02200211,24.7,16.7,0,0,inf,0,1,538.4,0,0,inf,1,6,326.8,0,0,inf,0,1,538.4,1,5,326.8
106819373,02200211,25.3,33.4,0,0,inf,0,1,543.9,0,0,inf,1,6,332.3,0,0,inf,0,1,543.9,1,5,332.3
106819374,02200211,3.0,20.5,0,0,inf,0,1,456.4,0,0,inf,1,7,232.0,0,0,inf,0,1,456.4,1,5,232.0
106819375,02200211,39.0,20.8,0,0,inf,0,1,477.9,0,0,inf,1,7,253.6,0,0,inf,0,1,477.9,1,5,253.6
106819377,02200211,21.2,17.0,0,0,inf,0,1,594.1,0,0,inf,1,5,323.9,0,0,inf,0,1,594.1,1,4,323.9
106819378,02200211,31.5,17.2,0,0,inf,0,1,499.3,0,0,inf,2,6,196.7,0,0,inf,0,1,499.3,2,4,196.7
106819381,02200211,63.6,17.7,0,0,inf,0,1,559.8,0,0,inf,2,6,257.2,0,0,inf,0,1,559.8,2,4,257.2
106820461,02200211,14.4,19.2,0,0,inf,0,1,526.2,0,0,inf,2,6,223.6,0,0,inf,0,1,526.2,2,4,223.6
106820467,02200211,30.7,17.1,0,0,inf,0,1,504.2,0,0,inf,2,6,201.6,0,0,inf,0,1,504.2,2,4,201.6
106820468,02200211,15.2,19.3,0,0,inf,0,1,544.9,0,0,inf,2,6,205.6,0,0,inf,0,1,544.9,2,4,205.6
106823189,02200211,24.0,23.9,0,0,inf,1,2,398.1,0,0,inf,2,5,282.2,0,0,inf,1,2,398.1,1,3,398.1
106823192,02200211,13.6,52.0,0,0,inf,0,2,545.4,0,0,inf,0,4,428.3,0,0,inf,0,2,545.4,0,3,545.4
106823193,02200211,17.4,23.3,0,0,inf,1,1,352.1,0,0,inf,1,4,352.1,0,0,inf,1,1,352.1,1,2,352.1
106823196,02200211,42.2,25.1,0,0,inf,0,2,484.6,0,0,inf,1,5,126.4,0,0,inf,0,2,484.6,0,4,484.6
106823197,02200211,27.1,31.8,0,0,inf,0,2,524.3,0,0,inf,1,5,166.1,0,0,inf,0,2,524.3,0,4,524.3
106823199,02200211,19.2,53.2,0,0,inf,0,2,565.3,0,0,inf,1,6,207.1,0,0,inf,0,2,565.3,0,5,551.7
106823201,02200211,13.4,52.5,0,0,inf,0,2,520.7,0,0,inf,1,5,216.8,0,0,inf,0,2,520.7,0,4,520.7
106823202,02200211,17.1,20.3,0,0,inf,0,2,565.8,0,0,inf,1,6,207.6,0,0,inf,0,2,565.8,0,5,485.4
106823205,02200211,16.1,24.3,0,0,inf,1,2,323.7,0,0,inf,2,4,323.7,0,0,inf,1,2,323.7,1,2,323.7
106823211,02200211,18.6,20.6,0,0,inf,1,1,315.3,0,0,inf,1,5,315.3,0,0,inf,1,1,315.3,1,3,315.3
106823219,02200211,17.8,23.6,0,0,inf,0,2,471.7,0,0,inf,1,6,208.0,0,0,inf,0,2,471.7,0,4,471.7
106823223,02200211,24.4,28.0,0,0,inf,1,2,339.7,0,0,inf,2,4,339.7,0,0,inf,1,2,339.7,1,2,339.7
106823225,02200211,39.9,49.8,0,0,inf,0,2,484.8,0,0,inf,1,6,247.3,0,0,inf,0,2,484.8,0,4,484.8
106823232,02200211,17.6,19.4,0,0,inf,1,1,384.0,0,0,inf,1,4,384.0,0,0,inf,1,1,384.0,1,2,384.0
106823235,02200211,16.0,19.4,0,0,inf,1,1,365.8,0,0,inf,1,4,365.8,0,0,inf,1,1,365.8,1,2,365.8
106823238,02200211,3.9,30.2,0,0,inf,1,1,341.6,0,0,inf,1,4,341.6,0,0,inf,1,1,341.6,1,2,341.6
106823241,02200211,36.3,23.9,0,0,inf,0,2,425.8,0,0,inf,1,5,254.5,0,0,inf,0,2,425.8,0,3,425.8
106823244,02200211,20.2,19.1,0,0,inf,0,2,531.7,0,0,inf,1,5,376.1,0,0,inf,0,2,531.7,0,4,531.7
106823245,02200211,18.7,23.9,0,0,inf,1,2,379.6,0,0,inf,2,4,300.8,0,0,inf,1,2,379.6,1,2,379.6
106823248,02200211,38.0,24.2,0,0,inf,1,2,281.1,0,0,inf,2,5,281.1,0,0,inf,1,2,281.1,1,3,281.1
106823252,02200211,13.7,18.9,0,0,inf,0,2,586.2,0,0,inf,1,5,321.2,0,0,inf,0,2,586.2,0,4,493.1
106823253,02200211,8.7,53.6,0,0,inf,0,2,445.5,0,0,inf,1,4,294.2,0,0,inf,0,2,445.5,0,2,445.5
106823255,02200211,17.0,23.9,0,0,inf,1,2,361.0,0,0,inf,2,4,319.2,0,0,inf,1,2,361.0,1,2,361.0
106823259,02200211,36.2,20.0,0,0,inf,0,2,612.6,0,0,inf,1,5,297.2,0,0,inf,0,2,612.6,0,4,469.1
106823260,02200211,16.9,19.1,0,0,inf,1,1,295.1,0,0,inf,1,5,295.1,0,0,inf,1,1,295.1,1,3,295.1
106823263,02200211,61.2,21.8,0,0,inf,0,2,514.9,0,0,inf,1,6,156.7,0,0,inf,0,2,514.9,0,5,514.9
106824526,02200211,16.5,19.1,0,0,inf,0,1,715.5,0,0,inf,1,6,265.4,0,0,inf,0,1,715.5,1,5,265.4
106824527,02200211,6.2,37.1,0,0,inf,0,1,685.7,0,0,inf,1,6,331.2,0,0,inf,0,1,685.7,1,5,331.2
106824529,02200211,16.7,19.0,0,0,inf,0,1,593.3,0,0,inf,2,5,361.0,0,0,inf,0,1,593.3,2,4,361.0
106824531,02200211,21.6,19.6,0,0,inf,0,1,558.4,0,0,inf,1,6,346.8,0,0,inf,0,1,558.4,1,5,346.8
106824532,02200211,17.4,19.3,0,0,inf,0,1,574.9,0,0,inf,1,6,347.7,0,0,inf,0,1,574.9,1,5,347.7
106824534,02200211,15.4,19.6,0,0,inf,0,1,545.4,0,0,inf,1,6,333.8,0,0,inf,0,1,545.4,1,5,333.8
106824536,02200211,23.3,22.5,0,0,inf,0,2,512.0,0,0,inf,2,6,325.6,0,0,inf,0,2,512.0,1,5,325.6
106824537,02200211,19.3,19.5,0,0,inf,0,1,530.1,0,0,inf,1,6,318.5,0,0,inf,0,1,530.1,1,5,318.5
106824539,02200211,15.3,19.0,0,0,inf,0,1,611.9,0,0,inf,2,6,368.7,0,0,inf,0,1,611.9,2,5,368.7
106824541,02200211,16.8,19.4,0,0,inf,0,1,696.1,0,0,inf,1,6,285.4,0,0,inf,0,1,696.1,1,5,285.4
106824543,02200211,6.6,37.1,0,0,inf,0,1,656.2,0,0,inf,1,6,360.7,0,0,inf,0,1,656.2,1,5,360.7
106824544,02200211,6.5,37.4,0,0,inf,0,1,690.5,0,0,inf,1,6,327.1,0,0,inf,0,1,690.5,1,5,327.1
106824547,02200211,16.2,19.2,0,0,inf,0,1,628.4,0,0,inf,2,6,352.8,0,0,inf,0,1,628.4,2,5,352.8
106824548,02200211,48.8,19.0,0,0,inf,0,1,737.6,0,0,inf,1,6,243.1,0,0,inf,0,1,737.6,1,5,243.1
106828123,02200211,14.4,16.2,0,0,inf,0,1,523.8,0,0,inf,2,6,221.2,0,0,inf,0,1,523.8,2,4,221.2
106828126,02200211,18.3,16.1,0,0,inf,0,1,556.3,0,0,inf,2,6,253.7,0,0,inf,0,1,556.3,2,4,253.7
106828127,02200211,24.0,15.8,0,0,inf,0,1,630.1,0,0,inf,2,6,344.2,0,0,inf,0,1,630.1,2,5,344.2
106828130,02200211,12.4,15.8,0,0,inf,0,1,613.1,0,0,inf,2,6,361.2,0,0,inf,0,1,613.1,2,5,361.2
106828132,02200211,29.6,25.9,0,0,inf,0,1,604.6,0,0,inf,1,6,302.0,0,0,inf,0,1,604.6,1,4,302.0
106828137,02200211,12.6,39.4,0,0,inf,0,1,596.2,0,0,inf,1,6,293.6,0,0,inf,0,1,596.2,1,4,293.6
106828138,02200211,14.8,15.7,0,0,inf,0,1,572.3,0,0,inf,2,6,269.6,0,0,inf,0,1,572.3,2,4,269.6
106828141,02200211,15.7,16.0,0,0,inf,0,1,539.7,0,0,inf,2,6,237.1,0,0,inf,0,1,539.7,2,4,237.1
106828143,02200211,9.2,39.4,0,0,inf,0,1,711.6,0,0,inf,1,5,294.6,0,0,inf,0,1,711.6,1,4,294.6
106828146,02200211,11.2,15.5,0,0,inf,0,1,603.1,0,0,inf,1,6,300.5,0,0,inf,0,1,603.1,1,4,300.5
106828148,02200211,31.4,15.6,0,0,inf,0,1,595.7,0,0,inf,2,5,363.3,0,0,inf,0,1,595.7,2,4,363.3
106880490,02200211,41.2,24.9,0,0,1682.6,0,2,457.5,0,0,inf,1,9,268.9,0,0,inf,0,2,457.5,0,7,457.5
106880491,02200209,7.6,10.4,0,0,1530.1,0,2,577.9,0,0,inf,2,9,165.9,0,0,inf,0,2,577.9,0,5,523.1
106880492,02200209,25.1,24.0,0,0,1571.0,0,2,436.2,0,0,inf,1,10,119.5,0,0,inf,0,2,436.2,0,7,436.2
106880494,02200209,18.3,23.5,0,0,1551.1,0,2,455.2,0,0,inf,1,10,99.7,0,0,inf,0,2,455.2,0,7,455.2
106880496,02200209,18.1,15.7,0,0,1510.1,0,2,557.9,0,0,inf,2,9,145.9,0,0,inf,0,2,557.9,0,5,503.1
106880497,02200211,16.7,21.5,0,0,1573.0,0,2,560.1,0,0,inf,1,9,159.3,0,0,inf,0,2,560.1,0,6,516.5
106880499,02200211,20.2,22.3,0,0,1608.1,0,2,526.6,0,0,inf,1,9,194.4,0,0,inf,0,2,526.6,0,7,526.6
106880500,02200211,16.3,23.8,0,0,1638.8,0,2,499.0,0,0,inf,1,9,225.1,0,0,inf,0,2,499.0,0,7,499.0
106880501,02200209,23.0,24.4,0,0,1592.9,0,2,415.2,0,0,inf,1,9,141.5,0,0,inf,0,2,415.2,0,7,415.2
106880502,02200211,19.5,21.9,0,0,1592.1,0,2,542.0,0,0,inf,1,8,178.3,0,0,inf,0,2,542.0,0,6,535.6
106880503,02200211,16.6,22.6,0,0,1622.3,0,2,513.0,0,0,inf,1,8,208.6,0,0,inf,0,2,513.0,0,6,513.0
106880504,02200209,13.6,24.0,0,0,1616.0,1,2,391.3,0,0,inf,2,9,164.5,0,0,inf,1,2,391.3,1,7,391.3
106880506,02200211,12.5,16.2,0,0,1484.5,0,2,482.7,0,0,inf,2,10,70.7,0,0,inf,0,2,482.7,0,6,428.0
106880787,02200211,16.2,17.8,0,0,1543.8,0,3,542.1,0,0,inf,1,9,130.1,0,0,inf,0,3,542.1,0,6,464.6
106880788,02200211,14.9,45.9,0,0,1591.2,0,3,589.5,0,0,inf,1,8,177.5,0,0,inf,0,3,589.5,0,6,473.5
106880789,02200211,16.8,19.2,0,0,1563.0,0,3,561.3,0,0,inf,1,10,149.3,0,0,inf,0,3,561.3,0,7,448.2
106880790,02200211,11.7,14.3,0,0,1593.9,0,2,525.0,0,0,inf,1,9,180.1,0,0,inf,0,2,525.0,0,7,525.0
106880791,02200211,4.3,28.6,0,0,1585.2,0,2,562.2,0,0,inf,1,9,171.5,0,0,inf,0,2,562.2,0,6,528.7
106880793,02200211,14.5,17.0,0,0,1527.9,0,2,526.2,0,0,inf,1,9,114.2,0,0,inf,0,2,526.2,0,6,471.4
106880795,02200211,11.8,14.0,0,0,1575.1,0,2,543.2,0,0,inf,1,9,161.4,0,0,inf,0,2,543.2,0,6,518.6
106880800,02200211,10.4,14.4,0,0,1562.0,0,2,557.0,0,0,inf,1,9,148.3,0,0,inf,0,2,557.0,0,6,505.6
106881026,02200211,45.7,26.3,0,0,1677.6,0,2,465.3,0,0,inf,1,9,263.8,0,0,inf,0,2,465.3,0,7,465.3
106881028,02200211,16.7,14.6,0,0,1801.4,1,2,288.5,0,0,inf,2,9,288.5,0,0,inf,1,2,288.5,1,7,288.5
106881031,02200211,11.9,56.0,0,0,1717.1,0,2,485.1,0,0,inf,1,9,303.4,0,0,inf,0,2,485.1,0,7,485.1
106881032,02200211,21.1,14.5,0,0,1786.3,1,2,273.4,0,0,inf,2,10,273.4,0,0,inf,1,2,273.4,1,8,273.4
106881034,02200211,141.7,16.7,0,0,1701.1,0,2,422.4,0,0,inf,1,9,287.4,0,0,inf,0,2,422.4,0,7,422.4
106881175,02200211,6.4,41.2,0,0,1796.8,1,2,375.8,0,0,inf,2,9,375.8,0,0,inf,1,2,375.8,1,7,375.8
106881176,02200211,25.9,29.9,0,0,1879.0,1,1,374.6,0,0,inf,1,7,374.6,0,0,inf,1,1,374.6,1,5,374.6
106881177,02200211,13.7,16.9,0,0,inf,0,1,547.3,0,0,inf,0,6,482.9,0,0,inf,0,1,547.3,0,5,482.9
106881178,02200211,12.4,17.0,0,0,inf,0,1,515.4,0,0,inf,0,6,451.0,0,0,inf,0,1,515.4,0,5,451.0
106881179,02200211,26.0,29.7,0,0,1912.7,0,1,408.2,0,0,inf,0,8,408.2,0,0,inf,0,1,408.2,0,6,408.2
106881180,02200211,23.1,30.8,0,0,1873.7,1,1,369.3,0,0,inf,1,7,369.3,0,0,inf,1,1,369.3,1,5,369.3
106881181,02200211,5.0,31.2,0,0,inf,0,1,548.6,0,0,inf,0,6,484.2,0,0,inf,0,1,548.6,0,5,484.2
106881182,02200211,33.5,16.9,0,0,1958.1,0,1,453.7,0,0,inf,0,7,435.7,0,0,inf,0,1,453.7,0,6,435.7
106881183,02200211,4.5,33.2,0,0,1945.7,0,1,441.3,0,0,inf,0,7,441.3,0,0,inf,0,1,441.3,0,6,441.3
106881184,02200211,5.2,29.5,0,0,1917.8,0,1,413.3,0,0,inf,0,7,413.3,0,0,inf,0,1,413.3,0,6,413.3
106881185,02200211,36.3,15.3,0,0,1790.2,1,2,330.5,0,0,inf,2,9,330.5,0,0,inf,1,2,330.5,1,7,330.5
106881487,02200211,30.7,47.0,0,0,inf,0,1,601.5,0,0,inf,0,5,518.1,0,0,inf,0,1,601.5,0,4,518.1
106881488,02200211,39.7,81.3,0,0,1965.0,0,1,460.6,0,0,inf,0,6,460.6,0,0,inf,0,1,460.6,0,5,460.6
106881491,02200211,13.4,42.9,0,0,inf,0,1,597.3,0,0,inf,0,5,513.9,0,0,inf,0,1,597.3,0,4,513.9
106881493,02200211,15.7,17.0,0,0,inf,0,1,560.1,0,0,inf,0,6,495.7,0,0,inf,0,1,560.1,0,5,495.7
106882727,02200211,16.5,35.9,0,0,1837.7,1,1,167.4,0,0,inf,2,8,167.4,0,0,inf,1,1,167.4,2,6,167.4
106882729,02200211,25.6,17.5,0,0,1796.9,1,2,284.0,0,0,inf,2,9,284.0,0,0,inf,1,2,284.0,1,7,284.0
106882731,02200211,37.0,23.4,0,0,1786.4,1,1,136.8,0,0,inf,2,8,136.8,0,0,inf,1,1,136.8,2,7,136.8
106882733,02200211,14.2,35.7,0,0,1849.5,1,1,179.2,0,0,inf,3,9,179.2,0,0,inf,1,1,179.2,2,7,179.2
106882734,02200211,14.4,34.5,0,0,1798.5,1,1,148.9,0,0,inf,2,8,148.9,0,0,inf,1,1,148.9,2,7,148.9
106882738,02200211,45.2,14.0,0,0,1869.3,1,1,219.7,0,0,inf,2,7,219.7,0,0,inf,1,1,219.7,2,6,219.7
106882740,02200211,20.8,14.1,0,0,1815.5,1,1,302.9,0,0,inf,2,8,302.9,0,0,inf,1,1,302.9,1,6,302.9
106882743,02200211,14.6,35.2,0,0,1834.4,1,1,195.4,0,0,inf,3,8,195.4,0,0,inf,1,1,195.4,2,6,195.4
106882751,02200211,24.0,35.9,0,0,1820.4,1,1,150.1,0,0,inf,2,8,150.1,0,0,inf,1,1,150.1,2,6,150.1
106882755,02200211,25.8,36.4,0,0,1819.3,1,1,212.8,0,0,inf,3,8,212.8,0,0,inf,1,1,212.8,2,6,212.8
106883865,02200209,5.1,15.2,0,0,1784.8,1,2,342.8,0,0,inf,2,7,333.4,0,0,inf,1,2,342.8,1,5,342.8
106883870,02200209,16.6,31.7,0,0,1820.2,1,1,340.4,0,0,inf,2,6,340.4,0,0,inf,1,1,340.4,1,4,340.4
106883871,02200209,53.1,27.9,0,0,1785.9,1,2,229.2,0,0,inf,2,9,229.2,0,0,inf,1,2,229.2,1,7,229.2
106883873,02200209,14.4,36.8,0,0,1864.1,1,1,306.9,0,0,inf,1,5,306.9,0,0,inf,1,1,306.9,1,3,306.9
106883878,02200209,15.8,24.9,0,0,1789.6,1,2,357.5,0,0,inf,2,7,338.1,0,0,inf,1,2,357.5,1,5,357.5
106883879,02200209,24.0,20.6,0,0,1861.0,1,1,277.6,0,0,inf,1,5,277.6,0,0,inf,1,1,277.6,1,3,277.6
106883880,02200209,17.7,16.0,0,0,1883.7,1,1,213.4,0,0,inf,2,7,213.4,0,0,inf,1,1,213.4,2,5,213.4
106883882,02200209,18.9,16.8,0,0,1825.2,1,1,305.7,0,0,inf,2,6,305.7,0,0,inf,1,1,305.7,1,4,305.7
106883884,02200209,4.3,10.8,0,0,1782.1,1,2,336.6,0,0,inf,2,7,330.7,0,0,inf,1,2,336.6,1,5,336.6
106883886,02200209,16.1,34.3,0,0,1842.7,1,1,323.2,0,0,inf,2,6,323.2,0,0,inf,1,1,323.2,1,4,323.2
106885267,02200209,37.2,31.8,0,0,1696.6,0,1,483.9,0,0,inf,0,8,483.9,0,0,inf,0,1,483.9,0,6,483.9
106885269,02200209,25.7,17.7,0,0,1538.9,1,1,326.2,0,0,inf,2,10,326.2,0,0,inf,1,1,326.2,2,7,326.2
106885662,02200211,32.6,56.6,0,0,1631.3,0,2,572.1,0,0,inf,1,7,217.6,0,0,inf,0,2,572.1,0,5,572.1
106885666,02200211,25.0,37.2,0,0,1872.7,0,1,758.5,0,0,inf,0,6,455.9,0,0,inf,0,1,758.5,0,4,455.9
106885673,02200211,21.3,18.7,0,0,1673.2,0,3,627.4,0,0,inf,2,8,259.5,0,0,inf,0,3,627.4,1,6,337.0
106885684,02200211,10.8,41.1,0,0,1603.7,0,3,602.0,0,0,inf,1,9,190.0,0,0,inf,0,3,602.0,0,7,451.3
106885687,02200211,21.6,16.9,0,0,1775.9,0,2,662.5,0,0,inf,2,7,362.2,0,0,inf,0,2,662.5,1,5,372.1
106885688,02200211,14.8,18.3,0,0,1580.3,0,3,578.6,0,0,inf,1,10,166.6,0,0,inf,0,3,578.6,0,7,429.2
106885694,02200211,26.9,16.9,0,0,1832.6,0,2,718.5,0,0,inf,0,7,415.9,0,0,inf,0,2,718.5,0,5,415.9
106885699,02200211,18.7,19.8,0,0,1655.1,0,3,647.8,0,0,inf,2,8,241.4,0,0,inf,0,3,647.8,1,6,357.4
106885702,02200211,5.8,72.9,0,0,1908.4,0,1,794.3,0,0,inf,0,6,491.7,0,0,inf,0,1,794.3,0,4,491.7
106885704,02200211,20.2,14.7,0,0,1728.0,0,2,614.6,0,0,inf,2,7,314.3,0,0,inf,0,2,614.6,1,5,324.2
106885708,02200211,26.6,15.3,0,0,1750.2,0,2,636.8,0,0,inf,2,7,336.5,0,0,inf,0,2,636.8,1,5,346.5
106885711,02200211,6.3,20.8,0,0,1856.3,0,1,742.1,0,0,inf,0,6,439.5,0,0,inf,0,1,742.1,0,4,439.5
106886034,02200211,32.7,21.4,0,0,1927.4,0,1,435.8,0,0,inf,1,7,133.2,0,0,inf,0,1,435.8,1,5,133.2
106886035,02200211,14.2,16.0,0,0,1926.3,0,2,574.3,0,0,inf,1,7,271.7,0,0,inf,0,2,574.3,1,6,271.7
106886036,02200211,30.6,32.9,0,0,1774.4,0,2,560.1,0,0,inf,2,7,264.3,0,0,inf,0,2,560.1,1,5,264.3
106886037,02200211,15.2,15.5,0,0,1909.1,0,2,590.4,0,0,inf,1,8,287.8,0,0,inf,0,2,590.4,1,6,287.8
106886038,02200211,17.5,13.9,0,0,1989.3,0,1,497.7,0,0,inf,1,7,195.1,0,0,inf,0,1,497.7,1,5,195.1
106886039,02200211,29.0,21.1,0,0,1736.7,0,2,574.2,0,0,inf,2,7,278.4,0,0,inf,0,2,574.2,1,5,278.4
106886040,02200211,15.6,15.4,0,0,1940.4,0,1,558.8,0,0,inf,1,6,256.2,0,0,inf,0,1,558.8,1,5,256.2
106886041,02200211,15.2,16.0,0,0,1955.7,0,1,464.1,0,0,inf,1,7,161.5,0,0,inf,0,1,464.1,1,5,161.5
106886043,02200211,22.9,25.5,0,0,1824.9,0,2,494.7,0,0,inf,1,8,198.9,0,0,inf,0,2,494.7,1,5,198.9
106886044,02200211,14.2,35.8,0,0,1929.8,0,2,610.3,0,0,inf,1,7,307.6,0,0,inf,0,2,610.3,1,6,307.6
106886045,02200211,11.7,40.9,0,0,1882.5,0,1,474.8,0,0,inf,1,7,172.2,0,0,inf,0,1,474.8,1,4,172.2
106886046,02200211,32.5,28.3,0,0,1811.1,0,2,514.2,0,0,inf,2,8,218.4,0,0,inf,0,2,514.2,1,5,218.4
106886047,02200211,16.4,18.7,0,0,1773.9,0,2,660.5,0,0,inf,2,7,360.2,0,0,inf,0,2,660.5,1,5,370.1
106886048,02200211,10.6,16.0,0,0,1969.5,0,1,530.9,0,0,inf,1,7,228.3,0,0,inf,0,1,530.9,1,5,228.3
106886049,02200211,8.4,16.0,0,0,1886.3,0,2,614.3,0,0,inf,1,8,311.6,0,0,inf,0,2,614.3,1,6,311.6
106886050,02200211,21.3,20.7,0,0,1776.5,0,2,533.7,0,0,inf,2,8,237.9,0,0,inf,0,2,533.7,1,5,237.9
106886051,02200211,28.0,17.0,0,0,1832.4,0,3,670.1,0,0,inf,1,8,367.4,0,0,inf,0,3,670.1,1,6,367.4
106886052,02200211,11.8,18.8,0,0,1746.0,0,2,632.6,0,0,inf,2,7,332.3,0,0,inf,0,2,632.6,1,5,342.2
106886053,02200211,12.8,15.9,0,0,1939.7,0,1,448.1,0,0,inf,1,7,145.5,0,0,inf,0,1,448.1,1,5,145.5
106886054,02200211,13.6,21.3,0,0,1833.4,0,2,477.9,0,0,inf,1,8,182.1,0,0,inf,0,2,477.9,1,5,182.1
106886055,02200211,15.8,20.6,0,0,1847.5,0,2,469.2,0,0,inf,1,9,166.5,0,0,inf,0,2,469.2,1,6,166.5
106886056,02200211,11.6,19.9,0,0,1861.4,0,2,454.0,0,0,inf,1,9,151.3,0,0,inf,0,2,454.0,1,6,151.3
106886057,02200211,11.3,15.3,0,0,1955.2,0,1,543.9,0,0,inf,1,7,241.3,0,0,inf,0,1,543.9,1,5,241.3
106886058,02200211,17.6,15.5,0,0,1869.9,0,2,629.6,0,0,inf,1,7,326.9,0,0,inf,0,2,629.6,1,5,326.9
106886059,02200211,20.5,27.9,0,0,1868.2,0,2,656.1,0,0,inf,1,7,353.5,0,0,inf,0,2,656.1,1,5,353.5
106886787,02200211,13.2,14.0,0,0,inf,0,1,578.1,0,0,inf,1,6,305.5,0,0,inf,0,1,578.1,1,5,305.5
106886790,02200211,15.0,46.7,0,0,inf,0,2,704.1,0,0,inf,0,6,415.2,0,0,inf,0,2,704.1,0,5,415.2
106886792,02200211,15.0,15.2,0,0,inf,0,1,529.7,0,0,inf,1,6,390.3,0,0,inf,0,1,529.7,1,5,390.3
106886793,02200211,18.2,46.5,0,0,inf,0,2,699.2,0,0,inf,1,6,396.6,0,0,inf,0,2,699.2,1,5,396.6
106886797,02200211,12.9,15.1,0,0,inf,0,1,626.6,0,0,inf,1,5,259.1,0,0,inf,0,1,626.6,1,4,259.1
106886798,02200211,11.5,16.0,0,0,inf,0,2,709.8,0,0,inf,1,6,257.1,0,0,inf,0,2,709.8,1,5,257.1
106886800,02200211,18.6,20.6,0,0,inf,0,1,595.6,0,0,inf,1,6,301.1,0,0,inf,0,1,595.6,1,5,301.1
106886802,02200211,14.9,16.1,0,0,inf,0,1,545.3,0,0,inf,1,6,342.4,0,0,inf,0,1,545.3,1,5,342.4
106886803,02200211,31.2,16.1,0,0,inf,0,1,648.2,0,0,inf,1,5,239.6,0,0,inf,0,1,648.2,1,4,239.6
106886804,02200211,11.7,16.1,0,0,inf,0,2,726.3,0,0,inf,1,6,273.7,0,0,inf,0,2,726.3,1,5,273.7
106886807,02200211,12.3,46.0,0,0,inf,0,2,703.1,0,0,inf,1,6,385.3,0,0,inf,0,2,703.1,1,5,385.3
106886808,02200211,5.3,32.7,0,0,inf,0,2,666.2,0,0,inf,0,6,425.2,0,0,inf,0,2,666.2,0,5,425.2
106886811,02200211,18.6,20.3,0,0,inf,0,1,615.6,0,0,inf,1,6,280.5,0,0,inf,0,1,615.6,1,5,280.5
106886812,02200211,15.4,12.1,0,0,inf,0,1,513.3,0,0,inf,0,6,421.2,0,0,inf,0,1,513.3,0,5,421.2
106886813,02200211,5.5,28.1,0,0,inf,0,1,569.5,0,0,inf,1,6,342.4,0,0,inf,0,1,569.5,1,5,342.4
107826471,02200210,15.6,20.9,0,0,1074.3,0,3,410.0,0,0,inf,2,11,246.9,0,0,1757.9,0,3,410.0,0,8,410.0
107826472,02200210,34.2,23.6,0,0,1253.3,0,2,452.8,0,0,inf,1,10,239.3,0,0,1937.0,0,2,452.8,0,7,452.8
107826473,02200210,14.7,12.3,0,0,1067.4,0,3,403.1,0,0,inf,2,11,240.1,0,0,1751.1,0,3,403.1,0,8,403.1
107826474,02200210,54.9,24.4,0,0,1069.5,0,3,405.2,0,0,inf,2,11,242.2,0,0,1753.2,0,3,405.2,0,8,405.2
107826475,02200210,48.6,22.5,0,0,1061.4,1,3,397.1,0,0,inf,3,11,234.1,0,0,1745.1,1,3,397.1,1,8,397.1
107826476,02200210,12.6,10.9,0,0,1036.6,1,3,372.3,0,0,inf,3,11,209.3,0,0,1720.3,1,3,372.3,1,8,372.3
108076901,02100101,2.5,15.6,0,1,695.5,0,1,626.7,0,0,inf,1,5,348.9,0,0,1266.1,0,2,626.7,1,4,348.9
108076904,02100101,50.4,11.2,0,0,907.4,1,3,358.5,0,0,inf,4,9,195.5,0,0,1591.1,1,3,358.5,2,6,358.5
108076909,02100101,18.3,15.4,1,2,331.1,0,2,541.8,0,0,inf,3,7,271.9,0,1,604.3,1,3,331.1,3,7,271.9
108076911,02100101,89.8,24.0,1,1,250.5,0,1,679.7,0,0,inf,2,7,250.5,0,0,821.2,1,2,250.5,2,6,250.5
108076912,02100101,26.2,8.6,1,1,278.8,0,1,799.3,0,0,inf,2,8,278.8,0,0,962.5,1,2,278.8,2,6,278.8
108076916,02100101,21.8,30.5,1,2,262.7,0,2,602.8,0,0,inf,2,8,209.9,0,1,622.9,1,3,262.7,2,8,209.9
108076923,02100101,23.5,16.2,1,2,144.7,0,2,685.1,0,0,inf,2,8,144.7,0,1,685.1,1,3,144.7,2,8,144.7
108076924,02100101,39.1,21.8,0,1,415.6,0,2,736.0,0,0,inf,2,9,334.5,0,0,1099.3,0,3,415.6,1,7,334.5
108076925,02100101,44.2,22.1,1,1,351.3,0,0,871.7,0,0,inf,1,7,351.3,0,0,1034.9,1,1,351.3,1,5,351.3
108076928,02100101,63.1,15.2,1,2,353.5,0,3,519.1,0,0,inf,3,7,294.3,0,1,626.7,1,4,353.5,3,8,294.3
108076930,02100101,104.0,25.3,1,1,294.7,0,1,725.9,0,0,inf,2,8,291.4,0,0,978.4,1,2,294.7,2,6,291.4
108076932,02100101,82.1,38.6,1,1,293.6,0,1,665.7,0,0,inf,2,8,260.7,0,0,864.3,1,2,293.6,2,7,260.7
108076936,02100101,115.8,19.6,1,2,198.5,0,2,722.7,0,0,inf,3,8,198.5,0,1,769.2,1,3,198.5,3,7,198.5
108076938,02100101,193.3,13.8,0,0,828.3,1,3,349.5,0,0,inf,4,9,186.5,0,0,1512.0,1,3,349.5,2,6,294.2
108076940,02100101,73.1,18.0,1,1,347.2,0,0,867.6,0,0,inf,1,7,347.2,0,0,1030.8,1,1,347.2,1,5,347.2
108077585,02100101,53.3,11.6,0,2,558.9,1,3,281.1,0,0,inf,2,7,281.1,0,1,670.7,1,4,281.1,2,8,281.1
108077591,02100101,138.7,19.0,0,1,498.3,1,2,347.1,0,0,inf,2,4,290.5,0,0,836.1,1,3,347.1,2,5,290.5
108475284,02300315,22.2,18.4,0,0,1427.2,0,1,691.2,0,0,1791.9,5,11,96.5,0,0,1427.2,0,1,691.2,3,7,96.5
108475288,02300315,19.9,18.1,0,0,1565.6,0,1,564.7,0,0,1823.0,3,10,234.9,0,0,1565.6,0,1,564.7,2,6,234.9
108511695,02300419,1.4,40.0,0,0,899.5,1,1,228.9,0,0,899.5,3,8,97.6,0,0,1809.8,1,1,228.9,3,5,97.6
108511698,02300419,25.1,19.1,0,0,994.7,1,1,150.8,0,0,994.7,2,8,150.8,0,0,1905.0,1,1,150.8,2,6,150.8
108511699,02300419,6.8,9.6,0,0,955.1,1,1,398.7,0,0,955.1,2,5,152.3,0,0,1865.3,1,1,398.7,2,4,152.3
108511702,02300419,39.1,42.8,0,0,900.8,1,1,238.7,0,0,900.8,3,8,93.4,0,0,1811.0,1,1,238.7,3,5,93.4
108511703,02300419,26.0,15.7,0,0,968.6,0,1,412.2,0,0,968.6,1,5,165.8,0,0,1878.9,0,1,412.2,1,4,165.8
108511704,02300419,15.7,32.5,0,0,863.2,1,1,192.6,0,0,863.2,2,8,118.8,0,0,1773.5,1,1,192.6,2,5,118.8
108511706,02300419,21.6,41.6,0,0,880.7,1,1,187.2,0,0,880.7,2,9,142.5,0,0,1790.9,1,1,187.2,2,5,142.5
108511707,02300419,26.7,16.0,0,0,1119.9,1,1,352.1,0,0,1119.9,2,7,317.1,0,0,inf,1,1,352.1,2,5,317.1
108511708,02300419,14.8,14.1,0,0,982.9,0,1,426.4,0,0,982.9,1,6,180.0,0,0,1893.1,0,1,426.4,1,4,180.0
108511709,02300419,24.3,17.9,0,0,1081.3,1,1,394.6,0,0,1081.3,2,7,278.5,0,0,1991.5,1,1,394.6,2,5,278.5
108511711,02300419,28.9,18.7,0,0,890.3,1,1,333.8,0,0,890.3,3,7,87.5,0,0,1800.5,1,1,333.8,3,4,87.5
108511712,02300419,27.9,14.0,0,0,942.8,1,1,386.3,0,0,942.8,2,7,140.0,0,0,1853.0,1,1,386.3,2,4,140.0
108511713,02300419,29.4,18.7,0,0,1067.1,0,1,410.4,0,0,1067.1,1,7,264.3,0,0,1977.3,0,1,410.4,1,5,264.3
108511714,02300419,24.8,15.8,0,0,1098.5,1,1,373.1,0,0,1098.5,2,7,295.7,0,0,inf,1,1,373.1,2,5,295.7
108511715,02300419,24.0,24.0,0,0,986.2,1,1,142.3,0,0,986.2,2,8,142.3,0,0,1896.5,1,1,142.3,2,6,142.3
108511717,02300419,7.5,59.3,0,0,1012.7,0,1,456.3,0,0,1012.7,1,5,209.9,0,0,1923.0,0,1,456.3,1,4,209.9
108522743,02300419,21.3,16.9,0,0,984.0,0,1,427.6,0,0,984.0,2,5,181.2,0,0,1894.3,0,1,427.6,2,4,181.2
108522744,02300419,22.8,12.9,0,0,916.9,1,1,360.4,0,0,916.9,2,7,114.1,0,0,1827.1,1,1,360.4,2,4,114.1
108522746,02300419,50.8,18.3,0,0,925.9,1,1,369.5,0,0,925.9,3,7,123.1,0,0,1836.1,1,1,369.5,3,4,123.1
108522749,02300419,52.1,19.5,0,0,844.9,1,1,288.4,0,0,844.9,3,7,42.0,0,0,1755.1,1,1,288.4,3,4,42.0
108522750,02300419,23.8,20.0,0,0,876.0,1,1,319.6,0,0,876.0,3,7,73.2,0,0,1786.2,1,1,319.6,3,4,73.2
108522752,02300419,24.5,21.6,0,0,975.1,0,1,418.7,0,0,975.1,2,5,172.3,0,0,1885.4,0,1,418.7,2,4,172.3
108522753,02300419,16.6,15.7,0,0,1037.3,0,1,480.8,0,0,1037.3,2,5,226.3,0,0,1947.5,0,1,480.8,2,4,226.3
108522755,02300419,5.1,9.3,0,0,927.2,1,1,370.8,0,0,927.2,3,7,124.4,0,0,1837.5,1,1,370.8,3,4,124.4
108522760,02300419,5.7,5.1,0,0,969.2,0,1,412.8,0,0,969.2,2,5,166.4,0,0,1879.5,0,1,412.8,2,4,166.4
108522761,02300419,27.6,26.6,0,0,876.9,1,1,320.5,0,0,876.9,3,7,74.1,0,0,1787.2,1,1,320.5,3,4,74.1
108522762,02300419,46.5,40.0,0,0,918.1,1,1,361.7,0,0,918.1,3,7,115.3,0,0,1828.4,1,1,361.7,3,4,115.3
108522764,02300419,16.3,18.6,0,0,1038.8,0,1,482.3,0,0,1038.8,2,5,227.7,0,0,1949.0,0,1,482.3,2,4,227.7
108522769,02300419,50.6,33.1,0,0,917.7,1,1,361.3,0,0,917.7,3,7,114.9,0,0,1828.0,1,1,361.3,3,4,114.9
108522770,02300419,54.5,37.6,0,0,1123.2,0,1,566.7,0,0,1123.2,2,5,312.1,0,0,inf,0,1,566.7,2,4,312.1
108522772,02300419,35.3,15.5,0,0,982.6,0,1,426.2,0,0,982.6,2,5,179.8,0,0,1892.9,0,1,426.2,2,4,179.8
108522773,02300419,39.6,20.7,0,0,941.3,1,1,384.9,0,0,941.3,3,7,138.5,0,0,1851.6,1,1,384.9,3,4,138.5
108522774,02300419,12.3,24.3,0,0,991.4,0,1,435.0,0,0,991.4,2,5,188.6,0,0,1901.7,0,1,435.0,2,4,188.6
108522776,02300419,36.1,13.2,0,0,850.9,1,1,294.5,0,0,850.9,3,7,48.1,0,0,1761.2,1,1,294.5,3,4,48.1
108522777,02300419,35.3,16.3,0,0,884.8,1,1,328.4,0,0,884.8,3,7,82.0,0,0,1795.1,1,1,328.4,3,4,82.0
108522778,02300419,19.6,18.2,0,0,1023.5,0,1,467.0,0,0,1023.5,2,5,212.5,0,0,1933.7,0,1,467.0,2,4,212.5
108522779,02300419,33.9,30.8,0,0,1116.4,0,1,559.9,0,0,1116.4,2,5,305.4,0,0,inf,0,1,559.9,2,4,305.4
108522781,02300419,37.9,18.9,0,1,788.5,1,2,303.0,0,1,788.5,3,8,56.6,0,0,1698.8,1,2,303.0,3,5,56.6
108523788,02300419,0.8,18.9,0,1,759.7,1,2,331.9,0,1,759.7,4,8,85.6,0,0,1669.9,1,2,331.9,3,5,85.6
108523789,02300419,1.2,22.9,0,1,772.1,1,2,327.5,0,1,772.1,3,8,81.2,0,0,1682.3,1,2,327.5,3,5,81.2
108566803,02300419,3.2,24.1,0,0,861.5,1,1,240.5,0,0,861.5,3,8,54.2,0,0,1771.8,1,1,240.5,3,5,54.2
108607177,02300419,17.6,17.2,0,0,1048.8,0,1,492.3,0,0,1048.8,2,5,237.8,0,0,1959.0,0,1,492.3,2,4,237.8
108607180,02300419,30.0,24.3,0,0,1103.8,0,1,547.3,0,0,1103.8,2,5,292.8,0,0,inf,0,1,547.3,2,4,292.8
108607181,02300419,20.5,65.5,0,0,1110.0,0,1,553.5,0,0,1110.0,2,5,298.9,0,0,inf,0,1,553.5,2,4,298.9
108607184,02300419,39.0,17.7,0,0,1056.4,0,1,419.1,0,0,1056.4,1,7,253.6,0,0,1966.6,0,1,419.1,1,5,253.6
108607186,02300419,46.0,18.1,0,0,1278.9,0,1,710.4,0,0,1278.9,2,5,218.9,0,0,inf,0,1,710.4,2,5,218.9
108607193,02300419,18.3,18.8,0,0,1122.5,1,1,355.1,0,0,1122.5,2,7,319.7,0,0,inf,1,1,355.1,2,5,319.7
108607199,02300419,11.7,17.5,0,0,1094.4,1,1,380.7,0,0,1094.4,2,7,291.6,0,0,inf,1,1,380.7,2,5,291.6
108607207,02300419,8.2,63.1,0,0,1087.3,0,1,530.8,0,0,1087.3,3,6,143.4,0,0,1997.5,0,1,530.8,3,5,143.4
108607208,02300419,32.3,21.8,0,0,1009.9,0,1,453.5,0,0,1009.9,3,5,198.9,0,0,1920.2,0,1,453.5,3,4,198.9
108607210,02300419,35.3,20.7,0,0,1412.7,0,1,568.9,0,0,1412.7,0,3,568.9,0,0,inf,0,1,568.9,0,2,568.9
108607225,02300419,78.2,16.2,0,0,1161.9,0,1,605.5,0,0,1161.9,3,6,57.6,0,0,inf,0,1,605.5,3,5,57.6
108607231,02300419,20.2,20.0,0,0,1026.7,0,1,470.3,0,0,1026.7,3,6,117.7,0,0,1936.9,0,1,470.3,3,5,117.7
108607237,02300419,51.4,39.3,0,0,1262.5,0,1,693.9,0,0,1262.5,1,4,277.8,0,0,inf,0,1,693.9,1,4,277.8
108607239,02300419,20.2,15.2,0,0,1230.1,0,1,673.6,0,0,1230.1,2,5,125.8,0,0,inf,0,1,673.6,2,5,125.8
108607244,02300419,64.5,54.3,0,0,1241.0,0,1,684.5,0,0,1241.0,2,5,136.6,0,0,inf,0,1,684.5,2,5,136.6
108607250,02300419,27.1,24.4,0,0,1219.1,0,1,650.6,0,0,1219.1,1,4,291.2,0,0,inf,0,1,650.6,1,4,291.2
108607253,02300419,14.3,17.4,0,0,1030.9,0,1,474.4,0,0,1030.9,2,5,219.9,0,0,1941.1,0,1,474.4,2,4,219.9
108607259,02300419,19.8,15.9,0,0,1250.8,0,1,682.2,0,0,1250.8,1,4,242.6,0,0,inf,0,1,682.2,1,4,242.6
108623077,02300419,54.7,19.3,0,0,1448.3,0,0,891.9,0,0,1448.3,2,5,339.3,0,0,inf,0,0,891.9,2,5,339.3
108623081,02300419,51.1,36.3,0,0,1320.5,0,1,764.1,0,0,1320.5,2,5,211.5,0,0,inf,0,1,764.1,2,5,211.5
108623086,02300419,25.5,16.2,0,0,1270.3,0,1,713.8,0,0,1270.3,2,5,161.3,0,0,inf,0,1,713.8,2,5,161.3
108623099,02300419,28.4,16.5,0,0,1345.3,0,1,777.2,0,0,1345.3,1,5,241.0,0,0,inf,0,1,777.2,1,5,241.0
108623105,02300419,24.5,15.0,0,0,1414.5,0,0,858.1,0,0,1414.5,2,5,305.5,0,0,inf,0,0,858.1,2,5,305.5
108623109,02300419,5.3,18.0,0,0,1195.3,0,1,638.9,0,0,1195.3,3,5,91.0,0,0,inf,0,1,638.9,3,5,91.0
108623113,02300419,20.7,20.9,0,0,1200.7,0,1,644.3,0,0,1200.7,3,5,96.4,0,0,inf,0,1,644.3,3,5,96.4
108623118,02300419,21.6,20.0,0,0,1228.6,0,1,672.2,0,0,1228.6,2,5,124.3,0,0,inf,0,1,672.2,2,5,124.3
108623125,02300419,46.9,30.3,0,0,1322.3,0,1,765.9,0,0,1322.3,2,5,213.3,0,0,inf,0,1,765.9,2,5,213.3
108623129,02300419,34.0,20.0,0,0,1292.2,0,1,735.7,0,0,1292.2,2,5,187.8,0,0,inf,0,1,735.7,2,5,187.8
108623134,02300419,21.6,19.6,0,0,1253.5,0,1,697.1,0,0,1253.5,2,5,149.2,0,0,inf,0,1,697.1,2,5,149.2
108623137,02300419,37.7,31.0,0,0,1190.8,0,1,634.4,0,0,1190.8,3,5,86.5,0,0,inf,0,1,634.4,3,5,86.5
108623143,02300419,21.4,18.9,0,0,1213.9,0,1,657.4,0,0,1213.9,2,5,109.5,0,0,inf,0,1,657.4,2,5,109.5
108623147,02300419,33.9,19.9,0,0,1273.3,0,1,716.9,0,0,1273.3,2,5,169.0,0,0,inf,0,1,716.9,2,5,169.0
108623154,02300419,25.0,15.4,0,0,1377.8,0,0,821.3,0,0,1377.8,2,5,268.8,0,0,inf,0,0,821.3,2,5,268.8
108623160,02300419,21.8,13.0,0,0,1253.9,0,1,697.4,0,0,1253.9,2,5,144.9,0,0,inf,0,1,697.4,2,5,144.9
108623166,02300419,46.5,39.4,0,0,1357.3,0,0,800.9,0,0,1357.3,2,5,248.3,0,0,inf,0,0,800.9,2,5,248.3
108623172,02300419,26.0,15.1,0,0,1403.4,0,0,846.9,0,0,1403.4,2,5,294.4,0,0,inf,0,0,846.9,2,5,294.4
108642909,02100106,14.0,14.7,0,0,inf,0,2,655.4,0,0,inf,0,6,571.9,0,0,inf,0,2,655.4,0,3,655.4
108642911,02100106,79.4,20.1,0,0,inf,0,2,456.5,0,0,inf,0,8,438.7,0,0,inf,0,2,456.5,0,4,456.5
108642915,02100106,17.1,13.3,0,0,inf,0,3,553.1,0,0,inf,0,8,469.0,0,0,inf,0,3,553.1,0,5,553.1
108642917,02100106,22.0,13.8,0,0,inf,1,2,368.4,0,0,inf,2,8,350.6,0,0,inf,1,2,368.4,1,4,368.4
108642919,02100106,21.3,16.2,0,0,inf,1,2,341.5,0,0,inf,2,8,323.7,0,0,inf,1,2,341.5,1,4,341.5
108642921,02100106,19.3,46.5,0,0,inf,0,2,582.0,0,0,inf,0,5,564.1,0,0,inf,0,2,582.0,0,2,582.0
108642922,02100106,9.8,48.1,0,0,inf,0,2,632.3,0,0,inf,0,6,614.4,0,0,inf,0,2,632.3,0,3,632.3
108643788,02100106,4.3,16.8,0,0,inf,0,2,513.5,0,0,inf,1,7,290.4,0,0,inf,0,2,513.5,0,4,513.5
108643789,02100106,15.8,15.5,0,0,inf,0,2,461.5,0,0,inf,1,8,154.6,0,0,inf,0,2,461.5,0,5,461.5
108680463,02300417,31.9,18.1,0,0,inf,0,3,530.0,0,0,inf,1,8,312.0,0,0,inf,0,3,530.0,0,5,530.0
108680465,02300417,17.4,14.6,0,0,inf,0,3,428.8,0,0,inf,0,10,406.2,0,0,inf,0,3,428.8,0,6,428.8
108680468,02300417,12.1,15.7,0,0,inf,1,3,386.6,0,0,inf,3,12,220.5,0,0,inf,1,3,386.6,2,6,357.5
108680471,02300417,27.2,32.8,0,0,inf,0,3,457.3,0,0,inf,1,9,184.0,0,0,inf,0,3,457.3,0,5,428.3
108680473,02300417,14.3,22.4,0,0,inf,0,3,428.8,0,0,inf,2,12,349.0,0,0,inf,0,3,428.8,1,7,399.8
108680475,02300417,21.9,22.7,0,0,inf,0,3,452.1,0,0,inf,1,12,372.2,0,0,inf,0,3,452.1,0,7,423.1
108680479,02300417,17.4,14.5,0,0,inf,0,3,468.7,0,0,inf,1,9,135.9,0,0,inf,0,3,468.7,0,5,439.6
108680481,02300417,24.2,12.5,0,0,inf,1,2,279.1,0,0,inf,2,10,279.1,0,0,inf,1,2,279.1,1,5,279.1
108680487,02300417,12.3,39.9,0,0,inf,0,3,517.6,0,0,inf,1,8,367.8,0,0,inf,0,3,517.6,0,5,517.6
108680488,02300417,25.4,14.3,0,0,inf,1,1,397.5,0,0,inf,1,6,397.5,0,0,inf,1,1,397.5,1,3,397.5
108680489,02300417,13.1,15.7,0,0,inf,0,3,467.1,0,0,inf,1,9,370.0,0,0,inf,0,3,467.1,0,6,467.1
108680490,02300417,12.4,15.6,0,0,inf,0,3,493.5,0,0,inf,1,9,343.5,0,0,inf,0,3,493.5,0,6,493.5
108680497,02300417,12.3,15.7,0,0,inf,0,3,506.7,0,0,inf,1,9,330.3,0,0,inf,0,3,506.7,0,6,506.7
108680498,02300417,16.3,15.4,0,0,inf,0,3,410.5,0,0,inf,0,10,410.5,0,0,inf,0,3,410.5,0,6,410.5
108680500,02300417,24.4,13.5,0,0,inf,1,2,297.6,0,0,inf,2,10,297.6,0,0,inf,1,2,297.6,1,5,297.6
108680501,02300417,18.7,74.9,0,0,inf,0,3,482.3,0,0,inf,0,11,402.4,0,0,inf,0,3,482.3,0,6,453.2
108680506,02300417,35.2,23.0,0,0,inf,0,3,516.0,0,0,inf,1,8,153.5,0,0,inf,0,3,516.0,0,5,516.0
108680507,02300417,41.6,14.3,0,0,inf,1,2,376.4,0,0,inf,1,7,376.4,0,0,inf,1,2,376.4,1,4,376.4
108680509,02300417,28.9,41.9,0,0,inf,0,3,413.8,0,0,inf,2,11,333.9,0,0,inf,0,3,413.8,1,6,384.7
108680512,02300417,23.9,16.1,0,0,inf,0,3,434.3,0,0,inf,1,11,173.5,0,0,inf,0,3,434.3,0,6,405.3
108680513,02300417,54.5,36.2,0,0,inf,0,2,457.6,0,0,inf,0,11,434.3,0,0,inf,0,2,457.6,0,6,457.6
108680516,02300417,40.4,15.6,0,0,inf,0,3,448.4,0,0,inf,1,9,158.5,0,0,inf,0,3,448.4,0,5,419.4
108680518,02300417,23.5,15.6,0,0,inf,0,3,415.2,0,0,inf,2,11,191.6,0,0,inf,0,3,415.2,1,6,386.1
108680521,02300417,106.0,27.8,0,0,inf,0,3,476.0,0,0,inf,1,9,113.5,0,0,inf,0,3,476.0,0,5,476.0
108680523,02300417,8.5,35.4,0,0,inf,0,3,492.2,0,0,inf,1,9,154.4,0,0,inf,0,3,492.2,0,5,463.1
108680530,02300417,40.5,27.0,0,0,inf,0,3,603.5,0,0,inf,1,7,256.3,0,0,inf,0,3,603.5,0,5,603.5
108680532,02300417,17.3,15.6,0,0,inf,0,3,480.9,0,0,inf,1,9,118.4,0,0,inf,0,3,480.9,0,5,459.4
108680535,02300417,24.4,19.4,0,0,inf,1,2,360.4,0,0,inf,2,8,360.4,0,0,inf,1,2,360.4,1,5,360.4
108680541,02300417,13.5,4.4,0,0,inf,1,3,227.6,0,0,inf,3,11,227.6,0,0,inf,1,3,227.6,1,6,227.6
108680543,02300417,17.3,14.6,0,0,inf,0,3,470.0,0,0,inf,1,9,107.6,0,0,inf,0,3,470.0,0,5,468.4
108680548,02300417,20.9,46.4,0,0,inf,0,2,442.6,0,0,inf,0,9,442.6,0,0,inf,0,2,442.6,0,5,442.6
108680556,02300417,20.9,15.6,0,0,inf,0,3,460.7,0,0,inf,1,9,146.1,0,0,inf,0,3,460.7,0,5,431.6
108680557,02300417,16.2,23.9,0,0,inf,0,2,411.0,0,0,inf,0,12,411.0,0,0,inf,0,2,411.0,0,6,411.0
108680558,02300417,30.3,15.9,0,0,inf,0,3,433.6,0,0,inf,1,10,71.1,0,0,inf,0,3,433.6,0,6,433.6
108680559,02300417,18.4,83.2,0,0,inf,0,2,530.5,0,0,inf,0,10,450.7,0,0,inf,0,2,530.5,0,5,501.5
108680570,02300417,119.7,11.6,0,0,inf,1,3,196.7,0,0,inf,3,11,196.7,0,0,inf,1,3,196.7,1,6,196.7
108680586,02300417,14.4,15.2,0,0,inf,1,2,333.0,0,0,inf,2,8,333.0,0,0,inf,1,2,333.0,1,5,333.0
108680589,02300417,10.4,72.9,0,0,inf,0,2,508.2,0,0,inf,0,8,443.4,0,0,inf,0,2,508.2,0,5,508.2
108680591,02300417,12.3,40.9,0,0,inf,0,3,492.4,0,0,inf,1,9,395.1,0,0,inf,0,3,492.4,0,6,492.4
108680596,02300417,4.2,33.4,0,0,inf,0,3,500.8,0,0,inf,1,9,141.6,0,0,inf,0,3,500.8,0,5,471.8
108680598,02300417,19.6,27.6,0,0,inf,0,3,420.4,0,0,inf,2,11,340.5,0,0,inf,0,3,420.4,1,6,391.3
108680600,02300417,18.7,21.0,0,0,inf,1,1,387.1,0,0,inf,1,6,387.1,0,0,inf,1,1,387.1,1,3,387.1
109170158,02200213,24.5,21.0,0,0,inf,0,1,564.5,0,0,inf,1,6,317.2,0,0,inf,0,1,564.5,1,4,317.2
109935042,02100101,16.4,16.1,1,2,168.0,0,2,661.5,0,0,inf,2,8,168.0,0,1,661.5,1,3,168.0,2,8,168.0
109937839,02100101,7.9,40.1,1,2,211.3,0,2,666.2,0,0,inf,2,8,211.3,0,1,666.2,1,3,211.3,2,8,211.3
110250793,02300418,13.9,24.6,0,0,inf,0,1,617.1,0,0,inf,2,5,296.2,0,0,inf,0,1,617.1,2,4,296.2
110250794,02300418,6.9,31.9,0,0,inf,0,1,624.4,0,0,inf,2,5,303.4,0,0,inf,0,1,624.4,2,4,303.4
110250795,02300418,15.6,19.2,0,0,inf,0,1,698.4,0,0,inf,2,5,363.0,0,0,inf,0,1,698.4,2,4,363.0
110250799,02300418,20.3,21.2,0,0,inf,0,1,765.8,0,0,inf,2,5,299.6,0,0,inf,0,1,765.8,2,4,299.6
110250802,02300418,30.7,22.0,0,0,inf,0,1,739.8,0,0,inf,1,5,327.2,0,0,inf,0,1,739.8,1,4,327.2
110393403,02200209,18.0,19.3,0,0,856.9,0,2,758.3,0,0,inf,2,9,211.5,0,0,inf,0,2,758.3,1,5,211.5
110393408,02200209,30.9,24.2,0,2,637.7,0,1,539.1,0,0,inf,2,9,136.7,0,0,inf,0,3,539.1,1,6,136.7
110393411,02200209,11.0,19.2,0,2,654.4,0,1,555.8,0,0,inf,3,10,153.4,0,0,inf,0,3,555.8,1,7,153.4
110393415,02200209,19.0,21.3,0,2,634.8,0,1,536.2,0,0,inf,2,9,133.8,0,0,inf,0,3,536.2,1,6,133.8
110393422,02200209,16.4,36.7,0,2,685.1,0,1,586.5,0,0,inf,2,9,39.7,0,0,inf,0,3,586.5,1,6,39.7
110393425,02200209,61.3,25.0,0,0,943.9,0,1,672.1,0,0,inf,3,9,266.5,0,0,inf,0,1,672.1,2,4,298.5
110393428,02200209,7.3,9.8,0,0,915.2,0,0,816.6,0,0,inf,2,7,269.8,0,0,inf,0,0,816.6,1,2,269.8
110393430,02200209,19.7,18.6,0,0,1092.1,0,0,854.0,0,0,inf,2,7,171.4,0,0,inf,0,0,854.0,0,3,467.9
110393432,02200209,59.9,20.6,0,2,626.3,0,1,527.7,0,0,inf,2,11,125.2,0,0,inf,0,3,527.7,1,7,125.2
110393433,02200209,8.3,21.6,0,0,930.0,0,0,831.4,0,0,inf,3,7,284.5,0,0,inf,0,0,831.4,1,2,284.5
110393435,02200209,57.3,21.5,0,0,817.6,0,2,719.0,0,0,inf,2,9,172.1,0,0,inf,0,2,719.0,2,5,172.1
110393721,02200209,57.0,18.6,0,0,1024.6,0,0,926.0,0,0,inf,1,6,379.1,0,0,inf,0,0,926.0,1,2,379.1
110729960,02400624,75.0,12.1,0,0,1295.6,1,2,273.5,0,2,777.9,1,6,273.5,0,0,1295.6,1,2,273.5,1,5,273.5
110996758,02400624,3.8,58.1,0,0,1184.0,0,1,472.9,0,1,688.6,1,6,276.7,0,0,1366.2,0,1,472.9,1,4,276.7
111536880,02400623,27.4,14.9,0,0,947.8,0,2,594.0,0,0,1104.2,1,8,227.2,0,0,947.8,0,2,594.0,1,5,227.2
111578129,02400522,28.1,12.6,0,0,1435.7,0,1,473.7,0,0,870.4,0,3,473.7,0,0,1435.7,0,1,473.7,0,2,473.7
112148479,02100103,12.5,48.2,0,0,1532.2,0,2,724.6,0,0,inf,0,6,419.2,0,0,inf,0,2,724.6,0,6,419.2
112148488,02100103,34.0,20.4,0,0,1549.9,0,0,949.6,0,0,inf,1,7,319.7,0,0,inf,0,0,949.6,1,7,319.7
112148761,02100102,47.6,20.8,0,1,791.4,1,3,132.3,0,0,1647.0,3,7,132.3,0,0,1127.1,1,4,132.3,3,8,132.3
112148762,02100102,15.2,16.6,0,1,699.3,1,3,216.0,0,0,1730.8,3,10,216.0,0,0,1035.0,1,4,216.0,3,9,216.0
112148770,02100102,35.2,25.5,0,1,682.9,1,3,250.1,0,0,1764.9,3,10,207.2,0,0,1018.6,1,4,250.1,3,9,207.2
112148773,02100102,106.7,20.1,0,1,613.5,1,3,308.7,0,0,1823.5,2,9,137.8,0,0,949.2,1,4,308.7,2,8,137.8
112149771,02100102,58.3,12.5,0,0,890.4,1,3,64.4,0,0,1607.1,2,7,64.4,0,0,1226.1,1,3,64.4,2,7,64.4
112149774,02100102,23.9,28.8,0,0,926.0,1,3,127.9,0,0,1538.1,2,8,127.9,0,0,1261.6,1,3,127.9,2,8,127.9
112149778,02100102,19.4,40.9,0,1,770.5,1,2,335.2,0,0,1904.9,1,9,335.2,0,0,1341.1,1,3,335.2,1,8,335.2
112149783,02100102,18.0,15.0,0,0,1057.5,0,1,467.3,0,0,1729.9,1,7,328.8,0,0,1601.0,0,1,467.3,1,6,328.8
112149786,02100102,56.5,25.1,0,0,965.1,0,1,412.5,0,0,1870.7,0,8,412.5,0,0,1535.7,0,1,412.5,0,7,412.5
112149788,02100102,43.3,19.6,0,0,980.4,0,1,427.8,0,0,1886.1,0,7,427.8,0,0,1551.1,0,1,427.8,0,6,427.8
112149791,02100102,40.1,57.0,0,1,771.7,1,2,366.1,0,0,1935.9,1,8,366.1,0,0,1342.3,1,3,366.1,1,7,366.1
112149796,02100102,44.1,19.6,0,0,857.8,1,2,205.2,0,0,1775.0,2,9,205.2,0,0,1394.0,1,2,205.2,2,8,205.2
112149797,02100102,14.6,19.8,0,0,933.8,1,3,135.7,0,0,1512.1,2,8,111.1,0,0,1269.5,1,3,135.7,2,8,111.1
112149800,02100102,58.2,45.4,0,1,742.0,0,1,457.4,0,0,inf,1,7,395.4,0,0,1312.7,0,2,457.4,1,6,395.4
112149804,02100102,43.3,40.4,0,0,885.3,1,2,219.3,0,0,1789.1,2,9,219.3,0,0,1408.1,1,2,219.3,2,8,219.3
112156850,02500836,66.2,49.9,0,0,1208.2,0,0,inf,0,0,1796.0,3,5,195.8,0,0,1823.6,0,0,1208.2,1,3,330.5
113037758,02200209,2.9,21.1,0,0,859.7,0,2,748.5,0,0,inf,3,9,214.2,0,0,inf,0,2,748.5,2,5,214.2
113037766,02200209,8.3,17.1,0,0,901.1,0,0,802.5,0,0,inf,1,7,255.7,0,0,inf,0,0,802.5,1,2,255.7
113423762,02200208,20.1,18.8,0,0,1179.8,0,2,663.8,0,0,inf,0,6,430.9,0,0,1863.4,0,2,663.8,0,5,430.9
113423766,02200208,13.2,19.2,0,0,1257.7,0,2,661.9,0,0,inf,1,8,325.1,0,0,1941.3,0,2,661.9,1,5,325.1
113423772,02200208,11.5,18.7,0,0,1159.5,0,2,643.5,0,0,inf,0,5,451.0,0,0,1843.2,0,2,643.5,0,5,451.0
113468884,02200208,10.5,18.6,0,0,1001.2,0,1,485.3,0,0,inf,0,5,485.3,0,0,1684.9,0,1,485.3,0,3,485.3
113468885,02200208,10.6,18.5,0,0,1014.6,0,1,498.7,0,0,inf,0,5,498.7,0,0,1698.3,0,1,498.7,0,3,498.7
113468886,02200208,11.3,18.5,0,0,1028.4,0,1,512.4,0,0,inf,0,5,512.4,0,0,1712.1,0,1,512.4,0,3,512.4
113468887,02200208,6.1,37.5,0,0,1111.7,0,3,536.7,0,0,inf,0,7,532.4,0,0,1795.4,0,3,536.7,0,5,532.4
113468889,02200208,15.6,26.5,0,0,961.6,0,1,445.7,0,0,inf,0,6,445.7,0,0,1645.3,0,1,445.7,0,4,445.7
113468890,02200208,1.1,64.9,0,0,1109.3,0,3,534.2,0,0,inf,0,7,529.9,0,0,1793.0,0,3,534.2,0,5,529.9
113468891,02200208,15.0,18.5,0,0,984.9,0,1,468.9,0,0,inf,0,5,468.9,0,0,1668.6,0,1,468.9,0,3,468.9
113468893,02200208,9.9,18.5,0,0,969.0,0,1,453.1,0,0,inf,0,6,453.1,0,0,1652.7,0,1,453.1,0,4,453.1
113480144,02200208,15.3,18.6,0,0,1089.6,0,3,514.5,0,0,inf,1,10,314.3,0,0,1773.2,0,3,514.5,1,7,314.3
113480147,02200208,10.0,18.8,0,0,1087.4,0,3,512.3,0,0,inf,0,7,508.0,0,0,1771.0,0,3,512.3,0,5,508.0
113480151,02200208,11.2,19.1,0,0,1052.4,0,3,477.3,0,0,inf,1,10,389.8,0,0,1736.1,0,3,477.3,0,7,473.0
113480154,02200208,19.2,19.5,0,0,911.2,1,3,336.1,0,0,inf,1,8,336.1,0,0,1594.9,1,3,336.1,1,5,336.1
113480156,02200208,20.2,18.6,0,0,1106.0,0,3,531.0,0,0,inf,1,10,297.8,0,0,1789.7,0,3,531.0,1,7,297.8
113525636,02100105,21.1,25.6,0,0,inf,1,1,205.6,0,0,inf,4,9,205.6,0,0,inf,1,1,205.6,2,4,205.6
113525637,02300314,25.8,31.1,0,0,1716.1,0,2,713.8,0,0,inf,1,11,326.8,0,0,1865.8,0,2,713.8,1,5,326.8
113525639,02100105,6.2,10.8,0,0,inf,1,2,201.0,0,0,inf,4,10,201.0,0,0,inf,1,2,201.0,2,5,201.0
113525640,02300314,16.3,18.8,0,0,inf,1,2,231.8,0,0,inf,4,10,138.9,0,0,inf,1,2,231.8,2,5,231.8
113525642,02300314,9.4,12.9,0,0,1657.1,0,2,528.2,0,0,inf,4,13,232.9,0,0,1657.1,0,2,528.2,2,6,232.9
113525643,02300314,12.7,12.8,0,0,1667.6,0,2,543.4,0,0,inf,4,13,248.0,0,0,1667.6,0,2,543.4,2,6,248.0
113525644,02300314,12.1,50.4,0,0,1646.2,0,2,706.7,0,0,inf,1,12,203.7,0,0,1646.2,0,2,706.7,0,5,417.8
113525646,02100105,25.7,13.9,0,0,inf,1,3,321.9,0,0,inf,2,6,321.9,0,0,inf,1,3,321.9,1,3,321.9
113525647,02300314,16.2,18.8,0,0,inf,1,2,250.7,0,0,inf,3,10,120.0,0,0,inf,1,2,250.7,1,5,250.7
113525648,02300314,33.3,9.7,0,0,1612.6,0,2,483.7,0,0,inf,4,14,188.4,0,0,1612.6,0,2,483.7,1,7,188.4
113525649,02300314,35.0,11.4,0,0,1568.5,0,2,625.7,0,0,inf,4,12,174.2,0,0,1568.5,0,2,625.7,1,6,330.4
113525650,02300314,19.1,9.6,0,0,1595.5,0,2,631.8,0,0,inf,4,12,201.2,0,0,1595.5,0,2,631.8,1,6,336.5
113525651,02300314,12.7,22.2,0,0,1596.5,0,1,726.3,0,0,inf,4,11,371.8,0,0,1634.2,0,1,726.3,1,4,381.4
113525652,02300314,12.9,18.0,0,0,inf,1,3,267.8,0,0,inf,4,11,101.4,0,0,inf,1,3,267.8,2,6,267.8
113525653,02300314,17.6,18.5,0,0,inf,1,2,211.8,0,0,inf,4,10,158.4,0,0,inf,1,2,211.8,2,5,211.8
113525654,02300314,49.1,4.7,0,0,1697.9,0,2,577.8,0,0,inf,4,13,235.9,0,0,1697.9,0,2,577.8,2,5,288.9
113552651,02100104,83.8,26.2,0,0,1393.7,1,2,209.6,0,0,inf,1,10,209.6,0,0,inf,1,2,209.6,1,5,209.6
113552652,02100104,99.7,46.1,0,0,1447.7,1,1,133.5,0,0,inf,1,9,133.5,0,0,inf,1,1,133.5,1,5,133.5
113552655,02100104,7.6,32.5,0,0,1618.7,1,1,188.8,0,0,inf,2,10,188.8,0,0,inf,1,1,188.8,2,4,188.8
113556643,02300315,112.3,15.7,0,0,1570.8,0,1,459.6,0,0,inf,2,13,106.9,0,0,1570.8,0,1,459.6,0,7,426.9
113556644,02300315,34.5,12.0,0,0,1502.2,0,1,520.9,0,0,inf,5,15,108.0,0,0,1502.2,0,1,520.9,1,8,358.2
113556645,02300315,20.3,13.1,0,0,1634.1,1,1,367.3,0,0,inf,3,12,239.9,0,0,1634.1,1,1,367.3,1,6,367.3
113556647,02300315,20.4,13.0,0,0,1651.1,1,1,350.2,0,0,inf,3,12,256.8,0,0,1651.1,1,1,350.2,1,6,350.2
113556649,02300315,26.3,16.1,0,0,1628.8,0,1,402.4,0,0,inf,3,13,49.7,0,0,1628.8,0,1,402.4,1,7,383.2
113556650,02300315,11.6,14.0,0,0,1724.5,1,1,288.8,0,0,inf,4,13,229.4,0,0,1724.5,1,1,288.8,2,7,288.8
113556651,02300315,20.1,13.4,0,0,1618.3,1,1,384.0,0,0,inf,3,12,224.0,0,0,1618.3,1,1,384.0,1,6,384.0
113556652,02300315,12.9,14.0,0,0,1690.8,1,1,323.1,0,0,inf,4,12,263.7,0,0,1690.8,1,1,323.1,2,6,323.1
113556654,02300315,24.3,18.9,0,0,1632.8,0,2,402.0,0,0,inf,3,16,238.6,0,0,1632.8,0,2,402.0,1,8,259.0
113556655,02300315,17.4,14.0,0,0,1707.9,1,1,305.6,0,0,inf,4,13,246.1,0,0,1707.9,1,1,305.6,2,7,305.6
113597139,02400623,372.8,25.7,0,0,854.4,0,2,509.4,0,0,971.5,0,5,498.6,0,0,1327.8,0,2,509.4,0,2,509.4
116172965,02500729,37.0,50.9,0,1,757.8,0,1,757.8,0,4,454.1,0,1,757.8,0,0,inf,0,1,757.8,0,1,757.8
116622213,02400522,20.3,11.6,0,0,1720.2,0,2,472.3,0,3,608.6,0,2,472.3,0,0,1720.2,0,2,472.3,0,3,472.3
116651064,02200209,17.8,18.6,0,0,1153.8,0,1,718.3,0,0,inf,3,8,43.9,0,0,inf,0,1,718.3,1,4,355.4
116776415,02200209,9.8,26.9,0,0,1430.5,1,2,189.3,0,0,inf,4,10,134.5,0,0,inf,1,2,189.3,3,6,134.5
116776416,02200209,8.4,25.8,0,0,1328.9,1,3,288.8,0,0,inf,3,10,213.2,0,0,inf,1,3,288.8,2,7,234.0
116776417,02200211,7.7,35.0,0,0,1398.6,1,3,237.4,0,0,inf,3,10,182.6,0,0,inf,1,3,237.4,2,6,182.6
117126593,02200209,20.0,19.1,0,1,768.2,0,1,669.5,0,0,inf,3,10,127.4,0,0,inf,0,2,669.5,1,6,267.1
117126594,02200209,31.4,12.0,0,0,1002.3,0,0,903.6,0,0,inf,1,6,356.8,0,0,inf,0,0,903.6,1,2,356.8
117126596,02200209,17.9,19.4,0,1,755.6,0,1,657.0,0,0,inf,3,10,140.4,0,0,inf,0,2,657.0,1,6,254.6
117126597,02200209,0.6,5.7,0,0,990.2,0,0,891.5,0,0,inf,1,7,344.7,0,0,inf,0,0,891.5,1,2,344.7
117126601,02200209,18.1,20.4,0,0,953.6,0,0,855.0,0,0,inf,3,7,308.2,0,0,inf,0,0,855.0,1,2,308.2
117126602,02200209,24.3,25.8,0,0,967.0,0,0,868.4,0,0,inf,1,7,321.6,0,0,inf,0,0,868.4,1,2,321.6
117126603,02200209,20.5,19.8,0,2,692.5,0,1,593.9,0,0,inf,3,10,191.5,0,0,inf,0,3,593.9,1,7,191.5
117126605,02200209,32.4,19.9,0,1,735.8,0,1,637.1,0,0,inf,3,9,161.4,0,0,inf,0,2,637.1,1,6,234.7
117126607,02200209,22.3,39.9,0,1,799.5,0,1,700.9,0,0,inf,3,10,137.6,0,0,inf,0,2,700.9,1,6,298.5
117126608,02200209,17.1,19.8,0,2,678.3,0,1,579.6,0,0,inf,3,10,177.2,0,0,inf,0,3,579.6,1,7,177.2
117126609,02200209,39.4,43.3,0,1,758.3,0,1,659.7,0,0,inf,3,8,185.6,0,0,inf,0,2,659.7,1,5,257.2
117126612,02200209,20.4,19.7,0,1,719.0,0,1,620.4,0,0,inf,3,9,177.8,0,0,inf,0,2,620.4,1,6,217.9
117762353,02500832,150.9,72.5,0,0,840.0,0,0,840.0,0,3,414.2,0,2,610.9,0,0,978.8,0,0,840.0,0,4,414.2
118327391,02500835,10.4,54.6,0,0,850.0,0,0,1344.3,0,0,1900.7,0,5,428.8,0,0,inf,0,0,850.0,0,5,428.8
118446697,02500834,43.7,12.6,0,1,589.0,0,0,1162.9,1,4,389.6,1,4,389.6,0,1,589.0,0,1,589.0,1,6,389.6
118755032,02500834,14.3,20.4,0,0,816.3,0,0,908.5,2,5,338.0,1,4,370.1,0,0,816.3,0,0,816.3,2,7,338.0
118756233,02400624,22.4,36.6,0,0,1091.4,0,1,527.3,0,3,615.1,2,6,184.1,0,0,1318.8,0,1,527.3,1,6,184.1
118762415,02500834,114.8,13.7,0,1,542.2,0,0,1204.1,0,3,407.8,1,4,292.5,0,1,542.2,0,1,542.2,1,5,292.5
119515107,02300316,10.7,32.6,0,0,1061.4,1,1,134.2,0,0,1061.4,2,7,134.2,0,0,1971.7,1,1,134.2,2,5,134.2
119515109,02300316,14.3,32.7,0,0,1127.4,1,1,200.2,0,0,1127.4,1,8,200.2,0,0,inf,1,1,200.2,1,6,200.2
119515113,02300316,28.4,25.3,0,0,991.8,1,1,55.6,0,0,991.8,2,8,55.6,0,0,1902.1,1,1,55.6,2,6,55.6
120244577,02300315,19.1,14.3,0,0,1654.5,0,2,582.2,0,0,1698.2,3,12,125.7,0,0,1654.5,0,2,582.2,2,8,125.7
120244578,02300315,15.9,13.5,0,0,1623.7,0,2,611.5,0,0,1667.5,4,11,94.9,0,0,1623.7,0,2,611.5,3,7,94.9
120448619,02100105,35.2,11.9,0,0,1819.9,1,3,347.0,0,0,inf,2,7,124.8,0,0,inf,1,3,347.0,1,5,347.0
120448624,02100105,195.9,27.3,0,0,1965.1,1,2,371.8,0,0,inf,2,5,246.0,0,0,inf,1,2,371.8,1,2,371.8
120448628,02100105,32.6,9.3,0,0,1833.1,1,3,360.2,0,0,inf,2,7,138.0,0,0,inf,1,3,360.2,1,5,360.2
120862077,02500836,38.6,20.3,0,0,886.3,0,0,inf,0,0,1299.7,3,4,183.9,0,0,1501.8,0,0,886.3,1,2,282.8
122049372,02200209,12.8,22.5,0,0,1063.8,0,0,890.1,0,0,inf,2,7,207.6,0,0,inf,0,0,890.1,0,3,439.5
122049376,02200209,13.5,19.2,0,0,927.8,0,0,829.2,0,0,inf,3,7,282.3,0,0,inf,0,0,829.2,1,2,282.3
122049379,02200209,14.8,18.9,0,0,937.7,0,0,839.1,0,0,inf,3,7,292.3,0,0,inf,0,0,839.1,1,2,292.3
122049380,02200209,15.0,14.1,0,0,875.2,0,1,776.6,0,0,inf,1,7,229.8,0,0,inf,0,1,776.6,1,3,229.8
122290439,02500727,19.2,17.8,0,0,1532.0,0,1,501.7,2,5,337.5,0,1,501.7,0,0,inf,0,1,501.7,0,2,501.7
122290440,02500727,43.2,19.3,0,0,1376.8,0,2,626.5,0,6,482.8,0,2,626.5,0,0,inf,0,2,626.5,0,3,626.5
122290441,02500727,14.3,16.0,0,0,1504.6,0,1,474.2,2,5,360.7,0,1,474.2,0,0,inf,0,1,474.2,0,2,474.2
122290442,02500727,33.6,18.5,0,0,1386.4,0,2,555.1,0,6,441.6,0,2,555.1,0,0,inf,0,2,555.1,0,3,555.1
122290443,02500727,46.3,35.7,0,0,1419.2,0,2,556.7,0,6,443.2,0,2,556.7,0,0,inf,0,2,556.7,0,3,556.7
122290444,02500727,37.7,14.2,0,0,1538.6,0,1,508.2,2,5,323.7,0,1,508.2,0,0,inf,0,1,508.2,0,2,508.2
122290445,02500727,39.4,14.5,0,0,1505.4,0,1,475.1,2,5,357.5,0,1,475.1,0,0,inf,0,1,475.1,0,2,475.1
122290446,02500727,32.7,29.5,0,0,1447.0,0,2,516.5,0,5,403.0,0,2,516.5,0,0,inf,0,2,516.5,0,3,516.5
122290447,02500727,44.3,30.8,0,0,1442.1,0,2,524.0,0,5,410.5,0,2,524.0,0,0,inf,0,2,524.0,0,3,524.0
122683246,02500729,64.8,20.4,0,1,672.6,0,2,546.7,0,5,670.2,0,2,546.7,0,0,1875.5,0,2,546.7,0,4,546.7
122827826,02500831,46.8,41.9,0,0,807.1,1,1,74.1,0,4,604.3,1,3,74.1,0,0,1602.4,1,1,74.1,1,4,74.1
122827829,02500831,25.5,16.1,0,1,764.9,1,2,120.0,0,6,514.4,1,5,120.0,0,0,1505.0,1,2,120.0,1,7,120.0
122827830,02500831,31.8,14.0,0,0,865.0,1,2,69.5,0,7,490.8,1,5,69.5,0,0,1508.9,1,2,69.5,1,7,69.5
123003683,02500727,43.5,32.6,0,0,1613.0,0,1,498.7,2,6,243.2,0,1,498.7,0,0,inf,0,1,498.7,1,3,399.6
123003684,02500727,78.8,33.7,0,0,1581.2,0,1,532.7,1,5,277.2,0,1,532.7,0,0,inf,0,1,532.7,0,2,433.6
123003685,02500727,39.6,34.8,0,0,1556.0,0,1,525.7,1,5,304.5,0,1,525.7,0,0,inf,0,1,525.7,0,2,460.9
123019464,02500834,24.0,14.7,0,1,740.7,0,1,740.7,2,8,313.3,0,5,508.2,0,0,1212.7,0,1,740.7,2,9,313.3
123111571,02500832,27.4,16.7,0,1,759.1,0,1,759.1,1,4,352.0,0,3,522.9,0,0,890.7,0,1,759.1,1,5,352.0
123151462,02500831,27.8,16.2,0,0,1037.6,1,1,266.3,1,6,298.3,2,5,266.3,0,0,1316.4,1,1,266.3,2,8,266.3
123151464,02500830,16.4,16.5,0,0,1007.4,1,2,211.9,0,6,521.5,1,6,211.9,0,0,1539.7,1,2,211.9,1,8,211.9
123151466,02500830,16.1,16.9,0,0,1076.4,1,1,280.9,0,5,453.3,2,5,280.9,0,0,1471.5,1,1,280.9,2,7,280.9
123151467,02500830,18.4,16.9,0,0,987.5,1,2,192.0,0,5,542.1,1,5,192.0,0,0,1560.3,1,2,192.0,1,7,192.0
123151469,02500830,16.3,16.5,0,0,1022.6,1,2,227.1,0,6,506.3,1,6,227.1,0,0,1524.4,1,2,227.1,1,8,227.1
123151470,02500830,16.2,16.8,0,0,1092.3,1,1,296.9,0,6,437.2,2,5,296.9,0,0,1455.4,1,1,296.9,2,8,296.9
123151471,02500830,16.2,16.5,0,0,1145.5,1,1,350.0,1,6,383.4,3,5,310.2,0,0,1401.6,1,1,350.0,3,8,310.2
123151472,02500830,17.2,16.9,0,0,1129.3,1,1,333.8,0,6,400.4,2,5,327.1,0,0,1418.6,1,1,333.8,2,8,327.1
123151473,02500830,15.9,17.0,0,0,1112.7,1,1,317.3,0,6,417.2,2,5,317.3,0,0,1435.4,1,1,317.3,2,8,317.3
123151475,02500831,75.3,15.0,0,0,1236.8,0,1,441.4,2,7,289.0,2,5,215.7,0,0,1307.2,0,1,441.4,2,9,215.7
123151476,02500830,17.3,16.0,0,0,1163.7,1,1,368.2,2,6,364.2,3,5,290.9,0,0,1382.3,1,1,368.2,3,8,290.9
123151477,02500830,18.0,16.0,0,0,1207.6,0,1,412.1,2,7,320.4,2,5,247.1,0,0,1338.5,0,1,412.1,2,9,247.1
123151478,02500830,21.6,16.7,0,0,1061.5,1,2,266.0,0,6,467.8,2,6,266.0,0,0,1485.9,1,2,266.0,2,8,266.0
123151479,02500830,22.7,16.9,0,0,1045.0,1,2,249.6,0,6,484.6,1,6,249.6,0,0,1502.8,1,2,249.6,1,8,249.6
123151480,02500830,15.8,16.1,0,0,1238.3,0,1,442.8,2,7,289.8,2,5,216.5,0,0,1307.9,0,1,442.8,2,9,216.5
123151481,02500830,24.8,15.1,0,0,1183.6,1,1,388.1,2,6,342.5,3,5,269.2,0,0,1360.6,1,1,388.1,3,8,269.2
123201117,02300314,11.1,49.6,0,0,1998.9,1,2,299.0,0,0,inf,3,11,299.0,0,0,1998.9,1,2,299.0,2,5,299.0
123859273,02200209,8.5,14.8,0,0,1685.0,0,2,685.7,0,0,inf,1,8,320.8,0,0,inf,0,2,685.7,0,6,678.1
123859276,02200209,6.2,7.8,0,0,1833.9,1,1,279.0,0,0,inf,2,6,279.0,0,0,inf,1,1,279.0,1,4,279.0
123859279,02200209,39.5,17.4,0,0,1821.3,1,1,310.8,0,0,inf,2,6,310.8,0,0,inf,1,1,310.8,1,4,310.8
123859281,02200209,37.2,11.1,0,0,1909.9,1,1,304.8,0,0,inf,1,5,304.8,0,0,inf,1,1,304.8,1,3,304.8
123889625,02300418,5.8,19.0,0,0,1926.5,0,0,1204.4,0,0,1957.0,0,2,446.1,0,0,inf,0,0,1204.4,0,2,446.1
124849485,02200209,35.2,47.8,0,0,1043.7,0,0,945.0,0,0,inf,1,6,398.2,0,0,inf,0,0,945.0,1,2,398.2
124849486,02200209,13.2,20.6,0,0,991.2,0,0,892.5,0,0,inf,3,8,282.6,0,0,inf,0,0,892.5,1,3,345.7
124849488,02200209,19.6,25.9,0,0,937.1,0,0,838.5,0,0,inf,3,9,171.3,0,0,inf,0,0,838.5,0,4,436.1
124849490,02200209,17.4,20.2,0,0,966.1,0,0,867.4,0,0,inf,3,8,200.3,0,0,inf,0,0,867.4,0,3,427.2
124849493,02200209,10.2,43.5,0,0,1010.5,0,0,911.9,0,0,inf,3,7,309.0,0,0,inf,0,0,911.9,1,3,365.1
124849495,02200209,10.5,14.1,0,0,998.8,0,0,900.2,0,0,inf,1,7,353.3,0,0,inf,0,0,900.2,1,2,353.3
124849497,02200209,33.6,13.0,0,0,1019.1,0,0,920.4,0,0,inf,1,6,373.6,0,0,inf,0,0,920.4,1,2,373.6
124849498,02200209,8.9,35.2,0,0,983.1,0,0,884.5,0,0,inf,3,8,217.3,0,0,inf,0,0,884.5,0,3,440.3
124849500,02200209,19.8,20.0,0,0,882.2,0,1,783.5,0,0,inf,4,9,116.4,0,0,inf,0,1,783.5,1,5,381.1
124849503,02200209,59.7,47.9,0,0,1028.5,0,0,929.9,0,0,inf,1,6,383.1,0,0,inf,0,0,929.9,1,2,383.1
124849504,02200209,14.6,45.2,0,0,977.7,0,0,879.1,0,0,inf,3,8,211.9,0,0,inf,0,0,879.1,0,3,465.6
124849505,02200209,11.6,20.2,0,0,899.5,0,0,800.9,0,0,inf,4,9,133.7,0,0,inf,0,0,800.9,1,4,398.4
124849506,02200209,14.8,13.7,0,0,1020.4,0,0,921.8,0,0,inf,1,6,375.0,0,0,inf,0,0,921.8,1,2,375.0
124849507,02200209,21.6,31.6,0,0,922.5,0,0,823.9,0,0,inf,3,9,156.7,0,0,inf,0,0,823.9,0,4,421.5
124850918,02200209,15.0,24.4,0,0,1073.2,0,0,884.4,0,0,inf,2,7,201.9,0,0,inf,0,0,884.4,0,3,449.0
125350112,02500726,47.6,28.7,0,0,1266.7,0,0,807.2,0,4,432.9,0,0,807.2,0,0,inf,0,0,807.2,0,1,546.4
125350115,02500726,47.8,27.5,0,0,1230.5,0,1,770.9,1,5,396.7,0,1,770.9,0,0,inf,0,1,770.9,0,2,510.2
125350119,02500726,31.9,42.9,0,0,1514.4,0,1,676.1,2,4,222.8,0,1,676.1,0,0,inf,0,1,676.1,2,3,222.8
125350121,02500726,18.0,16.8,0,0,1295.1,0,0,835.5,0,4,461.2,0,0,835.5,0,0,inf,0,0,835.5,0,1,574.8
125350123,02500726,48.2,32.4,0,0,1264.3,0,0,804.8,0,4,430.5,0,0,804.8,0,0,inf,0,0,804.8,0,1,544.1
125350126,02500726,47.0,28.0,0,0,1196.0,0,1,736.5,2,5,362.2,0,2,736.5,0,0,inf,0,1,736.5,0,2,475.7
125360274,02500726,46.3,33.1,0,0,1265.7,0,0,981.3,0,3,601.2,0,0,981.3,0,0,inf,0,0,981.3,0,1,720.5
125360276,02500726,58.8,20.1,0,0,1306.8,0,0,1022.4,0,3,642.3,0,0,1022.4,0,0,inf,0,0,1022.4,0,1,761.6
125360277,02500726,47.4,15.7,0,0,1131.8,0,1,795.1,0,5,415.0,0,1,795.1,0,0,inf,0,1,795.1,0,2,534.4
125360278,02500726,47.8,32.5,0,0,1247.7,0,0,963.2,0,3,583.1,0,0,963.2,0,0,inf,0,0,963.2,0,1,702.4
125360279,02500726,46.8,32.7,0,0,1213.0,0,0,928.6,0,3,548.5,0,0,928.6,0,0,inf,0,0,928.6,0,1,667.8
125360280,02500726,46.8,28.0,0,0,1167.2,0,0,882.7,0,4,502.7,0,0,882.7,0,0,inf,0,0,882.7,0,1,622.0
125553070,02200211,12.8,15.9,0,0,inf,0,1,521.0,0,0,inf,2,6,218.4,0,0,inf,0,1,521.0,2,4,218.4
125553071,02200211,17.0,15.8,0,0,1996.9,0,1,505.3,0,0,inf,2,7,202.7,0,0,inf,0,1,505.3,2,5,202.7
125553073,02200211,17.8,26.8,0,0,1992.3,0,1,529.9,0,0,inf,1,7,227.3,0,0,inf,0,1,529.9,1,5,227.3
125553075,02200211,15.8,16.1,0,0,1968.9,0,2,599.8,0,0,inf,1,7,297.2,0,0,inf,0,2,599.8,1,6,297.2
125553076,02200211,17.2,21.3,0,0,inf,0,1,514.9,0,0,inf,2,6,212.3,0,0,inf,0,1,514.9,2,4,212.3
125553077,02200211,31.1,16.4,0,0,1957.2,0,1,544.1,0,0,inf,1,7,241.5,0,0,inf,0,1,544.1,1,5,241.5
125767606,02500726,39.1,29.3,0,0,1246.8,0,1,787.3,0,5,413.0,0,1,787.3,0,0,inf,0,1,787.3,0,2,526.5
125767607,02500726,24.5,19.1,0,0,1265.4,0,0,805.9,0,4,431.6,0,0,805.9,0,0,inf,0,0,805.9,0,1,545.1
125767608,02500726,26.4,18.3,0,0,1225.9,0,1,766.4,1,5,392.1,0,1,766.4,0,0,inf,0,1,766.4,0,2,505.6
125767609,02500726,17.2,13.8,0,0,1305.3,0,0,845.8,0,4,471.5,0,0,845.8,0,0,inf,0,0,845.8,0,1,585.0
125767610,02500726,17.3,14.2,0,0,1202.5,0,1,743.0,2,5,368.7,0,2,743.0,0,0,inf,0,1,743.0,0,2,482.2
125767611,02500726,38.8,24.4,0,0,1304.6,0,0,845.1,0,4,470.8,0,0,845.1,0,0,inf,0,0,845.1,0,1,584.3
125767612,02500726,40.4,29.7,0,0,1284.7,0,0,825.2,0,4,450.9,0,0,825.2,0,0,inf,0,0,825.2,0,1,564.5
126200721,02500726,17.8,20.0,0,0,1202.4,0,1,638.4,3,6,264.2,0,2,638.4,0,0,inf,0,1,638.4,1,3,377.7
126348152,02400522,43.6,46.9,0,0,1879.0,0,2,620.9,0,4,491.3,0,2,620.9,0,0,1914.5,0,2,620.9,0,4,491.3
126348153,02400522,32.1,19.5,0,0,1805.4,0,2,650.0,0,4,513.9,0,2,650.0,0,0,1943.6,0,2,650.0,0,4,513.9
126348154,02400522,47.2,10.5,0,0,1833.1,0,2,585.1,0,4,462.6,0,2,585.1,0,0,1833.1,0,2,585.1,0,4,462.6
126348155,02400522,37.1,20.1,0,0,1557.8,0,1,689.8,1,4,266.3,0,1,689.8,0,0,inf,0,1,689.8,1,3,266.3
126348156,02400522,24.8,22.5,0,0,1596.0,0,1,710.1,1,4,304.5,0,1,710.1,0,0,inf,0,1,710.1,1,3,304.5
126384727,02500727,47.0,16.1,0,0,1397.0,0,1,797.0,2,5,305.7,0,1,797.0,0,0,inf,0,1,797.0,0,2,613.3
126384728,02500727,40.8,17.9,0,0,1229.2,0,1,607.5,2,6,233.2,0,1,607.5,0,0,inf,0,1,607.5,1,3,346.7
126384730,02500727,52.2,19.6,0,0,1313.7,0,1,526.4,2,6,152.1,0,1,526.4,0,0,inf,0,1,526.4,1,3,265.6
126384731,02500727,31.6,19.2,0,0,1280.2,0,1,559.2,2,6,184.9,0,1,559.2,0,0,inf,0,1,559.2,1,3,298.4
126384732,02500727,25.8,19.4,0,0,1263.2,0,1,576.5,2,6,202.2,0,1,576.5,0,0,inf,0,1,576.5,1,3,315.7
126384733,02500727,46.8,19.9,0,0,1305.0,0,1,535.7,2,6,161.4,0,1,535.7,0,0,inf,0,1,535.7,1,3,274.9
126441025,02400520,109.8,14.4,0,0,1612.5,0,0,1131.6,0,4,462.2,1,4,266.6,0,0,inf,0,0,1131.6,0,4,462.2
126441026,02400520,41.4,15.4,0,0,1577.5,0,0,1168.0,0,4,460.5,1,4,246.9,0,0,inf,0,0,1168.0,0,4,460.5
126441029,02400520,65.6,16.9,0,0,1621.2,0,0,1069.8,0,4,410.5,1,5,142.2,0,0,inf,0,0,1069.8,0,4,410.5
126441031,02400520,39.7,12.4,0,0,1551.8,0,0,1190.3,1,4,332.9,2,5,119.3,0,0,inf,0,0,1190.3,1,4,332.9
126484947,02400522,39.1,19.8,0,0,1794.9,0,2,661.0,0,4,503.4,0,2,661.0,0,0,1954.6,0,2,661.0,0,4,503.4
126484948,02400522,33.7,20.4,0,0,1847.7,0,2,609.4,0,4,479.8,0,2,609.4,0,0,1903.1,0,2,609.4,0,4,479.8
126484949,02400522,31.8,45.9,0,0,1844.7,0,2,663.4,0,4,533.8,0,2,663.4,0,0,1957.0,0,2,663.4,0,4,533.8
126484950,02400522,22.0,20.1,0,0,1752.5,0,2,704.0,0,4,460.9,0,2,704.0,0,0,1980.7,0,2,704.0,0,4,460.9
126484951,02400522,22.6,19.7,0,0,1736.4,0,2,719.4,0,4,444.9,0,2,719.4,0,0,1964.6,0,2,719.4,0,4,444.9
126484952,02400522,17.8,18.8,0,0,1809.1,0,2,644.8,0,4,515.2,0,2,644.8,0,0,1938.4,0,2,644.8,0,4,515.2
126484953,02400522,42.5,19.9,0,0,1776.4,0,2,679.7,0,4,484.8,0,2,679.7,0,0,1973.3,0,2,679.7,0,4,484.8
126506931,02500726,36.7,42.1,0,0,1416.7,0,0,957.1,0,3,582.9,0,0,957.1,0,0,inf,0,0,957.1,0,1,696.4
126506932,02500726,35.1,20.2,0,0,1253.6,0,1,587.6,2,6,213.3,0,1,587.6,0,0,inf,0,1,587.6,1,3,326.8
126506933,02500726,112.4,15.3,0,0,1405.7,0,1,481.5,2,5,107.2,0,1,481.5,0,0,inf,0,1,481.5,1,3,165.0
126506934,02500726,18.4,31.7,0,0,1406.3,0,0,946.7,0,3,572.4,0,0,946.7,0,0,inf,0,0,946.7,0,1,686.0
126506935,02500726,18.4,21.2,0,0,1234.5,0,1,608.7,2,6,234.4,0,1,608.7,0,0,inf,0,1,608.7,1,3,347.9
126506936,02500726,38.2,20.7,0,0,1320.8,0,1,521.4,2,6,147.1,0,1,521.4,0,0,inf,0,1,521.4,1,3,260.6
126506937,02500726,20.4,21.1,0,0,1354.9,0,1,488.2,2,5,113.9,0,1,488.2,0,0,inf,0,1,488.2,1,3,227.4
126506938,02500726,19.4,40.2,0,0,1451.9,0,1,494.6,2,5,153.4,0,1,494.6,0,0,inf,0,1,494.6,1,3,168.6
126506939,02500726,51.8,20.2,0,0,1270.3,0,1,570.9,2,6,196.6,0,1,570.9,0,0,inf,0,1,570.9,1,3,310.1
126506940,02500726,29.8,31.2,0,0,1344.1,0,1,519.1,2,5,144.8,0,1,519.1,0,0,inf,0,1,519.1,1,3,258.3
126506941,02500726,17.9,47.2,0,0,1585.3,0,1,526.1,2,5,72.8,0,1,526.1,0,0,inf,0,1,526.1,1,3,72.8
126506942,02500726,35.0,43.2,0,0,1319.2,0,1,568.1,2,6,193.8,0,1,568.1,0,0,inf,0,1,568.1,1,3,307.3
126506943,02500726,35.5,21.4,0,0,1302.3,0,1,541.4,2,6,167.1,0,1,541.4,0,0,inf,0,1,541.4,1,3,280.6
126506944,02500726,3.1,32.6,0,0,1225.9,0,1,640.2,2,6,265.9,0,1,640.2,0,0,inf,0,1,640.2,1,3,379.4
126603379,02400624,21.1,17.6,0,1,655.6,0,1,655.6,0,4,404.8,2,4,265.0,0,0,1232.5,0,1,655.6,0,5,404.8
126603380,02400624,19.5,18.0,0,1,737.8,0,1,737.8,0,4,487.0,2,4,176.2,0,0,1233.0,0,1,737.8,0,5,472.1
126603381,02400624,47.7,16.0,0,1,716.0,0,1,716.0,0,4,465.2,2,4,201.4,0,0,1203.9,0,1,716.0,0,5,465.2
126603382,02400624,48.3,24.4,0,1,610.6,0,1,610.6,1,5,359.7,2,4,171.9,0,0,1373.0,0,1,610.6,1,6,359.7
127196279,02500727,74.6,15.9,0,0,1288.2,0,2,623.3,0,7,478.8,0,2,623.3,0,0,inf,0,2,623.3,0,3,623.3
127196280,02500727,13.2,34.6,0,0,1373.2,0,2,600.4,0,6,486.9,0,2,600.4,0,0,inf,0,2,600.4,0,3,600.4
127239016,02500727,44.7,19.2,0,0,1513.8,0,1,736.7,3,6,262.9,0,1,736.7,0,0,inf,0,1,736.7,0,2,610.8
127252857,02400522,26.3,14.8,0,0,1723.8,0,1,728.4,0,2,583.9,0,1,728.4,0,0,1790.3,0,1,728.4,0,3,583.9
127252860,02400522,26.5,14.6,0,0,1661.1,0,1,759.3,0,2,646.2,0,1,759.3,0,0,1749.1,0,1,759.3,0,3,646.2
127252862,02400522,26.2,37.4,0,0,1724.1,0,1,773.2,0,2,628.7,0,1,773.2,0,0,1790.6,0,1,773.2,0,3,628.7
127252864,02400522,45.1,21.5,0,0,1646.4,0,0,825.6,0,3,499.2,0,0,825.6,0,0,inf,0,0,825.6,0,2,499.2
127252868,02400522,35.7,13.5,0,0,1690.9,0,1,758.6,0,2,614.1,0,1,758.6,0,0,1757.4,0,1,758.6,0,3,614.1
127311031,02400521,16.6,16.1,0,0,1388.3,0,2,640.2,0,2,529.1,1,4,351.9,0,0,1388.3,0,2,640.2,0,4,529.1
127311032,02400521,12.9,15.2,0,0,1351.3,1,1,322.2,0,3,516.2,2,4,237.3,0,0,1351.3,1,1,322.2,1,4,322.2
127311034,02400521,11.9,17.0,0,0,1343.8,1,1,314.7,0,3,527.2,2,4,248.4,0,0,1343.8,1,1,314.7,1,4,314.7
127311039,02400521,25.1,17.4,0,0,1269.1,1,1,240.0,0,2,602.9,2,5,240.0,0,0,1269.1,1,1,240.0,1,3,240.0
127311040,02400521,19.9,17.2,0,0,1352.1,0,2,603.9,0,2,567.5,1,4,390.4,0,0,1352.1,0,2,603.9,0,4,567.5
127311041,02400521,24.5,16.6,0,0,1306.7,1,1,277.6,0,2,563.6,2,4,277.6,0,0,1306.7,1,1,277.6,1,3,277.6
127311042,02400521,18.5,17.2,0,0,1371.1,0,2,623.0,0,2,548.5,1,4,371.3,0,0,1371.1,0,2,623.0,0,4,548.5
127311046,02400521,17.7,17.1,0,0,1335.8,0,2,587.7,0,2,583.5,0,5,406.3,0,0,1335.8,0,2,587.7,0,4,583.5
127311048,02400521,23.6,17.0,0,0,1289.6,1,1,260.5,0,2,581.4,2,5,260.5,0,0,1289.6,1,1,260.5,1,3,260.5
127311049,02400521,24.1,16.5,0,0,1327.4,1,1,298.3,0,3,542.7,2,4,263.8,0,0,1327.4,1,1,298.3,1,4,298.3
127344846,02400624,61.5,17.7,0,0,954.9,0,1,703.9,0,6,430.9,2,6,254.1,0,0,1507.4,0,1,703.9,1,9,254.1
127344848,02400624,38.5,26.2,0,0,975.1,0,1,751.8,0,6,468.6,2,6,243.4,0,0,1441.1,0,1,751.8,1,9,300.8
127344850,02400624,56.4,32.2,0,0,975.3,0,1,752.1,0,6,480.5,2,5,243.6,0,0,1441.3,0,1,752.1,1,8,301.1
127344852,02400624,21.8,15.8,0,0,934.9,0,1,711.7,0,6,487.9,2,6,203.3,0,0,1401.0,0,1,711.7,1,9,260.7
127344853,02400624,39.1,23.7,0,0,930.6,0,1,707.3,0,6,508.1,2,6,198.9,0,0,1396.6,0,1,707.3,1,9,256.3
127344855,02400624,18.3,13.5,0,0,895.8,0,1,672.6,0,6,517.2,2,6,164.1,0,0,1361.8,0,1,672.6,1,9,221.6
127344859,02400624,214.6,26.0,0,0,1162.9,0,1,571.2,0,5,466.1,1,5,264.4,0,0,1464.5,0,1,571.2,1,8,264.4
127344861,02400624,20.2,22.5,0,0,1075.4,0,1,450.3,0,3,580.5,2,6,168.1,0,0,1343.6,0,1,450.3,1,6,168.1
127344862,02400624,55.4,21.3,0,0,927.9,0,1,595.4,0,5,549.2,2,6,144.5,0,0,1342.3,0,1,595.4,1,8,144.5
127344864,02400624,17.7,21.6,0,0,1086.6,0,1,437.2,0,3,591.2,2,6,179.3,0,0,1330.4,0,1,437.2,1,6,179.3
127344865,02400624,17.6,10.8,0,0,1054.0,0,1,489.9,0,3,577.7,2,6,146.8,0,0,1304.5,0,1,489.9,1,6,146.8
127344867,02400624,45.6,17.7,0,0,997.8,0,1,661.1,0,6,412.9,2,6,211.2,0,0,1485.8,0,1,661.1,1,9,211.2
127344869,02400624,21.1,14.3,0,0,1132.0,0,1,421.0,0,2,636.7,1,6,224.8,0,0,1314.2,0,1,421.0,1,5,224.8
127344870,02400624,96.9,18.0,0,0,1066.9,0,1,610.6,0,5,429.7,2,7,82.9,0,0,1357.5,0,1,610.6,1,9,82.9
127344871,02400624,119.0,11.1,0,0,1085.9,0,1,521.8,0,3,609.6,2,6,178.7,0,0,1273.4,0,1,521.8,1,6,178.7
127496610,02400522,31.2,16.9,0,0,1670.2,0,1,570.9,1,4,378.5,0,1,570.9,0,0,inf,0,1,570.9,1,3,378.5
127496611,02400522,47.5,43.1,0,0,1734.4,0,1,559.2,1,4,366.8,0,1,559.2,0,0,inf,0,1,559.2,1,3,366.8
127522758,02500833,57.6,19.8,0,0,994.1,0,1,792.1,5,11,121.4,2,7,225.0,0,0,1349.6,0,1,792.1,6,12,121.4
127522761,02500833,45.5,31.8,0,0,1080.1,0,0,823.5,4,10,207.4,2,5,256.5,0,0,1366.7,0,0,823.5,5,11,207.4
127522762,02500833,46.4,29.1,0,0,1107.1,0,0,850.5,4,10,234.4,2,5,266.6,0,0,1334.2,0,0,850.5,5,11,234.4
127522763,02500833,71.8,16.6,0,0,1134.8,0,0,857.4,4,10,232.2,2,5,230.4,0,0,1250.2,0,0,857.4,5,11,230.4
127522768,02500833,34.2,16.4,0,0,1108.1,0,0,883.8,3,10,205.5,2,5,256.8,0,0,1223.5,0,0,883.8,5,11,205.5
127522769,02500833,35.0,15.9,0,0,1088.9,0,0,902.0,3,10,186.3,2,5,275.1,0,0,1204.3,0,0,902.0,5,11,186.3
127522771,02500833,64.0,16.5,0,0,1065.1,0,0,926.9,3,10,162.6,1,5,299.9,0,0,1180.5,0,0,926.9,4,11,162.6
127522773,02500833,47.2,33.8,0,0,1003.6,0,0,962.6,4,10,101.0,2,6,395.5,0,0,1214.6,0,0,962.6,6,11,101.0
127522777,02500833,43.0,29.1,0,0,968.8,0,0,927.8,4,10,66.2,1,6,360.7,0,0,1232.4,0,0,927.8,5,11,66.2
127522786,02500833,36.7,39.4,0,0,980.3,0,0,845.1,5,9,107.6,1,5,278.0,0,0,1335.8,0,0,845.1,5,10,107.6
127522787,02500833,36.1,19.5,0,0,970.3,0,0,815.3,5,9,97.5,2,5,248.3,0,0,1325.7,0,0,815.3,6,10,97.5
127522793,02500833,35.9,16.7,0,0,939.6,0,0,898.6,5,10,37.0,1,7,331.5,0,0,1236.9,0,0,898.6,5,11,37.0
128110858,02200212,52.5,10.7,0,0,inf,0,1,486.9,0,0,inf,1,9,104.8,0,0,inf,0,1,486.9,0,6,434.3
128110862,02200212,18.0,22.9,0,0,inf,0,2,562.7,0,0,inf,2,10,139.2,0,0,inf,0,2,562.7,2,7,139.2
128496007,02500728,43.8,32.8,0,0,988.5,0,1,693.0,1,4,300.8,0,1,693.0,0,0,inf,0,1,693.0,0,1,693.0
128496008,02500728,31.9,20.8,0,0,1035.8,0,1,621.9,2,4,229.7,0,1,621.9,0,0,inf,0,1,621.9,0,1,621.9
128496009,02500728,30.5,31.1,0,0,924.4,0,0,819.0,2,4,98.1,0,1,686.1,0,0,inf,0,0,819.0,0,1,686.1
128496010,02500728,36.0,15.0,0,0,936.0,0,1,725.5,1,3,293.5,0,2,725.5,0,0,inf,0,1,725.5,0,2,725.5
128496011,02500728,16.0,17.7,0,0,987.8,0,1,728.7,2,4,27.7,0,2,728.7,0,0,inf,0,1,728.7,0,2,728.7
128496013,02500728,34.6,16.8,0,0,882.8,0,0,832.1,2,5,111.2,0,1,644.5,0,0,inf,0,0,832.1,0,2,644.5
128496017,02500728,32.9,21.1,0,0,1014.0,0,1,644.2,2,4,252.0,0,1,644.2,0,0,inf,0,1,644.2,0,1,644.2
128496018,02500728,18.5,18.3,0,0,972.0,0,1,745.8,2,4,25.0,0,2,733.8,0,0,inf,0,1,745.8,0,2,733.8
128496019,02500728,44.8,18.9,0,0,1110.1,0,1,607.4,2,4,151.5,0,1,607.4,0,0,inf,0,1,607.4,0,1,607.4
128496020,02500728,45.2,14.9,0,0,909.2,0,1,698.8,1,3,320.1,0,2,698.8,0,0,inf,0,1,698.8,0,2,698.8
128496021,02500728,25.1,34.4,0,0,933.3,0,0,831.2,1,3,226.7,0,1,695.0,0,0,inf,0,0,831.2,0,1,695.0
128496023,02500728,84.3,15.8,0,0,933.0,0,1,794.3,1,3,226.4,0,2,694.7,0,0,inf,0,1,794.3,0,2,694.7
128496024,02500728,37.4,17.2,0,0,900.2,0,0,829.8,2,3,193.6,0,1,662.0,0,0,inf,0,0,829.8,0,1,662.0
128496025,02500728,29.2,24.9,0,0,940.0,0,1,725.8,1,4,333.6,0,1,725.8,0,0,inf,0,1,725.8,0,1,725.8
128496026,02500728,31.7,22.5,0,0,972.4,0,1,688.5,2,4,296.3,0,1,688.5,0,0,inf,0,1,688.5,0,1,688.5
128496027,02500728,32.3,26.4,0,0,947.5,0,1,721.3,1,4,329.1,0,1,721.3,0,0,inf,0,1,721.3,0,1,721.3
128496028,02500728,35.1,15.2,0,0,960.2,0,1,765.8,1,3,253.7,0,2,722.0,0,0,inf,0,1,765.8,0,2,722.0
128496029,02500728,34.8,14.8,0,0,960.7,0,1,750.3,1,3,268.3,0,2,736.7,0,0,inf,0,1,750.3,0,2,736.7
128636795,02400522,132.9,26.5,0,0,1619.0,0,2,423.8,2,5,231.4,0,2,423.8,0,0,inf,0,2,423.8,1,4,231.4
128883409,02200209,13.2,19.0,0,0,875.2,0,1,776.6,0,0,inf,3,8,109.4,0,0,inf,0,1,776.6,1,4,374.2
128883411,02200209,12.1,19.0,0,0,890.9,0,1,792.3,0,0,inf,3,8,125.1,0,0,inf,0,1,792.3,1,4,389.9
128971388,02400624,12.7,17.5,0,0,1369.8,0,2,562.2,0,3,464.8,0,5,464.8,0,0,1818.8,0,2,562.2,0,6,464.8
128971389,02400624,25.3,20.8,0,0,1341.0,0,2,597.8,0,3,435.9,0,5,435.9,0,0,1842.6,0,2,597.8,0,6,435.9
128971390,02400624,25.0,24.7,0,0,1339.3,0,2,607.1,0,3,434.2,0,5,434.2,0,0,1840.9,0,2,607.1,0,6,434.2
128982240,02500728,49.1,21.8,0,0,1115.2,0,1,612.5,2,4,220.3,0,1,612.5,0,0,inf,0,1,612.5,0,1,612.5
128982246,02500728,17.4,18.6,0,0,1178.7,0,1,676.0,2,4,182.5,0,1,676.0,0,0,inf,0,1,676.0,0,1,676.0
128982249,02500728,18.3,18.0,0,0,1150.7,0,0,827.4,2,4,143.0,0,0,827.4,0,0,inf,0,0,827.4,0,0,827.4
128982251,02500728,24.6,25.7,0,0,1136.2,0,0,812.9,2,4,172.8,0,0,812.9,0,0,inf,0,0,812.9,0,0,812.9
128982252,02500728,22.3,16.5,0,0,1082.0,0,1,632.1,2,4,121.9,0,1,632.1,0,0,inf,0,1,632.1,0,1,632.1
128982254,02500728,53.0,16.6,0,0,1058.9,0,1,655.5,2,4,98.8,0,1,655.5,0,0,inf,0,1,655.5,0,1,655.5
128982255,02500728,25.8,18.6,0,0,1198.0,0,1,695.4,2,4,163.1,0,1,695.4,0,0,inf,0,1,695.4,0,1,695.4
128982256,02500728,26.3,17.5,0,0,1169.4,0,0,846.1,2,4,123.1,0,0,846.1,0,0,inf,0,0,846.1,0,0,846.1
128982259,02500728,17.5,17.9,0,0,1216.9,0,1,714.2,2,4,142.9,0,1,714.2,0,0,inf,0,1,714.2,0,1,714.2
128982260,02500728,18.1,17.1,0,0,1188.6,0,0,856.3,2,4,103.2,0,0,856.3,0,0,inf,0,0,856.3,0,0,856.3
128982262,02500728,32.0,32.8,0,0,1104.0,0,1,780.7,2,4,143.9,0,1,780.7,0,0,inf,0,1,780.7,0,1,780.7
128982263,02500728,30.9,16.6,0,0,1096.2,0,1,618.2,2,4,136.1,0,1,618.2,0,0,inf,0,1,618.2,0,1,618.2
128999672,02500728,32.7,26.8,0,0,1130.7,0,1,628.0,2,4,235.8,0,1,628.0,0,0,inf,0,1,628.0,0,1,628.0
128999673,02500728,29.1,22.0,0,0,1084.1,0,1,513.9,1,4,342.5,0,1,513.9,0,0,inf,0,1,513.9,0,1,513.9
128999674,02500728,42.3,30.5,0,0,1233.2,0,1,730.5,2,4,151.8,0,1,730.5,0,0,inf,0,1,730.5,0,1,730.5
128999675,02500728,34.2,23.2,0,0,1364.4,0,1,783.7,2,4,145.0,0,1,783.7,0,0,inf,0,1,783.7,0,1,783.7
128999676,02500728,42.4,31.7,0,0,1201.3,0,1,698.6,2,4,186.1,0,1,698.6,0,0,inf,0,1,698.6,0,1,698.6
128999678,02500728,46.4,17.3,0,0,1044.9,0,1,493.1,2,4,262.6,0,1,493.1,0,0,1986.1,0,1,493.1,0,1,493.1
128999679,02500728,42.1,31.0,0,0,1197.0,0,1,626.8,1,4,335.1,0,1,626.8,0,0,inf,0,1,626.8,0,1,626.8
128999680,02500728,40.7,31.5,0,0,1239.7,0,1,737.0,2,4,147.4,0,1,737.0,0,0,inf,0,1,737.0,0,1,737.0
128999681,02500728,42.8,30.1,0,0,1189.9,0,1,619.6,1,4,340.5,0,1,619.6,0,0,inf,0,1,619.6,0,1,619.6
128999682,02500728,41.9,30.8,0,0,1164.2,0,1,594.0,1,4,367.6,0,1,594.0,0,0,inf,0,1,594.0,0,1,594.0
128999684,02500728,41.2,30.9,0,0,1206.2,0,1,703.5,2,4,179.6,0,1,703.5,0,0,inf,0,1,703.5,0,1,703.5
128999685,02500728,41.7,25.9,0,0,1218.5,0,1,648.3,1,4,303.5,0,1,648.3,0,0,inf,0,1,648.3,0,1,648.3
128999686,02500728,39.3,27.9,0,0,1155.4,0,1,585.2,1,4,370.5,0,1,585.2,0,0,inf,0,1,585.2,0,1,585.2
128999687,02500728,41.2,27.0,0,0,1169.9,0,1,667.2,2,4,208.2,0,1,667.2,0,0,inf,0,1,667.2,0,1,667.2
128999689,02500728,38.7,26.4,0,0,1137.7,0,1,567.4,2,4,385.2,0,1,567.4,0,0,inf,0,1,567.4,0,1,567.4
128999690,02500728,65.4,29.5,0,0,1082.4,0,1,530.6,2,4,249.5,0,1,530.6,0,0,inf,0,1,530.6,0,1,530.6
128999692,02500728,17.3,38.4,0,0,1127.8,0,1,557.6,1,3,386.2,0,1,557.6,0,0,inf,0,1,557.6,0,1,557.6
128999694,02500728,13.2,15.8,0,0,1131.2,0,1,628.5,2,4,224.4,0,1,628.5,0,0,inf,0,1,628.5,0,1,628.5
128999696,02500728,17.1,16.2,0,0,1147.9,0,1,645.2,2,4,208.4,0,1,645.2,0,0,inf,0,1,645.2,0,1,645.2
128999698,02500728,16.6,39.3,0,0,1171.0,0,1,668.3,2,4,231.5,0,1,668.3,0,0,inf,0,1,668.3,0,1,668.3
128999703,02500728,16.8,38.6,0,0,1154.0,0,1,651.3,2,4,247.2,0,1,651.3,0,0,inf,0,1,651.3,0,1,651.3
128999704,02500728,17.2,39.8,0,0,1112.8,0,1,542.6,1,3,371.2,0,1,542.6,0,0,inf,0,1,542.6,0,1,542.6
128999708,02500728,38.2,19.1,0,0,1233.2,0,1,662.9,1,4,275.3,0,1,662.9,0,0,inf,0,1,662.9,0,1,662.9
128999710,02500728,34.4,23.3,0,0,1380.8,0,0,800.1,2,4,128.9,0,0,800.1,0,0,inf,0,0,800.1,0,0,800.1
128999711,02500728,44.8,16.5,0,0,1098.6,0,1,546.9,2,4,207.1,0,1,546.9,0,0,inf,0,1,546.9,0,1,546.9
129093140,02400624,25.7,17.7,0,0,1325.0,0,2,412.9,0,5,412.9,0,5,412.9,0,0,1826.6,0,2,412.9,0,7,412.9
129120430,02500726,155.9,15.8,0,1,496.7,0,0,1448.1,1,6,367.7,1,3,367.7,0,0,inf,0,1,496.7,1,6,367.7
129410848,02500726,30.1,15.6,0,1,715.5,0,0,1152.0,0,6,647.8,0,3,707.4,0,0,inf,0,1,715.5,0,4,647.8
129829113,02100102,117.2,11.8,0,0,1441.5,0,0,854.9,0,0,inf,2,5,334.2,0,0,1988.6,0,0,854.9,2,5,334.2
130155078,02100101,12.2,30.1,0,1,447.4,1,3,378.8,0,0,inf,2,5,89.6,0,0,1031.7,1,4,378.8,2,6,89.6
130871061,02500834,36.6,21.3,0,0,929.9,0,0,929.9,4,9,108.6,1,5,373.3,0,0,1336.8,0,0,929.9,5,10,108.6
130871062,02500834,53.8,20.2,0,0,849.7,0,0,849.7,2,8,186.7,0,4,451.3,0,0,1282.5,0,0,849.7,2,9,186.7
130871063,02500834,44.4,15.9,0,0,1023.2,0,0,1023.2,3,10,168.4,0,6,433.9,0,0,1168.4,0,0,1023.2,3,11,168.4
130871064,02500834,23.4,17.2,0,0,968.1,0,0,968.1,2,8,278.0,0,4,543.5,0,0,1209.6,0,0,968.1,2,9,278.0
130871065,02500834,42.8,16.2,0,0,1003.3,0,0,1003.3,3,9,188.9,0,5,454.4,0,0,1188.9,0,0,1003.3,3,10,188.9
130871066,02500834,42.8,16.2,0,0,985.6,0,0,985.6,3,9,206.8,0,5,472.2,0,0,1206.8,0,0,985.6,3,10,206.8
130871067,02500834,80.8,17.7,0,0,805.1,0,0,805.1,1,7,338.6,0,4,550.2,0,0,1125.6,0,0,805.1,1,8,338.6
130871068,02500834,54.1,15.7,0,0,1042.3,0,0,1010.5,3,10,148.9,0,6,414.3,0,0,1148.9,0,0,1010.5,3,11,148.9
130871069,02500834,42.6,15.8,0,0,957.1,0,0,957.1,3,8,267.1,0,4,532.5,0,0,1198.7,0,0,957.1,3,9,267.1
130871070,02500834,44.3,16.5,0,0,965.8,0,0,965.8,3,8,227.1,0,4,492.5,0,0,1207.3,0,0,965.8,3,9,227.1
130871071,02500834,43.3,16.5,0,0,906.2,0,0,906.2,2,8,286.7,0,4,552.2,0,0,1147.8,0,0,906.2,2,9,286.7
130871075,02500834,28.3,13.4,0,0,997.8,0,0,956.8,4,10,95.3,1,6,389.8,0,0,1171.9,0,0,956.8,5,11,95.3
130871076,02500834,30.8,20.2,0,0,870.5,0,0,870.5,2,9,165.9,0,5,430.5,0,0,1303.4,0,0,870.5,2,10,165.9
130871077,02500834,63.4,17.9,0,1,767.5,0,1,767.5,3,8,301.0,0,5,512.7,0,0,1163.6,0,1,767.5,3,9,301.0
130871078,02500834,40.0,20.5,0,0,887.9,0,0,887.9,3,9,149.1,0,5,413.7,0,0,1320.7,0,0,887.9,3,10,149.1
130871079,02500834,55.6,20.5,0,0,828.0,0,0,828.0,2,8,209.0,0,4,473.6,0,0,1260.8,0,0,828.0,2,9,209.0
130871080,02500834,55.7,20.4,0,0,802.1,0,0,802.1,2,8,234.7,0,4,499.4,0,0,1235.0,0,0,802.1,2,9,234.7
131402437,02300417,16.3,10.0,0,0,inf,0,3,506.0,0,0,inf,0,11,426.2,0,0,inf,0,3,506.0,0,6,477.0
131402440,02300417,29.9,20.6,0,0,1898.1,0,3,425.8,0,0,inf,2,16,238.9,0,0,1898.1,0,3,425.8,1,8,238.9
132917076,02300418,2.5,20.7,0,0,inf,0,0,1228.5,0,0,inf,1,3,397.4,0,0,inf,0,0,1228.5,1,3,397.4
132925305,02300419,3.4,6.7,0,0,1284.9,0,0,880.2,0,0,1436.7,2,4,148.9,0,0,inf,0,0,880.2,2,4,148.9
132925307,02300419,2.0,6.0,0,0,1314.0,0,0,909.3,0,0,1465.7,2,4,177.9,0,0,inf,0,0,909.3,2,4,177.9
133155304,02500729,60.1,42.1,0,1,602.5,0,2,499.5,0,3,570.5,0,2,499.5,0,0,1786.5,0,2,499.5,0,4,499.5
133155305,02500729,34.0,48.2,0,1,560.5,0,2,553.6,0,3,528.4,0,2,553.6,0,0,1744.5,0,2,553.6,0,4,528.4
133155308,02500729,56.4,40.2,0,1,651.6,0,2,446.5,0,4,619.5,0,2,446.5,0,0,1775.4,0,2,446.5,0,4,446.5
133155309,02500729,46.6,21.1,0,1,577.0,0,2,577.0,0,4,577.0,0,2,577.0,0,0,1824.0,0,2,577.0,0,4,577.0
133155311,02500729,59.4,42.3,0,1,637.4,0,2,464.9,0,4,605.3,0,2,464.9,0,0,1793.8,0,2,464.9,0,4,464.9
133155312,02500729,60.5,40.7,0,1,616.9,0,2,482.3,0,3,584.8,0,2,482.3,0,0,1800.9,0,2,482.3,0,4,482.3
133155314,02500729,33.2,23.0,0,1,489.0,0,2,489.0,0,3,457.0,0,2,489.0,0,0,1673.0,0,2,489.0,0,4,457.0
133155317,02500729,60.0,41.9,0,1,532.0,0,2,532.0,0,3,500.0,0,2,532.0,0,0,1716.0,0,2,532.0,0,4,500.0
133155318,02500729,68.9,20.0,0,1,727.8,0,2,490.8,0,4,614.3,0,2,490.8,0,0,1819.6,0,2,490.8,0,3,490.8
133155321,02500729,60.9,40.5,0,1,511.8,0,2,511.8,0,3,479.7,0,2,511.8,0,0,1695.8,0,2,511.8,0,4,479.7
133155322,02500729,68.7,18.5,0,1,493.1,0,2,493.1,0,4,493.1,0,2,493.1,0,0,1740.1,0,2,493.1,0,4,493.1
133155324,02500729,62.6,42.8,0,1,671.6,0,2,431.8,0,4,639.6,0,2,431.8,0,0,1760.7,0,2,431.8,0,4,431.8
133155326,02500729,42.5,41.6,0,1,494.0,0,2,494.0,0,4,461.9,0,2,494.0,0,0,1678.0,0,2,494.0,0,4,461.9
133155327,02500729,50.0,16.7,0,1,460.6,0,2,460.6,0,5,428.5,0,2,460.6,0,0,1644.6,0,2,460.6,0,5,428.5
133155329,02500729,38.2,16.4,0,1,554.0,0,2,554.0,0,4,554.0,0,2,554.0,0,0,1801.0,0,2,554.0,0,4,554.0
133155330,02500729,147.1,15.1,0,1,553.9,0,2,494.2,0,3,521.8,0,2,494.2,0,0,1737.9,0,2,494.2,0,4,494.2
133155332,02500729,21.6,17.5,0,1,478.2,0,2,467.9,1,4,322.9,0,3,467.9,0,0,1539.0,0,2,467.9,1,5,322.9
133155337,02500729,38.3,20.4,0,1,533.0,0,2,533.0,0,4,533.0,0,2,533.0,0,0,1780.1,0,2,533.0,0,4,533.0
133155339,02500729,42.0,17.0,0,1,462.4,0,2,462.4,1,4,381.3,0,2,462.4,0,0,1597.4,0,2,462.4,1,5,381.3
133155343,02500729,58.3,20.4,0,1,493.5,0,2,493.5,0,3,461.5,0,2,493.5,0,0,1677.5,0,2,493.5,0,4,461.5
133155344,02500729,38.4,20.5,0,1,626.0,0,2,593.4,0,4,626.0,0,2,593.4,0,0,1873.1,0,2,593.4,0,4,593.4
133155347,02500729,46.2,21.0,0,1,601.8,0,2,601.8,0,4,601.8,0,2,601.8,0,0,1848.9,0,2,601.8,0,4,601.8
133155348,02500729,50.5,32.4,0,1,567.9,0,2,514.7,0,3,535.8,0,2,514.7,0,0,1751.9,0,2,514.7,0,4,514.7
133155350,02500729,47.4,21.0,0,1,701.7,0,2,518.7,0,5,642.3,0,2,518.7,0,0,1847.6,0,2,518.7,0,4,518.7
133155352,02500729,50.4,34.7,0,1,576.3,0,2,510.8,0,3,544.2,0,2,510.8,0,0,1760.3,0,2,510.8,0,4,510.8
133155354,02500729,21.5,18.3,0,1,452.9,0,2,452.9,0,5,452.9,0,2,452.9,0,0,1679.6,0,2,452.9,0,5,452.9
133155355,02500729,61.2,21.8,0,1,499.0,0,2,499.0,1,3,354.3,0,2,499.0,0,0,1570.3,0,2,499.0,1,4,354.3
133155356,02500729,19.5,42.1,0,1,547.7,0,2,547.7,0,4,547.7,0,2,547.7,0,0,1794.7,0,2,547.7,0,4,547.7
139226951,02300417,3.0,11.5,0,0,inf,0,1,582.6,0,0,inf,2,6,113.1,0,0,inf,0,1,582.6,2,4,113.1
139516046,02500834,65.2,18.3,0,1,793.4,0,0,1076.0,1,6,397.4,0,6,640.6,0,1,793.4,0,1,793.4,1,8,397.4
140670252,02200210,26.1,35.1,0,0,inf,0,1,782.5,0,0,inf,3,7,136.8,0,0,inf,0,1,782.5,3,6,136.8
140670256,02200210,43.6,23.0,0,0,inf,0,1,412.2,0,0,inf,0,7,412.2,0,0,inf,0,1,412.2,0,5,412.2
141124499,02500836,19.6,19.9,0,0,1007.4,0,0,inf,0,0,1840.5,2,5,236.3,0,0,1622.8,0,0,1007.4,2,3,236.3
141124500,02500836,19.7,24.5,0,0,1058.1,0,0,inf,0,0,1891.2,4,6,104.4,0,0,1673.6,0,0,1058.1,3,4,104.4
141612807,02500836,11.3,23.8,0,0,1083.3,0,0,inf,0,0,1916.3,3,6,77.7,0,0,1698.7,0,0,1083.3,2,4,77.7
141612808,02500836,18.0,34.7,0,0,1354.6,0,0,inf,0,0,inf,2,5,85.9,0,0,1970.0,0,0,1354.6,2,4,85.9
141612809,02500836,18.2,34.8,0,0,1380.0,0,0,inf,0,0,inf,2,5,60.5,0,0,1995.5,0,0,1380.0,2,4,60.5
141612810,02500836,18.4,34.8,0,0,1404.7,0,0,inf,0,0,inf,2,5,35.7,0,0,inf,0,0,1404.7,2,4,35.7
141612813,02500836,34.6,17.3,0,0,1295.6,0,0,inf,0,0,inf,2,6,227.4,0,0,1911.0,0,0,1295.6,2,4,227.4
141612818,02500836,62.1,86.4,0,0,1381.8,0,0,inf,0,0,1858.8,1,4,258.6,0,0,1997.2,0,0,1381.8,0,2,561.7
141612819,02500836,119.4,13.9,0,0,1195.1,0,0,inf,0,0,1672.0,2,5,81.8,0,0,1810.5,0,0,1195.1,0,3,507.3
141612839,02500836,95.1,12.0,0,0,1191.2,0,0,inf,0,0,1668.1,2,5,77.9,0,0,1806.6,0,0,1191.2,0,3,503.4
141612840,02500836,88.7,14.9,0,0,1260.0,0,0,inf,0,0,1737.0,2,5,136.9,0,0,1875.5,0,0,1260.0,0,3,439.9
141612841,02500836,22.2,32.8,0,0,1321.7,0,0,inf,0,0,inf,2,5,114.8,0,0,1937.2,0,0,1321.7,2,4,114.8
141612843,02500836,195.8,49.5,0,0,1282.1,0,0,inf,0,0,1759.0,2,5,158.9,0,0,1897.5,0,0,1282.1,0,3,461.9
141612873,02500836,52.4,19.8,0,0,1089.2,0,0,inf,0,0,1883.3,2,5,177.0,0,0,1704.6,0,0,1089.2,1,3,177.0
141612889,02500836,88.8,13.9,0,0,1228.2,0,0,inf,0,0,1705.2,2,5,105.1,0,0,1843.7,0,0,1228.2,0,3,475.3
141612895,02500836,17.9,20.4,0,0,1426.7,0,0,inf,0,0,inf,3,5,57.4,0,0,inf,0,0,1426.7,3,4,57.4
141612906,02500836,0.8,50.4,0,0,1399.9,0,0,inf,0,0,inf,1,4,369.8,0,0,inf,0,0,1399.9,1,3,369.8
141639576,02500836,23.8,31.3,0,0,837.4,0,0,inf,0,0,1670.4,2,6,158.0,0,0,1452.8,0,0,837.4,1,4,158.0
141639577,02500836,21.6,16.3,0,0,887.8,0,0,inf,0,0,1602.6,3,5,208.5,0,0,1503.2,0,0,887.8,1,3,208.5
141639578,02500836,17.4,17.5,0,0,827.8,0,0,inf,0,0,1660.9,2,6,159.4,0,0,1443.3,0,0,827.8,1,4,159.4
141639579,02500836,223.7,20.6,0,0,945.0,0,0,inf,0,0,1744.5,3,5,265.6,0,0,1560.4,0,0,945.0,2,3,265.6
141639583,02500836,65.2,22.0,0,0,967.8,0,0,inf,0,0,1682.6,2,5,288.5,0,0,1583.2,0,0,967.8,1,3,288.5
141639585,02500836,6.7,22.1,0,0,1212.2,0,0,inf,0,0,1421.5,0,2,635.6,0,0,1637.1,0,0,1212.2,0,1,748.0
141639586,02500836,48.1,17.9,0,0,1084.9,0,0,inf,0,0,1294.1,0,3,508.3,0,0,1509.8,0,0,1084.9,0,1,620.7
141639589,02500836,12.4,14.6,0,1,780.2,0,0,inf,0,0,1613.3,3,7,100.9,0,0,1395.7,0,1,780.2,2,5,100.9
141639591,02500836,142.0,18.9,0,1,707.9,0,0,inf,0,0,1541.0,2,8,28.6,0,0,1323.4,0,1,707.9,1,6,28.6
141639592,02500836,46.5,15.0,0,0,914.9,0,0,inf,0,0,1490.0,3,5,115.6,0,0,1530.3,0,0,914.9,1,3,235.6
141639595,02500836,13.0,16.5,0,0,967.1,0,0,inf,0,0,1681.9,2,5,287.8,0,0,1582.6,0,0,967.1,1,3,287.8
141639597,02500836,35.6,24.7,0,0,806.1,0,0,inf,0,0,1639.2,3,6,126.8,0,0,1421.6,0,0,806.1,2,4,126.8
141639602,02500836,10.1,17.8,0,0,845.1,0,0,inf,0,0,1678.1,3,6,165.7,0,0,1460.5,0,0,845.1,2,4,165.7
141641947,02500836,27.6,48.2,0,0,1956.7,0,0,inf,0,0,inf,1,2,183.1,0,0,inf,0,0,1956.7,1,2,183.1
141641949,02500836,27.0,22.5,0,0,1921.1,0,0,inf,0,0,inf,1,2,143.6,0,0,inf,0,0,1921.1,1,2,143.6
141641951,02500836,10.7,6.8,0,0,1894.6,0,0,inf,0,0,inf,1,2,120.9,0,0,inf,0,0,1894.6,1,2,120.9
141641952,02500836,12.4,10.7,0,0,1910.9,0,0,inf,0,0,inf,1,2,143.7,0,0,inf,0,0,1910.9,1,2,143.7
141641953,02500836,15.0,16.0,0,0,1921.2,0,0,inf,0,0,inf,1,2,154.1,0,0,inf,0,0,1921.2,1,2,154.1
141641954,02500836,12.2,7.9,0,0,1860.0,0,0,inf,0,0,inf,1,2,96.0,0,0,inf,0,0,1860.0,1,2,96.0
141641955,02500836,12.4,0.2,0,0,1878.2,0,0,inf,0,0,inf,1,2,114.2,0,0,inf,0,0,1878.2,1,2,114.2
141641956,02500836,16.2,14.1,0,0,1898.0,0,0,inf,0,0,inf,1,2,133.9,0,0,inf,0,0,1898.0,1,2,133.9
141641957,02500836,10.3,5.8,0,0,1814.7,0,0,inf,0,0,inf,1,3,50.7,0,0,inf,0,0,1814.7,1,3,50.7
141641958,02500836,12.3,0.9,0,0,1842.0,0,0,inf,0,0,inf,1,2,78.0,0,0,inf,0,0,1842.0,1,2,78.0
141641959,02500836,17.4,17.4,0,0,1866.0,0,0,inf,0,0,inf,1,2,102.0,0,0,inf,0,0,1866.0,1,2,102.0
141641960,02500836,16.6,12.7,0,0,1754.3,0,0,inf,0,0,inf,2,3,80.4,0,0,inf,0,0,1754.3,2,3,80.4
141641961,02500836,5.0,9.8,0,0,1755.7,0,0,inf,0,0,inf,2,3,81.8,0,0,inf,0,0,1755.7,2,3,81.8
141641962,02500836,7.2,15.6,0,0,1808.3,0,0,inf,0,0,inf,1,3,44.3,0,0,inf,0,0,1808.3,1,3,44.3
141790129,02200209,12.7,19.3,0,1,731.6,0,1,632.9,0,0,inf,1,8,86.1,0,0,inf,0,2,632.9,1,4,86.1
141790133,02200209,16.9,9.1,0,0,910.6,0,0,812.0,0,0,inf,3,7,265.2,0,0,inf,0,0,812.0,1,2,265.2
141790136,02200209,29.5,20.8,0,1,725.1,0,1,626.5,0,0,inf,1,8,79.7,0,0,inf,0,2,626.5,1,4,79.7
141790137,02200209,39.4,19.9,0,1,764.9,0,2,666.3,0,0,inf,1,10,119.4,0,0,inf,0,3,666.3,1,6,119.4
141790139,02200209,25.5,19.2,0,0,847.0,0,1,748.4,0,0,inf,1,7,201.6,0,0,inf,0,1,748.4,1,3,201.6
141790140,02200209,15.5,20.0,0,1,744.8,0,1,646.2,0,0,inf,1,8,99.4,0,0,inf,0,2,646.2,1,4,99.4
141790143,02200209,34.1,20.0,0,0,870.0,0,1,771.4,0,0,inf,1,7,224.6,0,0,inf,0,1,771.4,1,3,224.6
141790144,02200209,16.4,20.0,0,0,829.3,0,1,730.6,0,0,inf,1,8,183.8,0,0,inf,0,1,730.6,1,4,183.8
141790765,02200209,24.0,21.3,0,0,881.3,0,1,782.6,0,0,inf,1,8,235.8,0,0,inf,0,1,782.6,1,4,235.8
141790768,02200209,40.6,41.1,0,0,975.6,0,1,576.4,0,0,inf,2,8,219.4,0,0,inf,0,1,576.4,2,4,219.4
141790770,02200209,20.9,21.9,0,0,881.8,0,1,783.2,0,0,inf,1,8,236.3,0,0,inf,0,1,783.2,1,4,236.3
141790771,02200209,57.8,51.1,0,0,955.1,0,1,616.7,0,0,inf,2,7,259.7,0,0,inf,0,1,616.7,2,4,259.7
141790772,02200209,33.2,25.9,0,0,896.1,0,1,797.4,0,0,inf,1,8,250.6,0,0,inf,0,1,797.4,1,4,250.6
141790774,02200209,52.7,39.6,0,0,920.1,0,0,821.5,0,0,inf,1,8,274.7,0,0,inf,0,0,821.5,1,3,274.7
141790775,02200209,60.4,50.6,0,0,974.6,0,1,596.3,0,0,inf,2,7,239.4,0,0,inf,0,1,596.3,2,4,239.4
141817657,02200209,15.3,25.3,0,0,1348.9,0,2,610.7,0,0,inf,2,10,189.6,0,0,inf,0,2,610.7,0,6,551.6
141817662,02200209,17.8,27.3,0,0,1369.3,0,2,594.3,0,0,inf,2,10,182.3,0,0,inf,0,2,594.3,0,6,539.5
141817663,02200209,21.9,23.1,0,0,1327.5,0,2,627.6,0,0,inf,2,10,168.1,0,0,inf,0,2,627.6,0,6,530.2
141817666,02200209,19.6,20.6,0,0,1304.4,0,2,645.7,0,0,inf,2,10,145.0,0,0,inf,0,2,645.7,0,6,507.1
141818510,02200209,14.7,18.6,0,0,1520.9,0,2,568.7,0,0,inf,2,9,156.7,0,0,inf,0,2,568.7,0,5,513.9
141818514,02200209,10.6,15.6,0,0,1528.9,0,2,576.7,0,0,inf,2,9,164.7,0,0,inf,0,2,576.7,0,5,521.9
141818519,02200209,10.6,16.3,0,0,1545.6,0,2,593.4,0,0,inf,2,8,181.4,0,0,inf,0,2,593.4,0,5,538.6
141818521,02200209,24.3,11.9,0,0,1425.7,0,2,575.2,0,0,inf,2,10,163.2,0,0,inf,0,2,575.2,0,6,520.4
141818522,02200209,3.8,78.3,0,0,1535.4,0,2,684.9,0,0,inf,2,8,272.9,0,0,inf,0,2,684.9,0,5,630.1
141818526,02200209,12.2,9.5,0,0,1416.1,0,2,565.6,0,0,inf,2,11,153.6,0,0,inf,0,2,565.6,0,6,510.8
141818528,02200209,30.3,20.0,0,0,1281.1,0,2,667.7,0,0,inf,2,10,121.8,0,0,inf,0,2,667.7,0,6,483.8
141910349,02500833,39.9,16.9,0,0,1098.6,0,1,557.2,2,7,121.8,2,6,121.8,0,0,1098.6,0,1,557.2,3,10,121.8
141910350,02500834,43.6,35.1,1,1,337.6,0,0,1282.9,0,2,504.4,1,3,337.6,1,1,337.6,1,1,337.6,1,4,337.6
142120843,02400520,22.7,27.4,0,0,1706.9,0,0,1005.1,1,3,389.3,2,4,121.6,0,0,inf,0,0,1005.1,1,3,389.3
142120844,02400520,20.2,20.7,0,0,1503.6,0,0,1271.4,1,4,398.5,2,5,219.1,0,0,inf,0,0,1271.4,1,4,398.5
142701783,02500836,34.1,16.7,0,0,872.6,0,0,inf,0,0,1535.6,3,6,161.2,0,0,1488.1,0,0,872.6,1,4,193.3
143862572,02500834,24.5,16.9,0,1,455.8,0,0,1167.8,1,4,371.6,2,5,256.2,0,1,455.8,0,1,455.8,2,6,256.2
144068891,02100103,93.3,15.1,0,0,1398.6,0,0,856.0,0,0,inf,1,6,240.4,0,0,inf,0,0,856.0,1,6,240.4
144068892,02100103,9.2,43.0,0,0,1407.6,0,0,902.8,0,0,inf,1,6,249.4,0,0,inf,0,0,902.8,1,6,249.4
144068893,02100103,9.6,42.0,0,0,1290.5,0,0,805.9,0,0,inf,1,7,132.3,0,0,1929.2,0,0,805.9,1,6,132.3
144068894,02100103,9.6,42.7,0,0,1385.0,0,0,900.4,0,0,inf,1,6,226.7,0,0,inf,0,0,900.4,1,6,226.7
144068895,02100103,9.8,42.3,0,0,1313.6,0,0,829.0,0,0,inf,1,7,155.3,0,0,1952.2,0,0,829.0,1,6,155.3
144068896,02100103,9.8,42.7,0,0,1362.1,0,0,877.5,0,0,inf,1,6,203.9,0,0,inf,0,0,877.5,1,6,203.9
144068897,02100103,9.8,42.3,0,0,1336.8,0,0,852.2,0,0,inf,1,6,178.6,0,0,1975.5,0,0,852.2,1,6,178.6
144068914,02100102,14.6,36.2,0,0,829.3,0,2,503.4,0,0,inf,1,10,371.1,0,0,1512.9,0,2,503.4,0,8,463.9
144068915,02100102,11.1,37.3,0,0,834.7,0,2,485.6,0,0,inf,1,10,388.0,0,0,1518.4,0,2,485.6,0,8,483.9
144068918,02100102,20.0,16.6,0,0,803.0,0,2,476.0,0,0,inf,1,10,356.3,0,0,1486.7,0,2,476.0,0,8,452.2
144069040,02100103,106.2,15.4,0,0,1272.8,0,1,788.2,0,0,inf,1,8,114.6,0,0,1911.5,0,1,788.2,1,7,114.6
144069041,02100103,13.9,9.8,0,0,1638.6,0,0,1036.8,0,0,inf,0,5,480.3,0,0,inf,0,0,1036.8,0,5,480.3
144069042,02100103,5.3,21.3,0,0,1348.4,0,0,863.8,0,0,inf,1,6,190.2,0,0,1987.1,0,0,863.8,1,6,190.2
144069043,02100103,5.3,21.4,0,0,1368.9,0,0,884.3,0,0,inf,1,6,210.7,0,0,inf,0,0,884.3,1,6,210.7
144069044,02100103,21.0,47.3,0,0,1688.5,0,0,1086.8,0,0,inf,0,5,530.3,0,0,inf,0,0,1086.8,0,5,530.3
144069045,02100103,55.1,14.8,0,0,1263.5,0,1,778.9,0,0,inf,1,8,105.2,0,0,1902.1,0,1,778.9,1,7,105.2
144069046,02100103,22.6,11.4,0,0,1707.0,0,0,1105.3,0,0,inf,0,4,548.8,0,0,inf,0,0,1105.3,0,4,548.8
144069048,02100103,5.5,21.3,0,0,1389.2,0,0,878.0,0,0,inf,1,6,231.0,0,0,inf,0,0,878.0,1,6,231.0
144069049,02100103,63.1,15.7,0,0,1370.3,0,0,885.5,0,0,inf,1,6,212.1,0,0,inf,0,0,885.5,1,6,212.1
144069050,02100103,25.2,15.5,0,0,1303.1,0,0,818.5,0,0,inf,1,7,144.8,0,0,1941.7,0,0,818.5,1,6,144.8
144069510,02100103,21.9,35.4,0,0,1487.9,0,2,718.5,0,0,inf,1,6,374.9,0,0,inf,0,2,718.5,1,6,374.9
144069511,02100103,12.3,14.8,0,0,1496.3,0,2,693.6,0,0,inf,1,6,383.3,0,0,inf,0,2,693.6,1,6,383.3
144069512,02100103,18.9,23.7,0,0,1489.4,0,2,718.3,0,0,inf,1,6,376.4,0,0,inf,0,2,718.3,1,6,376.4
144070085,02100105,116.0,16.8,0,0,1695.7,0,2,436.7,0,0,inf,0,7,413.3,0,0,inf,0,2,436.7,0,6,413.3
144070086,02100105,40.1,15.7,0,0,1643.2,0,2,533.0,0,0,inf,1,8,360.9,0,0,inf,0,2,533.0,1,6,360.9
144070087,02100105,38.5,16.4,0,0,1607.7,0,2,585.4,0,0,inf,0,9,413.3,0,0,inf,0,2,585.4,0,8,413.3
144070088,02100105,76.4,44.5,0,0,1756.9,1,2,350.6,0,0,inf,1,6,350.6,0,0,inf,1,2,350.6,1,6,350.6
144070089,02100105,17.0,21.8,0,0,1710.1,1,2,352.1,0,0,inf,1,7,352.1,0,0,inf,1,2,352.1,1,6,352.1
144070092,02100105,25.7,48.3,0,0,1799.0,1,2,316.1,0,0,inf,1,7,316.1,0,0,inf,1,2,316.1,1,5,316.1
144070093,02100105,20.9,19.9,0,0,1737.4,1,2,320.9,0,0,inf,1,8,320.9,0,0,inf,1,2,320.9,1,6,320.9
144070094,02100105,32.3,16.6,0,0,1621.7,0,2,571.9,0,0,inf,1,8,399.7,0,0,inf,0,2,571.9,1,7,399.7
144070095,02100105,19.9,23.4,0,0,1771.5,1,2,293.8,0,0,inf,1,8,293.8,0,0,inf,1,2,293.8,1,6,293.8
144070097,02100105,26.6,16.6,0,0,1587.7,0,2,607.3,0,0,inf,0,9,435.2,0,0,inf,0,2,607.3,0,8,435.2
144070098,02100105,38.5,14.5,0,0,1688.7,0,2,429.7,0,0,inf,0,7,406.3,0,0,inf,0,2,429.7,0,6,406.3
144070100,02100105,23.1,26.7,0,0,1760.7,1,2,311.3,0,0,inf,1,8,311.3,0,0,inf,1,2,311.3,1,6,311.3
144070104,02100105,42.2,15.0,0,0,1841.2,1,1,245.1,0,0,inf,1,5,245.1,0,0,inf,1,1,245.1,1,3,245.1
144070105,02100105,61.6,52.7,0,0,1731.5,0,2,472.6,0,0,inf,0,6,449.2,0,0,inf,0,2,472.6,0,6,449.2
144070106,02100105,41.4,15.8,0,0,1640.8,0,2,551.1,0,0,inf,1,7,378.9,0,0,inf,0,2,551.1,1,6,378.9
144070108,02100105,34.8,34.4,0,0,1800.1,1,2,287.2,0,0,inf,1,7,287.2,0,0,inf,1,2,287.2,1,5,287.2
144070109,02100105,29.4,34.9,0,0,1806.2,1,1,282.1,0,0,inf,1,6,282.1,0,0,inf,1,1,282.1,1,4,282.1
144070161,02100103,20.0,18.1,0,0,1384.0,0,1,614.6,0,0,inf,2,7,271.0,0,0,inf,0,1,614.6,2,5,271.0
144070162,02100103,21.0,18.1,0,0,1365.5,0,1,555.3,0,0,inf,2,7,252.5,0,0,inf,0,1,555.3,2,5,252.5
144070212,02100106,9.6,27.2,0,0,1654.4,0,2,544.2,0,0,inf,1,8,372.0,0,0,inf,0,2,544.2,1,7,372.0
144115533,02100101,32.3,13.1,0,1,639.5,0,1,640.6,0,0,inf,1,6,293.0,0,0,1210.2,0,2,639.5,1,5,293.0
145038737,02100104,97.2,15.3,0,0,1664.9,1,1,195.3,0,0,inf,2,7,195.3,0,0,inf,1,1,195.3,2,4,195.3
145038739,02300314,15.8,19.1,0,0,1840.5,0,2,408.2,0,0,inf,4,13,119.2,0,0,1840.5,0,2,408.2,2,5,119.2
145132305,02100101,13.1,17.1,0,1,570.2,0,1,571.3,0,0,inf,1,7,223.7,0,0,1140.9,0,2,570.2,1,6,223.7
145132308,02100101,14.3,6.5,0,1,614.0,0,1,615.0,0,0,inf,1,7,267.4,0,0,1184.6,0,2,614.0,1,6,267.4
145228454,02200209,39.4,32.5,0,0,1737.2,0,1,524.5,0,0,inf,0,7,524.5,0,0,inf,0,1,524.5,0,5,524.5
145228456,02200209,48.6,34.4,0,0,1502.7,1,1,370.5,0,0,inf,2,10,370.5,0,0,inf,1,1,370.5,2,7,370.5
145228457,02200209,33.0,19.1,0,0,1339.6,0,1,503.2,0,0,inf,1,10,208.0,0,0,1968.2,0,1,503.2,1,7,208.0
145228462,02200209,27.5,32.4,0,0,1730.5,0,1,517.7,0,0,inf,0,7,517.7,0,0,inf,0,1,517.7,0,5,517.7
145228661,02200211,33.8,20.5,0,0,1996.7,0,1,492.3,0,0,inf,0,7,408.3,0,0,inf,0,1,492.3,0,6,408.3
145228665,02200211,36.6,20.1,0,0,1981.2,0,1,476.8,0,0,inf,0,7,423.0,0,0,inf,0,1,476.8,0,6,423.0
145228666,02200211,40.5,27.9,0,0,1943.2,0,1,438.8,0,0,inf,0,7,438.8,0,0,inf,0,1,438.8,0,6,438.8
145228667,02200211,34.4,29.8,0,0,1938.6,0,1,434.2,0,0,inf,0,7,434.2,0,0,inf,0,1,434.2,0,6,434.2
145228946,02200211,33.8,29.3,0,0,inf,0,1,608.3,0,0,inf,1,6,305.9,0,0,inf,0,1,608.3,1,5,305.9
145228947,02200211,33.5,27.5,0,0,inf,0,1,636.9,0,0,inf,1,5,273.7,0,0,inf,0,1,636.9,1,4,273.7
145228950,02200211,15.4,40.6,0,0,inf,0,1,470.4,0,0,inf,1,6,286.4,0,0,inf,0,1,470.4,1,6,286.4
145228952,02200211,28.2,34.5,0,0,inf,0,1,576.2,0,0,inf,1,6,348.4,0,0,inf,0,1,576.2,1,5,348.4
145228953,02200211,33.1,27.9,0,0,inf,0,1,643.0,0,0,inf,1,5,268.4,0,0,inf,0,1,643.0,1,4,268.4
145228954,02200211,33.5,28.2,0,0,inf,0,1,486.8,0,0,inf,1,6,245.4,0,0,inf,0,1,486.8,1,6,245.4
145228955,02200211,30.0,15.7,0,0,inf,0,1,512.7,0,0,inf,1,6,374.2,0,0,inf,0,1,512.7,1,5,374.2
145228959,02200211,33.9,29.8,0,0,inf,0,1,483.0,0,0,inf,1,6,252.3,0,0,inf,0,1,483.0,1,6,252.3
145228961,02200211,29.5,36.3,0,0,inf,0,1,551.8,0,0,inf,1,6,376.4,0,0,inf,0,1,551.8,1,5,376.4
145229317,02200211,69.0,48.7,0,0,inf,0,1,696.4,0,0,inf,1,5,256.6,0,0,inf,0,1,696.4,1,4,256.6
145229319,02200211,17.1,16.8,0,0,inf,0,1,517.4,0,0,inf,1,7,191.9,0,0,inf,0,1,517.4,1,7,191.9
145229320,02200211,20.9,16.9,0,0,inf,0,1,535.6,0,0,inf,1,7,173.9,0,0,inf,0,1,535.6,1,7,173.9
145229321,02200211,41.4,37.3,0,0,inf,0,1,697.5,0,0,inf,1,5,232.6,0,0,inf,0,1,697.5,1,4,232.6
145229322,02200211,26.3,26.5,0,0,inf,0,1,713.6,0,0,inf,1,5,194.9,0,0,inf,0,1,713.6,1,4,194.9
145229323,02200211,36.5,24.0,0,0,inf,0,1,705.0,0,0,inf,1,5,198.5,0,0,inf,0,1,705.0,1,4,198.5
145229569,02200211,23.4,16.5,0,0,inf,0,2,631.0,0,0,inf,2,8,77.7,0,0,inf,0,2,631.0,2,8,77.7
145229570,02200211,17.0,16.7,0,0,inf,0,1,607.5,0,0,inf,2,7,101.5,0,0,inf,0,1,607.5,2,7,101.5
145229572,02200211,21.8,16.7,0,0,inf,0,2,686.8,0,0,inf,2,7,22.2,0,0,inf,0,2,686.8,2,7,22.2
145229575,02200211,25.7,23.4,0,0,inf,0,2,741.0,0,0,inf,1,6,161.4,0,0,inf,0,2,741.0,1,6,161.4
145229576,02200211,16.8,32.1,0,0,inf,0,1,595.2,0,0,inf,2,7,144.7,0,0,inf,0,1,595.2,2,7,144.7
145229578,02200211,37.4,16.0,0,0,inf,0,2,703.4,0,0,inf,2,7,40.4,0,0,inf,0,2,703.4,2,7,40.4
145229582,02200211,22.8,25.0,0,0,inf,0,2,731.8,0,0,inf,1,7,121.1,0,0,inf,0,2,731.8,1,7,121.1
145229584,02200211,25.1,25.0,0,0,inf,0,2,747.8,0,0,inf,1,7,157.7,0,0,inf,0,2,747.8,1,7,157.7
145229585,02200211,35.3,28.5,0,0,inf,0,2,742.5,0,0,inf,1,7,131.8,0,0,inf,0,2,742.5,1,7,131.8
145232340,02200211,20.4,17.9,0,0,inf,0,2,720.5,0,0,inf,2,8,109.7,0,0,inf,0,2,720.5,2,7,109.7
145232345,02200211,46.7,24.4,0,0,inf,0,0,804.8,0,0,inf,1,5,257.5,0,0,inf,0,0,804.8,1,4,257.5
145232346,02200211,19.8,17.9,0,0,inf,0,1,765.6,0,0,inf,1,7,154.9,0,0,inf,0,1,765.6,1,6,154.9
145232348,02200211,23.1,17.8,0,0,inf,0,1,743.5,0,0,inf,1,7,132.7,0,0,inf,0,1,743.5,1,6,132.7
145232352,02200211,23.0,18.8,0,0,inf,0,2,654.0,0,0,inf,3,8,95.6,0,0,inf,0,2,654.0,3,7,95.6
145232354,02200211,22.1,17.4,0,0,inf,0,1,788.9,0,0,inf,1,7,178.2,0,0,inf,0,1,788.9,1,6,178.2
145232359,02200211,33.6,15.8,0,0,inf,0,1,721.0,0,0,inf,1,6,253.4,0,0,inf,0,1,721.0,1,5,253.4
145232362,02200211,24.7,19.2,0,0,inf,0,2,633.8,0,0,inf,2,8,116.6,0,0,inf,0,2,633.8,2,7,116.6
145232794,02200211,41.9,16.7,0,0,inf,0,2,690.5,0,0,inf,1,6,237.8,0,0,inf,0,2,690.5,1,5,237.8
145232795,02200211,9.4,15.1,0,0,inf,0,2,722.5,0,0,inf,1,6,269.8,0,0,inf,0,2,722.5,1,5,269.8
145232796,02200211,7.8,33.9,0,0,inf,0,2,730.5,0,0,inf,1,6,277.8,0,0,inf,0,2,730.5,1,5,277.8
145232797,02200211,10.1,15.2,0,0,inf,0,2,710.2,0,0,inf,1,6,257.6,0,0,inf,0,2,710.2,1,5,257.6
145232798,02200211,12.6,39.7,0,0,inf,0,1,686.1,0,0,inf,2,5,269.2,0,0,inf,0,1,686.1,2,4,269.2
145232799,02200211,15.7,14.5,0,0,inf,0,2,722.8,0,0,inf,2,7,112.0,0,0,inf,0,2,722.8,2,7,112.0
145232800,02200211,14.5,18.3,0,0,inf,0,2,741.3,0,0,inf,1,7,150.8,0,0,inf,0,2,741.3,1,7,150.8
145232801,02200211,14.2,20.3,0,0,inf,0,2,747.1,0,0,inf,1,7,136.3,0,0,inf,0,2,747.1,1,7,136.3
145232802,02200211,19.6,16.5,0,0,inf,0,2,656.4,0,0,inf,3,8,88.4,0,0,inf,0,2,656.4,3,7,88.4
145232803,02200211,14.4,17.6,0,0,inf,0,2,725.6,0,0,inf,1,7,165.2,0,0,inf,0,2,725.6,1,6,165.2
145232804,02200211,4.6,28.5,0,0,inf,0,1,643.3,0,0,inf,2,7,125.8,0,0,inf,0,1,643.3,2,6,125.8
145232805,02200211,16.3,16.0,0,0,inf,0,2,620.0,0,0,inf,2,8,124.0,0,0,inf,0,2,620.0,2,7,124.0
145234793,02200211,43.9,114.0,0,0,inf,0,0,903.5,0,0,inf,1,5,356.2,0,0,inf,0,0,903.5,1,4,356.2
145234794,02200211,44.2,15.0,0,0,inf,0,0,1004.5,0,0,inf,0,4,457.2,0,0,inf,0,0,1004.5,0,4,457.2
145234796,02200211,49.1,117.7,0,0,inf,0,0,1125.1,0,0,inf,0,2,577.9,0,0,inf,0,0,1125.1,0,2,577.9
145234797,02200211,83.0,86.2,0,0,inf,0,0,840.9,0,0,inf,2,5,211.8,0,0,inf,0,0,840.9,2,5,211.8
145234799,02200211,21.6,73.2,0,0,inf,0,0,825.8,0,0,inf,2,4,230.8,0,0,inf,0,0,825.8,2,4,230.8
145234802,02200211,30.9,73.2,0,0,inf,0,0,872.5,0,0,inf,2,4,277.6,0,0,inf,0,0,872.5,2,4,277.6
145234803,02200211,3.1,57.3,0,0,inf,0,0,1064.8,0,0,inf,0,2,517.5,0,0,inf,0,0,1064.8,0,2,517.5
145234807,02200211,4.1,42.4,0,0,inf,0,0,1049.9,0,0,inf,0,3,502.6,0,0,inf,0,0,1049.9,0,3,502.6
145234809,02200211,55.3,109.3,0,0,inf,0,0,898.9,0,0,inf,1,5,351.6,0,0,inf,0,0,898.9,1,4,351.6
145235598,02200211,4.9,56.9,0,0,inf,0,1,758.7,0,0,inf,2,6,129.5,0,0,inf,0,1,758.7,2,6,129.5
145235599,02200211,24.8,36.6,0,0,inf,0,0,894.0,0,0,inf,1,3,255.3,0,0,inf,0,0,894.0,1,3,255.3
145235600,02200211,8.4,98.5,0,0,inf,0,0,803.7,0,0,inf,2,5,174.5,0,0,inf,0,0,803.7,2,5,174.5
145235601,02200211,52.9,37.7,0,0,inf,0,0,872.0,0,0,inf,1,3,233.3,0,0,inf,0,0,872.0,1,3,233.3
145235602,02200211,51.5,93.1,0,0,inf,0,0,1069.1,0,0,inf,0,2,521.8,0,0,inf,0,0,1069.1,0,2,521.8
145235603,02200211,13.0,14.0,0,0,inf,0,0,860.8,0,0,inf,1,3,222.1,0,0,inf,0,0,860.8,1,3,222.1
145235607,02200211,47.0,28.7,0,0,inf,0,1,769.2,0,0,inf,2,6,140.1,0,0,inf,0,1,769.2,2,6,140.1
145235853,02200211,58.9,28.8,0,0,inf,0,0,996.7,0,0,inf,1,5,116.6,0,0,inf,0,0,996.7,1,5,116.6
145438643,02200209,69.0,28.8,0,0,1169.0,0,1,465.9,0,0,inf,2,7,62.7,0,0,inf,0,1,465.9,1,4,62.7
145438644,02200209,11.8,24.4,0,0,1169.8,0,1,485.3,0,0,inf,2,8,82.1,0,0,inf,0,1,485.3,1,4,82.1
145438648,02200209,39.6,13.5,0,0,934.2,0,1,740.8,0,0,inf,3,9,288.8,0,0,inf,0,1,740.8,2,4,288.8
145438652,02200209,20.3,20.4,0,0,1137.3,0,1,510.0,0,0,inf,2,8,106.8,0,0,inf,0,1,510.0,1,4,106.8
145438653,02200209,24.9,20.6,0,0,1152.7,0,1,495.0,0,0,inf,2,8,91.7,0,0,inf,0,1,495.0,1,4,91.7
145439494,02200209,13.8,22.8,0,0,976.7,0,1,635.1,0,0,inf,3,8,229.5,0,0,inf,0,1,635.1,2,4,272.2
145439498,02200209,23.3,57.4,0,0,1131.7,0,1,582.2,0,0,inf,2,8,186.4,0,0,inf,0,1,582.2,1,4,186.4
145439500,02200209,10.0,20.0,0,0,984.8,0,1,621.2,0,0,inf,3,8,215.6,0,0,inf,0,1,621.2,2,4,258.3
145439503,02200209,19.3,22.0,0,0,1118.1,0,1,525.0,0,0,inf,2,8,129.2,0,0,inf,0,1,525.0,1,4,129.2
145439504,02200209,20.6,24.6,0,0,1114.5,0,1,533.8,0,0,inf,2,8,137.9,0,0,inf,0,1,533.8,1,4,137.9
145439506,02200209,17.5,28.8,0,0,1102.4,0,1,554.3,0,0,inf,2,8,158.5,0,0,inf,0,1,554.3,1,4,158.5
145439507,02200209,19.6,19.3,0,0,1060.3,0,1,577.3,0,0,inf,2,8,181.4,0,0,inf,0,1,577.3,1,4,181.4
145439508,02200209,18.5,19.1,0,0,1084.8,0,1,552.5,0,0,inf,2,8,156.7,0,0,inf,0,1,552.5,1,4,156.7
145439511,02200209,26.4,47.3,0,0,1095.4,0,1,598.3,0,0,inf,2,7,202.4,0,0,inf,0,1,598.3,1,4,202.4
145439512,02200209,22.3,20.2,0,0,1000.5,0,1,606.1,0,0,inf,3,8,200.5,0,0,inf,0,1,606.1,2,4,243.2
145443810,02200209,39.2,36.6,0,0,1151.7,0,1,487.6,0,0,inf,3,8,310.6,0,0,inf,0,1,487.6,1,4,330.8
145443812,02200209,25.1,53.0,0,0,1268.4,0,2,403.8,0,0,inf,2,8,289.8,0,0,inf,0,2,403.8,1,5,349.0
145443814,02200209,21.4,29.5,0,0,1184.6,0,1,440.4,0,0,inf,4,7,326.4,0,0,inf,0,1,440.4,2,4,363.8
145443816,02200209,29.1,38.1,0,0,1374.4,0,2,610.6,0,0,inf,2,10,198.6,0,0,inf,0,2,610.6,0,6,555.8
145443817,02200209,37.6,39.0,0,0,1352.6,0,2,634.4,0,0,inf,2,10,193.2,0,0,inf,0,2,634.4,0,6,555.3
145443819,02200209,25.3,18.9,0,0,1266.4,1,3,337.5,0,0,inf,3,10,223.5,0,0,inf,1,3,337.5,2,7,282.8
145443822,02200209,22.3,32.1,0,0,1101.2,0,1,529.1,0,0,inf,2,8,260.2,0,0,inf,0,1,529.1,1,4,302.9
145443829,02200209,26.5,69.6,0,0,1223.4,0,1,481.9,0,0,inf,2,7,367.9,0,0,inf,0,1,481.9,0,4,402.6
145443832,02200209,10.1,18.5,0,0,1251.0,1,3,352.1,0,0,inf,3,10,238.1,0,0,inf,1,3,352.1,2,7,297.3
145443833,02200209,20.6,18.5,0,0,1074.3,0,1,528.8,0,0,inf,2,8,233.3,0,0,inf,0,1,528.8,1,4,276.0
145443836,02200209,10.0,19.3,0,0,1409.6,0,2,537.9,0,0,inf,2,11,125.9,0,0,inf,0,2,537.9,0,6,483.1
145443840,02200209,18.3,25.5,0,0,1372.8,1,3,371.1,0,0,inf,3,10,130.2,0,0,inf,1,3,371.1,2,7,316.3
145443843,02200209,8.1,19.2,0,0,1150.7,0,1,453.8,0,0,inf,4,8,309.6,0,0,inf,0,1,453.8,2,4,329.8
145443845,02200209,17.0,26.5,0,0,1226.8,1,3,392.3,0,0,inf,4,10,278.3,0,0,inf,1,3,392.3,2,7,337.5
145443848,02200209,22.5,27.2,0,0,1426.4,0,2,424.7,0,0,inf,3,11,80.0,0,0,inf,0,2,424.7,1,7,369.9
145443849,02200209,21.4,31.2,0,0,1070.2,0,1,558.3,0,0,inf,2,8,229.1,0,0,inf,0,1,558.3,1,4,271.8
145443853,02200209,21.0,29.0,0,0,1138.6,0,1,485.6,0,0,inf,3,8,297.5,0,0,inf,0,1,485.6,1,4,318.9
145443855,02200209,19.1,29.9,0,0,1250.5,1,3,375.4,0,0,inf,3,10,261.4,0,0,inf,1,3,375.4,2,7,320.6
145443856,02200209,21.2,30.5,0,0,1121.5,0,1,505.6,0,0,inf,3,8,280.4,0,0,inf,0,1,505.6,1,4,323.2
145443857,02200209,23.4,33.0,0,0,1339.7,0,2,635.2,0,0,inf,2,10,180.4,0,0,inf,0,2,635.2,0,6,542.5
145443861,02200209,35.6,34.6,0,0,1386.2,0,2,591.8,0,0,inf,2,10,179.8,0,0,inf,0,2,591.8,0,6,537.0
145443863,02200209,31.5,35.4,0,0,1393.2,0,2,586.5,0,0,inf,2,11,174.5,0,0,inf,0,2,586.5,0,6,531.7
145444702,02200209,17.2,73.3,0,0,1422.7,0,2,632.8,0,0,inf,2,10,220.8,0,0,inf,0,2,632.8,0,6,578.0
145444705,02200209,12.5,20.3,0,0,1274.0,0,2,675.4,0,0,inf,2,10,114.7,0,0,inf,0,2,675.4,0,6,476.7
145444707,02200209,45.0,20.7,0,0,1297.7,0,2,652.7,0,0,inf,2,10,138.4,0,0,inf,0,2,652.7,0,6,500.4
145444709,02200209,13.6,19.6,0,0,1055.5,0,1,620.0,0,0,inf,2,8,144.2,0,0,inf,0,1,620.0,1,4,257.2
145444710,02200209,19.4,29.2,0,0,1273.4,0,2,693.9,0,0,inf,2,9,114.0,0,0,inf,0,2,693.9,0,5,476.1
145444711,02200209,20.0,17.9,0,0,1039.7,0,1,562.2,0,0,inf,3,8,198.6,0,0,inf,0,1,562.2,2,4,241.4
145444715,02200209,15.9,19.9,0,0,1080.6,0,1,645.1,0,0,inf,2,8,119.8,0,0,inf,0,1,645.1,1,4,282.3
145444716,02200209,31.9,25.1,0,0,1252.4,0,1,706.8,0,0,inf,2,8,93.1,0,0,inf,0,1,706.8,0,4,455.1
145444718,02200209,19.4,19.7,0,0,1069.8,0,1,634.4,0,0,inf,2,8,130.0,0,0,inf,0,1,634.4,1,4,271.5
145445031,02200209,7.6,11.9,0,0,871.0,0,1,772.3,0,0,inf,2,8,225.5,0,0,inf,0,1,772.3,1,4,225.5
146692123,02500729,9.5,50.8,1,1,351.9,1,2,351.9,2,4,351.9,1,2,351.9,0,0,1555.3,1,2,351.9,2,5,351.9
146904633,02500834,124.8,15.7,0,1,501.8,0,0,1213.6,0,4,440.4,0,4,440.4,0,1,501.8,0,1,501.8,0,6,440.4
146985537,02200207,9.5,23.2,0,1,768.7,1,3,81.6,0,0,inf,0,4,410.9,0,0,1216.8,1,4,81.6,1,5,81.6
146987801,02200211,10.4,15.8,0,0,inf,0,1,433.4,0,0,inf,2,6,130.8,0,0,inf,0,1,433.4,2,4,130.8
146987802,02200211,11.5,15.9,0,0,1944.2,0,1,452.6,0,0,inf,1,7,150.0,0,0,inf,0,1,452.6,1,5,150.0
146987804,02200211,32.7,35.1,0,0,inf,0,1,447.3,0,0,inf,2,6,144.6,0,0,inf,0,1,447.3,2,4,144.6
146987805,02200211,6.1,31.1,0,0,inf,0,1,558.1,0,0,inf,2,6,255.5,0,0,inf,0,1,558.1,2,4,255.5
146987806,02200211,2.2,32.8,0,0,1969.5,1,1,371.7,0,0,inf,2,7,69.1,0,0,inf,1,1,371.7,2,5,69.1
146987807,02200211,14.5,15.8,0,0,inf,0,1,444.3,0,0,inf,2,6,141.7,0,0,inf,0,1,444.3,2,4,141.7
146987808,02200211,28.2,19.3,0,0,1924.8,0,1,433.2,0,0,inf,1,7,130.6,0,0,inf,0,1,433.2,1,5,130.6
146987809,02200211,12.8,17.5,0,0,1955.3,0,1,463.7,0,0,inf,1,7,161.1,0,0,inf,0,1,463.7,1,5,161.1
146987811,02200211,30.2,20.1,0,0,inf,0,1,420.4,0,0,inf,2,6,117.8,0,0,inf,0,1,420.4,2,4,117.8
146987812,02200211,8.4,34.7,0,0,1962.9,1,1,382.1,0,0,inf,2,7,79.5,0,0,inf,1,1,382.1,2,5,79.5
146987813,02200211,14.6,16.7,0,0,inf,0,1,537.3,0,0,inf,2,6,234.7,0,0,inf,0,1,537.3,2,4,234.7
152369096,02100101,143.8,24.5,0,1,555.9,0,2,544.4,0,0,inf,3,10,28.7,0,0,1239.5,0,3,544.4,1,7,28.7
152369098,02100101,30.4,11.8,0,1,672.9,1,2,393.3,0,0,inf,2,8,204.1,0,0,1356.6,1,3,393.3,2,5,204.1
152369099,02100101,13.8,9.0,0,1,655.6,1,2,376.0,0,0,inf,3,8,215.7,0,0,1339.2,1,3,376.0,2,5,215.7
152369100,02100101,29.9,12.1,0,1,693.1,0,2,413.5,0,0,inf,1,8,184.4,0,0,1376.8,0,3,413.5,1,5,184.4
152369101,02100101,29.0,17.8,0,1,596.0,0,2,409.7,0,0,inf,2,7,183.3,0,0,1279.6,0,3,409.7,1,4,183.3
152449300,02300419,1.9,9.5,0,0,1046.1,0,0,884.6,0,0,1441.1,3,6,138.9,0,0,inf,0,0,884.6,3,6,138.9
152762368,02200208,20.9,18.3,0,0,1182.5,0,2,478.8,0,0,inf,1,9,141.9,0,0,1945.0,0,2,478.8,1,5,141.9
152762370,02200209,13.5,18.6,0,0,1132.2,0,1,696.8,0,0,inf,2,8,65.5,0,0,inf,0,1,696.8,1,4,333.9
152762371,02200209,13.0,18.7,0,0,1111.9,0,1,676.4,0,0,inf,2,8,86.0,0,0,inf,0,1,676.4,1,4,313.6
152762372,02200209,13.1,18.8,0,0,1092.9,0,1,657.4,0,0,inf,2,8,105.3,0,0,inf,0,1,657.4,1,4,294.5
153709348,02500834,5.1,35.4,0,1,671.2,0,2,670.2,5,10,142.0,1,7,341.9,0,0,1640.4,0,2,670.2,5,11,142.0
153721256,02200212,4.2,41.6,0,0,inf,0,1,608.1,0,0,inf,2,7,229.1,0,0,inf,0,1,608.1,2,5,229.1
153772873,02400520,27.4,22.5,0,0,1175.3,0,0,1140.2,1,4,337.3,1,4,337.3,0,0,inf,0,0,1140.2,1,4,337.3
153772874,02400520,120.3,18.1,0,0,1052.8,0,0,997.9,1,5,217.7,1,5,217.7,0,0,inf,0,0,997.9,1,5,217.7
156119215,02100105,50.1,11.1,0,0,1944.9,0,2,472.1,0,0,inf,1,7,249.8,0,0,inf,0,2,472.1,0,5,472.1
156119216,02100105,47.0,10.8,0,0,1922.4,0,2,449.5,0,0,inf,1,7,227.3,0,0,inf,0,2,449.5,0,5,449.5
157023061,02500834,22.7,15.1,0,1,597.5,0,0,1197.7,0,4,424.5,0,4,424.5,0,1,597.5,0,1,597.5,0,6,424.5
163405286,02500727,27.1,20.2,0,0,1486.9,0,2,429.9,0,6,429.9,0,2,429.9,0,0,inf,0,2,429.9,0,3,429.9
163405287,02500727,23.5,53.4,0,0,1386.8,0,2,624.6,0,6,511.1,0,2,624.6,0,0,inf,0,2,624.6,0,3,624.6
164229184,02400521,5.1,14.4,0,0,1457.5,0,2,664.6,0,2,485.2,1,4,308.0,0,0,1457.5,0,2,664.6,0,4,485.2
165022345,02300419,15.6,29.9,0,0,1453.0,0,2,525.8,0,0,1453.0,1,9,158.7,0,0,inf,0,2,525.8,0,7,498.4
165022346,02300419,25.4,41.4,0,0,1403.6,0,2,476.4,0,0,1403.6,1,9,230.9,0,0,inf,0,2,476.4,0,7,476.4
165022347,02300419,25.2,48.5,0,0,1439.9,0,2,512.7,0,0,1439.9,1,8,208.9,0,0,inf,0,2,512.7,0,6,512.7
165022348,02300419,66.8,36.2,0,0,1520.1,0,2,493.8,0,0,1520.1,1,9,104.0,0,0,inf,0,2,493.8,0,7,443.8
165022351,02300419,25.4,39.3,0,0,1424.9,0,2,497.7,0,0,1424.9,1,8,205.6,0,0,inf,0,2,497.7,0,6,497.7
165022352,02300419,19.0,31.6,0,0,1441.5,0,2,514.3,0,0,1441.5,1,8,173.6,0,0,inf,0,2,514.3,0,6,513.3
165022353,02300419,25.7,37.6,0,0,1482.9,0,2,534.0,0,0,1482.9,1,9,144.2,0,0,inf,0,2,534.0,0,7,483.9
166494015,02100101,25.0,20.4,0,1,442.7,0,2,568.2,0,0,inf,2,10,133.7,0,0,1126.4,0,3,442.7,1,7,133.7
166804939,02100101,15.7,22.6,0,1,424.7,1,3,356.0,0,0,inf,2,5,66.9,0,0,1008.9,1,4,356.0,2,6,66.9
167983784,02200207,0.8,22.9,0,0,817.8,1,3,232.2,0,0,inf,0,3,460.0,0,0,1266.0,1,3,232.2,1,4,232.2
168864762,02200212,20.9,23.1,0,0,inf,0,1,619.4,0,0,inf,3,7,293.9,0,0,inf,0,1,619.4,2,5,303.8
168864763,02200212,65.0,17.3,0,0,inf,0,2,502.6,0,0,inf,2,6,177.1,0,0,inf,0,2,502.6,1,5,334.3
168864764,02200213,17.2,17.4,0,0,inf,1,1,384.1,0,0,inf,2,6,344.1,0,0,inf,1,1,384.1,2,4,344.1
168864765,02200212,20.8,23.5,0,0,inf,0,1,636.2,0,0,inf,3,7,287.7,0,0,inf,0,1,636.2,2,5,287.7
168864766,02200212,17.6,22.3,0,0,inf,0,1,647.8,0,0,inf,3,7,268.8,0,0,inf,0,1,647.8,2,5,268.8
168864767,02200213,17.3,18.9,0,0,inf,0,1,441.5,0,0,inf,1,7,289.6,0,0,inf,0,1,441.5,1,4,289.6
168864768,02200212,14.6,21.2,0,0,inf,0,1,517.5,0,0,inf,1,6,192.0,0,0,inf,0,1,517.5,0,4,401.8
168864769,02200212,14.4,21.2,0,0,inf,0,1,498.2,0,0,inf,1,6,172.7,0,0,inf,0,1,498.2,0,4,421.2
168864770,02200213,25.6,17.7,0,0,inf,1,2,281.9,0,0,inf,1,6,281.9,0,0,inf,1,2,281.9,1,5,281.9
168864771,02200212,10.3,50.3,0,0,inf,0,1,619.8,0,0,inf,2,6,283.0,0,0,inf,0,1,619.8,1,4,283.0
168864772,02200213,41.6,21.7,0,0,inf,1,2,309.2,0,0,inf,2,6,309.2,0,0,inf,1,2,309.2,1,5,309.2
168864773,02200212,21.4,23.1,0,0,inf,0,1,577.6,0,0,inf,2,7,252.1,0,0,inf,0,1,577.6,1,5,345.5
168864774,02200212,21.8,23.1,0,0,inf,0,1,598.7,0,0,inf,2,7,273.2,0,0,inf,0,1,598.7,1,5,324.4
168864775,02200213,17.5,20.0,0,0,inf,0,1,421.5,0,0,inf,1,6,311.9,0,0,inf,0,1,421.5,1,4,311.9
168864776,02200212,30.9,23.4,0,0,inf,0,1,559.2,0,0,inf,2,7,180.2,0,0,inf,0,1,559.2,2,5,180.2
168864777,02200212,47.5,48.6,0,0,inf,0,1,623.9,0,0,inf,2,7,245.0,0,0,inf,0,1,623.9,2,5,245.0
168864778,02200213,18.3,18.8,0,0,inf,0,1,402.7,0,0,inf,1,6,328.2,0,0,inf,0,1,402.7,1,4,328.2
168864779,02200212,17.4,21.1,0,0,inf,0,1,538.1,0,0,inf,2,5,212.6,0,0,inf,0,1,538.1,1,3,381.0
168993999,02400625,6.3,14.4,0,1,539.4,0,0,1017.6,0,0,1017.6,2,6,209.1,0,1,539.4,0,1,539.4,0,3,539.4
169289140,02100103,7.5,15.5,0,0,1322.2,0,0,837.6,0,0,inf,1,7,163.9,0,0,1960.8,0,0,837.6,1,6,163.9
170266370,02100102,93.6,18.4,0,0,956.6,1,3,104.0,0,0,1673.7,2,7,104.0,0,0,1292.7,1,3,104.0,2,7,104.0
171209492,02100105,14.0,19.9,0,0,inf,1,2,181.1,0,0,inf,1,7,181.1,0,0,inf,1,2,181.1,1,4,181.1
172448492,02300417,41.8,6.6,0,0,inf,0,2,683.8,0,0,inf,1,6,208.2,0,0,inf,0,2,683.8,1,5,208.2
172448493,02300417,23.4,19.7,0,0,inf,0,1,551.5,0,0,inf,1,6,328.5,0,0,inf,0,1,551.5,1,4,328.5
172448495,02300417,23.5,41.2,0,0,inf,0,2,708.1,0,0,inf,1,6,232.5,0,0,inf,0,2,708.1,1,5,232.5
172448496,02300417,50.5,16.5,0,0,inf,0,1,591.0,0,0,inf,1,5,368.1,0,0,inf,0,1,591.0,1,3,368.1
172448501,02300417,15.6,12.8,0,0,inf,0,1,548.6,0,0,inf,1,5,186.0,0,0,inf,0,1,548.6,1,4,186.0
172448503,02300417,14.7,23.3,0,0,inf,0,2,616.3,0,0,inf,2,6,94.8,0,0,inf,0,2,616.3,2,5,94.8
172448504,02300417,14.4,18.4,0,0,inf,0,2,692.1,0,0,inf,2,6,106.8,0,0,inf,0,2,692.1,2,5,106.8
172448510,02300417,12.0,15.8,0,0,inf,0,1,500.1,0,0,inf,1,7,277.2,0,0,inf,0,1,500.1,1,4,277.2
172448512,02300417,23.0,16.4,0,0,inf,0,1,530.0,0,0,inf,1,7,307.0,0,0,inf,0,1,530.0,1,4,307.0
172448515,02300417,14.6,18.4,0,0,inf,0,2,675.2,0,0,inf,2,6,123.8,0,0,inf,0,2,675.2,2,5,123.8
172448519,02300417,28.8,26.0,0,0,inf,0,1,579.6,0,0,inf,1,5,217.0,0,0,inf,0,1,579.6,1,4,217.0
172448525,02300417,12.0,2.7,0,0,inf,0,1,538.7,0,0,inf,1,7,176.1,0,0,inf,0,1,538.7,1,4,176.1
172448526,02300417,22.2,22.8,0,0,inf,0,2,601.1,0,0,inf,1,7,206.8,0,0,inf,0,2,601.1,1,5,206.8
172448527,02300417,21.6,19.3,0,0,inf,0,2,618.0,0,0,inf,1,7,182.8,0,0,inf,0,2,618.0,1,5,182.8
172448530,02300417,25.2,35.4,0,0,inf,0,2,665.3,0,0,inf,1,6,275.5,0,0,inf,0,2,665.3,1,5,275.5
172448531,02300417,21.5,38.4,0,0,inf,0,1,552.2,0,0,inf,1,6,329.3,0,0,inf,0,1,552.2,1,4,329.3
172448535,02300417,28.1,18.1,0,0,inf,0,1,572.0,0,0,inf,1,5,349.0,0,0,inf,0,1,572.0,1,3,349.0
172448541,02300417,30.2,15.2,0,0,inf,0,2,610.2,0,0,inf,1,6,247.6,0,0,inf,0,2,610.2,1,5,247.6
172448544,02300417,12.4,42.0,0,0,inf,0,2,650.3,0,0,inf,1,6,287.6,0,0,inf,0,2,650.3,1,5,287.6
172448547,02300417,45.8,1.8,0,0,inf,0,2,642.8,0,0,inf,1,6,167.2,0,0,inf,0,2,642.8,1,5,167.2
172448548,02300417,18.0,23.6,0,0,inf,0,1,589.0,0,0,inf,1,5,316.5,0,0,inf,0,1,589.0,1,4,316.5
172448551,02300417,18.7,16.8,0,0,inf,0,2,607.1,0,0,inf,1,6,384.2,0,0,inf,0,2,607.1,1,4,384.2
172448558,02300417,25.8,26.3,0,0,inf,0,1,575.2,0,0,inf,1,5,212.6,0,0,inf,0,1,575.2,1,4,212.6
172448559,02300417,25.7,19.9,0,0,inf,0,1,487.8,0,0,inf,1,7,264.8,0,0,inf,0,1,487.8,1,4,264.8
172448562,02300417,36.7,19.5,0,0,inf,0,2,672.9,0,0,inf,2,6,86.5,0,0,inf,0,2,672.9,2,5,86.5
172448564,02300417,24.3,19.6,0,0,inf,0,1,574.5,0,0,inf,1,5,211.9,0,0,inf,0,1,574.5,1,4,211.9
172448566,02300417,15.9,16.4,0,0,inf,0,1,517.2,0,0,inf,1,7,294.2,0,0,inf,0,1,517.2,1,4,294.2
172448568,02300417,19.5,26.5,0,0,inf,0,1,587.9,0,0,inf,2,5,129.6,0,0,inf,0,1,587.9,2,4,129.6
172448573,02300417,20.4,16.4,0,0,inf,0,2,683.3,0,0,inf,1,6,207.7,0,0,inf,0,2,683.3,1,5,207.7
172448577,02300417,20.2,23.1,0,0,inf,0,2,722.4,0,0,inf,1,6,246.8,0,0,inf,0,2,722.4,1,5,246.8
172900721,02300316,12.7,24.6,0,0,1279.6,0,1,414.0,0,0,1279.6,1,7,235.5,0,0,1562.1,0,1,414.0,1,6,235.5
172900722,02300316,7.7,6.8,0,0,1103.9,0,0,892.0,0,0,1757.6,4,8,36.1,0,0,1103.9,0,0,892.0,4,6,36.1
177201034,02100104,48.2,7.6,0,0,1670.9,1,1,198.0,0,0,inf,2,8,198.0,0,0,inf,1,1,198.0,2,5,198.0
177966874,02500834,43.8,14.8,0,0,890.9,0,0,890.9,1,8,298.6,0,4,564.0,0,0,1132.5,0,0,890.9,1,9,298.6
177966877,02500834,38.3,15.1,0,0,988.4,0,0,988.4,3,9,201.7,0,5,467.1,0,0,1201.7,0,0,988.4,3,10,201.7
177966886,02500834,7.7,6.7,0,0,935.7,0,0,935.7,0,6,442.9,0,4,708.2,0,0,1039.8,0,0,935.7,0,8,442.9
177966895,02500834,45.8,18.8,0,0,873.1,0,0,873.1,1,7,324.3,0,4,589.7,0,0,1114.7,0,0,873.1,1,8,324.3
177966896,02500834,22.6,14.6,0,0,973.0,0,0,973.0,3,9,216.2,0,5,481.6,0,0,1214.6,0,0,973.0,3,10,216.2
177966906,02500834,27.3,13.2,0,0,1075.6,0,0,1034.3,3,10,191.3,0,5,407.4,0,0,1075.6,0,0,1034.3,3,11,191.3
177966910,02500834,33.7,15.7,0,0,1048.0,0,0,1048.0,3,9,235.8,0,4,463.0,0,0,1048.0,0,0,1048.0,3,10,235.8
177966916,02500834,70.1,19.9,0,0,952.6,0,0,952.6,3,8,247.0,0,4,512.5,0,0,1194.2,0,0,952.6,3,9,247.0
177966922,02500834,43.7,14.7,0,0,911.8,0,0,911.8,2,8,277.5,0,4,543.0,0,0,1153.4,0,0,911.8,2,9,277.5
177966924,02500834,7.1,40.4,0,0,1000.8,0,0,1000.8,3,8,239.8,0,4,505.3,0,0,1239.9,0,0,1000.8,3,9,239.8
178004162,02500834,57.5,15.5,0,0,965.4,0,0,965.4,2,8,153.2,0,5,453.4,0,0,965.4,0,0,965.4,2,9,153.2
178004163,02500834,20.8,17.0,0,0,1073.0,0,0,1044.4,3,10,201.4,0,5,417.5,0,0,1073.0,0,0,1044.4,3,11,201.4
178004165,02500834,20.1,16.0,0,0,1000.2,0,0,1000.2,3,8,188.1,0,5,488.2,0,0,1000.2,0,0,1000.2,3,9,188.1
178004166,02500834,40.5,28.0,0,0,1064.3,0,0,899.2,3,9,87.0,1,4,387.1,0,0,1064.3,0,0,899.2,4,10,87.0
178004167,02500834,25.3,20.8,0,0,1090.0,0,0,937.2,3,10,125.0,1,5,386.9,0,0,1102.3,0,0,937.2,4,11,125.0
178004171,02500834,31.4,28.1,0,0,1070.5,0,0,905.4,3,9,93.2,1,4,393.4,0,0,1070.5,0,0,905.4,4,10,93.2
178004177,02500834,64.4,15.5,0,0,1064.0,0,0,987.7,3,10,161.4,1,5,360.8,0,0,1126.8,0,0,987.7,4,11,161.4
178004178,02500834,29.2,31.2,0,0,1023.0,0,0,883.4,2,7,71.3,1,5,371.4,0,0,1023.0,0,0,883.4,3,9,71.3
178004179,02500834,44.8,17.5,0,0,1019.3,0,0,854.2,3,9,42.0,1,5,342.2,0,0,1019.3,0,0,854.2,4,11,42.0
178004181,02500834,32.9,15.4,0,0,999.3,0,0,875.5,2,7,63.3,1,6,363.4,0,0,999.3,0,0,875.5,3,9,63.3
178004182,02500834,53.9,16.1,0,0,1049.9,0,0,1050.0,3,9,222.8,0,4,438.9,0,0,1049.9,0,0,1049.9,3,10,222.8
178004183,02500834,36.0,18.3,0,0,1025.0,0,0,1025.0,3,9,212.8,0,4,468.2,0,0,1025.0,0,0,1025.0,3,10,212.8
178010961,02500834,23.7,36.7,0,0,821.1,0,0,821.1,3,9,123.5,0,6,431.8,0,0,1395.4,0,0,821.1,3,10,123.5
178010963,02500834,43.6,19.4,0,0,917.2,0,0,917.2,4,9,117.6,1,5,382.3,0,0,1345.8,0,0,917.2,5,10,117.6
178010969,02500834,52.9,39.1,0,1,705.6,0,1,705.6,3,8,332.1,0,5,450.8,0,0,1267.9,0,1,705.6,3,9,332.1
178010972,02500834,56.3,17.1,0,0,814.4,0,0,814.4,4,9,91.0,1,6,399.4,0,0,1362.9,0,0,814.4,5,10,91.0
178010976,02500834,51.2,29.8,0,1,702.0,0,1,702.0,3,9,328.5,0,6,447.1,0,0,1252.9,0,1,702.0,3,10,328.5
178010980,02500834,51.7,30.8,0,1,667.2,0,1,667.2,3,9,293.7,0,6,412.3,0,0,1289.9,0,1,667.2,3,10,293.7
178010989,02500834,21.9,19.2,0,0,874.6,0,0,874.6,3,9,159.9,0,5,424.6,0,0,1307.4,0,0,874.6,3,10,159.9
178010991,02500834,22.0,19.2,0,0,890.2,0,0,890.2,3,9,144.3,0,5,408.9,0,0,1323.0,0,0,890.2,3,10,144.3
178010992,02500834,55.4,53.4,0,0,867.1,0,0,867.1,2,8,235.7,0,4,500.4,0,0,1299.9,0,0,867.1,2,9,235.7
178010998,02500834,48.4,45.4,0,0,878.6,0,0,878.6,2,8,208.2,0,4,472.8,0,0,1311.4,0,0,878.6,2,9,208.2
178010999,02500834,4.2,42.5,0,0,897.2,0,0,897.2,2,8,183.8,0,4,448.5,0,0,1330.0,0,0,897.2,2,9,183.8
178011006,02500834,9.8,30.8,0,1,649.8,0,1,649.8,4,9,276.4,1,6,395.0,0,0,1431.9,0,1,649.8,4,10,276.4
178011009,02500834,59.0,21.3,0,0,828.3,0,0,828.3,2,8,210.3,0,4,475.0,0,0,1261.2,0,0,828.3,2,9,210.3
178011014,02500834,64.5,15.8,0,1,604.3,0,1,604.3,4,9,230.8,1,6,349.4,0,0,1386.3,0,1,604.3,4,10,230.8
178011020,02500834,34.8,19.3,0,0,938.3,0,0,928.0,4,9,96.3,1,5,360.9,0,0,1324.5,0,0,928.0,5,10,96.3
178011023,02500834,61.6,19.5,0,0,940.0,0,0,899.0,5,9,67.3,1,6,332.0,0,0,1295.5,0,0,899.0,5,10,67.3
178011027,02500834,64.3,19.2,0,1,782.2,0,1,782.2,2,8,252.2,0,5,516.9,0,0,1215.0,0,1,782.2,2,9,252.2
178011030,02500834,36.8,19.2,0,0,806.3,0,0,806.3,2,8,228.1,0,4,492.7,0,0,1239.1,0,0,806.3,2,9,228.1
178015535,02500834,51.6,39.8,0,1,733.6,0,1,733.6,4,9,217.2,0,6,478.7,0,0,1489.1,0,1,733.6,4,10,217.2
178015537,02500834,46.0,23.8,0,1,723.5,0,1,723.5,4,9,195.1,0,6,468.7,0,0,1467.1,0,1,723.5,4,10,195.1
178015538,02500834,20.9,16.5,0,1,740.7,0,1,740.7,4,9,163.4,0,6,471.8,0,0,1435.3,0,1,740.7,4,10,163.4
178015539,02500834,20.9,15.4,0,1,757.2,0,1,757.2,4,9,144.7,0,6,453.1,0,0,1416.6,0,1,757.2,4,10,144.7
178015540,02500834,56.0,24.9,0,1,689.3,0,1,689.3,5,9,231.7,0,6,434.5,0,0,1471.4,0,1,689.3,5,10,231.7
178015541,02500834,48.9,33.2,0,1,691.6,0,1,691.6,5,9,245.9,0,6,436.8,0,0,1473.7,0,1,691.6,5,10,245.9
178046255,02500833,67.4,19.1,0,0,1045.0,0,1,739.6,3,11,172.3,2,7,172.6,0,0,1400.5,0,1,739.6,4,12,172.3
178046264,02500833,66.3,17.7,0,0,1218.7,0,1,759.2,4,9,297.9,3,6,132.2,0,0,1350.7,0,1,759.2,5,11,132.2
178046266,02500833,50.1,17.6,0,0,1195.8,0,1,781.9,4,9,309.7,3,6,155.0,0,0,1327.7,0,1,781.9,5,11,155.0
178046267,02500833,64.7,18.9,0,0,1093.3,0,1,691.0,3,10,182.8,2,5,124.0,0,0,1448.8,0,1,691.0,4,11,124.0
178046270,02500833,48.5,45.9,0,0,1196.5,0,1,739.1,2,10,230.9,2,6,172.1,0,0,1496.9,0,1,739.1,3,11,172.1
178046274,02500833,34.7,24.3,0,0,1204.2,0,2,746.9,3,10,238.7,3,7,166.1,0,0,1445.9,0,2,746.9,4,12,166.1
178046277,02500833,34.8,29.1,0,0,1092.2,0,0,835.6,4,10,219.5,2,5,268.6,0,0,1349.2,0,0,835.6,5,11,219.5
178046280,02500833,35.5,32.3,0,0,1180.9,0,1,723.6,2,10,215.4,2,6,156.5,0,0,1485.2,0,1,723.6,3,11,156.5
178046283,02500833,62.4,16.9,0,0,1167.9,0,0,808.5,4,10,281.8,2,5,181.5,0,0,1299.8,0,0,808.5,5,11,181.5
178046285,02500833,33.2,24.4,0,0,1093.4,0,0,836.8,4,10,220.7,2,5,269.7,0,0,1338.6,0,0,836.8,5,11,220.7
178056205,02500833,55.0,42.0,0,0,1220.5,0,1,768.6,3,8,241.8,2,6,256.6,0,0,1220.5,0,1,768.6,4,10,241.8
178056206,02500833,52.3,36.0,0,0,1232.7,0,1,780.9,3,8,254.1,2,6,268.8,0,0,1232.7,0,1,780.9,4,10,254.1
178056207,02500833,52.0,31.0,0,0,1088.3,0,0,923.2,3,9,111.0,0,4,411.2,0,0,1088.3,0,0,923.2,3,10,111.0
178056208,02500833,51.5,33.0,0,0,1200.7,0,0,814.1,2,9,287.3,2,5,265.1,0,0,1265.9,0,0,814.1,4,10,265.1
178056209,02500833,52.7,35.2,0,0,1062.6,0,0,897.5,3,9,85.3,1,4,385.5,0,0,1062.6,0,0,897.5,4,10,85.3
178056211,02500833,52.3,40.9,0,0,1227.6,0,0,802.9,3,8,276.1,2,5,290.8,0,0,1254.7,0,0,802.9,4,9,276.1
178056214,02500833,33.0,15.8,0,0,1077.2,0,1,746.5,3,7,98.5,2,5,234.4,0,0,1077.2,0,1,746.5,4,9,98.5
178056215,02500833,52.0,38.4,0,0,1101.5,0,0,936.4,3,9,124.2,0,4,422.8,0,0,1101.5,0,0,936.4,3,10,124.2
178056216,02500833,34.0,15.6,0,0,1058.9,0,1,764.3,3,7,80.3,2,5,252.2,0,0,1058.9,0,1,764.3,4,9,80.3
178056217,02500833,66.5,15.6,0,0,1059.1,0,0,931.1,3,10,156.5,1,5,304.2,0,0,1174.5,0,0,931.1,4,11,156.5
178056219,02500833,48.5,20.1,0,0,1027.4,0,0,862.3,3,9,50.1,1,5,350.3,0,0,1027.4,0,0,862.3,4,11,50.1
178056220,02500833,33.5,15.7,0,0,1042.0,0,1,781.4,3,7,63.4,2,6,269.3,0,0,1042.0,0,1,781.4,4,10,63.4
178056223,02500833,49.9,34.5,0,0,1092.0,0,0,962.7,3,10,150.5,1,5,388.8,0,0,1127.8,0,0,962.7,4,11,150.5
178056224,02500833,35.2,14.9,0,0,1080.6,0,0,908.2,3,10,178.0,2,5,281.2,0,0,1196.0,0,0,908.2,5,11,178.0
178056226,02500833,35.5,15.2,0,0,1097.8,0,0,891.7,3,10,195.2,2,5,264.7,0,0,1213.2,0,0,891.7,5,11,195.2
178056227,02500833,29.4,15.8,0,0,1093.5,0,1,730.2,3,7,114.9,2,5,218.2,0,0,1093.5,0,1,730.2,4,9,114.9
178056230,02500833,55.0,15.2,0,0,1113.1,0,1,709.4,2,8,134.4,2,6,197.4,0,0,1113.1,0,1,709.4,3,10,134.4
178058671,02500833,19.9,17.9,0,0,1118.9,0,1,668.7,2,7,206.9,2,6,221.6,0,0,1118.9,0,1,668.7,3,10,206.9
178058673,02500833,20.5,17.9,0,0,1101.2,0,1,650.9,2,8,215.6,2,6,215.6,0,0,1101.2,0,1,650.9,3,11,215.6
178058676,02500833,1.6,36.3,0,0,956.8,0,0,816.3,3,7,95.6,2,5,380.9,0,0,956.8,0,0,816.3,4,9,95.6
178058681,02500833,10.1,37.6,0,0,1121.5,0,1,671.2,2,7,235.8,2,6,235.8,0,0,1121.5,0,1,671.2,3,10,235.8
178058683,02500833,41.8,15.1,0,0,984.4,0,1,667.9,2,7,201.6,2,6,232.5,0,0,984.4,0,1,667.9,3,10,201.6
178058684,02500833,40.0,15.0,0,0,948.9,0,1,703.2,2,7,166.0,2,6,267.8,0,0,948.9,0,1,703.2,3,10,166.0
178058686,02500833,41.4,15.1,0,0,965.8,0,1,686.4,2,7,183.0,2,6,251.1,0,0,965.8,0,1,686.4,3,10,183.0
178058688,02500833,43.1,40.2,0,0,1016.0,0,1,686.6,2,7,233.2,2,6,251.2,0,0,1016.0,0,1,686.6,3,10,233.2
178058700,02500833,42.5,16.1,0,0,1054.8,0,1,769.5,3,7,76.2,2,5,257.4,0,0,1054.8,0,1,769.5,4,9,76.2
178058702,02500833,68.6,20.1,0,0,941.1,0,0,800.5,3,7,78.9,2,5,365.1,0,0,941.1,0,0,800.5,4,9,78.9
178058704,02500833,55.6,15.0,0,0,1022.3,0,1,629.9,3,8,194.5,3,6,194.5,0,0,1022.3,0,1,629.9,4,11,194.5
178058705,02500833,46.6,19.4,0,0,1143.3,0,1,693.0,2,8,185.6,2,7,200.3,0,0,1143.3,0,1,693.0,3,11,185.6
178058710,02500833,42.2,43.1,0,0,1071.1,0,0,807.1,3,7,92.5,2,4,295.1,0,0,1071.1,0,0,807.1,4,8,92.5
178058712,02500833,66.6,19.7,0,0,1017.2,0,0,814.3,2,8,38.6,1,5,302.2,0,0,1017.2,0,0,814.3,3,10,38.6
178061778,02500834,25.0,41.9,0,0,1007.5,0,0,920.3,2,7,108.1,0,4,408.3,0,0,1007.5,0,0,920.3,2,8,108.1
178061779,02500834,64.3,21.5,0,0,929.5,0,0,957.4,2,7,145.2,0,5,445.4,0,0,929.5,0,0,929.5,2,8,145.2
178061780,02500834,56.5,19.3,0,0,961.8,0,0,821.2,3,7,56.6,2,5,356.7,0,0,961.8,0,0,821.2,4,9,56.6
178061781,02500834,40.6,34.5,0,0,916.6,0,0,862.7,1,6,220.4,0,5,427.3,0,0,916.6,0,0,862.7,1,9,220.4
178061782,02500834,96.1,13.9,0,0,881.7,0,0,939.8,2,7,177.8,0,5,478.0,0,0,881.7,0,0,881.7,2,8,177.8
178061783,02500834,19.8,17.1,0,0,940.5,0,1,799.9,3,7,73.5,2,6,364.5,0,0,940.5,0,1,799.9,4,10,73.5
178061785,02500834,52.7,16.0,0,0,993.5,0,0,882.6,2,7,70.4,1,6,370.5,0,0,993.5,0,0,882.6,3,9,70.4
178061786,02500834,26.6,14.8,0,0,925.0,0,0,815.0,2,7,172.7,1,5,379.6,0,0,925.0,0,0,815.0,2,9,172.7
178061787,02500834,65.0,14.9,0,0,927.5,0,1,786.9,2,7,144.7,1,6,351.5,0,0,927.5,0,1,786.9,2,10,144.7
178064184,02400624,35.7,16.7,0,1,719.1,0,1,719.1,3,7,249.3,1,6,342.0,0,0,1539.7,0,1,719.1,3,9,249.3
178064185,02400624,32.0,42.7,0,1,683.7,0,1,683.7,2,7,213.9,0,5,428.8,0,0,1627.2,0,1,683.7,2,8,213.9
178064186,02400624,14.7,18.7,0,1,755.1,0,1,755.1,3,7,285.4,1,6,309.9,0,0,1507.6,0,1,755.1,3,9,285.4
178064187,02400624,35.8,42.3,0,1,781.5,0,2,693.0,4,10,164.8,1,7,364.7,0,0,1621.3,0,2,693.0,4,11,164.8
178064190,02400624,25.8,31.7,0,1,639.3,0,2,639.3,5,10,119.3,2,7,366.3,0,0,1664.8,0,2,639.3,5,11,119.3
178064191,02400624,26.7,16.9,0,1,658.7,0,1,658.7,3,7,189.0,0,6,402.7,0,0,1600.4,0,1,658.7,3,9,189.0
178064192,02400624,19.4,31.8,0,1,599.2,0,2,599.2,4,9,79.2,1,7,344.4,0,0,1649.2,0,2,599.2,4,11,79.2
178064193,02400624,56.4,42.7,0,1,716.7,0,1,716.7,2,7,247.0,1,6,396.3,0,0,1594.0,0,1,716.7,2,9,247.0
178064194,02400624,23.4,17.0,0,0,817.6,0,1,729.2,3,9,200.9,1,6,336.9,0,0,1534.6,0,1,729.2,3,10,200.9
178064195,02400624,20.2,31.8,0,1,669.4,0,2,664.7,5,10,136.4,1,7,336.3,0,0,1634.8,0,2,664.7,5,11,136.4
178064196,02400624,11.8,33.6,0,0,820.8,0,1,732.3,3,9,204.1,1,6,366.8,0,0,1564.5,0,1,732.3,3,10,204.1
178064197,02400624,24.3,18.2,0,1,799.3,0,2,710.8,4,10,182.6,2,7,357.5,0,0,1555.2,0,2,710.8,4,11,182.6
178064198,02400624,19.5,31.5,0,1,653.8,0,2,653.8,5,10,133.7,2,7,351.5,0,0,1649.9,0,2,653.8,5,11,133.7
178064199,02400624,23.2,17.0,0,1,778.9,0,2,690.4,4,10,162.1,2,7,362.0,0,0,1573.2,0,2,690.4,4,11,162.1
178064200,02400624,23.4,17.0,0,1,757.6,0,2,669.1,5,10,140.9,2,7,340.8,0,0,1594.4,0,2,669.1,5,11,140.9
178064201,02400624,31.4,17.0,0,1,741.7,0,1,741.7,3,7,272.0,1,6,319.9,0,0,1517.6,0,1,741.7,3,9,272.0
178064202,02400624,55.0,43.3,0,1,700.4,0,1,700.4,2,7,230.7,0,5,413.8,0,0,1611.5,0,1,700.4,2,8,230.7
178064203,02400624,35.0,17.8,0,1,614.0,0,1,614.0,3,7,144.2,1,6,359.1,0,0,1646.9,0,1,614.0,3,9,144.2
178064204,02400624,11.3,34.2,0,0,832.3,0,1,743.8,3,8,215.6,1,6,356.4,0,0,1554.1,0,1,743.8,3,10,215.6
178064205,02400624,63.0,23.5,0,1,734.9,0,2,646.4,6,10,118.2,1,8,318.1,0,0,1616.5,0,2,646.4,6,12,118.2
178064206,02400624,13.2,34.4,0,1,789.7,0,2,701.2,4,10,173.0,2,7,372.9,0,0,1597.4,0,2,701.2,4,11,173.0
178064207,02400624,19.0,41.8,0,1,658.9,0,1,658.9,3,7,189.2,0,6,404.1,0,0,1650.0,0,1,658.9,3,9,189.2
178064208,02400624,24.1,31.8,0,1,615.7,0,2,615.7,5,10,95.6,2,7,360.8,0,0,1665.6,0,2,615.7,5,11,95.6
178064209,02400624,33.0,17.3,0,1,636.0,0,1,636.0,3,7,166.3,1,6,381.1,0,0,1624.0,0,1,636.0,3,9,166.3
178064785,02400624,14.4,47.4,0,1,573.9,0,1,573.9,2,7,323.1,2,6,183.2,0,0,1455.8,0,1,573.9,2,8,323.1
178064787,02400624,25.0,43.8,0,0,805.6,0,1,717.2,4,9,188.9,1,6,388.8,0,0,1600.1,0,1,717.2,4,10,188.9
178064789,02400624,25.4,15.3,0,1,776.5,0,2,688.1,4,10,159.8,2,7,359.7,0,0,1572.2,0,2,688.1,4,11,159.8
178064790,02400624,22.7,14.7,0,1,654.7,0,1,654.7,3,7,185.0,1,6,399.8,0,0,1600.1,0,1,654.7,3,9,185.0
178064792,02400624,23.0,14.6,0,1,641.3,0,1,641.3,3,7,171.6,1,6,386.5,0,0,1613.2,0,1,641.3,3,9,171.6
178064793,02400624,40.2,14.5,0,1,596.0,0,1,596.0,3,7,126.3,1,6,341.1,0,0,1645.9,0,1,596.0,3,9,126.3
178064795,02400624,21.7,54.4,0,1,642.6,0,1,642.6,3,7,172.9,1,6,387.7,0,0,1691.5,0,1,642.6,3,9,172.9
178064797,02400624,25.0,54.5,0,1,655.5,0,1,655.5,3,7,185.8,0,6,400.6,0,0,1678.8,0,1,655.5,3,9,185.8
178064800,02400624,38.3,34.5,0,1,645.4,0,1,645.4,3,7,175.7,1,6,390.6,0,0,1649.0,0,1,645.4,3,9,175.7
178064803,02400624,30.2,33.9,0,1,653.1,0,1,653.1,3,7,183.4,1,6,398.3,0,0,1640.0,0,1,653.1,3,9,183.4
178064804,02400624,29.9,43.5,0,1,690.9,0,1,690.9,2,7,221.1,0,5,423.8,0,0,1621.5,0,1,690.9,2,8,221.1
178068013,02500834,28.7,21.0,0,0,893.1,0,0,808.8,4,9,29.2,0,6,421.8,0,0,1385.3,0,0,808.8,4,10,29.2
178068014,02500834,53.6,38.4,0,0,846.1,0,1,757.6,4,9,111.2,0,7,429.3,0,0,1471.3,0,1,757.6,4,11,111.2
178068015,02500834,43.0,18.8,0,1,763.6,0,1,763.6,4,9,145.0,0,6,453.4,0,0,1416.9,0,1,763.6,4,10,145.0
178068016,02500834,70.4,30.3,0,1,623.4,0,2,623.4,5,10,103.4,2,7,368.6,0,0,1673.3,0,2,623.4,5,11,103.4
178068023,02500834,58.4,16.4,0,1,497.4,0,1,497.4,3,7,70.8,1,7,242.5,0,0,1547.3,0,1,497.4,3,9,70.8
178068024,02500834,42.4,20.9,0,1,648.3,0,1,648.3,4,9,264.6,1,6,393.4,0,0,1430.3,0,1,648.3,4,10,264.6
178068025,02500834,54.8,30.8,0,1,719.5,0,1,719.5,4,9,213.2,0,6,464.6,0,0,1485.1,0,1,719.5,4,10,213.2
178068026,02500834,55.3,28.3,0,1,753.0,0,1,753.0,4,9,174.7,0,6,483.1,0,0,1446.6,0,1,753.0,4,10,174.7
178068028,02500834,64.6,22.3,0,1,603.2,0,1,603.2,4,9,229.7,1,6,348.3,0,0,1385.2,0,1,603.2,4,10,229.7
178068029,02500834,48.4,32.3,0,1,543.5,0,1,543.5,3,9,170.0,1,6,288.7,0,0,1416.5,0,1,543.5,3,9,170.0
178068035,02500834,59.3,30.7,0,1,642.9,0,2,642.9,5,10,122.8,2,7,360.8,0,0,1659.3,0,2,642.9,5,11,122.8
178068036,02500834,64.2,37.0,0,0,838.3,0,1,749.8,4,9,103.3,0,7,421.4,0,0,1476.3,0,1,749.8,4,11,103.3
178068037,02500834,60.8,45.5,0,1,740.3,0,1,740.3,4,9,221.8,0,6,485.5,0,0,1493.7,0,1,740.3,4,10,221.8
178068038,02500834,55.1,29.2,0,0,866.4,0,1,777.9,4,9,76.6,0,7,449.6,0,0,1432.7,0,1,777.9,4,11,76.6
178068040,02500834,31.9,20.7,0,1,785.9,0,1,785.9,3,10,126.7,0,7,435.0,0,0,1398.6,0,1,785.9,3,11,126.7
178068041,02500834,54.2,18.0,0,1,599.7,0,2,599.7,4,9,79.7,1,7,344.9,0,0,1649.6,0,2,599.7,4,11,79.7
178068043,02500834,19.4,19.4,0,1,494.0,0,1,494.0,3,7,80.3,1,7,239.2,0,0,1543.9,0,1,494.0,3,9,80.3
178068044,02500834,50.0,35.9,0,1,695.0,0,1,695.0,5,9,248.0,0,6,440.1,0,0,1477.1,0,1,695.0,5,10,248.0
178068046,02500834,39.9,40.2,0,1,654.2,0,1,654.2,3,7,134.2,1,5,399.4,0,0,1704.1,0,1,654.2,3,8,134.2
178068048,02500834,34.0,32.3,0,0,803.8,0,1,715.3,5,9,68.9,1,7,387.0,0,0,1501.4,0,1,715.3,5,11,68.9
178068053,02500834,22.8,11.1,0,1,625.1,0,2,625.1,4,9,105.1,1,7,370.3,0,0,1675.1,0,2,625.1,4,11,105.1
178068060,02500834,35.1,49.2,0,1,679.7,0,2,679.7,5,10,159.7,1,7,360.8,0,0,1659.3,0,2,679.7,5,11,159.7
178068061,02500834,44.5,27.4,0,1,514.7,0,1,514.7,3,7,75.5,1,7,259.9,0,0,1564.6,0,1,514.7,3,9,75.5
178068063,02500834,70.8,20.3,0,1,756.2,0,2,667.8,6,10,26.6,1,8,339.4,0,0,1524.9,0,2,667.8,6,12,26.6
178068065,02500834,48.5,21.1,0,1,784.9,0,2,696.4,5,10,50.0,1,8,368.1,0,0,1498.0,0,2,696.4,5,12,50.0
178068071,02500834,46.4,17.2,0,1,609.7,0,2,609.7,4,9,89.7,1,7,354.9,0,0,1659.6,0,2,609.7,4,11,89.7
178207949,02500833,49.0,19.5,0,0,949.3,0,1,443.2,2,10,114.8,2,8,114.8,0,0,1751.9,0,1,443.2,3,12,114.8
178207950,02500833,33.7,27.6,0,0,1168.3,0,1,662.2,3,10,227.9,3,6,41.1,0,0,1549.0,0,1,662.2,4,12,41.1
178207952,02500833,47.0,30.8,0,0,872.7,0,1,459.4,4,9,131.1,2,7,131.1,0,0,1754.3,0,1,459.4,5,11,131.1
178207953,02500833,18.0,66.2,0,0,876.2,0,1,526.6,3,9,198.3,2,7,198.3,0,0,1757.9,0,1,526.6,4,11,198.3
178207954,02500833,25.7,53.1,0,0,1015.1,0,0,837.8,4,9,142.4,1,5,270.7,0,0,1370.5,0,0,837.8,4,10,142.4
178207956,02500833,50.6,38.1,0,0,901.0,0,0,812.5,4,8,59.8,0,5,452.3,0,0,1415.9,0,0,812.5,4,9,59.8
178207957,02500833,24.8,22.0,0,0,1111.1,0,1,605.0,3,10,274.0,3,6,61.1,0,0,1595.1,0,1,605.0,4,12,61.1
178207958,02500833,19.6,20.2,0,0,1047.2,0,1,739.7,3,11,174.5,2,7,172.6,0,0,1402.7,0,1,739.7,4,12,172.6
178207959,02500833,36.0,32.0,0,0,1036.3,0,1,530.2,2,10,201.9,2,8,155.9,0,0,1689.8,0,1,530.2,2,12,155.9
178207961,02500833,44.0,35.3,0,0,1138.6,0,1,632.5,3,10,273.1,3,6,60.2,0,0,1594.1,0,1,632.5,4,12,60.2
178207963,02500833,42.6,43.8,0,0,893.9,0,0,893.9,4,9,108.6,1,6,373.2,0,0,1336.8,0,0,893.9,5,10,108.6
178207964,02500833,53.7,20.3,0,0,1073.2,0,1,713.9,3,10,200.5,2,5,146.8,0,0,1428.7,0,1,713.9,4,11,146.8
178207965,02500833,50.2,33.4,0,0,872.0,0,0,872.0,4,9,92.3,1,6,374.3,0,0,1337.9,0,0,872.0,5,10,92.3
178207971,02500833,26.8,31.3,0,1,758.9,0,2,574.2,5,10,142.2,1,8,245.9,0,0,1640.5,0,2,574.2,5,12,142.2
178207972,02500833,17.4,61.4,0,0,899.0,0,0,883.9,3,9,95.0,0,6,427.6,0,0,1391.1,0,0,883.9,3,10,95.0
178207973,02500833,24.6,15.4,0,0,804.5,0,1,716.0,5,9,69.6,1,7,387.7,0,0,1536.4,0,1,716.0,5,11,69.6
178207974,02500833,20.8,16.8,0,0,872.0,0,0,821.6,5,9,32.7,0,6,400.6,0,0,1364.2,0,0,821.6,5,10,32.7
178207976,02500833,18.2,13.0,0,1,784.1,0,2,695.7,5,10,49.2,1,8,367.3,0,0,1516.0,0,2,695.7,5,12,49.2
178207977,02500833,32.6,21.6,0,0,871.3,0,1,782.8,4,9,132.7,0,7,454.5,0,0,1488.9,0,1,782.8,4,11,132.7
178207978,02500833,31.6,27.7,0,0,875.8,0,1,787.4,4,9,137.3,0,7,459.0,0,0,1493.4,0,1,787.4,4,11,137.3
178207979,02500833,23.5,30.5,0,0,838.2,0,1,493.4,4,9,165.0,2,7,165.0,0,0,1719.9,0,1,493.4,5,11,165.0
178207980,02500833,18.7,17.9,0,0,987.7,0,1,481.6,3,10,153.3,2,8,153.3,0,0,1710.2,0,1,481.6,3,12,153.3
178207981,02500833,23.3,20.2,0,0,894.0,0,0,805.5,4,9,30.9,0,6,423.5,0,0,1387.0,0,0,805.5,4,10,30.9
178207982,02500833,22.9,18.8,0,0,972.5,0,1,466.4,2,10,138.1,2,8,138.1,0,0,1727.2,0,1,466.4,3,12,138.1
178207984,02500833,25.6,16.0,0,0,853.5,0,0,838.6,4,9,49.7,1,6,382.1,0,0,1345.6,0,0,838.6,5,10,49.7
178207986,02500833,22.3,18.3,0,0,1004.4,0,1,498.3,3,10,169.9,2,8,160.5,0,0,1694.5,0,1,498.3,3,12,160.5
178207987,02500833,30.2,20.0,0,0,983.4,0,0,803.1,5,10,110.7,2,6,236.1,0,0,1338.9,0,0,803.1,6,11,110.7
178207988,02500833,20.4,19.8,0,0,1032.7,0,1,753.4,4,11,160.0,2,7,186.4,0,0,1388.2,0,1,753.4,5,12,160.0
178207989,02500833,46.9,30.7,0,1,791.4,0,2,540.6,4,10,174.7,2,8,212.3,0,0,1673.0,0,2,540.6,5,12,174.7
178207990,02500833,63.5,18.6,0,0,1061.2,0,1,555.1,2,10,226.8,2,6,104.2,0,0,1638.1,0,1,555.1,2,12,104.2
178207992,02500833,20.6,20.8,0,0,1015.7,0,1,772.5,4,11,143.0,2,7,205.5,0,0,1371.2,0,1,772.5,5,12,143.0
178207993,02500833,45.0,18.6,0,1,734.1,0,2,645.6,6,10,45.5,1,8,317.3,0,0,1543.9,0,2,645.6,6,12,45.5
178207994,02500833,60.2,58.0,0,0,847.0,0,1,539.6,4,9,211.3,2,7,211.3,0,0,1728.6,0,1,539.6,5,11,211.3
178207996,02500833,20.3,19.8,0,0,997.7,0,1,788.5,5,11,125.0,2,7,221.4,0,0,1353.1,0,1,788.5,6,12,125.0
178207998,02500833,46.5,38.0,0,0,827.2,0,1,738.7,4,9,92.2,0,7,410.3,0,0,1559.0,0,1,738.7,4,11,92.2
178208000,02500833,48.1,56.9,0,0,1003.9,0,1,497.8,2,9,169.5,2,8,169.5,0,0,1772.0,0,1,497.8,3,11,169.5
178362151,02500833,54.2,15.6,0,0,1208.7,0,1,614.5,2,8,212.6,3,6,102.5,0,0,1208.7,0,1,614.5,4,10,102.5
178362152,02500833,35.3,15.8,0,0,1283.0,0,1,540.5,3,8,228.2,2,6,118.1,0,0,1283.0,0,1,540.5,3,10,118.1
178362154,02500833,30.4,14.7,0,0,1092.2,0,1,559.3,3,7,123.9,3,6,123.9,0,0,1092.2,0,1,559.3,4,10,123.9
178362157,02500833,35.2,17.9,0,0,1323.5,0,2,656.9,2,9,193.6,3,7,170.3,0,0,1450.1,0,2,656.9,3,11,170.3
178362159,02500833,49.5,32.8,0,0,1184.2,0,1,726.8,2,10,218.6,2,6,159.8,0,0,1483.0,0,1,726.8,3,11,159.8
178362161,02500833,44.5,27.2,0,0,1105.9,0,1,655.6,2,8,220.2,2,6,220.2,0,0,1105.9,0,1,655.6,3,11,220.2
178362162,02500833,48.3,30.2,0,0,1293.6,0,1,709.4,3,8,306.1,3,6,82.5,0,0,1362.3,0,1,709.4,4,10,82.5
178362165,02500833,57.0,16.7,0,0,1141.3,0,1,691.1,2,8,182.1,2,7,196.8,0,0,1141.3,0,1,691.1,3,11,182.1
178362170,02500833,51.4,30.6,0,0,1326.7,0,2,606.5,1,9,98.3,2,7,290.9,0,0,1500.4,0,2,606.5,2,11,290.9
178362171,02500833,48.9,30.0,0,0,1318.0,0,2,522.6,2,9,255.4,2,7,250.8,0,0,1342.2,0,2,522.6,2,11,250.8
178362172,02500833,30.4,34.1,0,0,1200.9,0,1,659.4,2,8,222.2,2,6,147.4,0,0,1200.9,0,1,659.4,3,10,147.4
178362173,02500833,36.2,14.5,0,0,1322.4,0,2,651.2,2,9,187.9,3,7,169.2,0,0,1449.0,0,2,651.2,3,11,169.2
178362174,02500833,49.3,34.3,0,0,1230.9,0,1,594.1,2,8,158.7,2,6,135.2,0,0,1230.9,0,1,594.1,3,10,135.2
178362175,02500833,41.9,30.4,0,0,1198.4,0,1,561.6,2,8,126.2,2,7,126.2,0,0,1198.4,0,1,561.6,3,11,126.2
178362176,02500833,32.8,16.7,0,0,1216.0,0,1,492.4,2,7,197.8,2,6,197.8,0,0,1216.0,0,1,492.4,2,10,197.8
178362177,02500833,19.2,17.5,0,0,1288.7,0,1,635.9,3,8,233.9,3,6,26.4,0,0,1288.7,0,1,635.9,4,10,26.4
178362179,02500833,16.5,16.8,0,0,1192.2,0,2,734.9,3,10,226.7,3,7,163.1,0,0,1442.9,0,2,734.9,4,12,163.1
178362180,02500833,59.2,19.2,0,0,1180.8,0,2,604.1,2,9,95.9,2,6,156.4,0,0,1536.3,0,2,604.1,3,11,156.4
178362181,02500833,24.6,16.4,0,0,1305.2,0,1,519.7,3,8,250.4,2,6,140.3,0,0,1305.2,0,1,519.7,3,10,140.3
178362182,02500833,16.3,16.4,0,0,1172.7,0,1,535.8,2,8,100.4,2,7,100.4,0,0,1172.7,0,1,535.8,3,11,100.4
178362183,02500833,16.6,14.9,0,0,1197.2,0,1,624.6,2,8,218.6,2,6,112.6,0,0,1197.2,0,1,624.6,3,10,112.6
178362184,02500833,24.0,19.2,0,0,1151.4,0,1,694.0,3,11,185.8,2,6,127.0,0,0,1488.6,0,1,694.0,4,12,127.0
178362185,02500833,16.5,13.8,0,0,1170.7,0,1,447.2,1,7,112.7,2,6,112.7,0,0,1170.7,0,1,447.2,2,10,112.7
178362186,02500833,19.4,49.1,0,0,1225.0,0,1,767.7,2,9,259.4,2,6,194.9,0,0,1474.7,0,1,767.7,3,10,194.9
178362187,02500833,20.9,14.5,0,0,1305.4,0,2,668.3,2,9,205.0,3,7,152.2,0,0,1432.0,0,2,668.3,3,11,152.2
178362188,02500833,46.9,13.8,0,0,1281.6,0,2,690.6,3,9,227.2,3,7,128.3,0,0,1408.1,0,2,690.6,4,11,128.3
178362189,02500833,17.4,36.7,0,0,1227.5,0,1,590.7,2,8,155.3,2,6,143.3,0,0,1227.5,0,1,590.7,3,10,143.3
178362190,02500833,9.0,34.9,0,0,1325.6,0,2,688.9,2,9,225.6,3,7,172.3,0,0,1452.2,0,2,688.9,3,11,172.3
178362191,02500833,27.2,22.5,0,0,1202.6,0,1,565.8,2,8,130.4,2,7,130.4,0,0,1202.6,0,1,565.8,3,11,130.4
178362192,02500833,20.8,47.0,0,0,1317.9,0,1,665.0,3,8,263.1,3,6,56.1,0,0,1317.9,0,1,665.0,4,10,56.1
178362193,02500833,25.6,16.2,0,0,1286.6,0,1,537.8,3,8,231.8,2,6,121.7,0,0,1286.6,0,1,537.8,3,10,121.7
178362194,02500833,44.0,19.0,0,0,1265.8,0,1,613.0,3,8,211.1,3,6,52.2,0,0,1265.8,0,1,613.0,4,10,52.2
178362195,02500833,44.2,16.3,0,0,1268.1,0,1,556.6,3,8,213.3,2,6,103.2,0,0,1268.1,0,1,556.6,3,10,103.2
178362196,02500833,37.0,22.1,0,0,1273.0,0,2,552.7,1,9,44.5,2,7,248.5,0,0,1537.3,0,2,552.7,2,11,248.5
178362197,02500833,10.6,36.6,0,0,1208.0,0,1,657.2,2,8,229.4,2,6,145.1,0,0,1208.0,0,1,657.2,3,10,145.1
178362198,02500833,32.7,15.4,0,0,1299.4,0,1,503.9,3,8,264.2,2,6,154.0,0,0,1318.9,0,1,503.9,3,10,154.0
178362199,02500833,29.8,29.9,0,0,1115.4,0,1,566.6,2,7,131.2,2,6,131.2,0,0,1115.4,0,1,566.6,3,10,131.2
178362200,02500833,48.8,16.2,0,0,1261.5,0,1,489.6,2,7,243.3,2,5,217.8,0,0,1261.5,0,1,489.6,2,9,217.8
178362201,02500833,25.0,16.0,0,0,1298.2,0,1,525.8,3,8,243.4,2,6,133.3,0,0,1298.2,0,1,525.8,3,10,133.3
178362202,02500833,50.0,32.7,0,0,1326.1,0,1,681.8,3,8,279.9,3,6,54.8,0,0,1334.7,0,1,681.8,4,10,54.8
178362203,02500833,48.7,30.4,0,0,1326.0,0,1,673.2,3,8,271.2,3,6,46.2,0,0,1326.0,0,1,673.2,4,10,46.2
178362204,02500833,66.4,14.2,0,0,1347.7,0,2,625.4,1,9,162.0,2,7,194.5,0,0,1467.9,0,2,625.4,2,11,194.5
178362205,02500833,47.9,30.6,0,0,1355.1,0,2,559.6,2,8,219.5,2,7,287.9,0,0,1379.3,0,2,559.6,2,10,287.9
178362206,02500833,49.6,33.2,0,0,1351.1,0,2,555.6,2,8,228.7,2,7,283.8,0,0,1375.3,0,2,555.6,2,10,283.8
178362207,02500833,51.5,22.0,0,0,1343.5,0,2,623.2,1,9,115.0,2,7,257.1,0,0,1466.6,0,2,623.2,2,11,257.1
178362208,02500833,51.0,35.0,0,0,1301.4,0,2,581.2,1,9,73.0,2,7,277.0,0,0,1534.7,0,2,581.2,2,11,277.0
178362209,02500833,54.6,15.0,0,0,1076.6,0,1,575.6,3,8,140.2,3,6,140.2,0,0,1076.6,0,1,575.6,4,11,140.2
178362210,02500833,42.8,20.3,0,0,1285.6,0,1,490.1,3,8,287.7,2,6,177.6,0,0,1309.7,0,1,490.1,3,10,177.6
178362211,02500833,35.6,17.3,0,0,1305.7,0,2,673.4,2,9,210.1,3,7,152.5,0,0,1432.3,0,2,673.4,3,11,152.5
178362212,02500833,51.4,34.7,0,0,1389.4,0,2,593.9,2,9,193.4,3,7,289.6,0,0,1413.6,0,2,593.9,3,11,289.6
178362213,02500833,43.3,15.1,0,0,1161.8,0,1,472.9,2,7,89.6,2,6,89.6,0,0,1161.8,0,1,472.9,3,10,89.6
178362214,02500833,53.9,14.2,0,0,1128.7,0,1,521.8,2,7,86.4,2,6,86.4,0,0,1128.7,0,1,521.8,3,10,86.4
178362215,02500833,21.4,18.5,0,0,1211.6,0,1,574.8,2,8,139.4,2,7,122.9,0,0,1211.6,0,1,574.8,3,11,122.9
178362216,02500833,50.7,19.7,0,0,1220.2,0,2,762.8,3,10,254.6,3,7,140.9,0,0,1420.7,0,2,762.8,4,12,140.9
178362217,02500833,35.8,17.4,0,0,1342.0,0,2,637.4,1,9,174.1,2,7,188.8,0,0,1468.6,0,2,637.4,2,11,188.8
178539973,02500834,33.8,16.0,0,0,977.1,0,0,898.9,2,7,86.7,1,5,386.9,0,0,977.1,0,0,898.9,3,8,86.7
178550253,02500830,48.4,43.7,0,0,1344.5,0,2,549.0,1,6,203.7,0,6,414.1,0,0,1737.8,0,2,549.0,0,8,414.1
178550254,02500830,47.6,30.0,0,0,1336.9,0,2,541.4,1,8,183.9,1,6,394.3,0,0,1718.0,0,2,541.4,1,9,394.3
178550255,02500830,56.5,26.4,0,0,1253.2,1,1,328.0,2,9,242.9,1,5,328.0,0,0,1770.6,1,1,328.0,1,9,328.0
178550257,02500830,50.0,37.5,0,0,1339.3,0,1,414.1,1,8,178.9,1,5,383.0,0,0,1706.7,0,1,414.1,1,9,383.0
178550259,02500830,44.9,21.1,0,0,1147.6,1,1,222.4,3,10,222.4,2,5,222.4,0,0,1865.6,1,1,222.4,2,11,222.4
178550261,02500830,29.0,27.8,0,0,1186.5,1,1,261.3,3,9,261.3,2,5,261.3,0,0,1840.1,1,1,261.3,2,10,261.3
178550265,02500830,47.2,41.8,0,0,1379.5,0,2,584.1,1,8,164.9,1,6,375.3,0,0,1699.0,0,2,584.1,1,10,375.3
178550268,02500830,34.6,19.3,0,0,1301.9,0,2,483.2,1,8,73.4,2,6,277.5,0,0,1601.2,0,2,483.2,2,10,277.5
178550271,02500830,17.8,20.6,0,0,1297.7,0,2,502.3,1,7,204.2,0,6,414.6,0,0,1738.3,0,2,502.3,0,8,414.6
178550272,02500830,15.6,17.6,0,0,1190.4,1,1,265.2,3,10,265.2,2,6,265.2,0,0,1815.7,1,1,265.2,2,11,265.2
178550273,02500830,95.2,27.9,0,0,1186.7,1,1,168.0,2,9,168.0,2,5,168.0,0,0,1961.9,1,1,168.0,2,10,168.0
178550278,02500830,14.6,42.1,0,0,1207.7,1,1,282.5,3,9,282.5,2,4,282.5,0,0,1847.5,1,1,282.5,2,9,282.5
178550280,02500830,26.2,22.3,0,0,1291.6,1,1,366.5,2,9,196.2,1,5,366.5,0,0,1723.9,1,1,366.5,1,9,366.5
178550281,02500830,22.9,20.2,0,0,1366.0,0,2,574.5,1,8,131.2,1,6,341.6,0,0,1665.3,0,2,574.5,1,10,341.6
178550282,02500830,24.9,21.3,0,0,1345.4,0,2,443.7,1,8,116.9,1,6,321.0,0,0,1644.7,0,2,443.7,1,10,321.0
178550283,02500830,21.1,23.9,0,0,1283.9,0,2,488.4,1,7,224.6,0,6,435.0,0,0,1758.7,0,2,488.4,0,8,435.0
178550284,02500830,22.9,18.8,0,0,1351.4,0,2,426.2,1,8,129.5,1,6,333.6,0,0,1657.3,0,2,426.2,1,10,333.6
178550285,02500830,23.2,18.6,0,0,1319.5,0,2,464.3,1,8,91.0,1,6,295.1,0,0,1618.8,0,2,464.3,1,10,295.1
178550286,02500830,59.1,23.8,0,0,1232.4,1,1,307.2,3,10,258.5,2,5,307.2,0,0,1786.3,1,1,307.2,2,10,307.2
178550287,02500830,25.6,20.5,0,0,1298.9,0,2,578.7,1,8,64.1,2,6,274.5,0,0,1598.2,0,2,578.7,2,10,274.5
178550289,02500830,43.4,28.8,0,0,1336.6,0,1,411.4,1,8,164.3,1,5,368.4,0,0,1692.1,0,1,411.4,1,9,368.4
178550290,02500830,80.4,43.7,0,0,1368.7,1,1,215.3,1,6,215.3,1,3,215.3,0,0,inf,1,1,215.3,1,5,215.3
178550291,02500830,26.0,20.4,0,0,1255.8,0,2,460.3,1,7,245.8,0,6,456.2,0,0,1779.9,0,2,460.3,0,8,456.2
178550292,02500830,40.5,20.4,0,0,1280.0,0,2,507.4,1,8,51.5,2,6,255.6,0,0,1579.3,0,2,507.4,2,10,255.6
178550293,02500830,25.2,20.4,0,0,1240.5,0,2,445.0,1,7,261.0,0,6,445.0,0,0,1795.1,0,2,445.0,0,8,445.0
178550294,02500830,43.1,24.5,0,0,1339.8,0,2,609.2,1,8,105.0,1,6,315.4,0,0,1639.1,0,2,609.2,1,10,315.4
178550295,02500830,44.5,36.4,0,0,1299.9,1,1,374.7,2,9,216.1,1,5,374.7,0,0,1743.9,1,1,374.7,1,9,374.7
178550298,02500830,43.5,44.7,0,0,1365.9,0,2,623.7,1,8,131.1,1,6,341.5,0,0,1665.2,0,2,623.7,1,10,341.5
178550300,02500830,42.0,40.4,0,0,1325.0,0,2,604.7,1,8,90.1,1,6,300.5,0,0,1624.2,0,2,604.7,1,10,300.5
178553432,02500830,28.0,16.7,0,0,1259.7,0,2,464.3,1,7,264.2,1,6,360.5,0,0,1570.0,0,2,464.3,1,9,360.5
178553436,02500830,34.1,39.2,0,0,1334.3,0,2,538.8,1,7,205.0,0,6,415.4,0,0,1739.1,0,2,538.8,0,8,415.4
178553437,02500830,52.2,19.3,0,0,1291.0,0,2,570.7,1,8,56.1,2,6,266.5,0,0,1590.2,0,2,570.7,2,10,266.5
178553439,02500830,33.9,20.0,0,0,1346.0,0,2,550.5,1,8,154.8,1,6,365.2,0,0,1688.9,0,2,550.5,1,10,365.2
178553441,02500830,28.9,26.9,0,0,1000.2,1,2,204.7,0,4,514.3,1,5,204.7,0,0,1683.5,1,2,204.7,1,6,204.7
178553445,02500830,18.8,17.9,0,0,1299.6,0,2,579.4,1,9,71.2,2,7,275.2,0,0,1502.3,0,2,579.4,2,11,275.2
178553448,02500830,33.1,19.8,0,0,1290.2,0,2,494.7,1,7,210.2,0,6,420.6,0,0,1744.3,0,2,494.7,0,8,420.6
178553449,02500830,29.7,36.3,0,0,1346.1,0,2,550.6,1,8,217.1,1,7,313.3,0,0,1522.9,0,2,550.6,1,10,313.3
178553451,02500830,18.5,18.7,0,0,1265.0,0,2,469.5,1,7,233.3,0,6,443.7,0,0,1767.4,0,2,469.5,0,8,443.7
178553452,02500830,14.9,17.1,0,0,1277.4,0,2,481.9,1,7,247.3,1,6,343.6,0,0,1553.1,0,2,481.9,1,9,343.6
178553453,02500830,8.2,42.2,0,0,1289.5,0,2,494.0,1,7,255.8,0,6,466.2,0,0,1789.9,0,2,494.0,0,8,466.2
178553454,02500830,26.4,19.3,0,0,1307.8,0,2,512.3,1,8,191.7,0,6,402.1,0,0,1725.8,0,2,512.3,0,9,402.1
178553455,02500830,36.0,17.5,0,0,1239.7,0,2,444.3,1,7,285.9,1,6,382.2,0,0,1591.8,0,2,444.3,1,9,382.2
178553456,02500830,26.0,16.5,0,0,1224.7,0,2,429.2,1,7,298.8,1,6,395.0,0,0,1604.6,0,2,429.2,1,9,395.0
178553457,02500830,20.7,16.6,0,0,1185.0,1,2,389.5,1,6,309.1,1,5,389.5,0,0,1782.7,1,2,389.5,1,7,389.5
178553458,02500830,24.6,17.2,0,0,1207.2,0,2,411.7,1,6,317.8,0,5,411.7,0,0,1623.6,0,2,411.7,0,8,411.7
178553459,02500830,33.1,23.0,0,0,1315.5,0,2,595.3,1,9,87.1,2,7,287.0,0,0,1496.5,0,2,595.3,2,11,287.0
178553460,02500830,13.7,44.4,0,0,1378.6,0,2,583.1,1,8,171.0,1,6,381.4,0,0,1705.0,0,2,583.1,1,10,381.4
178553461,02500830,46.4,16.0,0,0,1364.8,0,2,569.3,1,9,157.7,2,7,253.9,0,0,1463.5,0,2,569.3,2,11,253.9
178553462,02500830,28.8,38.0,0,0,1316.6,0,2,521.2,1,7,249.9,1,6,346.1,0,0,1555.7,0,2,521.2,1,9,346.1
178553463,02500830,34.0,16.3,0,0,1188.6,1,2,393.1,1,6,334.5,1,5,393.1,0,0,1640.3,1,2,393.1,1,8,393.1
178553464,02500830,34.6,19.7,0,0,1352.9,0,2,586.7,1,8,118.1,1,6,328.5,0,0,1652.2,0,2,586.7,1,10,328.5
178553465,02500830,31.9,19.4,0,0,1302.9,0,2,507.4,1,8,226.5,1,7,322.8,0,0,1532.4,0,2,507.4,1,10,322.8
178553466,02500830,35.3,39.4,0,0,1366.3,0,2,612.6,1,8,131.5,1,6,341.9,0,0,1665.6,0,2,612.6,1,10,341.9
178553467,02500830,34.9,20.3,0,0,1316.8,0,2,596.6,1,8,82.0,1,6,292.4,0,0,1616.1,0,2,596.6,1,10,292.4
178760715,02300419,1.3,36.2,0,0,1530.8,0,2,686.9,0,0,1530.8,0,5,432.0,0,0,inf,0,2,686.9,0,4,686.9
178760716,02300419,16.3,14.6,0,0,1409.8,0,1,565.9,0,0,1409.8,0,5,515.8,0,0,inf,0,1,565.9,0,4,565.9
178760717,02300419,22.7,15.5,0,0,1227.1,1,1,383.2,0,0,1227.1,1,5,383.2,0,0,inf,1,1,383.2,1,4,383.2
178760718,02300419,21.2,18.7,0,0,1307.9,0,1,464.0,0,0,1307.9,0,4,464.0,0,0,inf,0,1,464.0,0,3,464.0
178760719,02300419,21.2,18.9,0,0,1371.7,0,1,527.8,0,0,1371.7,0,4,527.8,0,0,inf,0,1,527.8,0,3,527.8
178760720,02300419,16.5,20.0,0,0,1694.3,0,0,824.2,0,0,1694.3,0,2,497.6,0,0,inf,0,0,824.2,0,1,774.1
178760721,02300419,17.4,15.2,0,0,1427.9,0,1,584.0,0,0,1427.9,0,5,498.9,0,0,inf,0,1,584.0,0,4,584.0
178760722,02300419,18.6,18.0,0,0,1321.6,0,1,477.7,0,0,1321.6,0,4,477.7,0,0,inf,0,1,477.7,0,3,477.7
178760723,02300419,20.9,19.8,0,0,1341.8,0,1,497.9,0,0,1341.8,0,4,497.9,0,0,inf,0,1,497.9,0,3,497.9
178760724,02300419,15.2,36.2,0,0,1267.1,1,1,339.9,0,0,1267.1,1,7,339.9,0,0,inf,1,1,339.9,1,6,339.9
178760725,02300419,18.3,18.0,0,0,1353.7,0,1,509.8,0,0,1353.7,0,4,509.8,0,0,inf,0,1,509.8,0,3,509.8
178760726,02300419,13.3,14.5,0,0,1441.4,0,1,597.5,0,0,1441.4,0,5,484.2,0,0,inf,0,1,597.5,0,4,597.5
178760727,02300419,17.2,15.6,0,0,1397.8,0,1,554.0,0,0,1397.8,0,4,529.7,0,0,inf,0,1,554.0,0,3,554.0
178760728,02300419,17.1,17.2,0,0,1273.8,0,1,429.9,0,0,1273.8,0,5,429.9,0,0,inf,0,1,429.9,0,4,429.9
178760729,02300419,21.3,17.8,0,0,1290.6,0,1,446.7,0,0,1290.6,0,4,446.7,0,0,inf,0,1,446.7,0,3,446.7
178760730,02300419,24.8,22.0,0,0,1677.5,0,0,807.4,0,0,1677.5,0,2,480.8,0,0,inf,0,0,807.4,0,1,757.4
178760731,02300419,26.5,27.3,0,0,1759.1,0,0,889.1,0,0,1759.1,0,1,562.5,0,0,inf,0,0,889.1,0,0,839.0
178760732,02300419,25.6,20.6,0,0,1633.7,0,2,763.6,0,0,1633.7,0,4,437.0,0,0,inf,0,2,763.6,0,3,713.6
178760733,02300419,1.6,31.2,0,0,1264.6,1,1,362.1,0,0,1264.6,1,6,362.1,0,0,inf,1,1,362.1,1,5,362.1
178760734,02300419,9.1,37.5,0,0,1281.5,0,1,437.6,0,0,1281.5,0,4,437.6,0,0,inf,0,1,437.6,0,3,437.6
178760735,02300419,16.6,17.3,0,0,1260.3,0,1,416.4,0,0,1260.3,0,5,416.4,0,0,inf,0,1,416.4,0,4,416.4
178760736,02300419,8.7,38.0,0,0,1406.3,0,1,562.4,0,0,1406.3,0,4,562.4,0,0,inf,0,1,562.4,0,3,562.4
178760737,02300419,12.3,18.0,0,0,1247.5,0,1,403.6,0,0,1247.5,0,5,403.6,0,0,inf,0,1,403.6,0,4,403.6
178760738,02300419,26.8,21.6,0,0,1540.4,0,2,696.5,0,0,1540.4,1,6,393.0,0,0,inf,0,2,696.5,0,5,669.5
178760739,02300419,30.6,21.9,0,0,1708.8,0,0,838.7,0,0,1708.8,0,2,512.1,0,0,inf,0,0,838.7,0,1,788.6
178760740,02300419,22.4,21.1,0,0,1619.8,0,2,749.7,0,0,1619.8,0,5,423.1,0,0,inf,0,2,749.7,0,4,699.7
178760741,02300419,25.8,41.6,0,0,1773.4,0,0,903.3,0,0,1773.4,0,1,576.7,0,0,inf,0,0,903.3,0,0,853.3
178760742,02300419,25.0,21.8,0,0,1740.7,0,0,870.6,0,0,1740.7,0,1,544.0,0,0,inf,0,0,870.6,0,0,820.6
178760743,02300419,25.5,20.4,0,0,1663.8,0,1,793.7,0,0,1663.8,0,3,467.1,0,0,inf,0,1,793.7,0,2,743.7
178760744,02300419,24.9,22.1,0,0,1647.5,0,1,777.4,0,0,1647.5,0,3,450.8,0,0,inf,0,1,777.4,0,2,727.4
178760745,02300419,9.2,37.8,0,0,1342.2,0,1,498.4,0,0,1342.2,0,4,498.4,0,0,inf,0,1,498.4,0,3,498.4
178760746,02300419,26.8,20.3,0,0,1727.1,0,0,857.0,0,0,1727.1,0,1,530.4,0,0,inf,0,0,857.0,0,0,807.0
178760747,02300419,24.8,20.9,0,0,1752.7,0,0,882.7,0,0,1752.7,0,1,556.1,0,0,inf,0,0,882.7,0,0,832.6
178760748,02300419,20.9,16.5,0,0,1459.9,0,2,616.0,0,0,1459.9,0,6,469.5,0,0,inf,0,2,616.0,0,5,616.0
178760749,02300419,15.0,15.6,0,0,1253.6,1,1,341.8,0,0,1253.6,1,8,341.8,0,0,inf,1,1,341.8,1,7,341.8
178760750,02300419,15.1,20.6,0,0,1605.9,0,2,735.9,0,0,1605.9,0,5,409.3,0,0,inf,0,2,735.9,0,4,685.8
179298844,02500834,52.7,38.4,1,1,307.0,0,0,1320.1,0,2,541.6,1,3,307.0,1,1,307.0,1,1,307.0,1,4,307.0
179300926,02500834,51.4,45.1,1,1,339.6,0,0,1256.4,0,2,550.6,2,4,215.3,1,1,339.6,1,1,339.6,2,4,215.3
179300927,02500834,42.4,17.6,0,1,417.6,0,0,1123.3,0,3,417.5,1,5,82.2,0,1,417.6,0,1,417.6,1,5,82.2
179300928,02500834,34.0,14.7,1,1,393.4,0,0,1225.8,0,3,429.6,2,4,314.2,1,1,393.4,1,1,393.4,2,5,314.2
179300929,02500834,39.3,13.7,0,1,495.7,0,0,1121.5,1,5,325.3,2,5,209.9,0,1,495.7,0,1,495.7,2,7,209.9
179300930,02500834,67.0,16.5,1,1,223.7,0,0,1346.3,0,2,618.7,2,5,223.7,1,1,223.7,1,1,223.7,2,5,223.7
179300931,02500834,52.2,43.7,1,1,302.0,0,0,1291.1,0,2,585.2,2,4,250.0,1,1,302.0,1,1,302.0,2,4,250.0
179300933,02500834,45.7,29.4,0,1,503.6,0,0,1151.4,1,4,355.2,2,5,39.6,0,1,503.6,0,1,503.6,2,6,39.6
179300934,02500834,50.8,23.7,1,1,386.7,0,0,1166.4,0,2,460.6,2,4,125.4,1,1,386.7,1,1,386.7,2,4,125.4
179303221,02500833,65.8,17.5,0,1,697.3,0,0,902.7,1,5,109.6,2,5,109.6,0,1,697.3,0,1,697.3,2,8,109.6
179303223,02500833,26.7,18.6,0,1,692.0,0,0,935.0,1,5,138.8,2,6,138.8,0,1,692.0,0,1,692.0,2,8,138.8
179304322,02400624,74.3,18.6,0,1,760.0,0,2,671.5,5,10,143.3,2,7,343.2,0,0,1595.3,0,2,671.5,5,11,143.3
179304323,02400624,20.4,31.0,0,1,779.6,0,2,552.9,4,10,162.9,1,8,224.5,0,0,1661.3,0,2,552.9,4,12,162.9
179304324,02400624,43.6,27.0,0,0,1152.2,0,2,646.1,1,7,247.1,2,6,247.1,0,0,1558.0,0,2,646.1,2,9,247.1
179308269,02500832,58.8,18.5,0,1,478.9,0,0,1152.1,1,4,358.1,2,5,22.9,0,1,478.9,0,1,478.9,2,6,22.9
179325989,02500831,34.0,20.6,0,0,866.6,0,1,629.0,2,4,217.1,1,5,386.9,0,0,1154.5,0,1,629.0,2,7,217.1
179325993,02500831,40.8,16.6,0,0,825.9,0,1,699.6,2,4,176.4,1,5,308.2,0,0,1075.8,0,1,699.6,2,7,176.4
179325995,02500831,44.9,15.4,0,0,915.9,0,1,650.0,3,6,329.4,2,5,348.6,0,0,1116.2,0,1,650.0,3,8,329.4
179325996,02500831,46.0,17.9,0,0,886.0,0,1,759.7,2,5,236.5,1,5,250.7,0,0,1018.3,0,1,759.7,2,8,236.5
179325999,02500831,45.6,15.9,0,0,897.6,0,1,631.7,2,6,311.1,1,5,367.8,0,0,1135.4,0,1,631.7,2,8,311.1
179326479,02500831,45.3,36.9,0,0,943.6,0,1,677.7,2,6,357.2,1,5,363.9,0,0,1131.5,0,1,677.7,2,8,357.2
179332795,02500831,18.1,17.0,0,0,1047.9,0,1,628.4,2,6,259.8,2,6,259.8,0,0,1069.3,0,1,628.4,2,9,259.8
179332798,02500831,37.2,13.7,0,0,1041.7,0,1,599.1,2,6,230.5,2,6,230.5,0,0,1074.3,0,1,599.1,2,9,230.5
179676158,02200208,15.1,19.2,0,0,956.0,0,1,440.0,0,0,inf,0,6,440.0,0,0,1639.7,0,1,440.0,0,4,440.0
179780063,02100101,197.6,21.4,0,1,429.2,0,2,583.6,0,0,inf,2,9,149.1,0,0,1112.8,0,3,429.2,1,7,149.1
179780079,02100101,102.8,12.6,1,1,321.6,0,1,767.1,0,0,inf,2,8,321.6,0,0,1005.3,1,2,321.6,2,6,321.6
182493510,02500835,16.6,17.3,0,1,751.0,0,0,1646.3,0,0,1285.6,1,7,183.1,0,0,882.0,0,1,751.0,1,4,183.1
182728869,02100101,164.8,21.3,1,1,379.5,0,2,633.2,0,0,inf,3,9,198.7,0,0,1063.2,1,3,379.5,2,7,198.7
183277289,02200211,17.2,34.2,0,0,1709.4,0,2,420.7,0,0,inf,1,8,301.2,0,0,inf,0,2,420.7,1,5,301.2
183284351,02200211,17.3,17.4,0,0,1709.6,0,2,420.9,0,0,inf,1,9,301.5,0,0,inf,0,2,420.9,1,5,301.5
183352565,02200211,17.0,31.1,0,0,1757.1,0,2,468.4,0,0,inf,1,9,349.0,0,0,inf,0,2,468.4,1,5,349.0
183352566,02200211,10.3,16.8,0,0,1716.7,0,2,428.1,0,0,inf,1,9,308.6,0,0,inf,0,2,428.1,1,5,308.6
183352567,02200211,11.0,17.7,0,0,1758.5,0,2,469.9,0,0,inf,1,9,350.4,0,0,inf,0,2,469.9,1,5,350.4
183352569,02200211,21.0,17.1,0,0,1729.7,0,2,441.0,0,0,inf,1,9,321.6,0,0,inf,0,2,441.0,1,5,321.6
183357995,02200211,9.4,17.2,0,0,1669.7,1,2,381.0,0,0,inf,2,8,261.6,0,0,inf,1,2,381.0,2,5,261.6
183357996,02200211,16.9,21.5,0,0,1675.9,1,2,309.2,0,0,inf,2,8,267.8,0,0,inf,1,2,309.2,2,5,267.8
183357997,02200211,7.8,33.6,0,0,1700.4,0,2,411.7,0,0,inf,1,8,292.2,0,0,inf,0,2,411.7,1,5,292.2
183357998,02200211,19.9,20.7,0,0,1660.6,2,2,371.9,0,0,inf,3,8,252.5,0,0,inf,2,2,371.9,3,5,252.5
183654198,02400624,52.7,35.1,0,0,1031.3,0,1,525.2,1,8,126.2,2,7,126.2,0,0,1695.2,0,1,525.2,2,10,126.2
183785281,02300315,29.0,21.2,0,0,1747.4,1,2,314.4,0,0,inf,4,15,123.3,0,0,1747.4,1,2,314.4,3,7,123.3
183785283,02300315,10.4,15.6,0,0,1794.8,1,2,255.8,0,0,inf,2,14,170.7,0,0,1794.8,1,2,255.8,2,7,170.7
183785284,02300315,13.5,15.8,0,0,1751.1,1,2,299.9,0,0,inf,4,15,127.0,0,0,1751.1,1,2,299.9,3,7,127.0
183972759,02300418,26.7,27.8,0,0,inf,0,0,1126.0,0,0,inf,2,5,294.8,0,0,inf,0,0,1126.0,2,5,294.8
183972760,02300418,19.8,19.3,0,0,inf,0,0,1224.9,0,0,inf,2,4,155.9,0,0,inf,0,0,1224.9,2,4,155.9
183972762,02300418,15.4,22.0,0,0,inf,0,0,1105.9,0,0,inf,2,5,274.7,0,0,inf,0,0,1105.9,2,5,274.7
183972763,02300418,16.8,19.1,0,0,inf,0,0,1179.5,0,0,inf,1,3,348.3,0,0,inf,0,0,1179.5,1,3,348.3
183972764,02300418,31.0,17.4,0,0,inf,0,0,1297.2,0,0,inf,1,3,346.3,0,0,inf,0,0,1297.2,1,3,346.3
183972765,02300418,35.6,27.7,0,0,inf,0,0,1192.2,0,0,inf,1,3,361.0,0,0,inf,0,0,1192.2,1,3,361.0
183972766,02300418,36.1,21.5,0,0,inf,0,0,1281.3,0,0,inf,1,3,370.5,0,0,inf,0,0,1281.3,1,3,370.5
183972767,02300418,34.3,27.0,0,0,inf,0,0,1266.0,0,0,inf,1,3,396.8,0,0,inf,0,0,1266.0,1,3,396.8
184132057,02300418,4.1,14.6,0,0,inf,0,0,1414.5,0,0,inf,1,2,347.5,0,0,inf,0,0,1414.5,1,2,347.5
184132058,02300418,1.7,25.9,0,0,inf,0,0,1385.4,0,0,inf,1,2,318.4,0,0,inf,0,0,1385.4,1,2,318.4
184132059,02300418,16.8,12.6,0,0,inf,0,0,1412.4,0,0,inf,1,2,345.4,0,0,inf,0,0,1412.4,1,2,345.4
184132060,02300418,3.8,6.0,0,0,inf,0,0,1334.6,0,0,inf,1,3,267.6,0,0,inf,0,0,1334.6,1,3,267.6
184132064,02300418,3.8,14.2,0,0,inf,0,0,1422.7,0,0,inf,1,2,355.6,0,0,inf,0,0,1422.7,1,2,355.6
184132066,02300418,1.6,25.0,0,0,inf,0,0,1395.6,0,0,inf,1,2,328.6,0,0,inf,0,0,1395.6,1,2,328.6
184132067,02300418,1.2,15.4,0,0,inf,0,0,1340.0,0,0,inf,1,3,299.6,0,0,inf,0,0,1340.0,1,3,299.6
184132068,02300418,1.2,4.5,0,0,inf,0,0,1335.3,0,0,inf,1,3,268.3,0,0,inf,0,0,1335.3,1,3,268.3
184305370,02300419,10.1,21.1,0,0,1369.3,0,1,614.7,0,0,1369.3,0,3,566.5,0,0,inf,0,1,614.7,0,2,566.5
184461212,02300418,36.1,50.0,0,0,inf,0,0,1216.1,0,0,inf,2,4,226.2,0,0,inf,0,0,1216.1,2,4,226.2
184461215,02300418,43.8,16.0,0,0,inf,0,0,1136.6,0,0,inf,2,5,237.5,0,0,inf,0,0,1136.6,2,5,237.5
184461221,02300418,20.9,16.0,0,0,inf,0,0,1164.9,0,0,inf,2,4,209.4,0,0,inf,0,0,1164.9,2,4,209.4
184461224,02300418,21.8,18.7,0,0,inf,0,0,1188.2,0,0,inf,2,4,191.3,0,0,inf,0,0,1188.2,2,4,191.3
184461229,02300418,45.4,31.8,0,0,inf,0,0,1217.1,0,0,inf,1,3,385.9,0,0,inf,0,0,1217.1,1,3,385.9
184484786,02200209,41.1,21.5,0,0,1650.4,1,1,197.2,0,0,inf,3,10,197.2,0,0,inf,1,1,197.2,3,8,197.2
184484787,02200209,54.3,22.2,0,0,1604.1,1,1,391.3,0,0,inf,1,10,391.3,0,0,inf,1,1,391.3,1,7,391.3
184484788,02200209,57.4,19.2,0,0,1590.0,1,1,252.9,0,0,inf,2,11,252.9,0,0,inf,1,1,252.9,2,8,252.9
184492605,02200209,48.2,15.0,0,0,1846.5,1,1,176.2,0,0,inf,2,7,176.2,0,0,inf,1,1,176.2,2,6,176.2
184492606,02200209,83.2,24.2,0,0,1860.1,1,1,189.9,0,0,inf,2,6,189.9,0,0,inf,1,1,189.9,2,5,189.9
184492607,02200209,20.7,15.6,0,0,1850.5,1,1,180.2,0,0,inf,2,8,180.2,0,0,inf,1,1,180.2,2,6,180.2
184492608,02200209,25.7,20.7,0,0,1699.0,1,1,147.0,0,0,inf,3,10,147.0,0,0,inf,1,1,147.0,3,8,147.0
184492610,02200209,0.5,10.4,0,0,1838.8,1,1,168.5,0,0,inf,2,7,168.5,0,0,inf,1,1,168.5,2,6,168.5
184492612,02200209,19.3,20.0,0,0,1678.3,1,1,166.3,0,0,inf,3,9,166.3,0,0,inf,1,1,166.3,3,7,166.3
184602688,02300418,33.8,16.2,0,0,inf,0,0,1214.4,0,0,inf,1,4,139.2,0,0,inf,0,0,1214.4,1,4,139.2
184602689,02300418,31.1,49.9,0,0,inf,0,0,1224.6,0,0,inf,1,4,149.4,0,0,inf,0,0,1224.6,1,4,149.4
184602690,02300418,48.9,45.1,0,0,inf,0,0,1219.0,0,0,inf,1,3,143.8,0,0,inf,0,0,1219.0,1,3,143.8
184602695,02300418,3.7,67.8,0,0,inf,0,0,1257.9,0,0,inf,1,4,182.7,0,0,inf,0,0,1257.9,1,4,182.7
184602699,02300418,20.6,51.7,0,0,inf,0,0,1358.1,0,0,inf,1,2,291.1,0,0,inf,0,0,1358.1,1,2,291.1
184602701,02300418,24.3,15.9,0,0,inf,0,0,1188.9,0,0,inf,1,4,113.8,0,0,inf,0,0,1188.9,1,4,113.8
184602707,02300418,41.2,22.3,0,0,inf,0,0,1167.5,0,0,inf,1,4,92.3,0,0,inf,0,0,1167.5,1,4,92.3
184602711,02300418,19.0,23.4,0,0,inf,0,0,1221.6,0,0,inf,1,3,146.4,0,0,inf,0,0,1221.6,1,3,146.4
184602713,02300418,24.9,27.1,0,0,inf,0,0,1193.8,0,0,inf,1,3,118.6,0,0,inf,0,0,1193.8,1,3,118.6
184602715,02300418,73.9,17.2,0,0,inf,0,0,1291.5,0,0,inf,1,3,224.5,0,0,inf,0,0,1291.5,1,3,224.5
184877232,02300418,32.3,17.1,0,0,inf,0,0,1315.7,0,0,inf,1,3,248.7,0,0,inf,0,0,1315.7,1,3,248.7
184877233,02300418,44.0,19.1,0,0,inf,0,0,1341.4,0,0,inf,1,3,305.5,0,0,inf,0,0,1341.4,1,3,305.5
184877234,02300418,44.3,42.9,0,0,inf,0,0,1373.6,0,0,inf,1,2,320.9,0,0,inf,0,0,1373.6,1,2,320.9
184877235,02300418,43.3,42.4,0,0,inf,0,0,1336.9,0,0,inf,1,3,356.5,0,0,inf,0,0,1336.9,1,3,356.5
184877236,02300418,33.0,18.4,0,0,inf,0,0,1335.7,0,0,inf,1,3,268.6,0,0,inf,0,0,1335.7,1,3,268.6
185498849,02100104,567.6,43.5,0,0,1633.6,1,1,348.5,0,0,inf,2,6,348.5,0,0,inf,1,1,348.5,2,4,348.5
185622866,02100104,164.2,0.7,0,0,1650.9,1,1,367.5,0,0,1972.0,3,7,172.3,0,0,inf,1,1,367.5,3,5,172.3
185622867,02100104,51.5,12.1,0,0,1683.9,1,1,256.5,0,0,inf,2,6,256.5,0,0,inf,1,1,256.5,2,4,256.5
185622868,02100104,50.7,10.2,0,0,1627.9,1,1,308.7,0,0,inf,2,6,308.7,0,0,inf,1,1,308.7,2,4,308.7
185622869,02100104,55.8,11.3,0,0,1580.7,1,1,358.1,0,0,1971.2,2,6,327.3,0,0,inf,1,1,358.1,2,4,327.3
185775600,02200211,14.4,16.9,0,0,1681.6,1,2,392.9,0,0,inf,2,8,273.5,0,0,inf,1,2,392.9,2,5,273.5
186177239,02300418,3.4,7.7,0,0,inf,0,1,635.9,0,0,inf,2,5,154.4,0,0,inf,0,1,635.9,2,4,154.4
187069206,02200209,5.2,18.8,0,0,1861.1,0,1,648.3,0,0,inf,0,5,600.9,0,0,inf,0,1,648.3,0,4,648.3
187069208,02200209,16.3,11.2,0,0,1843.9,0,1,631.1,0,0,inf,0,6,521.6,0,0,inf,0,1,631.1,0,4,631.1
187069209,02200209,5.1,12.5,0,0,1854.8,0,1,642.0,0,0,inf,0,6,594.5,0,0,inf,0,1,642.0,0,4,642.0
187069212,02200209,5.3,6.2,0,0,1848.2,0,1,635.5,0,0,inf,0,6,588.0,0,0,inf,0,1,635.5,0,4,635.5
187069217,02200209,5.2,5.9,0,0,1824.9,0,1,612.1,0,0,inf,0,6,564.6,0,0,inf,0,1,612.1,0,4,612.1
187069220,02200209,4.9,6.3,0,0,1843.3,0,1,630.6,0,0,inf,0,6,583.1,0,0,inf,0,1,630.6,0,4,630.6
187069222,02200209,5.2,6.4,0,0,1850.0,0,1,637.2,0,0,inf,0,6,589.7,0,0,inf,0,1,637.2,0,4,637.2
187069224,02200209,5.1,5.1,0,0,1855.4,0,1,642.6,0,0,inf,0,6,595.1,0,0,inf,0,1,642.6,0,4,642.6
187069227,02200209,17.1,14.3,0,0,1875.3,0,1,662.6,0,0,inf,0,5,615.1,0,0,inf,0,1,662.6,0,4,662.6
187077232,02200209,46.8,13.8,0,0,1844.8,0,1,632.1,0,0,inf,0,5,632.1,0,0,inf,0,1,632.1,0,4,632.1
187077235,02200209,18.0,14.1,0,0,1743.4,0,1,530.6,0,0,inf,0,6,530.6,0,0,inf,0,1,530.6,0,5,530.6
187077237,02200209,23.1,12.8,0,0,1828.6,0,1,615.8,0,0,inf,0,5,615.8,0,0,inf,0,1,615.8,0,4,615.8
187077238,02200209,7.9,12.8,0,0,1853.8,0,1,641.0,0,0,inf,0,5,641.0,0,0,inf,0,1,641.0,0,4,641.0
187080904,02200209,107.8,6.4,0,0,1807.6,0,1,594.8,0,0,inf,0,6,594.8,0,0,inf,0,1,594.8,0,5,594.8
187080906,02200209,17.7,14.8,0,0,1885.8,0,1,673.0,0,0,inf,0,5,649.0,0,0,inf,0,1,673.0,0,4,673.0
187080907,02200209,5.6,11.3,0,0,1872.1,0,1,659.3,0,0,inf,0,5,637.8,0,0,inf,0,1,659.3,0,4,659.3
187080908,02200209,5.4,18.5,0,0,1878.7,0,1,665.9,0,0,inf,0,5,645.5,0,0,inf,0,1,665.9,0,4,665.9
187080909,02200209,5.4,25.5,0,0,1885.1,0,1,672.4,0,0,inf,0,5,653.1,0,0,inf,0,1,672.4,0,4,672.4
187080911,02200209,5.4,32.5,0,0,1891.6,0,1,678.8,0,0,inf,0,5,660.8,0,0,inf,0,1,678.8,0,4,678.8
187080912,02200209,5.3,36.9,0,0,1936.1,0,1,723.3,0,0,inf,0,3,675.9,0,0,inf,0,1,723.3,0,2,723.3
187099429,02200209,2.9,9.0,0,0,1793.9,1,1,123.7,0,0,inf,2,8,123.7,0,0,inf,1,1,123.7,2,7,123.7
187099430,02200209,42.0,44.5,0,0,1922.0,0,1,709.2,0,0,inf,0,4,709.2,0,0,inf,0,1,709.2,0,4,709.2
187099432,02200209,18.2,11.8,0,0,1918.3,0,1,705.6,0,0,inf,0,5,658.1,0,0,inf,0,1,705.6,0,4,705.6
187101362,02200209,20.4,25.9,0,0,1792.7,0,1,579.9,0,0,inf,0,5,579.9,0,0,inf,0,1,579.9,0,5,579.9
187101363,02200209,22.0,26.0,0,0,1818.2,0,1,605.5,0,0,inf,0,5,605.5,0,0,inf,0,1,605.5,0,5,605.5
187101364,02200209,29.0,22.5,0,0,1379.3,0,1,470.3,0,0,inf,1,10,247.7,0,0,inf,0,1,470.3,1,7,247.7
187660880,02100105,26.8,28.5,0,0,1705.5,1,2,370.0,0,0,inf,1,7,370.0,0,0,inf,1,2,370.0,1,6,370.0
187977777,02200209,48.8,43.3,0,0,1897.0,0,1,684.2,0,0,inf,0,4,684.2,0,0,inf,0,1,684.2,0,4,684.2
188728057,02500835,5.5,21.0,0,1,713.1,0,1,713.1,0,1,713.1,0,6,431.1,0,0,1535.5,0,1,713.1,0,1,713.1
188866586,02500835,61.4,15.4,0,0,1135.6,0,0,1135.6,0,0,1032.8,3,5,204.0,0,0,1204.0,0,0,1135.6,0,1,621.7
188866587,02500835,48.4,29.0,0,0,1009.8,0,0,1390.1,0,0,1287.2,1,5,314.0,0,0,1034.4,0,0,1009.8,0,2,400.4
188866588,02500835,40.2,15.8,0,0,1165.7,0,0,1165.7,0,0,1062.9,2,5,218.1,0,0,1174.8,0,0,1165.7,0,1,592.5
188866590,02500835,27.4,26.1,0,0,1082.4,0,0,1346.7,0,0,1243.9,1,6,336.8,0,0,1364.3,0,0,1082.4,0,2,778.8
188866591,02500835,61.3,29.9,0,0,923.9,0,0,1480.8,0,0,1378.0,0,6,404.8,0,0,1264.0,0,0,923.9,0,2,620.3
188868198,02500835,34.7,15.6,0,0,932.6,0,0,932.6,0,0,829.8,2,4,124.2,0,0,1360.3,0,0,932.6,0,0,822.6
188868200,02500835,63.4,15.8,0,0,908.1,0,0,908.1,0,0,805.3,2,4,101.5,0,0,1335.7,0,0,908.1,0,0,805.3
188868202,02500835,52.2,28.9,0,0,898.8,0,0,898.8,0,0,898.8,2,5,238.7,0,0,1473.0,0,0,898.8,0,0,898.8
189065406,02500836,89.3,34.5,0,0,993.1,0,0,inf,0,0,1342.2,3,4,170.7,0,0,1557.9,0,0,993.1,1,2,389.5
192640116,02200209,23.7,30.3,0,2,619.5,0,1,520.9,0,0,inf,1,10,207.6,0,0,inf,0,3,520.9,1,6,207.6
192773847,02200209,26.6,21.1,0,2,713.9,0,1,615.3,0,0,inf,3,9,185.7,0,0,inf,0,3,615.3,1,6,212.8
192773849,02200209,17.0,20.0,0,1,772.5,0,1,673.9,0,0,inf,3,10,124.7,0,0,inf,0,2,673.9,1,6,271.5
192888765,02200209,12.8,20.7,0,0,974.3,0,0,875.7,0,0,inf,2,7,208.5,0,0,inf,0,0,875.7,0,3,473.3
194070665,02500832,20.2,52.6,0,0,816.8,0,0,816.8,0,1,635.9,0,1,634.6,0,0,1002.5,0,0,816.8,0,2,634.6
197576016,02400625,113.2,20.7,0,1,766.6,0,1,766.6,0,1,766.6,1,4,372.7,0,0,964.4,0,1,766.6,0,1,766.6
199056845,02400624,28.2,60.5,0,0,1603.2,0,1,566.7,0,2,566.7,0,2,566.7,0,0,inf,0,1,566.7,0,2,566.7
201540142,02300314,17.8,20.9,0,0,1608.4,0,2,669.0,0,0,inf,3,14,165.9,0,0,1608.4,0,2,669.0,1,5,380.0
201540143,02300314,6.8,33.2,0,0,1630.8,0,2,691.3,0,0,inf,2,14,188.3,0,0,1630.8,0,2,691.3,0,5,402.4
201545365,02200209,22.6,20.3,0,2,655.1,0,1,556.5,0,0,inf,3,10,154.1,0,0,inf,0,3,556.5,1,7,154.1
201545366,02200209,11.9,19.6,0,2,663.5,0,1,564.9,0,0,inf,3,10,162.5,0,0,inf,0,3,564.9,1,7,162.5
201545367,02200209,19.1,19.8,0,2,689.1,0,1,590.5,0,0,inf,3,10,188.1,0,0,inf,0,3,590.5,1,7,188.1
201545368,02200209,18.9,20.0,0,1,753.1,0,1,654.5,0,0,inf,3,10,144.2,0,0,inf,0,2,654.5,1,6,252.1
201553955,02300314,5.8,29.5,0,0,1694.7,0,2,497.0,0,0,inf,4,12,208.0,0,0,1694.7,0,2,497.0,2,5,208.0
201553956,02300314,10.2,15.8,0,0,1646.4,0,3,403.9,0,0,inf,4,15,114.9,0,0,1646.4,0,3,403.9,2,6,114.9
201554240,02300314,5.2,29.5,0,0,1583.5,0,1,494.1,0,0,inf,4,13,121.8,0,0,1583.5,0,1,494.1,1,5,205.2
201927156,02200209,34.5,19.4,0,1,789.4,0,1,690.7,0,0,inf,3,10,106.7,0,0,inf,0,2,690.7,1,6,288.3
202408179,02400623,10.8,10.5,0,0,960.3,0,2,515.3,0,0,1057.0,1,6,319.8,0,0,960.3,0,2,515.3,0,4,515.3
202926912,02500834,56.2,18.4,0,0,809.6,0,0,809.6,3,9,98.3,0,6,406.6,0,0,1370.2,0,0,809.6,3,10,98.3
202927188,02500833,61.2,20.1,0,0,1095.1,0,1,691.7,3,10,183.5,2,5,124.6,0,0,1450.6,0,1,691.7,4,11,124.6
204340530,02200210,16.1,37.6,0,0,inf,0,2,479.0,0,0,inf,1,5,173.2,0,0,inf,0,2,479.0,0,4,479.0
204340531,02200210,49.1,15.8,0,0,inf,1,2,237.1,0,0,inf,1,7,237.1,0,0,inf,1,2,237.1,1,5,237.1
204340534,02200210,19.6,14.2,0,0,inf,1,2,318.3,0,0,inf,2,5,318.3,0,0,inf,1,2,318.3,1,3,318.3
204340535,02200210,17.3,14.6,0,0,inf,0,2,492.5,0,0,inf,1,5,203.9,0,0,inf,0,2,492.5,0,4,492.5
204340536,02200210,26.8,18.3,0,0,inf,1,2,162.7,0,0,inf,2,9,162.7,0,0,inf,1,2,162.7,1,8,162.7
204340537,02200210,15.5,20.1,0,0,1997.7,1,2,102.8,0,0,inf,3,9,102.8,0,0,inf,1,2,102.8,2,8,102.8
204340538,02200210,21.9,20.2,0,0,1917.3,1,2,39.5,0,0,inf,2,8,39.5,0,0,inf,1,2,39.5,2,7,39.5
204340539,02200210,23.6,25.0,0,0,1733.5,1,2,232.9,0,0,inf,2,9,232.9,0,0,inf,1,2,232.9,2,6,232.9
204523256,02200213,14.9,77.2,0,0,inf,0,1,646.2,0,0,inf,2,7,123.1,0,0,inf,0,1,646.2,2,6,123.1
205336781,02300316,14.6,18.1,0,0,1261.3,0,1,761.3,0,0,1969.5,3,13,125.8,0,0,1261.3,0,1,761.3,2,7,125.8
205942257,02500834,28.9,17.1,0,1,646.9,0,1,646.9,4,9,258.4,1,6,392.0,0,0,1428.9,0,1,646.9,4,10,258.4
205942814,02500831,32.5,17.2,0,0,862.8,1,1,327.3,2,6,339.5,2,4,327.3,0,0,1372.2,1,1,327.3,3,7,327.3
205942815,02500831,24.7,16.6,0,0,868.4,0,1,444.9,1,6,345.0,0,4,409.4,0,0,1253.3,0,1,444.9,1,7,345.0
207540681,02300315,11.8,12.9,0,0,1742.0,1,2,346.1,0,0,inf,4,14,115.7,0,0,1742.0,1,2,346.1,3,6,115.7
207540682,02300315,13.8,15.6,0,0,1765.5,1,2,285.2,0,0,inf,4,14,141.4,0,0,1765.5,1,2,285.2,3,7,141.4
207540683,02300315,13.7,16.1,0,0,1780.2,1,2,271.3,0,0,inf,4,14,156.2,0,0,1780.2,1,2,271.3,3,7,156.2
207540684,02300315,17.3,16.2,0,0,1811.0,1,2,240.9,0,0,inf,2,14,186.9,0,0,1811.0,1,2,240.9,2,7,186.9
207874839,02100102,214.3,22.4,0,1,692.4,1,3,234.5,0,0,1749.3,3,10,216.7,0,0,1028.0,1,4,234.5,3,9,216.7
207874841,02100102,40.5,20.2,0,1,612.8,0,3,421.5,0,0,1819.5,1,9,137.1,0,0,836.7,0,4,421.5,1,8,137.1
207874842,02100102,10.3,7.2,0,1,748.8,0,3,450.4,0,0,1725.8,1,8,273.2,0,0,844.9,0,4,450.4,1,8,273.2
207874843,02100102,17.0,18.2,0,0,856.9,1,4,314.6,0,0,1610.4,2,7,314.6,0,0,953.0,1,4,314.6,2,8,314.6
207874844,02100102,24.3,16.2,0,0,838.6,1,4,377.3,0,0,1673.1,2,7,362.9,0,0,934.7,1,4,377.3,2,8,362.9
207874845,02100102,43.5,20.5,0,1,642.2,0,3,450.9,0,0,1790.7,1,9,166.5,0,0,807.9,0,4,450.9,1,8,166.5
208077796,02100101,120.8,12.0,1,2,221.1,0,3,573.4,0,0,inf,2,7,221.1,0,1,790.8,1,4,221.1,2,8,221.1
208077799,02100101,12.6,52.7,1,2,252.7,0,2,650.1,0,0,inf,2,8,230.1,0,1,650.1,1,3,252.7,2,8,230.1
208744767,02200209,9.1,5.5,0,0,889.5,0,1,790.9,0,0,inf,1,7,244.1,0,0,inf,0,1,790.9,1,3,244.1
208744771,02200209,19.6,20.8,0,0,1003.4,0,0,904.8,0,0,inf,3,7,270.8,0,0,inf,0,0,904.8,1,3,358.0
208744773,02200209,17.4,19.6,0,0,1075.4,0,0,872.5,0,0,inf,2,7,190.0,0,0,inf,0,0,872.5,0,3,451.2
208744775,02200209,15.4,27.0,0,0,1058.8,0,0,904.0,0,0,inf,2,7,221.5,0,0,inf,0,0,904.0,0,3,434.6
208744777,02200209,20.7,19.9,0,2,705.7,0,1,607.1,0,0,inf,3,9,191.3,0,0,inf,0,3,607.1,1,6,204.7
208744780,02200209,19.9,24.3,0,0,991.6,0,0,893.0,0,0,inf,3,8,225.8,0,0,inf,0,0,893.0,0,3,409.9
208744781,02200209,7.6,18.2,0,0,985.2,0,0,886.6,0,0,inf,3,8,283.7,0,0,inf,0,0,886.6,1,3,339.8
208744782,02200209,19.2,18.5,0,0,959.8,0,0,861.2,0,0,inf,3,8,309.7,0,0,inf,0,0,861.2,1,3,314.4
208744784,02200209,19.9,19.7,0,0,905.4,0,0,806.8,0,0,inf,3,7,259.9,0,0,inf,0,0,806.8,1,2,259.9
208744786,02200209,11.3,18.8,0,0,892.0,0,1,793.4,0,0,inf,3,7,246.5,0,0,inf,0,1,793.4,1,3,246.5
208746466,02200209,41.6,18.4,0,0,1497.7,0,2,545.5,0,0,inf,2,9,133.5,0,0,inf,0,2,545.5,0,5,490.7
208750782,02200209,2.4,65.8,0,0,1304.1,0,1,736.4,0,0,inf,2,8,144.8,0,0,inf,0,1,736.4,0,4,506.8
208750787,02200209,1.1,36.8,0,0,1286.3,0,2,696.2,0,0,inf,2,9,127.0,0,0,inf,0,2,696.2,0,5,489.1
211216777,02400625,7.8,40.2,0,1,565.2,0,2,565.2,0,2,565.2,2,10,194.3,0,0,1309.8,0,2,565.2,0,5,488.3
215055210,02200211,8.2,36.0,0,0,1993.0,1,2,285.4,0,0,inf,2,7,192.1,0,0,inf,1,2,285.4,2,5,192.1
215055211,02200211,11.6,39.1,0,0,1984.0,1,2,189.4,0,0,inf,2,9,189.4,0,0,inf,1,2,189.4,2,7,189.4
215055212,02200211,8.4,54.3,0,0,1970.4,1,2,175.8,0,0,inf,2,9,175.8,0,0,inf,1,2,175.8,2,7,175.8
215055214,02200211,5.2,40.1,0,0,1956.5,1,2,161.9,0,0,inf,2,9,161.9,0,0,inf,1,2,161.9,2,7,161.9
215055216,02200211,23.5,17.0,0,0,1924.0,1,2,316.5,0,0,inf,2,7,223.1,0,0,inf,1,2,316.5,2,5,223.1
215055218,02200211,32.0,17.0,0,0,1910.8,1,2,116.2,0,0,inf,2,9,116.2,0,0,inf,1,2,116.2,2,7,116.2
215055220,02200211,9.6,43.4,0,0,1949.1,1,2,154.5,0,0,inf,2,9,154.5,0,0,inf,1,2,154.5,2,7,154.5
215055221,02200211,24.5,16.8,0,0,inf,1,2,237.5,0,0,inf,2,8,144.2,0,0,inf,1,2,237.5,2,6,144.2
215055222,02200211,15.7,18.3,0,0,1931.3,1,2,136.6,0,0,inf,2,9,136.6,0,0,inf,1,2,136.6,2,7,136.6
215055224,02200211,8.2,34.6,0,0,1962.7,1,2,312.9,0,0,inf,2,7,219.5,0,0,inf,1,2,312.9,2,5,219.5
215055225,02200211,8.2,34.3,0,0,1969.2,1,2,305.8,0,0,inf,2,7,212.4,0,0,inf,1,2,305.8,2,5,212.4
215055226,02200211,0.6,30.8,0,0,1928.9,1,2,134.3,0,0,inf,2,9,134.3,0,0,inf,1,2,134.3,2,7,134.3
215055227,02200211,8.6,35.1,0,0,1999.0,1,2,277.6,0,0,inf,2,7,184.2,0,0,inf,1,2,277.6,2,5,184.2
215055228,02200211,10.2,38.8,0,0,1961.8,1,2,167.2,0,0,inf,2,9,167.2,0,0,inf,1,2,167.2,2,7,167.2
215055229,02200211,13.3,17.0,0,0,1941.7,1,2,298.7,0,0,inf,2,7,205.4,0,0,inf,1,2,298.7,2,5,205.4
215055230,02200211,26.5,20.7,0,0,1795.0,1,2,242.9,0,0,inf,3,10,242.9,0,0,inf,1,2,242.9,3,7,242.9
215055231,02200211,17.7,19.1,0,0,1946.9,1,2,152.3,0,0,inf,2,9,152.3,0,0,inf,1,2,152.3,2,7,152.3
215055232,02200211,14.1,18.8,0,0,1958.4,1,2,163.8,0,0,inf,2,9,163.8,0,0,inf,1,2,163.8,2,7,163.8
215055233,02200211,20.8,31.2,0,0,1831.2,1,2,173.6,0,0,inf,2,11,173.6,0,0,inf,1,2,173.6,2,8,173.6
215055234,02200211,16.6,18.4,0,0,1976.7,1,2,182.1,0,0,inf,2,9,158.5,0,0,inf,1,2,182.1,2,7,158.5
215055235,02200211,13.2,21.3,0,0,1840.0,1,2,144.9,0,0,inf,2,11,144.9,0,0,inf,1,2,144.9,2,8,144.9
215055236,02200211,13.4,21.9,0,0,1855.2,1,2,131.1,0,0,inf,2,10,131.1,0,0,inf,1,2,131.1,2,8,131.1
215055237,02200211,16.8,16.5,0,0,1869.3,1,2,317.2,0,0,inf,2,7,276.7,0,0,inf,1,2,317.2,2,5,276.7
215055238,02200211,2.1,46.3,0,0,1988.1,1,2,310.8,0,0,inf,2,7,217.4,0,0,inf,1,2,310.8,2,5,217.4
215055239,02200211,17.3,16.4,0,0,1842.4,1,2,290.3,0,0,inf,2,10,290.3,0,0,inf,1,2,290.3,2,7,290.3
215055240,02200211,5.7,41.3,0,0,1861.1,1,2,309.0,0,0,inf,2,7,309.0,0,0,inf,1,2,309.0,2,5,309.0
215055241,02200211,15.4,58.9,0,0,1885.0,1,2,332.9,0,0,inf,2,7,332.9,0,0,inf,1,2,332.9,2,5,332.9
215055242,02200211,13.6,16.3,0,0,1984.1,1,2,254.8,0,0,inf,2,7,161.5,0,0,inf,1,2,254.8,2,5,161.5
215055243,02200211,16.0,14.9,0,0,1807.7,1,2,255.6,0,0,inf,3,10,255.6,0,0,inf,1,2,255.6,3,7,255.6
215055244,02200211,13.9,16.9,0,0,1970.3,1,2,269.9,0,0,inf,2,7,176.5,0,0,inf,1,2,269.9,2,5,176.5
215055245,02200211,13.4,16.5,0,0,1955.5,1,2,283.9,0,0,inf,2,7,190.5,0,0,inf,1,2,283.9,2,5,190.5
215134627,02200211,16.0,41.8,0,0,1826.3,1,2,274.2,0,0,inf,2,10,274.2,0,0,inf,1,2,274.2,2,7,274.2
215134628,02200211,23.8,16.0,0,0,1786.7,1,2,234.6,0,0,inf,3,10,234.6,0,0,inf,1,2,234.6,3,7,234.6
215134629,02200211,9.3,35.9,0,0,1882.1,1,2,330.0,0,0,inf,2,7,302.7,0,0,inf,1,2,330.0,2,5,302.7
215134630,02200211,9.2,36.1,0,0,1848.4,1,2,296.3,0,0,inf,2,10,296.3,0,0,inf,1,2,296.3,2,7,296.3
215134631,02200211,9.1,36.1,0,0,1875.5,1,2,323.4,0,0,inf,2,7,309.8,0,0,inf,1,2,323.4,2,5,309.8
215134632,02200211,9.2,36.0,0,0,1855.1,1,2,303.0,0,0,inf,2,8,303.0,0,0,inf,1,2,303.0,2,6,303.0
215134634,02200211,5.1,41.1,0,0,1758.3,0,2,469.7,0,0,inf,1,9,350.2,0,0,inf,0,2,469.7,1,5,350.2
215134635,02200211,26.1,17.4,0,0,1900.1,1,2,357.5,0,0,inf,2,7,264.1,0,0,inf,1,2,357.5,2,5,264.1
215134636,02200211,45.5,22.5,0,0,1702.8,1,2,284.2,0,0,inf,2,9,284.2,0,0,inf,1,2,284.2,2,6,284.2
215134637,02200211,18.1,21.2,0,0,1732.4,1,2,252.0,0,0,inf,2,9,252.0,0,0,inf,1,2,252.0,2,6,252.0
215134638,02200211,13.3,14.4,0,0,1878.8,1,2,372.8,0,0,inf,2,7,279.5,0,0,inf,1,2,372.8,2,5,279.5
215134639,02200211,13.5,16.3,0,0,1810.1,1,2,258.0,0,0,inf,2,10,258.0,0,0,inf,1,2,258.0,2,7,258.0
215134640,02200211,13.1,16.6,0,0,1823.1,1,2,271.0,0,0,inf,2,10,271.0,0,0,inf,1,2,271.0,2,7,271.0
215134641,02200211,12.4,16.7,0,0,1851.2,1,2,299.1,0,0,inf,2,8,295.3,0,0,inf,1,2,299.1,2,6,295.3
215134642,02200211,38.2,24.2,0,0,1866.5,0,2,404.7,0,0,inf,1,8,311.3,0,0,inf,0,2,404.7,1,5,311.3
215134644,02200211,7.4,21.3,0,0,1827.8,0,2,437.6,0,0,inf,1,10,344.3,0,0,inf,0,2,437.6,1,6,344.3
215134645,02200211,8.0,26.9,0,0,1832.5,0,2,444.0,0,0,inf,1,10,350.6,0,0,inf,0,2,444.0,1,6,350.6
215162275,02200211,10.5,36.0,0,0,inf,0,1,404.4,0,0,inf,1,6,139.6,0,0,inf,0,1,404.4,1,4,139.6
215162276,02200211,16.8,31.8,0,0,inf,0,1,424.9,0,0,inf,1,5,160.1,0,0,inf,0,1,424.9,1,3,160.1
215162277,02200211,9.6,13.3,0,0,inf,0,1,415.8,0,0,inf,1,5,151.0,0,0,inf,0,1,415.8,1,3,151.0
215162278,02200211,34.9,17.0,0,0,1918.9,1,2,124.3,0,0,inf,2,9,124.3,0,0,inf,1,2,124.3,2,7,124.3
215162279,02200211,3.3,29.2,0,0,1954.5,1,2,159.8,0,0,inf,2,9,159.8,0,0,inf,1,2,159.8,2,7,159.8
215162280,02200211,64.4,58.4,0,0,inf,1,2,229.0,0,0,inf,2,8,191.5,0,0,inf,1,2,229.0,2,6,191.5
215162284,02200211,12.6,39.4,0,0,1996.7,1,2,202.1,0,0,inf,2,8,180.5,0,0,inf,1,2,202.1,2,6,180.5
215162285,02200211,1.7,45.2,0,0,1989.7,1,2,195.0,0,0,inf,2,8,195.0,0,0,inf,1,2,195.0,2,6,195.0
215162286,02200211,1.1,19.3,0,0,inf,0,1,421.7,0,0,inf,1,5,157.0,0,0,inf,0,1,421.7,1,3,157.0
215162287,02200211,1.5,37.3,0,0,1974.2,1,2,179.6,0,0,inf,2,9,179.6,0,0,inf,1,2,179.6,2,7,179.6
215162288,02200211,9.8,24.2,0,0,inf,1,1,372.2,0,0,inf,2,5,251.1,0,0,inf,1,1,372.2,2,4,251.1
215162290,02200211,9.9,38.0,0,0,inf,1,1,299.1,0,0,inf,3,6,273.3,0,0,inf,1,1,299.1,2,5,273.3
215162291,02200211,10.0,37.4,0,0,inf,1,1,238.3,0,0,inf,3,7,238.3,0,0,inf,1,1,238.3,2,6,238.3
215162292,02200211,1.0,36.5,0,0,1951.0,1,2,156.4,0,0,inf,3,8,156.4,0,0,inf,1,2,156.4,2,7,156.4
215162293,02200211,0.9,15.9,0,0,inf,0,1,415.8,0,0,inf,1,5,151.1,0,0,inf,0,1,415.8,1,3,151.1
215162294,02200211,10.3,39.4,0,0,inf,1,1,262.9,0,0,inf,3,7,262.9,0,0,inf,1,1,262.9,2,6,262.9
215162295,02200211,9.0,16.9,0,0,inf,1,1,360.3,0,0,inf,2,6,239.3,0,0,inf,1,1,360.3,2,4,239.3
215162296,02200211,9.8,37.8,0,0,inf,1,1,268.6,0,0,inf,3,7,268.6,0,0,inf,1,1,268.6,2,6,268.6
215162297,02200211,10.9,39.3,0,0,inf,1,2,212.9,0,0,inf,2,8,169.4,0,0,inf,1,2,212.9,2,6,169.4
215162298,02200211,11.7,39.2,0,0,inf,1,1,293.2,0,0,inf,3,7,281.4,0,0,inf,1,1,293.2,2,6,281.4
215162299,02200211,9.9,40.5,0,0,inf,1,2,237.2,0,0,inf,2,8,147.6,0,0,inf,1,2,237.2,2,6,147.6
215162300,02200211,4.7,33.8,0,0,inf,0,1,436.3,0,0,inf,1,5,171.5,0,0,inf,0,1,436.3,1,3,171.5
215162301,02200211,10.4,42.9,0,0,1982.8,1,2,188.2,0,0,inf,3,8,188.2,0,0,inf,1,2,188.2,2,7,188.2
215162302,02200211,10.4,12.5,0,0,inf,1,1,372.6,0,0,inf,2,5,251.5,0,0,inf,1,1,372.6,2,4,251.5
215162303,02200211,10.4,16.6,0,0,inf,1,1,371.9,0,0,inf,2,6,107.2,0,0,inf,1,1,371.9,2,4,107.2
215162304,02200211,10.5,16.7,0,0,inf,1,1,356.5,0,0,inf,2,7,91.7,0,0,inf,1,1,356.5,2,5,91.7
215162305,02200211,10.4,9.1,0,0,inf,1,1,341.1,0,0,inf,2,7,76.4,0,0,inf,1,1,341.1,2,5,76.4
215162306,02200211,17.6,16.9,0,0,inf,1,1,209.1,0,0,inf,3,7,209.1,0,0,inf,1,1,209.1,2,6,209.1
215162307,02200211,14.2,21.2,0,0,1931.7,1,2,137.1,0,0,inf,3,8,137.1,0,0,inf,1,2,137.1,2,7,137.1
215162308,02200211,14.7,16.9,0,0,inf,1,1,222.9,0,0,inf,3,7,222.9,0,0,inf,1,1,222.9,2,6,222.9
215162309,02200211,21.2,20.4,0,0,1947.3,1,2,152.7,0,0,inf,3,8,152.7,0,0,inf,1,2,152.7,2,7,152.7
215162310,02200211,15.5,16.9,0,0,inf,1,1,234.3,0,0,inf,3,7,234.3,0,0,inf,1,1,234.3,2,6,234.3
215162311,02200211,14.1,20.7,0,0,1964.8,1,2,170.2,0,0,inf,3,8,170.2,0,0,inf,1,2,170.2,2,7,170.2
215162312,02200211,14.1,16.6,0,0,inf,1,1,252.6,0,0,inf,3,7,252.6,0,0,inf,1,1,252.6,2,6,252.6
215162313,02200211,15.1,21.0,0,0,1980.5,1,2,185.9,0,0,inf,3,8,185.9,0,0,inf,1,2,185.9,2,7,185.9
215162314,02200211,15.0,17.2,0,0,inf,1,1,265.1,0,0,inf,3,7,265.1,0,0,inf,1,1,265.1,2,6,265.1
215162315,02200211,19.3,20.9,0,0,1995.8,1,2,201.2,0,0,inf,3,8,201.2,0,0,inf,1,2,201.2,2,7,201.2
215162316,02200211,15.4,17.1,0,0,inf,1,1,283.3,0,0,inf,3,7,247.3,0,0,inf,1,1,283.3,2,6,247.3
215162317,02200211,16.4,17.1,0,0,inf,1,1,294.7,0,0,inf,3,8,235.6,0,0,inf,1,1,294.7,2,6,235.6
215162319,02200211,23.5,19.7,0,0,inf,1,2,190.7,0,0,inf,3,8,190.7,0,0,inf,1,2,190.7,2,7,190.7
215162320,02200211,12.5,12.9,0,0,inf,1,1,338.0,0,0,inf,2,7,217.0,0,0,inf,1,1,338.0,2,5,217.0
215162321,02200211,22.0,18.7,0,0,inf,1,2,241.8,0,0,inf,2,9,99.3,0,0,inf,1,2,241.8,2,7,99.3
215162322,02200211,16.7,18.2,0,0,inf,1,2,228.9,0,0,inf,2,8,111.2,0,0,inf,1,2,228.9,2,6,111.2
215162323,02200211,16.0,18.3,0,0,inf,1,2,210.4,0,0,inf,2,8,130.1,0,0,inf,1,2,210.4,2,6,130.1
215162324,02200211,15.1,18.1,0,0,1993.0,1,2,198.3,0,0,inf,2,8,141.6,0,0,inf,1,2,198.3,2,6,141.6
215162325,02200211,13.4,17.4,0,0,1974.8,1,2,180.2,0,0,inf,2,9,158.5,0,0,inf,1,2,180.2,2,7,158.5
215162326,02200211,5.2,17.0,0,0,1961.6,1,2,166.9,0,0,inf,2,9,166.9,0,0,inf,1,2,166.9,2,7,166.9
215162327,02200211,20.0,16.8,0,0,1942.3,1,2,147.7,0,0,inf,2,9,147.7,0,0,inf,1,2,147.7,2,7,147.7
215162328,02200211,11.3,11.8,0,0,inf,1,1,340.9,0,0,inf,2,7,219.9,0,0,inf,1,1,340.9,2,5,219.9
215162329,02200211,11.0,12.1,0,0,inf,1,1,357.7,0,0,inf,2,6,236.7,0,0,inf,1,1,357.7,2,4,236.7
215166785,02200211,101.7,19.6,0,0,inf,1,2,262.5,0,0,inf,2,8,80.6,0,0,inf,1,2,262.5,2,6,80.6
215166795,02200211,1.9,30.2,0,0,1890.3,0,2,438.7,0,0,inf,1,8,224.2,0,0,inf,0,2,438.7,1,5,224.2
215166799,02200211,0.9,53.4,0,0,1947.5,0,2,428.0,0,0,inf,1,7,281.4,0,0,inf,0,2,428.0,1,5,281.4
215166801,02200211,3.1,55.0,0,0,inf,1,1,329.1,0,0,inf,2,7,84.8,0,0,inf,1,1,329.1,2,5,84.8
215166803,02200211,10.9,38.2,0,0,1974.4,1,2,308.4,0,0,inf,2,7,215.0,0,0,inf,1,2,308.4,2,5,215.0
215166805,02200211,8.8,35.0,0,0,1934.6,0,2,404.1,0,0,inf,1,7,268.5,0,0,inf,0,2,404.1,1,5,268.5
215166808,02200211,10.3,42.0,0,0,1930.7,0,1,428.9,0,0,inf,1,7,126.3,0,0,inf,0,1,428.9,1,5,126.3
215166813,02200211,11.0,52.7,0,0,1924.3,0,1,456.6,0,0,inf,1,7,154.0,0,0,inf,0,1,456.6,1,5,154.0
215166814,02200211,12.8,19.3,0,0,1891.4,0,1,422.8,0,0,inf,1,8,120.2,0,0,inf,0,1,422.8,1,5,120.2
215166815,02200211,11.2,37.9,0,0,1899.3,0,1,452.0,0,0,inf,1,8,149.4,0,0,inf,0,1,452.0,1,5,149.4
215166816,02200211,10.7,36.9,0,0,1911.0,0,2,431.6,0,0,inf,1,8,244.9,0,0,inf,0,2,431.6,1,5,244.9
215181985,02200210,8.6,23.2,0,0,1287.5,1,3,163.3,0,0,inf,3,11,118.1,0,0,1971.2,1,3,163.3,2,7,163.3
215202350,02200210,20.5,18.9,0,0,1370.7,1,3,124.6,0,0,inf,3,9,124.6,0,0,inf,1,3,124.6,2,6,124.6
215202351,02200210,19.9,18.1,0,0,1625.7,1,2,379.6,0,0,inf,2,9,323.8,0,0,inf,1,2,379.6,2,6,323.8
215202352,02200210,1.2,14.2,0,0,1644.0,2,2,355.1,0,0,inf,3,9,212.9,0,0,inf,2,2,355.1,3,6,212.9
215202354,02200208,1.8,23.7,0,0,1389.7,0,2,474.7,0,0,inf,1,6,283.5,0,0,inf,0,2,474.7,0,4,474.7
215202355,02200208,6.2,35.1,0,0,1376.3,1,2,159.4,0,0,inf,4,9,159.4,0,0,inf,1,2,159.4,3,5,159.4
215202360,02200208,8.1,41.5,0,0,1454.1,1,2,94.5,0,0,inf,4,8,94.5,0,0,inf,1,2,94.5,3,4,94.5
215205473,02200210,5.7,51.3,0,0,1431.8,1,3,185.7,0,0,inf,3,9,185.7,0,0,inf,1,3,185.7,2,6,185.7
215205476,02200210,3.7,58.6,0,0,1518.9,1,2,136.8,0,0,inf,3,8,136.8,0,0,inf,1,2,136.8,2,4,136.8
215205479,02200210,5.3,55.1,0,0,1515.4,1,2,133.3,0,0,inf,3,8,133.3,0,0,inf,1,2,133.3,2,4,133.3
215205485,02200210,5.8,54.6,0,0,1514.8,1,2,132.8,0,0,inf,3,8,132.8,0,0,inf,1,2,132.8,2,4,132.8
215205487,02200210,10.6,47.1,0,0,1503.5,1,2,121.5,0,0,inf,3,8,121.5,0,0,inf,1,2,121.5,2,4,121.5
215205491,02200210,2.7,49.0,0,0,1582.4,1,2,319.0,0,0,inf,2,9,151.3,0,0,inf,1,2,319.0,2,5,151.3
215205492,02200210,2.1,34.5,0,0,1412.5,1,3,166.4,0,0,inf,3,9,166.4,0,0,inf,1,3,166.4,2,6,166.4
215207234,02200210,5.0,37.1,0,0,1519.0,1,2,255.6,0,0,inf,2,8,87.9,0,0,inf,1,2,255.6,2,5,87.9
215207236,02200210,19.3,26.3,0,0,1551.8,1,2,288.4,0,0,inf,2,9,120.7,0,0,inf,1,2,288.4,2,5,120.7
215207237,02200210,19.7,23.0,0,0,1499.4,1,2,236.0,0,0,inf,2,9,68.3,0,0,inf,1,2,236.0,2,5,68.3
217620221,02500728,40.1,15.3,0,0,1032.8,1,2,237.4,0,5,553.7,1,5,237.4,0,0,1716.1,1,2,237.4,1,5,237.4
217620801,02500728,27.7,31.8,0,0,1078.9,1,2,283.4,0,5,599.8,1,4,283.4,0,0,1762.2,1,2,283.4,1,4,283.4
217621192,02500728,29.5,16.3,0,0,1074.2,1,2,278.7,0,5,595.1,1,4,278.7,0,0,1757.5,1,2,278.7,1,4,278.7
217621278,02500728,31.4,32.2,0,0,1115.8,1,2,320.3,0,5,636.7,1,4,320.3,0,0,1799.1,1,2,320.3,1,4,320.3
218327986,02200211,3.2,53.5,0,0,inf,1,2,306.6,0,0,inf,2,7,213.2,0,0,inf,1,2,306.6,2,5,213.2
219504461,02300418,12.3,22.5,0,0,inf,0,1,684.1,0,0,inf,2,5,97.7,0,0,inf,0,1,684.1,2,4,97.7
219504462,02300418,14.7,18.0,0,0,inf,0,1,629.4,0,0,inf,2,5,181.6,0,0,inf,0,1,629.4,2,4,181.6
219504463,02300418,12.8,18.3,0,0,inf,0,1,667.3,0,0,inf,2,5,144.3,0,0,inf,0,1,667.3,2,4,144.3
219801827,02100101,10.2,22.6,0,1,541.6,1,2,319.7,0,0,inf,2,4,319.7,0,0,808.7,1,3,319.7,2,5,319.7
219801828,02100101,13.4,25.7,0,2,424.5,0,3,507.6,0,0,inf,1,7,353.1,0,1,656.4,0,4,424.5,1,8,353.1
219801829,02100101,13.5,12.6,0,2,544.0,1,3,274.1,0,0,inf,2,6,274.1,0,1,686.5,1,4,274.1,2,7,274.1
219801830,02100101,17.1,31.5,0,2,573.3,1,3,312.9,0,0,inf,2,7,312.9,0,1,676.2,1,4,312.9,2,8,312.9
219801831,02100101,10.0,7.4,0,2,541.2,1,3,280.8,0,0,inf,2,7,280.8,0,1,644.1,1,4,280.8,2,8,280.8
219801832,02100101,12.3,12.6,0,2,537.9,1,3,268.1,0,0,inf,2,6,268.1,0,1,692.6,1,4,268.1,2,7,268.1
219801833,02100101,11.6,19.5,0,2,431.7,0,2,488.1,0,0,inf,1,7,360.2,0,1,636.9,0,3,431.7,1,7,360.2
219801834,02100101,9.7,22.8,0,2,424.1,0,3,477.2,0,0,inf,1,6,304.9,0,1,698.8,0,4,424.1,1,7,304.9
219801835,02100101,5.4,26.9,0,2,418.1,0,3,491.5,0,0,inf,1,6,319.2,0,1,692.9,0,4,418.1,1,7,319.2
219801836,02100101,10.7,22.2,0,2,424.4,0,3,500.9,0,0,inf,1,7,352.9,0,1,649.7,0,4,424.4,1,8,352.9
219801837,02100101,14.8,12.8,0,2,550.1,1,3,280.3,0,0,inf,2,6,280.3,0,1,680.8,1,4,280.3,2,7,280.3
219801838,02100101,8.7,0.4,0,2,549.6,1,3,276.8,0,0,inf,2,7,276.8,0,1,652.6,1,4,276.8,2,8,276.8
219801839,02100101,15.4,29.9,0,2,420.6,0,3,520.1,0,0,inf,1,7,349.2,0,1,668.9,0,4,420.6,1,8,349.2
219801840,02100101,10.4,12.5,0,2,531.7,1,3,261.9,0,0,inf,2,6,261.9,0,1,698.6,1,4,261.9,2,7,261.9
219801841,02100101,6.4,7.0,0,2,556.6,1,3,263.8,0,0,inf,2,7,263.8,0,1,627.1,1,4,263.8,2,8,263.8
219801842,02100101,18.2,12.4,0,2,522.7,1,3,252.8,0,0,inf,2,5,252.8,0,1,707.4,1,4,252.8,2,6,252.8
219801843,02100101,5.4,7.1,0,2,547.9,1,3,272.9,0,0,inf,2,7,272.9,0,1,636.1,1,4,272.9,2,8,272.9
219801844,02100101,12.4,16.9,0,1,535.9,1,2,314.0,0,0,inf,2,4,314.0,0,0,803.0,1,3,314.0,2,5,314.0
219801845,02100101,25.1,24.4,0,1,543.4,1,2,321.5,0,0,inf,2,4,321.5,0,0,810.5,1,3,321.5,2,5,321.5
219801846,02100101,34.8,15.7,0,1,534.7,1,2,312.8,0,0,inf,2,4,312.8,0,0,801.8,1,3,312.8,2,5,312.8
219801847,02100101,97.0,13.7,0,2,519.2,1,3,314.8,0,0,inf,1,7,314.8,0,1,635.9,1,4,314.8,1,8,314.8
219979063,02400520,3.1,22.2,0,0,1610.4,0,0,881.6,2,4,222.3,1,3,222.3,0,0,1978.0,0,0,881.6,2,4,222.3
220209905,02100105,52.6,58.4,0,0,1761.1,1,2,374.2,0,0,inf,1,6,374.2,0,0,inf,1,2,374.2,1,6,374.2
220209907,02100105,48.0,13.7,0,0,1633.6,0,1,719.4,0,0,inf,0,6,520.6,0,0,inf,0,1,719.4,0,6,520.6
220209908,02100105,48.5,14.2,0,0,1653.8,0,2,673.4,0,0,inf,0,7,501.3,0,0,inf,0,2,673.4,0,7,501.3
220209909,02100105,54.0,15.1,0,0,1577.1,0,2,661.2,0,0,inf,0,7,464.1,0,0,inf,0,2,661.2,0,7,464.1
220410215,02100101,8.3,29.5,0,1,454.7,1,3,386.0,0,0,inf,2,5,96.9,0,0,1038.9,1,4,386.0,2,6,96.9
220812672,02100104,70.1,58.8,0,0,1747.3,1,2,274.4,0,0,inf,2,6,274.4,0,0,inf,1,2,274.4,1,4,274.4
220974496,02400623,130.2,15.1,0,1,766.3,0,1,640.4,0,0,1220.3,2,5,204.2,0,1,766.3,0,2,640.4,0,3,438.6
221099007,02400624,19.4,72.1,0,0,1097.8,1,1,398.6,0,0,924.9,1,5,398.6,0,0,1097.8,1,1,398.6,1,4,398.6
221104959,02400623,49.1,48.1,0,0,1084.0,0,2,543.9,0,0,965.7,0,5,543.9,0,0,1084.0,0,2,543.9,0,3,543.9
221123880,02400623,81.3,7.8,0,1,595.3,0,0,968.7,0,0,1437.6,1,6,332.8,0,1,595.3,0,1,595.3,0,4,437.1
221123881,02400623,17.9,18.3,0,1,631.5,0,0,821.2,0,0,1290.1,1,6,369.0,0,1,631.5,0,1,631.5,0,4,473.3
221123882,02400623,14.7,15.3,0,1,643.4,0,0,803.4,0,0,1272.3,1,6,380.9,0,1,643.4,0,1,643.4,0,4,485.2
221124369,02400623,14.2,15.5,0,1,656.6,0,1,790.7,0,0,1259.6,1,7,394.1,0,1,656.6,0,2,656.6,0,5,498.3
221125173,02400623,14.2,15.1,0,1,682.3,0,1,764.0,0,0,1233.0,1,7,390.3,0,1,682.3,0,2,682.3,0,5,524.1
221125174,02400623,14.3,15.3,0,1,669.2,0,1,777.5,0,0,1246.4,0,7,403.8,0,1,669.2,0,2,669.2,0,5,511.0
221127249,02400623,32.7,13.1,0,1,745.4,0,1,728.3,0,0,1197.2,1,7,354.6,0,1,745.4,0,2,728.3,0,5,567.3
221261327,02400623,213.6,20.5,0,0,884.9,0,0,893.3,0,0,1403.6,0,4,452.7,0,0,884.9,0,0,884.9,0,2,452.7
221261328,02400623,212.3,13.1,0,0,840.4,0,0,848.8,0,0,1359.1,0,5,408.1,0,0,840.4,0,0,840.4,0,3,408.1
221266705,02400623,198.6,0.8,0,0,840.1,0,1,514.1,0,0,1094.1,2,5,78.0,0,0,840.1,0,1,514.1,0,3,512.4
221267949,02400623,181.5,10.3,0,0,951.4,0,1,614.7,0,0,1102.9,1,6,283.2,0,0,951.4,0,1,614.7,0,4,522.5
221268309,02400623,311.4,13.3,0,0,1272.1,1,1,387.1,0,0,967.0,1,4,387.1,0,0,1272.1,1,1,387.1,1,1,387.1
221268645,02400623,67.9,13.6,0,1,772.9,0,2,620.7,0,0,1082.8,1,7,393.5,0,0,1081.5,0,2,620.7,0,3,620.7
221268646,02400623,66.2,12.2,0,0,828.8,0,1,586.2,0,0,1048.4,1,6,355.2,0,0,1095.2,0,1,586.2,0,2,586.2
221268805,02400623,384.0,12.6,0,1,777.7,0,2,777.7,0,0,1247.9,1,6,398.3,0,0,903.6,0,2,777.7,0,3,575.9
221268922,02400623,181.3,20.2,0,1,781.4,0,1,781.4,0,0,1333.3,0,5,401.9,0,0,927.6,0,1,781.4,0,2,599.9
221270549,02400623,220.8,41.4,0,0,821.0,0,0,821.0,0,0,1373.0,0,4,441.6,0,0,930.4,0,0,821.0,0,1,602.7
221282067,02400623,212.7,12.9,0,1,575.3,0,0,860.8,0,0,1311.5,2,7,143.1,0,1,575.3,0,1,575.3,2,4,143.1
221282068,02400623,184.1,13.5,0,1,622.4,0,0,833.3,0,0,1284.1,2,7,190.2,0,1,622.4,0,1,622.4,2,4,190.2
221285240,02400623,29.7,18.8,0,1,586.9,0,0,1024.8,0,0,1396.2,1,7,176.3,0,1,586.9,0,1,586.9,1,4,176.3
221285511,02400623,35.3,18.8,0,1,566.4,0,0,1052.5,0,0,1423.8,1,7,203.9,0,1,566.4,0,1,566.4,1,4,203.9
221384394,02400623,99.9,10.8,0,1,613.1,0,0,986.4,0,0,1455.3,1,6,350.5,0,1,613.1,0,1,613.1,0,4,454.8
221384886,02400623,199.6,23.5,0,1,669.7,0,0,1043.0,0,0,1511.9,0,6,407.1,0,1,669.7,0,1,669.7,0,4,511.4
221495318,02400521,24.4,14.7,0,0,1437.6,0,1,408.5,0,3,428.8,1,4,150.0,0,0,1437.6,0,1,408.5,0,4,408.5
221497260,02400623,211.2,43.5,0,0,968.8,0,1,418.7,0,0,1125.3,1,6,248.3,0,0,968.8,0,1,418.7,1,4,248.3
221646557,02400623,79.6,25.3,0,0,956.4,0,2,688.6,0,0,1121.2,1,8,349.4,0,0,956.4,0,2,688.6,1,6,349.4
221674519,02400623,24.0,19.5,0,0,851.1,0,0,807.0,0,0,1278.1,0,4,400.8,0,0,910.3,0,0,807.0,0,1,582.6
221674728,02400623,110.9,16.7,0,0,1029.8,1,1,260.8,0,0,840.7,2,5,210.3,0,0,1029.8,1,1,260.8,1,2,260.8
221679027,02400623,46.4,26.0,0,0,1143.5,1,2,191.2,0,1,778.0,1,5,191.2,0,0,1408.7,1,2,191.2,1,3,191.2
221796968,02400623,174.5,21.2,0,0,889.4,0,1,621.1,0,0,1201.1,1,6,195.5,0,0,889.4,0,1,621.1,0,4,577.8
222405197,02400521,116.3,20.4,0,0,1234.5,0,2,411.4,0,2,545.4,0,4,411.4,0,0,1628.9,0,2,411.4,0,4,411.4
222405403,02400521,202.7,15.3,0,0,1198.8,0,2,467.8,0,2,601.9,0,3,467.8,0,0,1685.3,0,2,467.8,0,4,467.8
222809239,02400521,17.4,47.4,0,0,1654.3,0,0,888.0,2,4,228.7,1,3,228.7,0,0,1984.4,0,0,888.0,2,4,228.7
222809240,02400521,8.8,38.9,0,0,1649.8,0,0,875.5,2,4,216.3,1,3,216.3,0,0,1972.0,0,0,875.5,2,4,216.3
223539417,02200211,28.4,15.3,0,0,inf,0,1,495.1,0,0,inf,2,6,192.5,0,0,inf,0,1,495.1,2,4,192.5
226405591,02200211,8.5,15.5,0,0,1895.2,0,2,604.4,0,0,inf,1,8,301.8,0,0,inf,0,2,604.4,1,6,301.8
226405592,02200211,17.3,18.8,0,0,1758.5,0,2,645.1,0,0,inf,2,7,344.7,0,0,inf,0,2,645.1,1,5,354.7
226825200,02500833,31.2,20.0,0,0,957.5,1,1,353.0,3,9,123.1,3,7,123.1,0,0,1837.2,1,1,353.0,4,10,123.1
226825201,02500833,48.2,22.3,0,0,977.1,1,1,338.1,3,9,142.7,3,7,142.7,0,0,1856.8,1,1,338.1,4,10,142.7
226825202,02500833,20.2,45.0,0,0,993.0,0,1,486.8,2,10,158.5,2,8,158.5,0,0,1759.2,0,1,486.8,3,12,158.5
226825203,02500833,47.0,23.9,0,0,995.7,1,1,322.7,3,10,161.3,3,7,161.3,0,0,1875.4,1,1,322.7,4,11,161.3
226825205,02500833,47.8,25.7,0,0,1016.9,1,1,305.1,2,10,182.4,3,7,182.4,0,0,1896.5,1,1,305.1,3,11,182.4
226825207,02500833,46.3,27.3,0,0,1035.9,1,1,289.2,2,10,201.4,3,7,201.4,0,0,1915.5,1,1,289.2,3,11,201.4
226825208,02500833,29.6,30.9,0,0,1065.9,1,1,266.4,2,10,231.4,2,5,231.4,0,0,1945.5,1,1,266.4,2,11,231.4
226825210,02500833,47.8,30.1,0,0,1164.9,1,1,239.7,3,10,239.7,2,5,239.7,0,0,1866.4,1,1,239.7,2,11,239.7
226825211,02500833,17.3,18.0,0,0,974.4,0,1,468.3,2,10,140.0,2,8,140.0,0,0,1723.8,0,1,468.3,3,12,140.0
226825212,02500833,47.6,35.9,0,0,1012.3,0,1,506.2,2,10,177.9,2,8,177.9,0,0,1721.7,0,1,506.2,3,12,177.9
226825216,02500833,39.7,36.3,0,0,1018.6,0,1,512.5,2,10,184.2,2,8,182.1,0,0,1716.1,0,1,512.5,2,12,182.1
226825217,02500833,15.1,45.0,0,0,1056.9,0,1,550.8,2,10,222.4,2,6,161.3,0,0,1695.2,0,1,550.8,2,12,161.3
226825218,02500833,20.5,17.0,0,0,1019.8,0,1,513.7,2,10,185.4,2,8,142.3,0,0,1676.2,0,1,513.7,2,12,142.3
226825219,02500833,47.8,16.6,0,0,1048.4,0,1,542.3,2,10,214.0,2,7,113.1,0,0,1647.0,0,1,542.3,2,12,113.1
226825505,02500830,21.3,34.0,0,0,1518.7,0,2,439.2,0,3,439.2,0,3,439.2,0,0,inf,0,2,439.2,0,3,439.2
227313735,02300419,84.0,17.1,0,0,852.5,1,1,296.0,0,0,852.5,3,7,49.7,0,0,1762.7,1,1,296.0,3,4,49.7
227396884,02300419,38.3,15.8,0,0,1259.1,1,1,336.6,0,0,1259.1,1,8,336.6,0,0,inf,1,1,336.6,1,7,336.6
227397036,02300419,19.8,36.6,0,0,1048.9,1,1,121.7,0,0,1048.9,2,7,121.7,0,0,1959.2,1,1,121.7,2,5,121.7
227399422,02300419,17.4,14.8,0,0,1245.4,0,1,401.5,0,0,1245.4,0,5,401.5,0,0,inf,0,1,401.5,0,4,401.5
228116313,02200213,33.3,40.9,0,0,inf,0,0,941.9,0,0,inf,0,5,479.2,0,0,inf,0,0,941.9,0,4,479.2
228127053,02200213,8.5,18.5,0,0,inf,0,0,827.6,0,0,inf,1,5,365.0,0,0,inf,0,0,827.6,1,4,365.0
228130303,02200213,24.0,43.6,0,0,inf,0,0,834.8,0,0,inf,1,5,372.1,0,0,inf,0,0,834.8,1,4,372.1
228130304,02200213,6.6,19.8,0,0,inf,0,1,794.2,0,0,inf,1,7,331.6,0,0,inf,0,1,794.2,1,5,331.6
228130305,02200213,25.0,39.2,0,0,inf,0,1,796.5,0,0,inf,1,7,333.8,0,0,inf,0,1,796.5,1,5,333.8
228131250,02200211,13.5,22.7,0,0,inf,1,1,117.9,0,0,inf,1,5,117.9,0,0,inf,1,1,117.9,1,3,117.9
228131252,02200211,42.0,22.2,0,0,inf,1,1,135.8,0,0,inf,1,4,135.8,0,0,inf,1,1,135.8,1,2,135.8
228131360,02200211,16.4,22.5,0,0,inf,1,1,312.4,0,0,inf,1,5,312.4,0,0,inf,1,1,312.4,1,4,312.4
228131530,02200213,27.5,42.1,0,0,inf,0,1,768.7,0,0,inf,1,7,306.0,0,0,inf,0,1,768.7,1,4,306.0
228131655,02200211,23.8,19.9,0,0,inf,1,1,261.4,0,0,inf,1,5,261.4,0,0,inf,1,1,261.4,1,4,261.4
228132367,02200213,23.3,39.4,0,0,inf,0,1,626.4,0,0,inf,2,8,103.3,0,0,inf,0,1,626.4,2,6,103.3
228132368,02200213,23.4,43.6,0,0,inf,0,1,667.8,0,0,inf,2,8,144.7,0,0,inf,0,1,667.8,2,6,144.7
228135350,02200213,5.8,18.9,0,0,inf,0,1,758.6,0,0,inf,1,8,296.0,0,0,inf,0,1,758.6,1,5,296.0
228464596,02200211,17.7,23.6,0,0,inf,0,2,453.2,0,0,inf,1,6,226.5,0,0,inf,0,2,453.2,0,4,453.2
228464599,02200211,3.6,11.6,0,0,1594.6,1,2,331.2,0,0,inf,2,8,186.5,0,0,inf,1,2,331.2,2,5,186.5
229368156,02500832,36.0,17.1,0,1,626.3,0,1,626.3,2,4,254.9,0,3,574.3,0,0,1101.9,0,1,626.3,2,5,254.9
229547313,02500830,12.9,15.9,0,0,1218.0,0,1,422.5,2,7,309.6,2,5,236.3,0,0,1327.8,0,1,422.5,2,9,236.3
230901371,02500834,64.2,15.2,0,1,635.1,0,0,1079.4,0,5,427.2,0,5,435.7,0,1,635.1,0,1,635.1,0,8,427.2
231201585,02300419,21.3,15.0,0,0,1280.4,0,1,683.3,0,0,1280.4,0,4,477.6,0,0,inf,0,1,683.3,0,3,477.6
231201586,02300419,7.0,68.8,0,0,1163.0,0,1,566.0,0,0,1163.0,1,5,360.2,0,0,inf,0,1,566.0,1,4,360.2
231201587,02300419,22.2,17.9,0,0,1175.2,0,1,606.7,0,0,1175.2,2,4,372.4,0,0,inf,0,1,606.7,2,4,372.4
231259798,02500833,36.9,18.5,0,0,1086.5,0,1,580.4,3,10,252.1,3,6,78.7,0,0,1612.6,0,1,580.4,4,12,78.7
231259799,02500833,18.6,18.1,0,0,1108.9,0,1,602.8,3,10,268.4,3,6,55.5,0,0,1589.4,0,1,602.8,4,12,55.5
231259800,02500833,42.0,34.4,0,0,1147.3,0,1,641.2,3,10,262.6,3,6,49.7,0,0,1583.6,0,1,641.2,4,12,49.7
231259801,02500833,16.9,51.5,0,0,1146.8,0,1,640.7,3,10,297.2,3,6,84.3,0,0,1618.3,0,1,640.7,4,12,84.3
231259802,02500833,34.8,17.0,0,0,1146.5,0,1,640.4,3,10,228.6,3,6,19.3,0,0,1549.7,0,1,640.4,4,12,19.3
231259803,02500833,47.5,31.5,0,0,1182.2,0,1,676.1,3,9,222.0,3,6,55.0,0,0,1543.0,0,1,676.1,4,11,55.0
231259805,02500833,18.4,17.2,0,0,1149.8,0,1,685.2,4,10,184.2,3,6,64.1,0,0,1505.2,0,1,685.2,5,12,64.1
231259807,02500833,34.0,18.4,0,0,1163.3,0,2,620.0,3,10,111.8,2,6,138.9,0,0,1518.8,0,2,620.0,4,12,138.9
231259809,02500833,34.0,40.1,0,0,1218.7,0,2,607.9,2,9,99.7,2,6,194.3,0,0,1574.2,0,2,607.9,3,11,194.3
231259811,02500833,46.3,19.8,0,0,1285.8,0,2,500.3,1,8,57.4,2,6,261.4,0,0,1585.1,0,2,500.3,2,10,261.4
231259812,02500833,24.9,22.5,0,0,1314.9,0,2,476.7,1,8,86.4,1,6,290.5,0,0,1614.2,0,2,476.7,1,10,290.5
231259813,02500833,43.7,31.6,0,0,1351.3,0,2,458.6,1,8,122.8,1,6,326.9,0,0,1650.5,0,2,458.6,1,10,326.9
231259814,02500833,42.0,30.8,0,0,1356.4,0,2,451.7,1,8,127.9,1,6,332.0,0,0,1655.6,0,2,451.7,1,10,332.0
231259815,02500833,42.5,37.3,0,0,1359.8,0,1,434.6,1,8,158.0,1,5,362.0,0,0,1685.7,0,1,434.6,1,9,362.0
231259818,02500833,54.3,34.5,0,0,1319.8,1,1,394.6,2,8,192.5,2,5,394.6,0,0,1720.2,1,1,394.6,2,9,394.6
231259819,02500833,56.9,40.5,0,0,1294.2,1,1,369.0,2,9,230.2,1,5,369.0,0,0,1757.9,1,1,369.0,1,9,369.0
231259820,02500833,48.6,32.6,0,0,1279.5,1,1,354.3,2,9,229.0,1,5,354.3,0,0,1756.7,1,1,354.3,1,9,354.3
231259821,02500833,34.4,31.4,0,0,1248.0,1,1,322.8,2,10,258.1,1,5,322.8,0,0,1785.8,1,1,322.8,1,10,322.8
231259824,02500833,40.2,21.5,0,0,1200.0,1,1,274.8,3,10,274.8,2,5,274.8,0,0,1813.9,1,1,274.8,2,10,274.8
231259825,02500833,1.8,64.5,0,0,1273.6,1,1,348.4,2,8,298.7,1,4,348.4,0,0,1826.5,1,1,348.4,1,8,348.4
232670251,02200213,3.0,66.3,0,0,inf,0,1,436.3,0,0,inf,1,5,383.0,0,0,inf,0,1,436.3,0,4,436.3
233178748,02500835,39.6,47.4,0,0,886.9,0,0,1375.1,0,0,1027.0,0,3,568.4,0,0,886.9,0,0,886.9,0,1,689.1
234826310,02200210,5.7,43.6,0,0,1963.0,1,2,163.5,0,0,inf,2,9,163.5,0,0,inf,1,2,163.5,2,8,163.5
234826311,02200210,13.5,43.1,0,0,1918.3,1,2,332.2,0,0,inf,1,10,332.2,0,0,inf,1,2,332.2,1,8,332.2
234826312,02200210,15.6,19.6,0,0,1907.7,1,2,321.6,0,0,inf,1,10,321.6,0,0,inf,1,2,321.6,1,8,321.6
234826313,02200210,15.4,19.7,0,0,1920.7,1,2,334.6,0,0,inf,2,10,334.6,0,0,inf,1,2,334.6,2,8,334.6
234826314,02200210,21.5,19.3,0,0,1934.8,1,2,348.7,0,0,inf,2,10,348.7,0,0,inf,1,2,348.7,2,8,348.7
234826316,02200210,17.1,16.5,0,0,inf,1,1,285.8,0,0,inf,2,9,285.8,0,0,inf,1,1,285.8,2,7,285.8
234826318,02200210,18.2,17.2,0,0,inf,1,1,257.2,0,0,inf,1,8,257.2,0,0,inf,1,1,257.2,1,6,257.2
234826319,02200210,19.1,16.0,0,0,inf,1,1,238.1,0,0,inf,2,8,238.1,0,0,inf,1,1,238.1,1,6,238.1
234826320,02200210,17.8,16.5,0,0,inf,1,1,221.1,0,0,inf,2,9,221.1,0,0,inf,1,1,221.1,1,7,221.1
234826321,02200210,9.7,15.5,0,0,inf,1,1,203.7,0,0,inf,2,8,203.7,0,0,inf,1,1,203.7,1,7,203.7
234826322,02200210,12.1,15.5,0,0,inf,1,1,194.7,0,0,inf,2,8,194.7,0,0,inf,1,1,194.7,1,7,194.7
234826323,02200210,12.6,16.2,0,0,1932.8,1,2,346.6,0,0,inf,2,10,346.6,0,0,inf,1,2,346.6,2,8,346.6
234826324,02200210,17.6,16.1,0,0,1827.0,1,2,330.6,0,0,inf,1,10,330.6,0,0,inf,1,2,330.6,1,8,330.6
234826325,02200210,3.3,16.7,0,0,1922.1,1,2,89.4,0,0,inf,2,9,89.4,0,0,inf,1,2,89.4,2,8,89.4
234826326,02200210,17.6,18.6,0,0,1949.4,1,2,116.7,0,0,inf,2,9,116.7,0,0,inf,1,2,116.7,2,8,116.7
234826327,02200210,12.9,16.7,0,0,1939.6,1,2,133.2,0,0,inf,2,9,133.2,0,0,inf,1,2,133.2,2,8,133.2
234826328,02200210,12.6,16.6,0,0,1925.5,1,2,147.1,0,0,inf,2,9,147.1,0,0,inf,1,2,147.1,2,8,147.1
234826329,02200210,12.4,16.4,0,0,1909.4,1,2,162.8,0,0,inf,2,10,162.8,0,0,inf,1,2,162.8,2,9,162.8
234826330,02200210,21.4,18.6,0,0,1899.8,1,2,176.8,0,0,inf,2,9,176.8,0,0,inf,1,2,176.8,2,8,176.8
234826333,02200210,28.5,17.2,0,0,1793.2,1,2,351.6,0,0,inf,1,9,351.6,0,0,inf,1,2,351.6,1,7,351.6
234826335,02200210,31.6,18.6,0,0,1702.0,0,2,432.9,0,0,inf,0,8,432.9,0,0,inf,0,2,432.9,0,7,432.9
234826337,02200210,36.3,19.7,0,0,1860.2,1,2,274.1,0,0,inf,1,10,274.1,0,0,inf,1,2,274.1,1,8,274.1
234826338,02200210,18.9,20.3,0,0,1880.8,1,2,294.7,0,0,inf,1,11,294.7,0,0,inf,1,2,294.7,1,8,294.7
234826339,02200210,14.8,19.7,0,0,1894.8,1,2,308.7,0,0,inf,1,10,308.7,0,0,inf,1,2,308.7,1,8,308.7
235213876,02300315,22.5,13.9,0,0,1599.9,0,2,669.5,0,0,1610.3,3,11,37.8,0,0,1599.9,0,2,669.5,3,7,37.8
235544162,02300418,68.8,19.3,0,0,inf,0,1,673.5,0,0,inf,0,5,401.0,0,0,inf,0,1,673.5,0,5,401.0
235808581,02500834,26.9,18.5,0,0,1084.6,0,0,919.4,3,10,107.3,1,5,400.0,0,0,1084.6,0,0,919.4,4,11,107.3
236210540,02300314,33.1,2.2,0,0,1715.2,0,2,543.4,0,0,inf,4,12,199.8,0,0,1715.2,0,2,543.4,2,5,254.4
236400424,02300314,1.7,31.1,0,0,1816.6,0,2,487.9,0,0,inf,3,14,92.7,0,0,1816.6,0,2,487.9,2,6,92.7
238159815,02500835,19.8,23.2,0,1,649.7,0,1,649.7,0,1,649.7,1,7,152.7,0,0,1766.1,0,1,649.7,0,2,649.7
238165327,02300316,11.1,19.5,0,0,1597.8,0,2,670.6,0,0,1597.8,3,11,25.2,0,0,1623.5,0,2,670.6,3,7,25.2
238421950,02200213,4.7,8.7,0,0,inf,0,1,752.8,0,0,inf,3,7,151.1,0,0,inf,0,1,752.8,3,6,151.1
238421953,02200213,6.5,25.3,0,0,inf,0,1,786.4,0,0,inf,3,7,150.7,0,0,inf,0,1,786.4,3,6,150.7
238796541,02200207,9.4,23.6,0,0,987.5,0,1,581.1,0,0,inf,0,5,499.0,0,0,1950.4,0,1,581.1,0,3,499.0
238851209,02500831,4.2,32.6,0,0,962.5,1,1,354.4,1,6,313.0,2,5,313.0,0,0,1303.5,1,1,354.4,2,8,313.0
239049131,02300316,1.4,5.7,0,0,1108.0,0,0,921.2,0,0,inf,3,11,195.4,0,0,1108.0,0,0,921.2,2,6,285.7
239173753,02100103,42.5,25.6,0,0,1657.9,0,0,850.4,0,0,inf,1,5,336.0,0,0,inf,0,0,850.4,1,4,336.0
239425911,02300314,102.6,21.3,0,0,1547.1,0,2,626.1,0,0,inf,3,12,276.0,0,0,1782.8,0,2,626.1,1,5,276.0
239425912,02300314,32.8,17.0,0,0,1465.0,0,2,427.3,0,0,inf,1,12,235.6,0,0,1961.4,0,2,427.3,1,5,235.6
239427983,02300316,4.1,9.1,0,0,948.1,1,1,194.2,0,0,948.1,2,6,194.2,0,0,1858.3,1,1,194.2,2,4,194.2
239695696,02200209,15.0,66.1,0,0,973.3,0,1,779.9,0,0,inf,2,8,327.9,0,0,inf,0,1,779.9,1,4,327.9
239695697,02200209,20.9,72.2,0,0,1007.5,0,1,606.7,0,0,inf,2,6,249.7,0,0,inf,0,1,606.7,2,4,249.7
239695698,02200209,10.3,19.1,0,0,1169.4,0,1,466.3,0,0,inf,2,8,63.1,0,0,inf,0,1,466.3,1,4,63.1
239695699,02200209,21.3,56.2,0,0,986.0,0,1,692.6,0,0,inf,3,8,287.0,0,0,inf,0,1,692.6,2,4,329.7
239695702,02200209,5.6,53.0,0,0,1116.2,0,1,588.9,0,0,inf,2,7,193.0,0,0,inf,0,1,588.9,1,4,193.0
239695703,02200209,7.5,44.6,0,0,997.9,0,1,657.3,0,0,inf,3,8,251.7,0,0,inf,0,1,657.3,2,4,294.4
239695704,02200209,20.3,18.2,0,0,1431.4,0,2,513.9,0,0,inf,2,11,101.9,0,0,inf,0,2,513.9,0,7,459.1
239695705,02200209,6.0,49.5,0,0,1125.4,0,1,572.7,0,0,inf,2,8,176.9,0,0,inf,0,1,572.7,1,4,176.9
239695706,02200209,7.9,54.8,0,0,985.1,0,1,594.2,0,0,inf,2,7,237.2,0,0,inf,0,1,594.2,2,4,237.2
239695793,02200209,25.6,34.8,0,0,1423.4,0,2,421.7,0,0,inf,3,11,98.3,0,0,inf,0,2,421.7,1,7,366.9
239698604,02200209,11.6,70.5,0,0,1207.3,0,1,499.7,0,0,inf,3,7,366.3,0,0,inf,0,1,499.7,1,4,386.5
239698605,02200209,22.6,31.5,0,0,1117.1,0,1,512.1,0,0,inf,3,8,276.0,0,0,inf,0,1,512.1,1,4,318.8
239698606,02200209,20.5,32.2,0,0,1181.7,0,1,448.7,0,0,inf,4,7,334.7,0,0,inf,0,1,448.7,2,4,360.8
239698607,02200209,16.2,38.6,0,0,1273.7,1,3,369.6,0,0,inf,3,10,255.6,0,0,inf,1,3,369.6,2,7,314.8
239698608,02200209,10.6,19.7,0,0,1396.1,0,2,552.2,0,0,inf,2,11,140.2,0,0,inf,0,2,552.2,0,6,497.4
239698610,02200209,11.4,66.8,0,0,1175.8,0,1,524.0,0,0,inf,2,8,334.7,0,0,inf,0,1,524.0,1,4,357.2
239698612,02200209,8.4,79.1,0,0,1418.1,0,2,649.0,0,0,inf,2,10,237.0,0,0,inf,0,2,649.0,0,6,594.3
239698613,02200209,10.1,55.1,0,0,1187.8,0,1,488.5,0,0,inf,3,7,346.7,0,0,inf,0,1,488.5,1,4,367.0
239698615,02200209,4.9,53.6,0,0,1199.5,0,1,473.7,0,0,inf,3,7,358.4,0,0,inf,0,1,473.7,1,4,378.6
239698616,02200209,4.6,70.9,0,0,1359.3,0,2,691.4,0,0,inf,2,9,200.0,0,0,inf,0,2,691.4,0,5,562.0
239698617,02200209,4.0,70.6,0,0,1159.1,0,1,723.7,0,0,inf,2,8,142.5,0,0,inf,0,1,723.7,1,4,360.8
239698618,02200209,5.0,69.0,0,0,1150.7,0,1,715.3,0,0,inf,2,8,147.7,0,0,inf,0,1,715.3,1,4,352.4
239698619,02200209,5.0,69.5,0,0,1145.3,0,1,709.9,0,0,inf,2,8,154.1,0,0,inf,0,1,709.9,1,4,347.0
239698620,02200209,5.2,68.6,0,0,1138.4,0,1,702.9,0,0,inf,2,8,159.3,0,0,inf,0,1,702.9,1,4,340.1
239698621,02200209,4.4,75.1,0,0,1156.5,0,1,559.7,0,0,inf,2,8,315.5,0,0,inf,0,1,559.7,1,4,358.2
239698622,02200209,3.7,70.1,0,0,1151.3,0,1,555.0,0,0,inf,2,8,310.2,0,0,inf,0,1,555.0,1,4,353.0
240438278,02300315,4.3,30.2,0,0,1543.4,0,1,516.1,0,0,inf,3,14,149.2,0,0,1543.4,0,1,516.1,1,8,399.4
240438279,02300315,17.3,51.9,0,0,1486.1,0,1,615.5,0,0,inf,4,12,302.4,0,0,1486.1,0,1,615.5,1,7,302.4
240438280,02300315,4.2,29.7,0,0,1627.7,0,1,430.8,0,0,inf,2,13,78.1,0,0,1627.7,0,1,430.8,0,7,411.7
240438281,02300315,16.4,42.7,0,0,1461.6,0,1,621.5,0,0,inf,4,12,308.5,0,0,1461.6,0,1,621.5,1,7,308.5
240438282,02300315,17.0,46.5,0,0,1496.3,0,1,594.5,0,0,inf,4,12,281.4,0,0,1496.3,0,1,594.5,1,7,281.4
240776364,02200213,2.9,45.1,0,0,inf,0,2,452.7,0,0,inf,5,10,193.2,0,0,inf,0,2,452.7,3,8,193.2
240776365,02200213,14.6,22.3,0,0,inf,1,2,319.6,0,0,inf,4,9,192.1,0,0,inf,1,2,319.6,3,7,192.1
240776366,02200213,18.4,22.9,0,0,inf,0,2,414.3,0,0,inf,4,11,328.9,0,0,inf,0,2,414.3,2,8,328.9
240776367,02200213,27.9,23.7,0,0,inf,1,2,394.1,0,0,inf,5,11,350.6,0,0,inf,1,2,394.1,3,8,350.6
240776368,02200213,25.3,50.0,0,0,inf,0,2,544.6,0,0,inf,2,11,149.7,0,0,inf,0,2,544.6,2,9,149.7
240776369,02200213,26.0,39.8,0,0,inf,0,2,422.8,0,0,inf,4,9,295.3,0,0,inf,0,2,422.8,2,7,295.3
240776370,02200213,26.6,23.6,0,0,inf,1,2,349.6,0,0,inf,4,9,222.2,0,0,inf,1,2,349.6,3,7,222.2
240776371,02200213,23.9,23.3,0,0,inf,1,2,392.2,0,0,inf,4,9,264.7,0,0,inf,1,2,392.2,3,7,264.7
240776372,02200213,30.4,53.8,0,0,inf,0,2,465.2,0,0,inf,4,8,339.7,0,0,inf,0,2,465.2,2,7,339.7
240776373,02200213,12.7,20.3,0,0,inf,0,2,485.2,0,0,inf,4,11,31.7,0,0,inf,0,2,485.2,3,8,31.7
240776374,02200213,15.8,18.1,0,0,inf,0,2,421.3,0,0,inf,3,12,91.1,0,0,inf,0,2,421.3,2,8,91.1
240776375,02200213,12.0,21.0,0,0,inf,0,2,494.7,0,0,inf,4,11,23.5,0,0,inf,0,2,494.7,3,8,23.5
240776376,02200213,13.9,21.8,0,0,inf,0,2,553.6,0,0,inf,2,11,82.3,0,0,inf,0,2,553.6,2,9,82.3
240776377,02200213,23.4,21.7,0,0,inf,0,2,537.7,0,0,inf,2,11,100.1,0,0,inf,0,2,537.7,2,9,100.1
240776382,02200213,96.3,25.2,0,0,inf,0,2,486.8,0,0,inf,4,11,158.1,0,0,inf,0,2,486.8,3,9,158.1
240776383,02200213,35.7,23.2,0,0,inf,0,2,521.4,0,0,inf,4,11,50.1,0,0,inf,0,2,521.4,3,8,50.1
240776385,02200213,26.3,23.3,0,0,inf,1,2,372.2,0,0,inf,5,10,112.6,0,0,inf,1,2,372.2,4,8,112.6
240776387,02200213,16.8,23.3,0,0,inf,1,2,353.1,0,0,inf,5,10,93.5,0,0,inf,1,2,353.1,4,8,93.5
240776390,02200213,18.0,23.5,0,0,inf,1,2,374.4,0,0,inf,4,9,246.9,0,0,inf,1,2,374.4,3,7,246.9
240776392,02200213,14.3,24.6,0,0,inf,1,2,340.7,0,0,inf,5,10,81.1,0,0,inf,1,2,340.7,4,8,81.1
240776394,02200213,17.2,45.4,0,0,inf,0,2,412.0,0,0,inf,5,10,152.4,0,0,inf,0,2,412.0,3,8,152.4
240778126,02200213,13.4,16.2,0,0,inf,1,2,392.3,0,0,inf,2,10,303.7,0,0,inf,1,2,392.3,2,7,303.7
240778127,02200213,12.7,19.1,0,0,inf,1,2,339.0,0,0,inf,2,10,175.5,0,0,inf,1,2,339.0,2,7,175.5
240778129,02200213,26.0,17.1,0,0,inf,1,2,312.8,0,0,inf,2,10,224.2,0,0,inf,1,2,312.8,2,7,224.2
240778130,02200213,11.0,61.9,0,0,inf,0,2,410.4,0,0,inf,1,9,321.7,0,0,inf,0,2,410.4,1,6,321.7
240778131,02200213,17.4,15.6,0,0,inf,1,2,333.9,0,0,inf,2,10,245.2,0,0,inf,1,2,333.9,2,7,245.2
240778132,02200213,10.3,60.6,0,0,inf,0,2,423.0,0,0,inf,1,9,334.4,0,0,inf,0,2,423.0,1,6,334.4
240778134,02200213,8.3,58.4,0,0,inf,0,2,420.6,0,0,inf,1,10,172.5,0,0,inf,0,2,420.6,1,7,172.5
240778136,02200213,12.4,36.3,0,0,inf,1,2,378.5,0,0,inf,2,10,170.4,0,0,inf,1,2,378.5,2,7,170.4
240778138,02200213,12.6,44.2,0,0,inf,0,2,417.2,0,0,inf,1,10,147.4,0,0,inf,0,2,417.2,1,7,147.4
240778140,02200213,13.7,39.9,0,0,inf,1,2,375.7,0,0,inf,2,10,180.5,0,0,inf,1,2,375.7,2,7,180.5
240778142,02200213,14.0,19.8,0,0,inf,1,2,392.8,0,0,inf,2,10,123.1,0,0,inf,1,2,392.8,2,7,123.1
240778143,02200213,4.6,74.5,0,0,inf,0,2,563.5,0,0,inf,2,10,92.2,0,0,inf,0,2,563.5,2,8,92.2
240778145,02200213,17.5,36.8,0,0,inf,1,2,399.8,0,0,inf,2,10,149.9,0,0,inf,1,2,399.8,2,7,149.9
240778147,02200213,27.4,54.0,0,0,inf,0,2,441.5,0,0,inf,1,9,352.9,0,0,inf,0,2,441.5,1,7,352.9
240778149,02200213,18.8,56.0,0,0,inf,1,2,389.7,0,0,inf,2,9,301.1,0,0,inf,1,2,389.7,2,6,301.1
240778150,02200213,14.2,16.3,0,0,inf,1,2,378.8,0,0,inf,2,10,290.2,0,0,inf,1,2,378.8,2,7,290.2
240778152,02200213,15.6,20.0,0,0,inf,0,2,404.8,0,0,inf,3,10,111.5,0,0,inf,0,2,404.8,2,7,111.5
240781941,02200212,29.6,25.0,0,0,inf,0,2,546.2,0,0,inf,2,11,98.2,0,0,inf,0,2,546.2,2,9,98.2
240781950,02200212,18.8,23.8,0,0,inf,0,2,457.7,0,0,inf,5,11,184.3,0,0,inf,0,2,457.7,3,9,184.3
240781951,02200212,38.1,30.5,0,0,inf,0,2,488.1,0,0,inf,4,11,167.4,0,0,inf,0,2,488.1,3,9,167.4
240781954,02200212,25.1,22.8,0,0,inf,1,2,383.4,0,0,inf,5,10,123.8,0,0,inf,1,2,383.4,4,8,123.8
240803971,02200213,13.0,24.4,0,0,inf,0,1,642.6,0,0,inf,2,10,169.6,0,0,inf,0,1,642.6,2,6,169.6
240803972,02200213,32.7,19.0,0,0,inf,0,1,594.4,0,0,inf,3,8,105.2,0,0,inf,0,1,594.4,3,5,105.2
240803973,02200213,38.3,35.0,0,0,inf,1,1,394.6,0,0,inf,2,8,336.9,0,0,inf,1,1,394.6,2,5,336.9
240803974,02200213,46.6,19.0,0,0,inf,0,2,618.0,0,0,inf,3,10,81.5,0,0,inf,0,2,618.0,3,7,81.5
240803975,02200213,22.9,17.2,0,0,inf,0,1,546.5,0,0,inf,1,8,149.5,0,0,inf,0,1,546.5,1,5,149.5
240803977,02200213,20.2,17.6,0,0,inf,0,1,528.9,0,0,inf,1,8,167.8,0,0,inf,0,1,528.9,1,5,167.8
240803978,02200213,10.9,21.7,0,0,inf,0,1,684.3,0,0,inf,3,11,122.6,0,0,inf,0,1,684.3,3,6,122.6
240803979,02200213,13.0,24.0,0,0,inf,0,2,616.0,0,0,inf,2,10,192.5,0,0,inf,0,2,616.0,2,7,192.5
240803980,02200213,39.6,21.4,0,0,inf,0,1,499.6,0,0,inf,1,7,204.8,0,0,inf,0,1,499.6,1,4,204.8
240803981,02200213,20.9,18.4,0,0,inf,0,1,567.6,0,0,inf,2,8,130.8,0,0,inf,0,1,567.6,2,5,130.8
240803982,02200213,29.6,24.8,0,0,inf,0,2,587.2,0,0,inf,2,10,163.7,0,0,inf,0,2,587.2,2,7,163.7
240803983,02200213,20.7,28.5,0,0,inf,0,2,542.7,0,0,inf,3,10,119.3,0,0,inf,0,2,542.7,2,7,119.3
240803984,02200213,24.4,16.8,0,0,inf,0,1,515.6,0,0,inf,1,8,179.5,0,0,inf,0,1,515.6,1,5,179.5
240803985,02200213,31.9,19.4,0,0,inf,0,2,425.9,0,0,inf,3,12,89.2,0,0,inf,0,2,425.9,2,8,89.2
240803986,02200213,25.5,24.3,0,0,inf,0,2,557.9,0,0,inf,2,10,134.4,0,0,inf,0,2,557.9,2,7,134.4
240803987,02200213,21.4,24.3,0,0,inf,0,1,704.9,0,0,inf,3,11,107.2,0,0,inf,0,1,704.9,3,6,107.2
240803988,02200213,12.8,23.2,0,0,inf,0,2,628.1,0,0,inf,2,10,181.7,0,0,inf,0,2,628.1,2,7,181.7
240803989,02200213,14.9,16.7,0,0,inf,0,2,402.8,0,0,inf,3,10,107.0,0,0,inf,0,2,402.8,2,7,107.0
240803990,02200213,35.8,39.9,0,0,inf,0,1,443.3,0,0,inf,1,8,298.2,0,0,inf,0,1,443.3,1,5,298.2
240803991,02200213,36.2,36.0,0,0,inf,0,1,445.7,0,0,inf,1,8,287.9,0,0,inf,0,1,445.7,1,5,287.9
240803993,02200213,35.4,33.8,0,0,inf,0,1,415.0,0,0,inf,1,8,314.1,0,0,inf,0,1,415.0,1,5,314.1
240805634,02200213,15.6,21.3,0,0,inf,1,1,316.2,0,0,inf,3,10,316.2,0,0,inf,1,1,316.2,3,6,316.2
240805635,02200213,13.1,20.1,0,0,inf,1,1,342.9,0,0,inf,3,10,342.9,0,0,inf,1,1,342.9,3,6,342.9
240805636,02200213,16.4,20.1,0,0,inf,1,1,358.4,0,0,inf,3,9,343.4,0,0,inf,1,1,358.4,3,6,343.4
240805639,02200213,14.5,20.3,0,0,inf,1,1,329.3,0,0,inf,3,11,329.3,0,0,inf,1,1,329.3,3,6,329.3
240805640,02200213,23.2,47.2,0,0,inf,1,1,382.1,0,0,inf,3,8,373.7,0,0,inf,1,1,382.1,3,5,373.7
240805641,02200213,15.0,46.8,0,0,inf,1,1,344.1,0,0,inf,2,9,344.1,0,0,inf,1,1,344.1,2,6,344.1
240805644,02200213,21.3,42.8,0,0,inf,1,1,358.8,0,0,inf,3,8,358.8,0,0,inf,1,1,358.8,3,6,358.8
240861679,02200213,48.1,21.8,0,0,inf,1,2,302.7,0,0,inf,1,10,302.7,0,0,inf,1,2,302.7,1,7,302.7
240861680,02200213,12.1,14.0,0,0,inf,1,2,246.7,0,0,inf,2,9,246.7,0,0,inf,1,2,246.7,2,6,246.7
240861681,02200213,9.1,32.6,0,0,inf,1,2,265.4,0,0,inf,2,9,265.4,0,0,inf,1,2,265.4,2,6,265.4
240861682,02200213,27.7,18.4,0,0,inf,1,1,181.9,0,0,inf,2,10,181.9,0,0,inf,1,1,181.9,2,6,181.9
240861683,02200213,18.2,18.1,0,0,inf,1,2,277.0,0,0,inf,2,9,277.0,0,0,inf,1,2,277.0,2,6,277.0
240861684,02200213,12.8,14.2,0,0,inf,1,2,260.6,0,0,inf,2,9,260.6,0,0,inf,1,2,260.6,2,6,260.6
240861685,02200213,27.9,21.7,0,0,inf,1,2,75.3,0,0,inf,1,10,75.3,0,0,inf,1,2,75.3,1,7,75.3
240861686,02200213,22.1,23.2,0,0,inf,1,2,117.4,0,0,inf,1,8,117.4,0,0,inf,1,2,117.4,1,6,117.4
240861687,02200213,29.4,23.7,0,0,inf,1,2,138.0,0,0,inf,1,8,138.0,0,0,inf,1,2,138.0,1,6,138.0
240861688,02200213,21.7,22.0,0,0,inf,1,2,159.5,0,0,inf,1,9,159.5,0,0,inf,1,2,159.5,1,7,159.5
240861689,02200213,11.6,17.8,0,0,inf,1,1,165.6,0,0,inf,2,10,165.6,0,0,inf,1,1,165.6,2,6,165.6
240861690,02200213,18.7,18.7,0,0,inf,1,1,155.5,0,0,inf,2,9,155.5,0,0,inf,1,1,155.5,2,5,155.5
240861691,02200213,14.6,18.7,0,0,inf,1,1,135.6,0,0,inf,2,9,135.6,0,0,inf,1,1,135.6,2,5,135.6
240861692,02200213,13.4,18.0,0,0,inf,1,1,119.6,0,0,inf,2,9,119.6,0,0,inf,1,1,119.6,2,5,119.6
240861693,02200213,11.9,16.5,0,0,inf,1,1,103.4,0,0,inf,1,9,103.4,0,0,inf,1,1,103.4,1,5,103.4
240976526,02500835,45.2,17.6,0,1,738.1,0,0,1659.7,0,0,1299.0,1,7,196.5,0,0,895.4,0,1,738.1,1,4,196.5
240976527,02500835,68.2,36.4,0,1,728.2,0,0,1686.5,0,0,1535.8,0,8,424.6,0,0,1132.2,0,1,728.2,0,4,424.6
240976528,02500835,61.7,45.1,0,1,709.7,0,0,1722.5,0,0,1517.3,0,8,406.1,0,0,1113.7,0,1,709.7,0,4,406.1
240976529,02500835,43.9,15.3,0,0,836.0,0,0,1557.2,0,0,1308.3,1,6,205.9,0,0,904.8,0,0,836.0,1,3,205.9
240976530,02500835,79.3,14.0,0,0,872.5,0,0,1497.5,0,0,1394.7,2,6,351.0,0,0,1032.5,0,0,872.5,1,3,398.6
240976531,02500835,58.1,38.4,0,1,736.5,0,0,1682.3,0,0,1544.1,0,8,433.0,0,0,1140.5,0,1,736.5,0,4,433.0
240976532,02500835,68.6,14.2,0,0,805.7,0,0,1564.6,0,0,1461.8,0,7,418.1,0,0,1099.6,0,0,805.7,0,3,465.7
240976533,02500835,43.8,32.4,0,0,887.6,0,0,1539.7,0,0,1360.0,2,6,257.5,0,0,956.4,0,0,887.6,1,3,257.5
240976534,02500835,42.8,17.7,0,1,701.0,0,0,1697.1,0,0,1336.3,2,7,233.9,0,0,932.8,0,1,701.0,2,4,233.9
240976535,02500835,49.1,27.5,0,0,889.0,0,0,1528.6,0,0,1361.3,2,6,258.9,0,0,957.8,0,0,889.0,1,3,258.9
240976536,02500835,55.1,31.9,0,1,760.0,0,0,1645.7,0,0,1542.8,0,8,456.5,0,0,1164.1,0,1,760.0,0,4,456.5
240985194,02500835,26.6,13.8,0,0,914.7,0,0,1479.4,0,0,1318.3,2,5,233.2,0,0,914.7,0,0,914.7,1,2,324.0
240985195,02500835,73.8,20.8,0,0,836.3,0,0,1567.9,0,0,1308.6,1,5,206.2,0,0,905.0,0,0,836.3,1,3,206.2
240985196,02500835,46.3,15.5,0,0,901.6,0,0,1495.8,0,0,1305.2,2,5,220.1,0,0,901.6,0,0,901.6,1,2,310.9
240985197,02500835,8.5,65.6,0,0,918.8,0,0,1575.0,0,0,1391.1,1,4,288.6,0,0,987.5,0,0,918.8,1,2,288.6
240985198,02500835,35.5,13.7,0,0,931.4,0,0,1462.4,0,0,1335.0,2,5,249.9,0,0,931.4,0,0,931.4,1,2,340.7
240985199,02500835,25.4,20.5,0,0,855.7,0,0,1547.9,0,0,1328.1,1,6,225.6,0,0,924.5,0,0,855.7,1,3,225.6
240985201,02500835,46.4,28.3,0,0,887.6,0,0,1531.8,0,0,1359.9,2,6,257.4,0,0,956.3,0,0,887.6,1,3,257.4
240985202,02500835,47.8,30.6,0,0,925.9,0,0,1498.0,0,0,1395.1,2,5,295.7,0,0,994.6,0,0,925.9,1,2,295.7
240985203,02500835,46.1,38.3,0,0,903.4,0,0,1535.8,0,0,1375.7,2,6,273.2,0,0,972.1,0,0,903.4,1,3,273.2
240985204,02500835,47.0,37.4,0,0,938.6,0,0,1498.9,0,0,1396.1,2,5,308.4,0,0,1007.3,0,0,938.6,1,2,308.4
241588131,02300418,67.7,20.6,0,0,inf,0,0,1022.5,0,0,inf,1,4,180.3,0,0,inf,0,0,1022.5,1,4,180.3
241687538,02200208,8.2,43.0,0,0,902.9,1,3,327.8,0,0,inf,1,8,327.8,0,0,1586.5,1,3,327.8,1,5,327.8
241893805,02500835,45.5,16.6,0,0,987.4,0,0,987.4,0,0,884.6,2,4,105.0,0,0,1415.0,0,0,987.4,0,0,871.9
241983548,02200211,14.6,26.7,0,0,1711.4,0,2,432.3,0,0,inf,1,9,297.7,0,0,inf,0,2,432.3,0,7,432.3
241983551,02200211,5.5,27.2,0,0,inf,0,1,594.8,0,0,inf,1,6,315.1,0,0,inf,0,1,594.8,1,5,315.1
241983552,02200211,15.2,16.0,0,0,inf,0,2,638.5,0,0,inf,3,8,105.4,0,0,inf,0,2,638.5,3,7,105.4
241983553,02200211,7.4,39.3,0,0,inf,0,1,644.6,0,0,inf,2,5,227.7,0,0,inf,0,1,644.6,2,4,227.7
241983554,02200211,6.5,31.5,0,0,inf,0,1,578.8,0,0,inf,1,6,339.8,0,0,inf,0,1,578.8,1,5,339.8
241983555,02200211,6.1,34.7,0,0,inf,0,1,608.2,0,0,inf,1,6,316.9,0,0,inf,0,1,608.2,1,5,316.9
241983557,02200211,5.1,30.6,0,0,inf,0,2,693.8,0,0,inf,2,6,393.2,0,0,inf,0,2,693.8,2,5,393.2
241983558,02200211,5.5,43.0,0,0,1994.7,0,2,625.6,0,0,inf,1,7,323.0,0,0,inf,0,2,625.6,1,6,323.0
241983559,02200211,23.3,47.0,0,0,inf,0,1,563.6,0,0,inf,2,6,261.0,0,0,inf,0,1,563.6,2,4,261.0
241983560,02200211,18.4,16.8,0,0,inf,0,1,539.4,0,0,inf,2,6,206.1,0,0,inf,0,1,539.4,2,4,206.1
241983561,02200211,6.3,9.3,0,0,inf,0,1,521.5,0,0,inf,1,6,382.0,0,0,inf,0,1,521.5,1,5,382.0
241983562,02200211,10.9,34.6,0,0,1973.7,0,1,482.1,0,0,inf,1,7,179.5,0,0,inf,0,1,482.1,1,5,179.5
241983565,02200211,15.9,34.1,0,0,1609.2,0,2,549.2,0,0,inf,1,8,195.5,0,0,inf,0,2,549.2,0,6,549.2
241983566,02200211,7.9,31.0,0,0,inf,0,2,728.4,0,0,inf,1,6,189.2,0,0,inf,0,2,728.4,1,5,189.2
241983567,02200211,16.4,41.6,0,0,inf,0,1,585.4,0,0,inf,0,5,521.0,0,0,inf,0,1,585.4,0,4,521.0
241983568,02200211,17.8,29.2,0,0,1756.2,1,2,392.4,0,0,inf,2,9,342.5,0,0,inf,1,2,392.4,1,7,392.4
241983569,02200211,11.2,40.6,0,0,1681.8,0,3,662.7,0,0,inf,2,8,268.1,0,0,inf,0,3,662.7,1,6,372.3
241983571,02200211,28.9,20.5,0,0,inf,0,1,504.9,0,0,inf,2,6,202.3,0,0,inf,0,1,504.9,2,4,202.3
241983574,02200211,18.0,30.3,0,0,1768.8,1,2,381.9,0,0,inf,2,9,355.1,0,0,inf,1,2,381.9,1,7,381.9
241983575,02200211,20.8,24.0,0,0,1656.1,0,2,482.2,0,0,inf,1,9,242.4,0,0,inf,0,2,482.2,0,7,482.2
241983577,02200211,26.0,28.3,0,0,1741.0,0,2,405.7,0,0,inf,1,9,327.3,0,0,inf,0,2,405.7,0,7,405.7
241983578,02200211,15.4,46.8,0,0,inf,0,1,545.3,0,0,inf,2,6,242.7,0,0,inf,0,1,545.3,2,4,242.7
241983579,02200211,16.0,45.2,0,0,1872.5,0,1,493.4,0,0,inf,1,7,190.8,0,0,inf,0,1,493.4,1,4,190.8
241983582,02200211,12.4,37.0,0,0,inf,0,1,542.0,0,0,inf,1,6,239.4,0,0,inf,0,1,542.0,1,4,239.4
241983583,02200211,12.6,31.4,0,0,1787.6,1,2,365.5,0,0,inf,2,9,365.5,0,0,inf,1,2,365.5,1,7,365.5
241983585,02200211,12.8,15.7,0,0,1991.5,0,1,508.5,0,0,inf,1,7,205.8,0,0,inf,0,1,508.5,1,5,205.8
241983587,02200211,1.1,14.6,0,0,1757.2,1,2,362.2,0,0,inf,2,9,343.5,0,0,inf,1,2,362.2,1,7,362.2
241983588,02200211,3.6,44.5,0,0,1934.4,1,1,284.8,0,0,inf,1,7,284.8,0,0,inf,1,1,284.8,1,6,284.8
241983591,02200211,12.5,17.3,0,0,inf,0,1,528.7,0,0,inf,0,6,464.3,0,0,inf,0,1,528.7,0,5,464.3
241983592,02200211,2.6,56.0,0,0,inf,0,1,602.2,0,0,inf,0,5,535.2,0,0,inf,0,1,602.2,0,4,535.2
241983595,02200209,17.6,11.0,0,0,1812.5,1,1,142.2,0,0,inf,2,7,142.2,0,0,inf,1,1,142.2,2,6,142.2
241983596,02200211,8.3,30.8,0,0,1812.8,1,1,163.2,0,0,inf,2,7,163.2,0,0,inf,1,1,163.2,2,6,163.2
241983597,02200211,5.7,46.9,0,0,1948.4,0,1,443.9,0,0,inf,0,7,443.9,0,0,inf,0,1,443.9,0,6,443.9
241983598,02200211,12.6,35.3,0,0,inf,0,1,528.1,0,0,inf,1,6,225.4,0,0,inf,0,1,528.1,1,4,225.4
241983600,02200211,17.6,18.5,0,0,1960.2,1,1,354.3,0,0,inf,3,7,51.7,0,0,inf,1,1,354.3,3,5,51.7
241983602,02200209,56.6,26.5,0,0,1704.5,0,1,491.8,0,0,inf,0,8,491.8,0,0,inf,0,1,491.8,0,6,491.8
241983603,02200211,17.9,16.4,0,0,inf,0,1,519.2,0,0,inf,2,6,216.6,0,0,inf,0,1,519.2,2,4,216.6
241983604,02200211,3.3,24.8,0,0,1761.1,1,2,378.7,0,0,inf,2,9,347.4,0,0,inf,1,2,378.7,1,7,378.7
241983606,02200211,7.6,32.0,0,0,inf,0,1,558.2,0,0,inf,2,6,255.6,0,0,inf,0,1,558.2,2,4,255.6
241983607,02200211,11.8,28.2,0,0,1721.3,0,2,425.3,0,0,inf,1,9,307.6,0,0,inf,0,2,425.3,0,7,425.3
241983608,02200211,7.8,29.5,0,0,inf,0,1,534.0,0,0,inf,2,6,231.3,0,0,inf,0,1,534.0,2,4,231.3
241983609,02200211,13.4,36.7,0,0,inf,0,1,556.9,0,0,inf,2,6,254.3,0,0,inf,0,1,556.9,2,4,254.3
241983610,02200209,8.5,44.7,0,0,1467.5,0,2,530.8,0,0,inf,2,9,118.8,0,0,inf,0,2,530.8,0,5,476.1
241983612,02200211,13.4,17.0,0,0,inf,0,1,563.3,0,0,inf,1,6,326.2,0,0,inf,0,1,563.3,1,5,326.2
241983614,02200211,5.1,41.6,0,0,1958.6,0,1,454.2,0,0,inf,0,7,454.2,0,0,inf,0,1,454.2,0,6,454.2
241983615,02200211,0.6,31.9,0,0,1883.8,0,1,455.5,0,0,inf,1,8,152.9,0,0,inf,0,1,455.5,1,5,152.9
241983616,02200211,26.4,16.0,0,0,inf,0,1,532.5,0,0,inf,2,6,229.9,0,0,inf,0,1,532.5,2,4,229.9
241983617,02200211,14.1,15.9,0,0,inf,0,1,536.1,0,0,inf,2,6,233.5,0,0,inf,0,1,536.1,2,4,233.5
241983618,02200211,8.1,35.0,0,0,inf,0,1,563.5,0,0,inf,2,6,260.9,0,0,inf,0,1,563.5,2,4,260.9
241983619,02200211,13.8,34.3,0,0,inf,0,2,743.6,0,0,inf,1,7,132.8,0,0,inf,0,2,743.6,1,7,132.8
241983620,02200211,17.2,15.6,0,0,1935.5,0,1,431.1,0,0,inf,0,7,431.1,0,0,inf,0,1,431.1,0,6,431.1
241983621,02200211,5.7,33.3,0,0,inf,0,2,736.6,0,0,inf,1,6,185.5,0,0,inf,0,2,736.6,1,5,185.5
241983622,02200211,1.8,57.5,0,0,inf,0,1,611.9,0,0,inf,0,5,528.6,0,0,inf,0,1,611.9,0,4,528.6
241983623,02200211,5.7,37.2,0,0,inf,0,2,764.4,0,0,inf,1,6,165.6,0,0,inf,0,2,764.4,1,6,165.6
241983624,02200211,5.0,34.0,0,0,1584.2,0,3,582.5,0,0,inf,1,9,170.5,0,0,inf,0,3,582.5,0,6,456.6
241983625,02200211,10.6,44.0,0,0,inf,0,1,554.4,0,0,inf,0,6,490.0,0,0,inf,0,1,554.4,0,5,490.0
241983626,02200211,8.1,14.2,0,0,1910.7,0,1,406.3,0,0,inf,0,8,406.3,0,0,inf,0,1,406.3,0,6,406.3
241983627,02200211,12.4,78.7,0,0,1739.9,0,2,507.7,0,0,inf,1,9,326.2,0,0,inf,0,2,507.7,0,7,507.7
241983629,02200211,3.6,37.4,0,0,1929.5,1,1,279.9,0,0,inf,1,6,279.9,0,0,inf,1,1,279.9,1,5,279.9
241983630,02200211,3.8,32.3,0,0,inf,0,1,554.8,0,0,inf,0,6,490.4,0,0,inf,0,1,554.8,0,5,490.4
241983631,02200211,14.7,35.0,0,0,inf,0,1,669.2,0,0,inf,2,5,252.2,0,0,inf,0,1,669.2,2,4,252.2
241983632,02200211,3.2,48.0,0,0,1914.8,0,1,410.4,0,0,inf,0,6,410.4,0,0,inf,0,1,410.4,0,5,410.4
241983633,02200211,8.4,36.8,0,0,inf,0,1,644.7,0,0,inf,2,7,140.9,0,0,inf,0,1,644.7,2,6,140.9
241983634,02200211,8.8,40.3,0,0,1688.3,0,3,655.6,0,0,inf,2,8,274.6,0,0,inf,0,3,655.6,1,6,365.3
241983635,02200211,12.5,39.4,0,0,inf,0,2,748.1,0,0,inf,1,6,295.4,0,0,inf,0,2,748.1,1,5,295.4
241983637,02200211,10.5,51.2,0,0,1886.7,0,1,772.6,0,0,inf,0,6,470.0,0,0,inf,0,1,772.6,0,4,470.0
241983639,02200211,5.5,29.8,0,0,inf,0,2,588.3,0,0,inf,0,7,496.8,0,0,inf,0,2,588.3,0,6,496.8
241983640,02200211,15.1,46.9,0,0,inf,0,2,686.3,0,0,inf,0,6,433.4,0,0,inf,0,2,686.3,0,5,433.4
241983641,02200211,14.8,17.4,0,0,inf,0,1,584.4,0,0,inf,1,6,306.0,0,0,inf,0,1,584.4,1,5,306.0
241983642,02200211,17.0,18.1,0,0,1941.7,1,1,370.0,0,0,inf,2,7,67.4,0,0,inf,1,1,370.0,2,5,67.4
241983643,02200211,7.0,36.2,0,0,inf,0,2,766.2,0,0,inf,1,7,155.4,0,0,inf,0,2,766.2,1,7,155.4
241983644,02200211,11.8,39.5,0,0,inf,0,2,734.2,0,0,inf,1,6,281.6,0,0,inf,0,2,734.2,1,5,281.6
241983645,02200211,8.7,29.5,0,0,1559.3,0,2,557.6,0,0,inf,1,9,145.6,0,0,inf,0,2,557.6,0,6,502.8
241983646,02200211,12.4,16.5,0,0,inf,0,1,540.9,0,0,inf,2,6,238.3,0,0,inf,0,1,540.9,2,4,238.3
241983647,02200211,14.8,39.9,0,0,inf,0,1,656.1,0,0,inf,2,6,239.2,0,0,inf,0,1,656.1,2,4,239.2
241983649,02200211,13.8,18.1,0,0,inf,0,2,572.5,0,0,inf,0,7,489.1,0,0,inf,0,2,572.5,0,6,489.1
241983650,02200211,14.8,17.8,0,0,inf,0,1,567.4,0,0,inf,1,6,323.7,0,0,inf,0,1,567.4,1,5,323.7
241983651,02200211,12.3,44.9,0,0,inf,0,1,571.3,0,0,inf,0,6,506.9,0,0,inf,0,1,571.3,0,5,506.9
241983653,02200211,24.9,20.8,0,0,1552.5,0,2,550.8,0,0,inf,1,9,138.7,0,0,inf,0,2,550.8,0,6,496.0
241983655,02200211,9.3,28.7,0,0,1756.9,0,2,643.5,0,0,inf,2,7,343.2,0,0,inf,0,2,643.5,1,5,353.1
241983656,02200211,4.5,30.2,0,0,1827.9,0,2,713.8,0,0,inf,0,7,411.1,0,0,inf,0,2,713.8,0,5,411.1
241983657,02200211,6.7,21.6,0,0,1774.4,1,2,359.0,0,0,inf,2,9,359.0,0,0,inf,1,2,359.0,1,7,359.0
241983658,02200211,13.9,34.3,0,0,1580.4,0,2,578.5,0,0,inf,1,9,166.7,0,0,inf,0,2,578.5,0,6,523.9
241993544,02200211,13.4,22.4,0,0,inf,0,1,510.7,0,0,inf,1,5,286.3,0,0,inf,0,1,510.7,1,3,286.3
241993545,02200211,3.4,36.8,0,0,inf,0,2,537.6,0,0,inf,2,6,351.2,0,0,inf,0,2,537.6,1,5,351.2
241993546,02200211,18.3,17.2,0,0,inf,0,1,744.9,0,0,inf,1,6,232.2,0,0,inf,0,1,744.9,1,5,232.2
241993547,02200211,3.4,30.1,0,0,inf,0,1,614.3,0,0,inf,1,5,311.7,0,0,inf,0,1,614.3,1,4,311.7
241993548,02200211,17.6,43.0,0,0,inf,0,1,656.0,0,0,inf,2,5,239.0,0,0,inf,0,1,656.0,2,4,239.0
241993549,02200211,9.3,38.6,0,0,inf,0,1,560.0,0,0,inf,2,6,229.2,0,0,inf,0,1,560.0,2,4,229.2
241993550,02200211,6.5,37.7,0,0,inf,0,1,719.8,0,0,inf,1,6,298.4,0,0,inf,0,1,719.8,1,5,298.4
241993551,02200211,8.6,39.2,0,0,inf,0,1,545.4,0,0,inf,2,6,242.8,0,0,inf,0,1,545.4,2,4,242.8
241993552,02200211,34.3,21.8,0,0,inf,0,2,496.3,0,0,inf,2,7,304.2,0,0,inf,0,2,496.3,1,5,304.2
241993553,02200211,7.2,36.5,0,0,inf,0,1,621.7,0,0,inf,2,5,389.3,0,0,inf,0,1,621.7,2,4,389.3
241993554,02200211,13.7,49.1,0,0,inf,0,1,653.6,0,0,inf,1,5,387.4,0,0,inf,0,1,653.6,1,4,387.4
241993557,02200211,10.5,16.7,0,0,inf,0,1,609.2,0,0,inf,1,5,308.2,0,0,inf,0,1,609.2,1,4,308.2
241993559,02200211,11.0,15.9,0,0,inf,0,1,618.0,0,0,inf,2,5,201.1,0,0,inf,0,1,618.0,2,4,201.1
241993561,02200211,9.0,49.1,0,0,inf,0,1,678.3,0,0,inf,1,6,362.5,0,0,inf,0,1,678.3,1,5,362.5
241993562,02200211,8.2,49.4,0,0,inf,0,1,722.8,0,0,inf,1,6,318.6,0,0,inf,0,1,722.8,1,5,318.6
241993564,02200211,8.1,49.3,0,0,inf,0,1,710.2,0,0,inf,1,6,331.1,0,0,inf,0,1,710.2,1,5,331.1
241993565,02200211,9.0,49.0,0,0,inf,0,1,689.1,0,0,inf,1,6,351.7,0,0,inf,0,1,689.1,1,5,351.7
241993566,02200211,6.0,31.4,0,0,inf,0,1,771.2,0,0,inf,1,7,160.4,0,0,inf,0,1,771.2,1,6,160.4
241993567,02200211,8.4,49.3,0,0,inf,0,1,642.5,0,0,inf,1,5,398.9,0,0,inf,0,1,642.5,1,4,398.9
241993568,02200211,2.3,50.4,0,0,inf,0,2,550.2,0,0,inf,2,6,363.8,0,0,inf,0,2,550.2,1,5,363.8
241993569,02200211,0.6,29.9,0,0,inf,0,1,792.2,0,0,inf,1,7,181.4,0,0,inf,0,1,792.2,1,6,181.4
241993570,02200211,1.4,42.1,0,0,inf,0,1,585.6,0,0,inf,1,5,374.0,0,0,inf,0,1,585.6,1,4,374.0
241993571,02200211,8.9,38.6,0,0,inf,0,1,619.0,0,0,inf,1,5,386.6,0,0,inf,0,1,619.0,1,4,386.6
241993572,02200211,3.0,33.0,0,0,inf,0,1,547.7,0,0,inf,2,6,230.3,0,0,inf,0,1,547.7,2,4,230.3
241993573,02200211,4.6,35.4,0,0,inf,0,1,722.5,0,0,inf,1,6,291.0,0,0,inf,0,1,722.5,1,5,291.0
241993574,02200211,17.0,20.3,0,0,inf,0,1,446.6,0,0,inf,2,6,144.0,0,0,inf,0,1,446.6,2,4,144.0
241993575,02200211,9.5,38.5,0,0,inf,0,1,552.0,0,0,inf,1,6,340.4,0,0,inf,0,1,552.0,1,5,340.4
241993576,02200211,10.6,39.9,0,0,inf,0,1,589.1,0,0,inf,1,5,374.7,0,0,inf,0,1,589.1,1,4,374.7
241993577,02200211,15.1,40.4,0,0,inf,0,1,687.9,0,0,inf,2,5,271.0,0,0,inf,0,1,687.9,2,4,271.0
241993578,02200211,11.7,39.5,0,0,inf,0,1,580.0,0,0,inf,2,6,277.4,0,0,inf,0,1,580.0,2,4,277.4
241993579,02200211,6.8,34.3,0,0,inf,0,1,706.2,0,0,inf,1,5,289.2,0,0,inf,0,1,706.2,1,4,289.2
241993581,02200211,5.0,36.7,0,0,inf,0,1,792.8,0,0,inf,1,7,182.0,0,0,inf,0,1,792.8,1,6,182.0
241993582,02200211,12.7,40.7,0,0,inf,0,1,559.6,0,0,inf,1,6,348.0,0,0,inf,0,1,559.6,1,5,348.0
241993584,02200211,16.0,19.2,0,0,inf,0,1,645.9,0,0,inf,1,6,335.1,0,0,inf,0,1,645.9,1,5,335.1
241993585,02200211,9.6,40.2,0,0,inf,0,1,569.2,0,0,inf,2,6,266.6,0,0,inf,0,1,569.2,2,4,266.6
241993586,02200211,16.5,19.3,0,0,inf,0,1,679.6,0,0,inf,1,6,301.7,0,0,inf,0,1,679.6,1,5,301.7
241993587,02200211,16.0,19.0,0,0,inf,0,1,662.1,0,0,inf,1,6,318.6,0,0,inf,0,1,662.1,1,5,318.6
241993588,02200211,14.4,40.1,0,0,inf,0,1,672.7,0,0,inf,2,5,255.8,0,0,inf,0,1,672.7,2,4,255.8
241993589,02200211,2.2,25.0,0,0,inf,0,1,479.8,0,0,inf,1,6,255.4,0,0,inf,0,1,479.8,1,4,255.4
241993590,02200211,1.0,42.1,0,0,inf,0,1,626.3,0,0,inf,1,5,323.7,0,0,inf,0,1,626.3,1,4,323.7
241993591,02200211,13.2,30.8,0,0,inf,0,1,519.0,0,0,inf,1,5,294.7,0,0,inf,0,1,519.0,1,3,294.7
241993592,02200211,5.0,33.4,0,0,inf,0,1,637.7,0,0,inf,1,5,371.7,0,0,inf,0,1,637.7,1,4,371.7
241994989,02200211,1.5,29.7,0,0,1865.1,0,1,751.0,0,0,inf,0,6,448.4,0,0,inf,0,1,751.0,0,4,448.4
241994990,02200211,0.8,35.4,0,0,1870.9,0,1,756.8,0,0,inf,0,6,454.2,0,0,inf,0,1,756.8,0,4,454.2
241994993,02200211,2.8,62.4,0,0,1897.9,0,1,783.8,0,0,inf,0,6,481.2,0,0,inf,0,1,783.8,0,4,481.2
241994994,02200211,0.8,65.5,0,0,1901.0,0,1,786.9,0,0,inf,0,6,484.3,0,0,inf,0,1,786.9,0,4,484.3
241994995,02200211,0.8,56.5,0,0,1892.0,0,1,777.9,0,0,inf,0,6,475.2,0,0,inf,0,1,777.9,0,4,475.2
242117036,02200211,21.5,38.3,0,0,1609.2,0,3,607.5,0,0,inf,1,9,195.5,0,0,inf,0,3,607.5,0,7,440.3
242117037,02200211,9.5,33.3,0,0,1694.0,0,2,430.6,0,0,inf,1,7,285.9,0,0,inf,0,2,430.6,1,5,285.9
242117038,02200211,6.4,52.4,0,0,1423.8,1,2,247.1,0,0,inf,3,8,192.3,0,0,inf,1,2,247.1,2,5,192.3
242117042,02200211,24.6,35.9,0,0,1340.3,1,3,338.6,0,0,inf,3,10,183.7,0,0,inf,1,3,338.6,2,7,283.8
242117044,02200211,17.7,36.2,0,0,1376.6,1,3,374.9,0,0,inf,3,10,147.8,0,0,inf,1,3,374.9,2,7,320.2
242117051,02200211,2.7,81.7,0,0,1713.5,0,2,450.1,0,0,inf,1,7,305.4,0,0,inf,0,2,450.1,1,5,305.4
242117058,02200211,6.5,51.2,0,0,1367.4,1,3,365.7,0,0,inf,3,10,187.1,0,0,inf,1,3,365.7,2,7,310.9
242117059,02200211,4.8,59.4,0,0,1399.9,1,3,284.9,0,0,inf,3,9,230.2,0,0,inf,1,3,284.9,2,6,230.2
242117061,02200211,2.9,34.3,0,0,1694.5,0,2,431.1,0,0,inf,1,7,286.4,0,0,inf,0,2,431.1,1,5,286.4
242117062,02200211,0.7,68.2,0,0,1361.2,1,3,341.3,0,0,inf,3,10,245.5,0,0,inf,1,3,341.3,2,7,286.6
242117065,02200211,2.8,70.7,0,0,1699.2,0,2,435.8,0,0,inf,1,7,291.1,0,0,inf,0,2,435.8,1,5,291.1
242117066,02200211,4.6,49.4,0,0,1360.9,1,3,304.1,0,0,inf,3,10,245.2,0,0,inf,1,3,304.1,2,7,249.3
242117067,02200211,4.9,27.0,0,0,1686.3,0,2,422.9,0,0,inf,1,7,278.1,0,0,inf,0,2,422.9,1,5,278.1
242117069,02200211,3.5,46.6,0,0,1375.9,1,3,283.4,0,0,inf,3,10,228.6,0,0,inf,1,3,283.4,2,7,228.6
242117071,02200211,3.6,66.3,0,0,1654.5,0,3,652.8,0,0,inf,1,8,240.8,0,0,inf,0,3,652.8,0,6,450.9
242117072,02200211,3.2,34.4,0,0,1678.6,0,3,653.5,0,0,inf,2,8,264.9,0,0,inf,0,3,653.5,1,6,363.1
242117074,02200211,0.6,46.9,0,0,1791.4,0,2,565.7,0,0,inf,2,7,377.6,0,0,inf,0,2,565.7,1,5,387.6
242117075,02200211,6.2,86.1,0,0,1776.5,0,2,513.1,0,0,inf,1,7,368.4,0,0,inf,0,2,513.1,1,5,368.4
242117079,02200211,7.8,66.3,0,0,1417.2,0,2,415.5,0,0,inf,2,9,167.5,0,0,inf,0,2,415.5,1,6,360.8
242117081,02200211,3.5,39.2,0,0,1622.6,0,3,620.9,0,0,inf,1,8,208.9,0,0,inf,0,3,620.9,0,6,428.6
242117082,02200211,7.9,55.2,0,0,1635.6,0,3,633.9,0,0,inf,1,8,221.9,0,0,inf,0,3,633.9,0,6,447.6
242117083,02200211,1.3,33.3,0,0,1723.6,0,2,460.2,0,0,inf,1,7,315.5,0,0,inf,0,2,460.2,1,5,315.5
242117084,02200211,11.2,50.9,0,0,1417.3,1,2,250.5,0,0,inf,3,8,195.8,0,0,inf,1,2,250.5,2,5,195.8
242117085,02200211,1.2,71.1,0,0,1605.2,0,2,603.5,0,0,inf,1,7,191.5,0,0,inf,0,2,603.5,0,5,509.9
242117086,02200211,3.8,83.0,0,0,1708.9,0,2,445.5,0,0,inf,1,7,300.8,0,0,inf,0,2,445.5,1,5,300.8
242117087,02200211,10.6,70.8,0,0,1418.1,1,2,289.6,0,0,inf,3,8,234.9,0,0,inf,1,2,289.6,2,5,234.9
242117088,02200211,2.8,45.5,0,0,1477.0,1,2,213.6,0,0,inf,2,9,75.4,0,0,inf,1,2,213.6,2,5,75.4
242154853,02200211,9.8,35.8,0,0,1932.4,0,2,407.8,0,0,inf,1,7,266.3,0,0,inf,0,2,407.8,1,5,266.3
242154855,02200211,7.4,13.2,0,0,1819.8,0,2,429.4,0,0,inf,1,10,336.0,0,0,inf,0,2,429.4,1,6,336.0
242154856,02200211,7.5,36.2,0,0,1890.9,0,2,404.4,0,0,inf,1,7,311.0,0,0,inf,0,2,404.4,1,5,311.0
242154857,02200211,9.3,35.5,0,0,1924.8,0,2,415.0,0,0,inf,1,7,258.7,0,0,inf,0,2,415.0,1,5,258.7
242154858,02200211,2.5,49.1,0,0,1947.7,0,2,419.2,0,0,inf,1,7,281.6,0,0,inf,0,2,419.2,1,5,281.6
242154859,02200211,10.2,35.4,0,0,1904.8,0,2,434.8,0,0,inf,1,8,238.7,0,0,inf,0,2,434.8,1,5,238.7
242154860,02200211,8.0,33.1,0,0,1866.0,0,2,423.1,0,0,inf,1,8,329.7,0,0,inf,0,2,423.1,1,5,329.7
242159621,02500835,61.2,20.8,0,1,745.6,0,0,1633.0,0,0,1149.2,2,6,60.4,0,1,745.6,0,1,745.6,1,4,60.4
242159622,02500835,50.1,51.1,0,0,813.3,0,0,1700.7,0,0,1216.9,1,5,114.4,0,0,813.3,0,0,813.3,1,3,114.4
242159623,02500835,41.8,16.9,0,0,883.7,0,0,1491.9,0,0,1389.1,2,6,345.4,0,0,1026.9,0,0,883.7,1,3,393.0
242159624,02500835,12.6,19.8,0,0,843.7,0,0,1540.9,0,0,1438.0,0,6,464.8,0,0,1183.9,0,0,843.7,0,3,540.2
242159625,02500835,20.7,47.9,0,0,1186.7,0,0,1428.5,0,0,1325.7,1,4,352.5,0,0,1309.2,0,0,1186.7,0,1,726.9
242159626,02500835,19.5,21.1,0,0,830.4,0,0,1556.7,0,0,1453.8,0,7,480.6,0,0,1170.5,0,0,830.4,0,3,526.8
242159627,02500835,27.7,17.4,0,0,844.9,0,0,1531.8,0,0,1429.0,1,6,385.3,0,0,1066.8,0,0,844.9,0,3,432.9
242159629,02500835,20.5,19.8,0,1,797.3,0,0,1673.7,0,0,1200.9,1,6,98.4,0,1,797.3,0,1,797.3,1,4,98.4
242159630,02500835,71.3,16.2,0,0,923.4,0,0,1471.7,0,0,1368.8,2,5,293.2,0,0,992.1,0,0,923.4,1,2,293.2
242159632,02500835,13.1,42.3,0,0,818.2,0,0,1528.5,0,0,1221.8,2,5,208.0,0,0,818.2,0,0,818.2,1,2,208.0
242159634,02500835,112.5,9.1,0,0,1167.5,0,0,1409.3,0,0,1306.5,1,4,333.3,0,0,1290.0,0,0,1167.5,0,1,707.7
242159635,02500835,21.9,15.5,0,0,876.7,0,0,1471.3,0,0,1280.3,2,5,195.2,0,0,876.7,0,0,876.7,1,2,286.0
242159636,02500835,41.5,23.7,0,0,1025.5,0,0,1363.8,0,0,1261.0,1,5,287.8,0,0,1050.0,0,0,1025.5,0,2,416.1
242166080,02200211,15.7,16.6,0,0,inf,1,1,313.3,0,0,inf,2,7,216.2,0,0,inf,1,1,313.3,2,5,216.2
242166081,02200211,17.5,17.1,0,0,inf,1,1,374.3,0,0,inf,2,7,195.4,0,0,inf,1,1,374.3,2,5,195.4
242166082,02200211,17.6,22.0,0,0,inf,1,2,248.0,0,0,inf,2,9,185.2,0,0,inf,1,2,248.0,1,8,248.0
242166083,02200211,9.0,32.1,0,0,inf,1,1,331.1,0,0,inf,2,7,229.3,0,0,inf,1,1,331.1,2,5,229.3
242166084,02200211,31.5,18.3,0,0,inf,0,1,403.0,0,0,inf,2,6,224.2,0,0,inf,0,1,403.0,1,4,224.2
242166085,02200211,13.0,20.7,0,0,inf,1,1,213.3,0,0,inf,2,8,213.3,0,0,inf,1,1,213.3,1,7,213.3
242166086,02200211,12.8,16.0,0,0,inf,1,1,238.5,0,0,inf,3,7,238.5,0,0,inf,1,1,238.5,2,6,238.5
242254364,02400625,8.0,20.7,0,1,602.0,0,2,602.0,0,1,602.0,2,8,183.4,0,0,1246.5,0,2,602.0,0,3,602.0
242254365,02400625,9.2,36.0,0,1,597.2,0,2,597.2,0,1,597.2,2,8,178.6,0,0,1241.6,0,2,597.2,0,3,597.2
242926767,02200211,17.7,24.9,0,0,inf,1,1,358.6,0,0,inf,1,4,358.6,0,0,inf,1,1,358.6,1,2,358.6
243684549,02200213,21.8,16.5,0,0,inf,1,2,387.4,0,0,inf,2,7,300.6,0,0,inf,1,2,387.4,1,5,387.4
243684550,02200213,23.4,16.6,0,0,inf,1,2,371.4,0,0,inf,2,7,316.8,0,0,inf,1,2,371.4,1,5,371.4
244314986,02200210,15.8,17.8,0,0,1811.2,1,2,322.0,0,0,inf,1,9,322.0,0,0,inf,1,2,322.0,1,7,322.0
244523480,02400522,54.2,19.4,0,0,1478.5,0,1,640.2,2,4,187.0,0,1,640.2,0,0,inf,0,1,640.2,2,3,187.0
245021076,02500832,47.2,25.1,0,1,720.0,0,1,720.0,0,4,423.6,0,3,468.1,0,0,836.0,0,1,720.0,0,5,423.6
245258387,02500830,8.4,35.0,0,0,1027.0,1,2,231.5,0,5,538.9,1,5,231.5,0,0,1557.1,1,2,231.5,1,7,231.5
245258388,02500830,9.3,34.1,0,0,1041.3,1,2,245.8,0,6,522.9,1,6,245.8,0,0,1541.1,1,2,245.8,1,8,245.8
246426286,02500836,18.4,27.5,0,0,1496.0,0,0,inf,0,0,inf,1,3,126.7,0,0,inf,0,0,1496.0,1,3,126.7
246426287,02500836,49.6,18.5,0,0,1476.1,0,0,inf,0,0,inf,2,5,106.8,0,0,inf,0,0,1476.1,2,4,106.8
248187256,02200213,60.6,18.9,0,0,inf,0,1,770.8,0,0,inf,0,7,524.6,0,0,inf,0,1,770.8,0,5,524.6
248187354,02200213,28.8,19.4,0,0,inf,0,2,681.7,0,0,inf,0,9,565.3,0,0,inf,0,2,681.7,0,6,565.3
248187808,02200213,16.2,44.4,0,0,inf,0,1,798.0,0,0,inf,1,7,335.3,0,0,inf,0,1,798.0,1,5,335.3
248187945,02200213,15.0,21.8,0,0,inf,0,2,584.2,0,0,inf,0,8,467.8,0,0,inf,0,2,584.2,0,5,467.8
248187946,02200213,17.6,22.3,0,0,inf,0,3,691.3,0,0,inf,1,9,275.3,0,0,inf,0,3,691.3,1,6,275.3
248188637,02200213,9.0,38.9,0,0,inf,0,0,825.9,0,0,inf,1,5,363.2,0,0,inf,0,0,825.9,1,4,363.2
248188638,02200213,19.1,21.0,0,0,inf,0,0,839.3,0,0,inf,1,5,376.7,0,0,inf,0,0,839.3,1,4,376.7
248188639,02200213,13.1,48.1,0,0,inf,0,0,862.4,0,0,inf,1,5,399.7,0,0,inf,0,0,862.4,1,4,399.7
248188640,02200213,22.5,26.7,0,0,inf,0,0,862.4,0,0,inf,1,5,399.8,0,0,inf,0,0,862.4,1,4,399.8
248188641,02200213,16.8,20.3,0,0,inf,0,0,825.5,0,0,inf,1,5,362.9,0,0,inf,0,0,825.5,1,4,362.9
248188642,02200213,23.2,44.6,0,0,inf,0,0,843.8,0,0,inf,1,5,381.1,0,0,inf,0,0,843.8,1,4,381.1
248188643,02200213,13.6,39.5,0,0,inf,0,1,778.5,0,0,inf,0,7,557.9,0,0,inf,0,1,778.5,0,5,557.9
248188644,02200213,47.6,26.1,0,0,inf,0,0,865.6,0,0,inf,0,5,422.5,0,0,inf,0,0,865.6,0,4,422.5
248188645,02200213,5.0,42.0,0,0,inf,0,0,818.4,0,0,inf,1,6,355.7,0,0,inf,0,0,818.4,1,4,355.7
248188646,02200213,18.7,20.9,0,0,inf,0,0,810.8,0,0,inf,1,6,348.1,0,0,inf,0,0,810.8,1,4,348.1
248188733,02200213,14.2,20.5,0,0,inf,0,1,783.8,0,0,inf,1,7,321.1,0,0,inf,0,1,783.8,1,5,321.1
248188734,02200213,13.3,19.9,0,0,inf,0,1,770.0,0,0,inf,1,8,307.4,0,0,inf,0,1,770.0,1,5,307.4
248188735,02200213,17.0,25.5,0,0,inf,0,0,804.1,0,0,inf,1,6,341.4,0,0,inf,0,0,804.1,1,4,341.4
248189466,02200213,27.2,20.9,0,0,inf,0,1,742.2,0,0,inf,0,7,557.1,0,0,inf,0,1,742.2,0,5,557.1
248194478,02200213,12.8,18.6,0,0,inf,0,1,740.7,0,0,inf,1,7,278.0,0,0,inf,0,1,740.7,1,4,278.0
248194479,02200213,13.5,18.7,0,0,inf,0,1,755.6,0,0,inf,1,8,292.9,0,0,inf,0,1,755.6,1,5,292.9
248194480,02200213,5.7,44.0,0,0,inf,0,0,804.1,0,0,inf,1,6,341.5,0,0,inf,0,0,804.1,1,4,341.5
248194481,02200213,15.2,38.2,0,0,inf,0,1,772.7,0,0,inf,1,6,310.0,0,0,inf,0,1,772.7,1,4,310.0
248194805,02200213,12.7,18.5,0,0,inf,0,3,724.2,0,0,inf,1,9,261.5,0,0,inf,0,3,724.2,1,6,261.5
248195865,02200212,28.0,24.5,0,0,inf,0,1,641.7,0,0,inf,3,9,118.5,0,0,inf,0,1,641.7,3,7,118.5
248195866,02200212,28.3,56.3,0,0,inf,0,1,672.2,0,0,inf,2,8,149.1,0,0,inf,0,1,672.2,2,6,149.1
248195867,02200212,23.6,75.9,0,0,inf,0,1,456.1,0,0,inf,1,6,349.7,0,0,inf,0,1,456.1,1,5,349.7
248199769,02200213,35.5,21.7,0,0,inf,0,3,682.2,0,0,inf,1,9,326.3,0,0,inf,0,3,682.2,1,7,326.3
248199774,02200213,41.0,20.3,0,0,inf,0,2,594.0,0,0,inf,0,6,411.6,0,0,inf,0,2,594.0,0,4,411.6
248199777,02200213,3.6,45.3,0,0,inf,0,2,619.0,0,0,inf,0,6,436.6,0,0,inf,0,2,619.0,0,4,436.6
248199779,02200213,13.5,47.2,0,0,inf,0,1,660.6,0,0,inf,1,7,357.0,0,0,inf,0,1,660.6,1,5,357.0
248199781,02200213,27.4,20.3,0,0,inf,0,3,675.3,0,0,inf,1,10,288.6,0,0,inf,0,3,675.3,1,7,288.6
248199783,02200213,21.0,22.3,0,0,inf,0,2,643.3,0,0,inf,2,8,324.7,0,0,inf,0,2,643.3,2,6,324.7
248199786,02200213,24.8,22.8,0,0,inf,0,2,596.5,0,0,inf,0,6,414.1,0,0,inf,0,2,596.5,0,4,414.1
248199788,02200213,3.8,64.1,0,0,inf,0,2,716.6,0,0,inf,1,6,376.5,0,0,inf,0,2,716.6,1,4,376.5
248199790,02200213,6.8,53.2,0,0,inf,0,2,676.5,0,0,inf,1,6,394.8,0,0,inf,0,2,676.5,1,4,394.8
248199791,02200213,42.6,22.2,0,0,inf,0,2,664.4,0,0,inf,1,9,345.0,0,0,inf,0,2,664.4,1,6,345.0
248204326,02200213,18.6,22.5,0,0,inf,0,1,559.8,0,0,inf,1,6,312.5,0,0,inf,0,1,559.8,1,4,312.5
248204327,02200213,7.7,40.5,0,0,inf,0,1,583.5,0,0,inf,1,6,336.1,0,0,inf,0,1,583.5,1,4,336.1
248204328,02200213,19.9,22.2,0,0,inf,0,1,628.5,0,0,inf,2,7,339.2,0,0,inf,0,1,628.5,2,5,339.2
248204330,02200213,20.0,20.3,0,0,inf,0,1,594.0,0,0,inf,2,6,346.6,0,0,inf,0,1,594.0,2,4,346.6
248204331,02200213,19.1,19.1,0,0,inf,0,1,610.8,0,0,inf,2,7,350.7,0,0,inf,0,1,610.8,2,5,350.7
248204332,02200213,40.1,30.7,0,0,inf,0,1,543.7,0,0,inf,1,6,296.3,0,0,inf,0,1,543.7,1,4,296.3
248204333,02200213,36.8,25.1,0,0,inf,0,3,676.5,0,0,inf,1,9,297.0,0,0,inf,0,3,676.5,1,7,297.0
248204334,02200213,20.5,17.8,0,0,inf,0,1,530.2,0,0,inf,1,8,167.0,0,0,inf,0,1,530.2,1,5,167.0
248204335,02200213,7.1,36.8,0,0,inf,0,1,622.9,0,0,inf,2,6,374.1,0,0,inf,0,1,622.9,2,4,374.1
248204336,02200213,17.1,14.5,0,0,inf,0,1,617.7,0,0,inf,2,8,193.8,0,0,inf,0,1,617.7,2,5,193.8
248204337,02200213,19.6,21.4,0,0,inf,0,2,649.9,0,0,inf,1,8,316.2,0,0,inf,0,2,649.9,1,6,316.2
248204338,02200213,40.4,18.7,0,0,inf,0,1,500.8,0,0,inf,1,7,198.1,0,0,inf,0,1,500.8,1,4,198.1
248204339,02200213,25.9,25.6,0,0,inf,0,1,523.4,0,0,inf,1,7,276.1,0,0,inf,0,1,523.4,1,4,276.1
248204340,02200213,24.7,20.9,0,0,inf,0,1,612.3,0,0,inf,2,9,188.4,0,0,inf,0,1,612.3,2,6,188.4
248204341,02200213,26.2,19.8,0,0,inf,0,2,682.8,0,0,inf,2,9,258.9,0,0,inf,0,2,682.8,2,6,258.9
248204342,02200213,23.9,21.8,0,0,inf,0,2,680.0,0,0,inf,2,8,221.4,0,0,inf,0,2,680.0,2,6,221.4
248204343,02200213,18.3,21.2,0,0,inf,0,1,576.5,0,0,inf,2,6,329.2,0,0,inf,0,1,576.5,2,4,329.2
248205473,02200213,16.5,18.1,0,0,inf,0,3,653.1,0,0,inf,1,9,306.4,0,0,inf,0,3,653.1,1,7,306.4
249468407,02500728,28.9,25.2,0,0,931.3,0,1,420.5,0,2,452.9,0,1,420.5,0,0,1913.5,0,1,420.5,0,1,420.5
249468409,02500728,40.5,30.6,0,0,877.2,1,1,319.9,0,3,570.0,1,2,319.9,0,0,1812.9,1,1,319.9,1,2,319.9
249468411,02500728,44.3,15.2,0,1,761.4,0,2,402.1,0,4,617.3,0,2,402.1,0,0,1731.0,0,2,402.1,0,3,402.1
249468413,02500728,29.4,18.5,0,0,962.0,1,1,297.1,0,3,461.0,1,2,297.1,0,0,1790.1,1,1,297.1,1,2,297.1
249468414,02500728,38.0,17.5,0,0,821.5,0,1,408.4,0,3,658.5,0,1,408.4,0,0,1791.0,0,1,408.4,0,2,408.4
249468415,02500728,39.1,31.4,0,1,761.9,0,2,402.6,0,4,686.9,0,2,402.6,0,0,1731.4,0,2,402.6,0,3,402.6
249468422,02500728,40.8,16.6,0,0,915.6,1,1,270.0,0,3,503.5,1,3,270.0,0,0,1763.0,1,1,270.0,1,3,270.0
249468424,02500728,28.8,25.1,0,0,899.3,0,1,452.3,0,2,484.7,0,1,452.3,0,0,1915.1,0,1,452.3,0,1,452.3
249468425,02500728,28.8,24.2,0,0,883.5,0,1,412.4,0,2,662.5,0,1,412.4,0,0,1853.0,0,1,412.4,0,1,412.4
249468426,02500728,28.9,23.0,0,0,864.7,0,1,482.5,0,2,514.9,0,1,482.5,0,0,1880.6,0,1,482.5,0,1,482.5
249468427,02500728,49.6,18.4,0,0,1000.7,1,1,335.8,0,3,422.0,1,1,335.8,0,0,1828.8,1,1,335.8,1,1,335.8
249468428,02500728,36.6,25.7,0,0,813.1,0,1,500.1,0,4,572.1,0,1,500.1,0,0,1828.9,0,1,500.1,0,2,500.1
251211646,02500832,5.8,38.9,0,1,628.1,0,2,628.1,2,5,197.3,0,4,590.9,0,0,1319.3,0,2,628.1,2,6,197.3
254911422,02200212,37.7,24.9,0,0,inf,0,1,615.9,0,0,inf,3,7,290.4,0,0,inf,0,1,615.9,2,5,310.9
254917119,02200213,32.8,19.0,0,0,inf,1,2,349.7,0,0,inf,2,7,343.4,0,0,inf,1,2,349.7,1,5,349.7
254917121,02200213,22.9,16.9,0,0,inf,0,2,428.0,0,0,inf,1,7,261.0,0,0,inf,0,2,428.0,0,5,428.0
254917122,02200213,18.8,19.0,0,0,inf,1,2,370.3,0,0,inf,2,7,322.9,0,0,inf,1,2,370.3,1,5,370.3
255288406,02500728,94.3,19.1,0,0,953.0,0,1,701.2,1,4,309.0,0,1,701.2,0,0,inf,0,1,701.2,0,1,701.2
255288407,02500729,62.7,15.2,0,0,804.0,0,0,804.0,1,3,336.4,0,0,804.0,0,0,inf,0,0,804.0,0,0,804.0
255290020,02500830,80.4,12.5,0,0,1155.2,1,2,359.7,0,5,417.3,1,5,359.7,0,0,1752.9,1,2,359.7,1,6,359.7
256501427,02500727,16.2,36.9,0,0,1503.6,0,2,446.6,0,6,446.6,0,2,446.6,0,0,inf,0,2,446.6,0,3,446.6
256501429,02500727,9.3,46.9,0,0,1420.3,0,2,578.0,0,6,464.5,0,2,578.0,0,0,inf,0,2,578.0,0,3,578.0
256737303,02100103,78.4,21.5,0,0,1389.9,0,1,537.6,0,0,inf,2,7,241.9,0,0,inf,0,1,537.6,2,5,241.9
256901580,02100106,6.6,98.2,0,0,inf,0,2,560.1,0,0,inf,0,5,542.3,0,0,inf,0,2,560.1,0,2,560.1
257071862,02500727,22.4,42.1,0,0,1508.8,0,2,451.8,0,6,451.8,0,2,451.8,0,0,inf,0,2,451.8,0,3,451.8
257071865,02500727,33.9,40.9,0,0,1287.7,0,2,622.8,0,7,478.3,0,2,622.8,0,0,inf,0,2,622.8,0,3,622.8
257071866,02500727,34.1,55.2,0,0,1382.0,0,2,515.3,0,4,515.3,0,3,515.3,0,0,inf,0,2,515.3,0,3,515.3
257071867,02500727,33.9,20.9,0,0,1347.7,0,2,481.0,0,6,481.0,0,3,481.0,0,0,inf,0,2,481.0,0,4,481.0
257071868,02500727,33.6,49.0,0,0,1332.3,0,2,667.4,0,6,522.9,0,2,667.4,0,0,inf,0,2,667.4,0,3,667.4
257071869,02500727,34.1,46.7,0,0,1391.2,0,2,489.2,0,6,489.2,0,3,489.2,0,0,inf,0,2,489.2,0,4,489.2
257071870,02500727,33.6,16.1,0,0,1372.8,0,2,446.3,0,6,446.3,0,3,446.3,0,0,inf,0,2,446.3,0,4,446.3
258837062,02300315,17.8,16.7,0,0,1836.0,1,2,170.0,0,0,inf,2,16,170.0,0,0,1836.0,1,2,170.0,1,9,170.0
259539014,02400520,102.2,56.3,0,0,918.2,0,0,1546.9,3,6,195.7,1,2,195.7,0,0,inf,0,0,918.2,3,6,195.7
261412274,02400522,51.7,27.3,0,0,1583.0,1,1,314.7,1,4,314.7,1,2,314.7,0,0,inf,1,1,314.7,1,3,314.7
261419767,02300314,5.2,8.8,0,0,1725.3,0,2,700.6,0,0,inf,2,11,209.9,0,0,1725.3,0,2,700.6,0,5,411.6
261590009,02200211,23.7,50.6,0,0,inf,1,1,228.5,0,0,inf,1,3,228.5,0,0,inf,1,1,228.5,1,2,228.5
261590010,02200211,14.1,21.1,0,0,inf,1,1,240.0,0,0,inf,1,5,240.0,0,0,inf,1,1,240.0,1,4,240.0
261590011,02200211,16.9,22.7,0,0,inf,1,1,348.6,0,0,inf,1,4,348.6,0,0,inf,1,1,348.6,1,3,348.6
261590013,02200211,22.3,57.3,0,0,inf,1,1,276.3,0,0,inf,1,3,276.3,0,0,inf,1,1,276.3,1,2,276.3
261590015,02200211,16.5,20.4,0,0,inf,1,1,297.9,0,0,inf,1,5,297.9,0,0,inf,1,1,297.9,1,4,297.9
264356381,02200208,31.5,22.5,0,0,1055.3,0,2,667.7,0,0,inf,1,7,398.1,0,0,1867.4,0,2,667.7,1,5,398.1
264358590,02200207,54.8,8.6,0,0,862.9,0,1,764.3,0,0,inf,1,6,269.6,0,0,inf,0,1,764.3,1,3,269.6
264358591,02200207,49.0,10.2,0,0,832.9,0,1,734.2,0,0,inf,1,6,239.9,0,0,inf,0,1,734.2,1,3,239.9
264361029,02200207,35.0,13.1,0,0,884.5,0,1,785.8,0,0,inf,1,6,287.2,0,0,inf,0,1,785.8,1,3,287.2
264361030,02200207,28.9,4.7,0,0,808.7,0,1,710.1,0,0,inf,1,6,217.3,0,0,inf,0,1,710.1,1,3,217.3
264361031,02200207,28.8,4.2,0,1,776.1,0,1,677.5,0,0,inf,1,7,184.3,0,0,inf,0,2,677.5,1,4,184.3
264361032,02200207,55.7,10.3,0,1,772.3,0,1,673.7,0,0,inf,1,7,180.5,0,0,inf,0,2,673.7,1,4,180.5
264361033,02200207,57.8,13.2,0,1,718.2,0,1,619.6,0,0,inf,1,7,185.7,0,0,inf,0,2,619.6,1,4,185.7
264361034,02200207,28.3,13.1,0,1,721.9,0,1,623.3,0,0,inf,1,7,189.3,0,0,inf,0,2,623.3,1,4,189.3
264361037,02200207,77.3,5.6,0,2,691.8,0,1,593.1,0,0,inf,1,9,74.1,0,0,inf,0,3,593.1,1,6,74.1
264361038,02200207,85.2,10.0,0,0,908.3,0,0,809.6,0,0,inf,1,6,304.4,0,0,inf,0,0,809.6,1,2,304.4
264571565,02400521,35.7,17.1,0,0,1405.7,0,0,1059.9,1,5,124.1,0,3,552.8,0,0,1928.0,0,0,1059.9,1,5,124.1
264571566,02400521,34.0,17.0,0,0,1428.4,0,0,1037.1,1,5,146.8,0,3,565.3,0,0,1905.2,0,0,1037.1,1,5,146.8
266891499,02200213,75.5,38.3,0,0,inf,0,1,735.9,0,0,inf,0,7,598.1,0,0,inf,0,1,735.9,0,5,598.1
267028342,02200210,14.4,15.7,0,0,inf,1,1,390.7,0,0,inf,2,8,272.7,0,0,inf,1,1,390.7,2,6,272.7
267028345,02200210,12.9,15.5,0,0,1942.2,1,1,363.1,0,0,inf,2,10,363.1,0,0,inf,1,1,363.1,2,8,363.1
267028346,02200210,5.2,25.8,0,0,1826.7,0,1,499.3,0,0,inf,2,10,295.0,0,0,inf,0,1,499.3,2,8,295.0
267028348,02200210,20.6,22.5,0,0,1988.1,0,1,560.0,0,0,inf,2,8,116.8,0,0,inf,0,1,560.0,2,6,116.8
267028349,02200210,13.3,16.4,0,0,inf,0,1,404.5,0,0,inf,1,8,260.2,0,0,inf,0,1,404.5,1,6,260.2
267028350,02200210,21.3,15.7,0,0,1929.8,1,1,376.0,0,0,inf,3,8,376.0,0,0,inf,1,1,376.0,3,6,376.0
267028351,02200210,26.6,17.3,0,0,1992.7,1,1,348.9,0,0,inf,2,10,317.6,0,0,inf,1,1,348.9,2,8,317.6
267028354,02200210,20.1,19.9,0,0,inf,0,1,527.2,0,0,inf,2,9,144.6,0,0,inf,0,1,527.2,2,7,144.6
267028355,02200210,17.1,20.2,0,0,inf,0,1,507.2,0,0,inf,2,9,165.2,0,0,inf,0,1,507.2,2,7,165.2
267028356,02200210,9.5,14.3,0,0,inf,1,1,376.1,0,0,inf,2,9,284.5,0,0,inf,1,1,376.1,2,7,284.5
267028357,02200210,17.0,19.9,0,0,inf,0,1,490.6,0,0,inf,1,8,181.1,0,0,inf,0,1,490.6,1,6,181.1
267028358,02200210,17.4,19.6,0,0,inf,0,1,473.3,0,0,inf,1,8,197.8,0,0,inf,0,1,473.3,1,6,197.8
267028359,02200210,17.2,20.9,0,0,inf,0,1,543.9,0,0,inf,2,8,129.8,0,0,inf,0,1,543.9,2,6,129.8
268868962,02200207,31.8,50.8,0,0,1092.7,0,2,569.3,0,0,inf,0,3,605.3,0,0,1400.2,0,2,569.3,0,4,569.3
268868964,02200207,39.1,48.7,0,0,1099.8,0,2,576.5,0,0,inf,0,3,612.4,0,0,1407.3,0,2,576.5,0,4,576.5
269571570,02400520,9.3,24.9,0,0,1630.7,0,0,1315.5,0,3,440.9,0,2,769.5,0,0,inf,0,0,1315.5,0,3,440.9
270228251,02400623,394.3,16.1,0,0,1206.7,1,2,289.6,0,0,869.6,1,6,289.6,0,0,1206.7,1,2,289.6,1,3,289.6
271427713,02500834,31.6,13.0,0,1,510.1,0,0,1280.9,0,2,507.6,0,3,507.6,0,1,510.1,0,1,510.1,0,4,507.6
271584996,02400623,224.1,20.0,0,0,1160.4,1,2,296.1,0,0,962.7,1,6,296.1,0,0,1160.4,1,2,296.1,1,5,296.1
271673151,02400623,40.0,14.0,0,0,989.7,0,2,501.6,0,0,923.4,0,6,455.0,0,0,989.7,0,2,501.6,0,3,501.6
272030155,02100101,58.7,52.4,0,2,451.4,0,2,477.9,0,0,inf,1,8,145.5,0,1,477.9,0,3,451.4,1,8,145.5
272030156,02100101,32.0,46.1,1,2,365.3,0,2,531.3,0,0,inf,2,8,306.0,0,1,635.7,1,3,365.3,2,8,306.0
272030158,02100101,96.2,25.6,1,2,341.2,0,2,514.4,0,0,inf,2,8,282.0,0,1,614.4,1,3,341.2,2,8,282.0
272030159,02100101,40.3,19.3,0,2,426.5,0,2,430.5,0,0,inf,1,9,98.0,0,1,430.5,0,3,426.5,1,9,98.0
272030161,02100101,25.2,55.5,1,2,354.5,1,2,354.5,0,0,inf,2,9,180.3,1,1,354.5,1,3,354.5,2,9,180.3
272243954,02500726,3.8,39.1,0,0,1408.0,0,0,948.5,0,3,574.2,0,0,948.5,0,0,inf,0,0,948.5,0,1,687.7
272353594,02400521,56.0,22.9,0,0,1429.7,0,2,467.7,0,0,854.1,0,4,467.7,0,0,1429.7,0,2,467.7,0,3,467.7
272506553,02400623,19.8,14.2,0,0,957.5,0,2,534.1,0,0,955.9,0,8,422.9,0,0,957.5,0,2,534.1,0,5,492.3
272564876,02500726,40.7,23.4,0,0,1392.3,0,0,932.8,0,3,558.5,0,0,932.8,0,0,inf,0,0,932.8,0,1,672.0
272694810,02400623,76.4,15.1,0,0,1034.9,0,1,547.1,0,0,1127.1,1,5,254.3,0,0,1034.9,0,1,547.1,0,3,547.1
272757774,02400521,51.0,13.8,0,0,1318.0,0,2,569.9,0,2,594.7,0,5,417.5,0,0,1318.0,0,2,569.9,0,4,569.9
272757776,02400521,20.5,14.3,0,0,1359.5,0,2,611.3,0,2,554.4,1,4,377.2,0,0,1359.5,0,2,611.3,0,4,554.4
272757777,02400521,16.3,14.1,0,0,1374.8,0,2,626.7,0,2,538.6,1,4,361.4,0,0,1374.8,0,2,626.7,0,4,538.6
272757778,02400521,53.1,16.6,0,0,1404.1,0,2,656.0,0,2,514.1,1,4,336.9,0,0,1404.1,0,2,656.0,0,4,514.1
272757779,02400521,13.4,13.8,0,0,1475.8,0,2,616.8,0,2,534.6,1,4,357.4,0,0,1475.8,0,2,616.8,0,4,534.6
272757780,02400521,13.9,21.8,0,0,1512.2,0,2,596.4,0,2,571.0,1,4,393.8,0,0,1512.2,0,2,596.4,0,4,571.0
272757781,02400521,26.6,21.1,0,0,1525.7,0,2,581.5,0,2,584.5,0,4,407.3,0,0,1525.7,0,2,581.5,0,4,581.5
272757783,02400521,11.5,24.9,0,0,1515.2,0,1,553.1,0,2,617.7,0,4,440.5,0,0,1515.2,0,1,553.1,0,4,553.1
272757784,02400521,38.0,27.7,0,0,1495.4,0,1,533.4,0,2,642.9,0,4,465.7,0,0,1495.4,0,1,533.4,0,4,533.4
272757785,02400521,21.7,23.7,0,0,1467.0,0,1,505.0,0,2,663.5,0,4,486.3,0,0,1467.0,0,1,505.0,0,4,505.0
272757786,02400521,12.6,24.3,0,0,1448.6,0,1,486.6,0,1,683.1,0,4,486.6,0,0,1448.6,0,1,486.6,0,3,486.6
272757787,02400521,11.4,21.4,0,0,1436.4,0,1,474.3,0,1,689.6,0,4,474.3,0,0,1436.4,0,1,474.3,0,3,474.3
272757789,02400521,42.7,16.8,0,0,1442.4,0,2,492.0,0,1,779.5,0,5,492.0,0,0,1442.4,0,2,492.0,0,4,492.0
272757790,02400521,28.6,16.1,0,0,1407.5,0,2,525.5,0,1,744.7,0,5,525.5,0,0,1407.5,0,2,525.5,0,4,525.5
272757791,02400521,9.7,15.6,0,0,1389.4,0,2,542.6,0,1,726.6,0,5,542.6,0,0,1389.4,0,2,542.6,0,4,542.6
272757792,02400521,10.9,16.5,0,0,1380.0,0,2,553.8,0,1,717.1,0,5,539.9,0,0,1380.0,0,2,553.8,0,4,553.8
272757793,02400521,61.7,17.1,0,0,1348.7,0,2,586.2,0,1,685.9,0,4,508.7,0,0,1348.7,0,2,586.2,0,3,586.2
272757794,02400521,40.3,43.2,0,0,1527.5,0,2,623.8,0,2,586.3,0,4,409.1,0,0,1527.5,0,2,623.8,0,4,586.3
273198033,02400623,14.7,14.2,0,0,940.8,0,2,550.8,0,0,972.6,0,8,406.2,0,0,940.8,0,2,550.8,0,5,475.7
273376264,02400623,46.8,15.1,0,0,920.8,0,2,563.6,0,0,994.4,1,7,389.4,0,0,920.8,0,2,563.6,0,5,455.6
273769810,02300314,31.6,15.6,0,0,1411.9,0,0,858.4,0,0,inf,2,12,174.5,0,0,1411.9,0,0,858.4,0,5,590.6
273895574,02400623,1.0,10.3,0,0,1062.5,1,2,374.3,0,0,954.2,2,6,358.6,0,0,1062.5,1,2,374.3,1,3,374.3
274193939,02400623,79.9,15.9,0,0,901.4,0,2,633.5,0,0,1066.2,2,7,377.2,0,0,901.4,0,2,633.5,1,5,385.6
274458858,02400623,15.3,19.6,0,0,1112.5,1,2,327.0,0,0,1009.9,2,5,327.0,0,0,1112.5,1,2,327.0,2,5,327.0
274458859,02400623,18.7,13.6,0,0,1150.0,1,2,329.6,0,0,996.2,1,5,329.6,0,0,1150.0,1,2,329.6,1,5,329.6
274851514,02400623,24.9,31.4,0,0,1256.5,0,1,436.0,0,0,1102.7,0,2,436.0,0,0,1256.5,0,1,436.0,0,2,436.0
274851515,02400623,9.1,22.7,0,0,1247.7,0,1,427.2,0,0,1093.9,0,2,427.2,0,0,1247.7,0,1,427.2,0,2,427.2
275712218,02400623,20.7,30.0,0,0,899.6,0,1,616.5,0,0,1078.7,1,5,298.7,0,0,1113.1,0,1,616.5,0,2,616.5
275986697,02400521,48.7,20.0,0,0,1443.1,0,0,1028.3,1,5,161.5,0,3,556.5,0,0,1896.4,0,0,1028.3,1,5,161.5
275988868,02400521,87.9,21.6,0,0,1500.5,0,0,974.1,1,4,218.8,0,2,502.3,0,0,1842.2,0,0,974.1,1,4,218.8
276739254,02200210,1.5,37.6,0,0,inf,1,1,283.5,0,0,inf,1,8,283.5,0,0,inf,1,1,283.5,1,6,283.5
276739257,02200210,4.2,42.6,0,0,inf,1,1,296.3,0,0,inf,1,8,296.3,0,0,inf,1,1,296.3,1,6,296.3
276739259,02200210,18.9,26.2,0,0,1856.8,0,1,470.1,0,0,inf,2,9,325.0,0,0,inf,0,1,470.1,2,7,325.0
279653689,02500831,2.7,35.5,0,0,950.3,1,1,154.8,0,5,448.4,1,4,154.8,0,0,1466.5,1,1,154.8,1,6,154.8
280306380,02400521,26.1,38.5,0,0,1597.8,0,0,1115.7,1,4,316.2,0,2,643.9,0,0,1983.8,0,0,1115.7,1,4,316.2
280306381,02400521,26.1,38.7,0,0,1627.8,0,0,1145.7,1,3,346.2,0,2,673.9,0,0,inf,0,0,1145.7,1,3,346.2
280306382,02400521,17.1,15.9,0,0,1611.8,0,0,1129.7,1,3,330.2,0,2,657.9,0,0,1997.8,0,0,1129.7,1,3,330.2
280306383,02400521,26.0,39.0,0,0,1653.7,0,0,1171.6,1,3,372.1,0,2,699.8,0,0,inf,0,0,1171.6,1,3,372.1
280306384,02400521,17.0,15.6,0,0,1581.8,0,0,1099.7,1,4,300.2,0,2,627.9,0,0,1967.8,0,0,1099.7,1,4,300.2
280306385,02400521,17.0,19.5,0,0,1634.1,0,0,1152.0,1,3,352.5,0,2,680.2,0,0,inf,0,0,1152.0,1,3,352.5
280306386,02400521,86.4,26.9,0,0,1593.4,0,0,891.8,1,4,311.8,0,2,420.0,0,0,1759.9,0,0,891.8,1,4,311.8
280459062,02200213,23.6,8.1,0,0,inf,0,2,530.7,0,0,inf,0,7,441.5,0,0,inf,0,2,530.7,0,4,441.5
281256375,02400625,1.2,4.6,0,1,555.8,0,2,555.8,0,1,555.8,2,8,137.3,0,0,1200.3,0,2,555.8,0,3,555.8
281572571,02500831,3.0,36.3,0,1,797.8,1,2,336.6,1,5,368.0,1,5,336.6,0,0,1401.1,1,2,336.6,2,7,336.6
281572572,02500831,5.1,36.2,0,0,867.5,1,1,360.6,1,6,344.2,1,4,360.6,0,0,1377.3,1,1,360.6,2,7,344.2
282854089,02400520,116.6,15.8,0,0,1882.4,0,0,845.1,1,3,142.0,1,3,142.0,0,0,1976.7,0,0,845.1,1,3,142.0
282854090,02400520,212.2,24.7,0,0,1721.4,0,0,847.7,2,4,307.0,2,4,307.0,0,0,inf,0,0,847.7,2,4,307.0
283352747,02500831,28.6,41.0,0,0,1027.0,1,2,231.5,0,5,551.0,1,5,231.5,0,0,1569.1,1,2,231.5,1,7,231.5
283736448,02500831,19.4,36.5,0,0,1074.2,1,1,291.3,1,6,392.0,2,5,291.3,0,0,1410.2,1,1,291.3,2,8,291.3
286165789,02400625,8.3,19.8,0,0,1140.4,0,1,761.5,0,2,741.5,1,7,310.6,0,0,1178.1,0,1,761.5,1,6,310.6
286744641,02400623,218.3,36.6,0,0,1159.3,1,2,396.8,0,1,738.1,1,3,396.8,0,0,1537.1,1,2,396.8,1,3,396.8
288224750,02400623,181.0,17.4,0,0,1145.5,1,1,260.5,0,0,840.4,2,4,260.5,0,0,1145.5,1,1,260.5,1,1,260.5
288224754,02400623,169.1,20.2,0,0,1072.3,1,2,385.6,0,0,847.7,1,5,385.6,0,0,1349.0,1,2,385.6,1,2,385.6
288224757,02400521,51.6,28.0,0,0,1377.3,1,2,237.6,0,2,653.2,1,5,237.6,0,0,1455.1,1,2,237.6,1,4,237.6
288230367,02400624,46.8,17.6,0,0,1461.2,1,2,304.2,1,4,304.2,1,4,304.2,0,0,1780.3,1,2,304.2,1,5,304.2
288230368,02400522,79.3,0.0,0,0,1449.4,1,1,181.2,3,7,181.2,1,2,181.2,0,0,inf,1,1,181.2,2,4,181.2
288230369,02400522,59.5,10.7,0,0,1486.3,1,2,218.0,2,6,218.0,1,3,218.0,0,0,inf,1,2,218.0,1,4,218.0
288230370,02400624,315.4,8.4,0,0,1149.9,1,1,224.7,3,10,224.7,2,5,224.7,0,0,1925.1,1,1,224.7,2,11,224.7
288230371,02400522,23.3,17.9,0,0,1452.5,1,1,184.3,3,7,184.3,1,2,184.3,0,0,inf,1,1,184.3,2,4,184.3
291640576,02500831,16.6,14.2,0,0,893.7,0,1,526.1,2,6,307.2,1,4,399.8,0,0,1237.8,0,1,526.1,2,7,307.2
291640577,02500831,33.7,18.7,0,0,805.6,0,1,588.0,1,4,282.3,0,4,465.3,0,0,1232.9,0,1,588.0,1,6,282.3
291640579,02500831,51.0,41.3,0,0,822.6,0,1,605.0,1,4,299.3,0,4,493.6,0,0,1261.2,0,1,605.0,1,6,299.3
291640580,02500831,51.4,42.9,0,0,806.0,0,1,588.4,1,4,282.6,0,4,513.4,0,0,1281.0,0,1,588.4,1,6,282.6
291640581,02500831,39.4,16.1,0,0,892.6,0,1,469.2,2,6,367.9,1,4,384.4,0,0,1228.2,0,1,469.2,2,7,367.9
291640582,02500831,47.8,15.9,0,0,878.1,0,1,545.0,1,6,291.7,0,5,418.7,0,0,1222.2,0,1,545.0,1,8,291.7
291640583,02500831,56.4,17.4,0,1,733.4,0,2,515.8,1,5,210.0,0,5,515.8,0,0,1302.6,0,2,515.8,1,7,210.0
291641913,02500831,37.2,24.8,0,1,770.5,0,2,434.5,1,6,247.1,0,5,434.5,0,0,1367.7,0,2,434.5,1,7,247.1
291641915,02500831,22.6,16.2,0,0,852.1,0,1,428.7,1,6,328.8,0,4,424.9,0,0,1268.7,0,1,428.7,1,7,328.8
291641918,02500831,51.2,16.2,0,0,830.6,0,1,407.2,1,6,307.3,0,4,407.2,0,0,1290.3,0,1,407.2,1,7,307.3
293244349,02400623,106.4,45.8,0,1,582.7,0,1,582.7,0,0,1425.1,1,6,203.3,0,0,876.3,0,1,582.7,0,3,569.7
293336193,02400625,2.4,65.1,0,0,1229.8,0,0,1229.8,0,0,978.9,0,1,750.1,0,0,1261.7,0,0,1229.8,0,0,901.3
293386107,02400623,56.2,52.0,0,2,786.2,0,1,788.7,0,0,1631.1,0,7,409.3,0,1,786.2,0,2,786.2,0,4,482.9
293386130,02400623,49.8,6.9,0,2,687.8,0,1,796.9,0,0,1588.6,0,7,407.7,0,1,687.8,0,2,687.8,0,4,407.7
293387145,02400623,38.4,70.0,0,0,804.2,0,0,806.6,0,0,1649.0,0,3,427.2,0,0,804.2,0,0,804.2,0,1,500.8
293394050,02300316,2.3,47.9,0,0,965.8,0,0,1056.9,0,0,1922.5,2,10,203.2,0,0,965.8,0,0,965.8,2,8,203.2
293412205,02100102,24.8,28.4,0,0,1389.8,0,0,803.2,0,0,inf,2,6,282.5,0,0,1936.9,0,0,803.2,2,6,282.5
293412206,02100102,25.8,29.3,0,0,1379.1,0,1,581.0,0,0,1840.2,2,5,356.8,0,0,1714.8,0,1,581.0,2,5,356.8
293412207,02100102,34.7,14.2,0,0,1362.5,0,1,564.4,0,0,1823.7,2,5,340.3,0,0,1698.2,0,1,564.4,2,5,340.3
293412208,02100102,22.1,14.6,0,0,1346.1,0,1,548.0,0,0,1807.2,2,5,323.8,0,0,1681.8,0,1,548.0,2,5,323.8
293412209,02100102,52.2,17.6,0,0,1329.1,0,1,531.0,0,0,1790.2,2,5,306.8,0,0,1664.7,0,1,531.0,2,5,306.8
293412210,02100102,51.5,21.1,0,0,1308.4,0,1,510.3,0,0,1769.6,2,5,286.2,0,0,1644.1,0,1,510.3,2,5,286.2
293414369,02100102,122.6,17.4,0,0,1040.7,1,3,242.6,0,0,1505.2,2,9,104.1,0,0,1376.3,1,3,242.6,2,9,104.1
293505809,02500836,40.3,24.3,0,1,650.3,0,0,inf,0,0,1483.4,2,8,77.6,0,0,1265.8,0,1,650.3,1,6,77.6
295381825,02200212,15.6,48.5,0,0,inf,0,2,487.5,0,0,inf,4,10,204.0,0,0,inf,0,2,487.5,3,8,204.0
295627678,02500727,40.1,33.0,0,0,1497.2,0,1,496.0,2,6,72.3,0,1,496.0,0,0,inf,0,1,496.0,1,3,312.3
295627679,02500727,35.6,12.3,0,0,1432.3,1,1,393.2,3,6,56.7,1,1,393.2,0,0,inf,1,1,393.2,2,3,247.4
295627681,02500727,32.5,19.2,0,0,1535.2,0,1,407.6,1,5,391.4,0,1,407.6,0,0,inf,0,1,407.6,0,2,407.6
295627682,02500831,190.0,17.3,0,0,848.0,1,1,203.1,0,6,433.6,1,4,203.1,0,0,1424.1,1,1,203.1,1,7,203.1
295627683,02500727,17.6,44.2,0,0,1528.6,0,1,527.4,2,6,103.7,0,1,527.4,0,0,inf,0,1,527.4,1,3,343.7
295627684,02500727,50.5,35.2,0,0,1595.6,0,1,475.6,2,5,220.1,0,1,475.6,0,0,inf,0,1,475.6,1,3,376.5
295627685,02500727,47.4,17.6,0,0,1429.0,0,2,678.7,0,7,427.4,0,2,678.7,0,0,inf,0,2,678.7,0,3,678.7
295627686,02500831,31.1,40.4,0,0,1062.6,1,2,267.1,0,6,514.1,1,6,267.1,0,0,1532.3,1,2,267.1,1,8,267.1
295627687,02500727,13.1,15.6,0,0,1502.0,0,1,512.4,3,6,88.8,0,1,512.4,0,0,inf,0,1,512.4,1,3,328.7
295627689,02500727,12.5,22.9,0,0,1483.6,0,1,545.4,3,6,121.8,0,1,545.4,0,0,inf,0,1,545.4,1,3,361.7
295627690,02500727,30.5,15.8,0,0,1583.4,0,1,463.3,2,6,207.8,0,1,463.3,0,0,inf,0,1,463.3,1,3,364.3
295627691,02500831,22.1,41.7,0,0,1089.4,1,1,306.5,0,6,407.3,1,5,306.5,0,0,1425.4,1,1,306.5,1,8,306.5
295627693,02500727,63.8,19.5,0,0,1506.2,1,1,386.2,3,5,130.7,1,1,386.2,0,0,inf,1,1,386.2,2,3,287.1
295627694,02500727,18.5,41.9,0,0,1636.1,1,1,367.8,1,4,367.8,1,1,367.8,0,0,inf,1,1,367.8,1,2,367.8
295627695,02500727,53.0,18.0,0,0,1446.4,0,1,445.2,2,6,21.5,0,1,445.2,0,0,inf,0,1,445.2,1,3,261.5
295627696,02500727,21.9,49.8,0,0,1539.8,0,1,543.1,2,6,119.4,0,1,543.1,0,0,inf,0,1,543.1,1,3,359.4
295627697,02500727,46.3,28.8,0,0,1544.1,0,1,513.8,1,5,304.5,0,1,513.8,0,0,inf,0,1,513.8,0,2,460.9
295627699,02500727,39.7,32.8,0,0,1606.9,0,1,505.3,1,5,249.8,0,1,505.3,0,0,inf,0,1,505.3,0,2,406.2
295627700,02500727,41.8,17.0,0,0,1484.0,0,1,766.2,2,6,338.6,0,1,766.2,0,0,inf,0,1,766.2,0,2,686.5
295627702,02500727,33.0,21.6,0,0,1494.5,0,1,493.3,3,6,69.6,0,1,493.3,0,0,inf,0,1,493.3,1,3,309.6
295627703,02500727,20.7,17.7,0,0,1531.1,0,1,411.1,2,5,155.6,0,1,411.1,0,0,inf,0,1,411.1,1,3,312.0
296269692,02500835,113.0,16.2,0,1,735.3,0,1,735.3,0,1,735.3,0,5,463.3,0,0,1698.1,0,1,735.3,0,1,735.3
296269694,02400623,44.8,21.1,0,1,583.9,0,0,1039.5,0,0,1410.9,1,7,190.9,0,1,583.9,0,1,583.9,1,4,190.9
299977142,02400522,72.7,17.5,0,0,1588.2,0,1,702.3,1,4,296.6,0,1,702.3,0,0,inf,0,1,702.3,1,3,296.6
300879449,02300418,67.9,19.7,0,0,inf,0,0,1028.1,0,0,inf,1,4,185.9,0,0,inf,0,0,1028.1,1,4,185.9
300910939,02100106,2.6,33.0,0,0,inf,0,2,523.7,0,0,inf,1,6,300.6,0,0,inf,0,2,523.7,0,4,523.7
300976551,02500832,45.2,21.7,0,1,567.0,0,0,982.1,0,4,534.4,1,4,199.2,0,1,567.0,0,1,567.0,1,6,199.2
300976552,02500832,20.1,19.3,0,1,594.1,0,0,950.2,0,4,561.4,1,4,226.2,0,1,594.1,0,1,594.1,1,6,226.2
301848108,02300315,19.1,6.5,0,0,1297.2,0,1,733.7,0,0,1942.0,3,11,98.3,0,0,1297.2,0,1,733.7,2,6,98.3
302154192,02400625,53.4,17.8,0,1,638.0,0,0,1075.5,0,0,1075.5,2,6,99.0,0,1,638.0,0,1,638.0,0,3,638.0
302503032,02500832,49.3,29.3,0,1,665.0,0,1,665.0,2,5,288.4,0,4,559.8,0,0,1087.5,0,1,665.0,2,6,288.4
302503036,02500832,69.4,17.4,0,1,648.7,0,1,648.7,1,5,222.9,0,3,648.7,0,0,1021.1,0,1,648.7,1,6,222.9
302920980,02500727,16.6,15.2,0,0,1422.3,0,1,591.3,2,5,167.6,0,1,591.3,0,0,inf,0,1,591.3,0,2,407.6
302920981,02500727,19.4,16.6,0,0,1406.4,0,1,610.2,2,5,186.5,0,1,610.2,0,0,inf,0,1,610.2,0,2,426.5
302920982,02500727,16.6,9.2,0,0,1385.2,0,1,646.7,2,5,223.0,0,1,646.7,0,0,inf,0,1,646.7,0,2,463.0
302920983,02500727,56.0,20.3,0,0,1357.1,0,1,666.8,2,5,243.1,0,1,666.8,0,0,inf,0,1,666.8,0,2,483.1
302920984,02500727,35.0,7.7,0,0,1316.6,0,1,716.6,2,5,225.3,0,1,716.6,0,0,inf,0,1,716.6,0,2,533.0
302920988,02500727,4.7,32.6,0,0,1507.7,0,1,540.7,3,6,117.1,0,1,540.7,0,0,inf,0,1,540.7,1,3,357.0
303035499,02500835,8.6,38.2,0,1,690.5,1,2,329.3,0,1,690.5,3,8,193.3,0,0,1600.7,1,2,329.3,2,5,193.3
303037288,02300419,43.8,21.0,0,0,1476.3,0,0,908.2,0,0,1476.3,1,5,371.9,0,0,inf,0,0,908.2,1,5,371.9
303128780,02200211,69.4,106.8,0,0,inf,0,0,990.0,0,0,inf,1,2,200.2,0,0,inf,0,0,990.0,1,2,200.2
303128781,02200211,2.3,21.6,0,0,inf,0,1,718.1,0,0,inf,2,6,89.0,0,0,inf,0,1,718.1,2,6,89.0
303128782,02200211,1.6,47.9,0,0,inf,0,1,774.2,0,0,inf,1,7,163.4,0,0,inf,0,1,774.2,1,6,163.4
303128783,02200211,34.1,73.3,0,0,inf,0,0,927.3,0,0,inf,2,4,274.9,0,0,inf,0,0,927.3,2,4,274.9
303128784,02200211,38.5,104.0,0,0,inf,0,0,986.0,0,0,inf,2,4,277.7,0,0,inf,0,0,986.0,2,4,277.7
303128785,02200211,42.4,106.8,0,0,inf,0,0,1052.6,0,0,inf,1,4,216.7,0,0,inf,0,0,1052.6,1,4,216.7
303128786,02200211,0.8,47.5,0,0,inf,0,1,794.5,0,0,inf,1,7,183.8,0,0,inf,0,1,794.5,1,6,183.8
303128787,02200211,3.4,55.5,0,0,inf,0,0,1031.5,0,0,inf,0,4,484.2,0,0,inf,0,0,1031.5,0,4,484.2
303128788,02200211,1.3,24.2,0,0,inf,0,0,887.3,0,0,inf,1,4,137.6,0,0,inf,0,0,887.3,1,4,137.6
303128789,02200211,9.1,73.3,0,0,inf,0,0,955.3,0,0,inf,2,4,247.0,0,0,inf,0,0,955.3,2,4,247.0
303128790,02200211,1.8,33.1,0,0,inf,0,1,776.0,0,0,inf,2,6,172.1,0,0,inf,0,1,776.0,2,6,172.1
303128791,02200211,34.3,73.4,0,0,inf,0,0,983.5,0,0,inf,2,4,218.8,0,0,inf,0,0,983.5,2,4,218.8
303128793,02200211,41.2,105.8,0,0,inf,0,0,918.9,0,0,inf,2,4,324.0,0,0,inf,0,0,918.9,2,4,324.0
303128794,02200211,5.9,47.5,0,0,inf,0,0,1033.1,0,0,inf,0,4,433.7,0,0,inf,0,0,1033.1,0,4,433.7
303128795,02200211,30.9,75.4,0,0,inf,0,0,1034.3,0,0,inf,1,5,172.1,0,0,inf,0,0,1034.3,1,5,172.1
303128797,02200211,21.2,105.3,0,0,inf,0,0,1096.1,0,0,inf,0,2,548.9,0,0,inf,0,0,1096.1,0,2,548.9
303128798,02200211,19.4,73.1,0,0,inf,0,1,799.2,0,0,inf,2,6,204.2,0,0,inf,0,1,799.2,2,6,204.2
303128799,02200211,21.0,108.8,0,0,inf,0,0,881.4,0,0,inf,2,4,286.4,0,0,inf,0,0,881.4,2,4,286.4
303128800,02200211,31.0,75.8,0,0,inf,0,0,895.5,0,0,inf,1,3,247.4,0,0,inf,0,0,895.5,1,3,247.4
303128801,02200211,41.0,59.0,0,0,inf,0,0,962.8,0,0,inf,1,4,131.8,0,0,inf,0,0,962.8,1,4,131.8
303128802,02200211,0.8,19.7,0,0,inf,0,0,914.5,0,0,inf,1,4,101.5,0,0,inf,0,0,914.5,1,4,101.5
303128803,02200211,51.5,60.9,0,0,inf,0,0,930.8,0,0,inf,1,4,167.6,0,0,inf,0,0,930.8,1,4,167.6
303128804,02200211,31.0,75.4,0,0,inf,0,0,897.6,0,0,inf,1,3,258.9,0,0,inf,0,0,897.6,1,3,258.9
303145397,02200211,27.1,24.4,0,0,inf,1,1,107.2,0,0,inf,1,5,107.2,0,0,inf,1,1,107.2,1,3,107.2
303145398,02200211,7.8,38.7,0,0,inf,0,2,499.4,0,0,inf,1,5,210.6,0,0,inf,0,2,499.4,0,4,499.4
303145399,02200211,6.4,36.9,0,0,inf,0,1,407.9,0,0,inf,0,4,407.9,0,0,inf,0,1,407.9,0,2,407.9
303145400,02200211,23.0,19.1,0,0,inf,0,1,405.8,0,0,inf,0,4,405.8,0,0,inf,0,1,405.8,0,2,405.8
303145401,02200211,4.0,82.9,0,0,inf,1,1,248.1,0,0,inf,1,3,248.1,0,0,inf,1,1,248.1,1,2,248.1
303145403,02200211,9.3,39.1,0,0,inf,0,2,563.6,0,0,inf,1,5,384.4,0,0,inf,0,2,563.6,0,4,556.3
303145404,02200211,6.6,35.5,0,0,inf,0,2,590.9,0,0,inf,1,5,349.9,0,0,inf,0,2,590.9,0,4,521.8
303145405,02200211,5.6,36.5,0,0,inf,1,2,314.0,0,0,inf,2,5,314.0,0,0,inf,1,2,314.0,1,3,314.0
303145406,02200211,16.9,49.7,0,0,inf,1,1,320.3,0,0,inf,1,5,320.3,0,0,inf,1,1,320.3,1,4,320.3
303145407,02200211,11.1,34.5,0,0,inf,0,1,430.6,0,0,inf,0,4,430.6,0,0,inf,0,1,430.6,0,2,430.6
303145408,02200211,9.0,35.3,0,0,inf,0,2,608.7,0,0,inf,1,5,331.6,0,0,inf,0,2,608.7,0,4,503.5
303145409,02200211,31.4,66.1,0,0,inf,0,2,562.9,0,0,inf,1,6,204.7,0,0,inf,0,2,562.9,0,5,562.9
303145410,02200211,9.2,34.7,0,0,inf,0,1,411.3,0,0,inf,0,4,411.3,0,0,inf,0,1,411.3,0,2,411.3
303145411,02200211,16.7,18.6,0,0,inf,0,2,567.9,0,0,inf,1,5,338.9,0,0,inf,0,2,567.9,0,4,510.8
303145412,02200211,9.7,50.0,0,0,inf,0,2,430.2,0,0,inf,1,4,302.3,0,0,inf,0,2,430.2,0,2,430.2
303145413,02200211,11.8,52.7,0,0,inf,1,1,362.3,0,0,inf,1,4,362.3,0,0,inf,1,1,362.3,1,3,362.3
303145414,02200211,8.6,19.9,0,0,inf,1,1,315.2,0,0,inf,1,5,315.2,0,0,inf,1,1,315.2,1,3,315.2
303145416,02200211,17.9,23.5,0,0,inf,0,2,490.1,0,0,inf,1,5,189.3,0,0,inf,0,2,490.1,0,4,490.1
303145422,02200211,22.6,22.3,0,0,inf,1,1,166.5,0,0,inf,1,4,166.5,0,0,inf,1,1,166.5,1,2,166.5
303145424,02200211,16.6,22.9,0,0,inf,1,2,305.5,0,0,inf,2,5,305.5,0,0,inf,1,2,305.5,1,3,305.5
303145428,02200211,12.6,46.4,0,0,inf,0,2,408.2,0,0,inf,1,4,317.1,0,0,inf,0,2,408.2,0,2,408.2
303145429,02200211,12.0,41.8,0,0,inf,1,2,385.4,0,0,inf,2,4,330.7,0,0,inf,1,2,385.4,1,2,385.4
303145430,02200211,10.7,35.9,0,0,inf,1,1,375.1,0,0,inf,1,4,375.1,0,0,inf,1,1,375.1,1,2,375.1
303145431,02200211,18.4,23.8,0,0,inf,0,2,509.0,0,0,inf,1,5,171.1,0,0,inf,0,2,509.0,0,4,509.0
303145432,02200211,22.8,50.6,0,0,inf,1,1,335.8,0,0,inf,1,4,335.8,0,0,inf,1,1,335.8,1,3,335.8
303145433,02200211,19.4,50.7,0,0,inf,1,1,247.5,0,0,inf,1,3,247.5,0,0,inf,1,1,247.5,1,2,247.5
303145434,02200211,11.9,39.2,0,0,inf,1,2,343.7,0,0,inf,2,4,343.7,0,0,inf,1,2,343.7,1,2,343.7
303145435,02200211,21.7,45.1,0,0,inf,0,2,552.4,0,0,inf,0,5,407.4,0,0,inf,0,2,552.4,0,4,552.4
303145437,02200211,21.3,51.7,0,0,inf,1,1,178.6,0,0,inf,1,4,178.6,0,0,inf,1,1,178.6,1,2,178.6
303145438,02200211,26.6,23.4,0,0,inf,1,1,371.4,0,0,inf,1,4,371.4,0,0,inf,1,1,371.4,1,3,371.4
303145440,02200211,9.7,55.4,0,0,inf,0,2,473.0,0,0,inf,1,5,270.3,0,0,inf,0,2,473.0,0,3,473.0
303145452,02200211,2.7,33.6,0,0,inf,1,1,232.6,0,0,inf,1,4,232.6,0,0,inf,1,1,232.6,1,2,232.6
303145457,02200211,4.3,22.2,0,0,inf,1,1,307.9,0,0,inf,1,5,307.9,0,0,inf,1,1,307.9,1,3,307.9
303145460,02200211,5.7,39.9,0,0,inf,0,2,531.4,0,0,inf,1,5,181.0,0,0,inf,0,2,531.4,0,4,531.4
303145461,02200211,0.5,41.9,0,0,inf,1,1,372.5,0,0,inf,1,4,372.5,0,0,inf,1,1,372.5,1,3,372.5
303145462,02200211,4.9,41.6,0,0,inf,0,1,403.1,0,0,inf,0,4,403.1,0,0,inf,0,1,403.1,0,2,403.1
303145464,02200211,9.4,40.4,0,0,inf,0,2,507.3,0,0,inf,1,6,149.1,0,0,inf,0,2,507.3,0,5,507.3
303145465,02200211,3.6,16.0,0,0,inf,1,1,330.7,0,0,inf,1,4,330.7,0,0,inf,1,1,330.7,1,2,330.7
303145468,02200211,14.1,16.0,0,0,inf,1,1,121.6,0,0,inf,1,5,121.6,0,0,inf,1,1,121.6,1,3,121.6
303145473,02200211,5.8,43.0,0,0,inf,1,2,364.1,0,0,inf,2,4,354.5,0,0,inf,1,2,364.1,1,2,364.1
303145479,02200211,19.0,19.0,0,0,inf,0,2,550.1,0,0,inf,1,5,357.6,0,0,inf,0,2,550.1,0,4,529.4
303145480,02200211,6.9,37.1,0,0,inf,0,2,454.3,0,0,inf,1,6,252.3,0,0,inf,0,2,454.3,0,4,454.3
303145481,02200211,17.2,22.5,0,0,inf,1,1,182.9,0,0,inf,1,4,182.9,0,0,inf,1,1,182.9,1,2,182.9
303145483,02200211,17.9,22.8,0,0,inf,1,1,219.6,0,0,inf,1,3,219.6,0,0,inf,1,1,219.6,1,2,219.6
303145484,02200211,6.8,38.0,0,0,inf,0,2,424.5,0,0,inf,1,5,284.0,0,0,inf,0,2,424.5,0,3,424.5
303145485,02200211,4.3,34.8,0,0,inf,1,1,318.6,0,0,inf,1,5,318.6,0,0,inf,1,1,318.6,1,4,318.6
303145486,02200211,7.8,27.0,0,0,inf,0,1,447.0,0,0,inf,0,4,447.0,0,0,inf,0,1,447.0,0,2,447.0
303145487,02200211,21.5,22.9,0,0,inf,1,1,202.4,0,0,inf,1,4,202.4,0,0,inf,1,1,202.4,1,2,202.4
303145488,02200211,7.6,38.2,0,0,inf,1,1,358.0,0,0,inf,1,4,358.0,0,0,inf,1,1,358.0,1,3,358.0
303145489,02200211,5.5,38.5,0,0,inf,1,1,170.0,0,0,inf,1,4,170.0,0,0,inf,1,1,170.0,1,2,170.0
303145490,02200211,16.8,55.0,0,0,inf,0,2,540.2,0,0,inf,1,5,202.3,0,0,inf,0,2,540.2,0,4,540.2
304339261,02500727,6.4,48.0,0,0,1557.5,1,2,347.8,1,6,347.8,1,3,347.8,0,0,inf,1,2,347.8,1,4,347.8
305213397,02100104,16.5,32.0,0,0,1657.8,0,2,623.8,0,0,1778.3,1,5,320.7,0,0,inf,0,2,623.8,1,5,320.7
305213414,02100104,31.0,24.3,0,0,1745.3,0,2,557.4,0,0,1868.2,1,6,215.4,0,0,inf,0,2,557.4,1,5,215.4
305213418,02100104,51.1,10.6,0,0,1599.7,0,2,569.9,0,0,1723.7,0,6,408.3,0,0,inf,0,2,569.9,0,5,408.3
305213420,02100104,41.4,17.1,0,0,1619.2,0,2,586.0,0,0,1739.7,1,5,329.4,0,0,inf,0,2,586.0,1,5,329.4
305213423,02100104,50.5,7.5,0,0,1565.6,0,3,535.8,0,0,1689.5,1,7,372.1,0,0,inf,0,3,535.8,1,6,372.1
305213425,02100104,49.8,11.1,0,0,1632.5,0,2,564.1,0,0,1756.5,1,6,376.6,0,0,inf,0,2,564.1,1,5,376.6
305213426,02100104,66.3,14.7,0,0,1515.1,0,3,485.3,0,0,1639.0,1,8,355.0,0,0,inf,0,3,485.3,1,8,355.0
305213428,02100104,39.3,26.9,0,0,1620.7,0,2,587.5,0,0,1741.2,1,5,347.6,0,0,inf,0,2,587.5,1,5,347.6
306900087,02100102,77.7,12.0,0,0,1105.4,0,1,552.8,0,0,1857.0,1,8,313.3,0,0,1676.1,0,1,552.8,1,7,313.3
310804258,02200209,17.3,17.0,0,0,1399.2,0,1,439.4,0,0,inf,1,10,267.6,0,0,inf,0,1,439.4,1,7,267.6
310804259,02200209,17.5,38.9,0,0,950.9,0,0,1005.0,0,0,inf,1,7,245.8,0,0,1883.1,0,0,950.9,0,4,401.1
310804260,02200209,6.1,34.8,0,0,898.1,0,0,952.2,0,0,inf,2,7,106.6,0,0,inf,0,0,898.1,0,3,451.9
310804261,02200209,4.8,29.7,0,0,986.4,0,0,887.7,0,0,inf,2,8,73.1,0,0,inf,0,0,887.7,0,3,419.9
310804262,02200209,18.6,44.3,0,0,1156.4,0,0,848.2,0,0,inf,2,9,212.6,0,0,1911.1,0,0,848.2,1,6,212.6
310804263,02200209,17.7,47.2,0,0,1002.0,0,0,897.0,0,0,inf,2,8,148.5,0,0,1630.6,0,0,897.0,2,5,148.5
310804264,02200209,9.9,64.5,0,0,913.0,0,0,961.4,0,0,inf,2,6,294.2,0,0,inf,0,0,913.0,0,3,542.1
310804265,02200209,12.1,44.5,0,0,1026.3,0,0,978.8,0,0,inf,3,8,93.0,0,0,inf,0,0,978.8,1,4,343.2
310804266,02200209,21.7,18.3,0,0,886.4,0,0,940.5,0,0,inf,2,7,85.3,0,0,1997.5,0,0,886.4,0,3,430.7
310804267,02200209,18.6,42.0,0,0,1047.1,0,0,963.4,0,0,inf,3,7,311.0,0,0,1793.1,0,0,963.4,2,4,311.0
310804268,02200209,19.1,44.5,0,0,1193.8,0,0,811.4,0,0,inf,3,9,175.8,0,0,1874.2,0,0,811.4,2,6,175.8
310804269,02200209,5.6,33.2,0,0,927.1,0,0,975.5,0,0,inf,2,7,74.5,0,0,inf,0,0,927.1,0,3,419.8
310804270,02200209,19.8,40.4,0,0,922.9,0,0,824.3,0,0,inf,2,9,108.3,0,0,inf,0,0,824.3,0,3,421.8
310804271,02200209,20.2,19.7,0,0,905.7,0,0,959.8,0,0,inf,2,7,68.9,0,0,inf,0,0,905.7,0,3,414.3
310804272,02200209,20.9,26.4,0,0,1115.5,0,0,914.5,0,0,inf,2,8,262.1,0,0,1744.1,0,0,914.5,2,5,262.1
310804273,02200209,20.1,41.4,0,0,1098.9,0,0,910.4,0,0,inf,3,8,258.1,0,0,1740.1,0,0,910.4,2,5,258.1
310804274,02200209,18.7,44.4,0,0,1182.5,0,0,822.5,0,0,inf,2,9,186.9,0,0,1885.4,0,0,822.5,1,6,186.9
310804276,02200209,16.7,46.5,0,0,877.8,0,0,931.9,0,0,inf,2,7,150.4,0,0,1988.9,0,0,877.8,0,3,495.8
310804277,02200209,19.2,42.5,0,0,958.1,0,0,1012.2,0,0,inf,1,7,253.0,0,0,1883.1,0,0,958.1,0,4,401.1
310804278,02200209,21.4,40.7,0,0,1129.9,0,0,928.8,0,0,inf,2,8,276.4,0,0,1758.5,0,0,928.8,2,5,276.4
310804279,02200209,20.2,45.8,0,0,913.1,0,0,967.2,0,0,inf,2,7,113.7,0,0,inf,0,0,913.1,0,3,459.1
310804280,02200209,11.9,27.2,0,0,1821.2,0,1,608.4,0,0,inf,0,5,608.4,0,0,inf,0,1,608.4,0,5,608.4
310804281,02200209,20.3,40.6,0,0,1036.8,0,0,970.9,0,0,inf,3,7,318.5,0,0,1800.5,0,0,970.9,2,4,318.5
310804282,02200209,18.9,46.1,0,0,895.4,0,0,949.5,0,0,inf,2,7,132.0,0,0,inf,0,0,895.4,0,3,477.3
310804283,02200209,18.8,42.3,0,0,940.5,0,0,994.7,0,0,inf,1,7,235.5,0,0,1900.4,0,0,940.5,0,4,418.3
310804284,02200209,20.7,41.6,0,0,1079.1,0,0,930.8,0,0,inf,3,8,278.4,0,0,1760.5,0,0,930.8,2,5,278.4
310804285,02200209,14.7,19.2,0,2,603.0,0,1,504.4,0,0,inf,1,10,191.1,0,0,inf,0,3,504.4,1,6,191.1
310804286,02200209,15.8,42.8,0,0,838.1,0,0,892.3,0,0,inf,2,7,182.5,0,0,1949.3,0,0,838.1,0,4,467.2
310804287,02200209,11.4,47.0,0,0,855.3,0,0,909.5,0,0,inf,2,6,173.8,0,0,1966.5,0,0,855.3,0,3,484.4
310804288,02200209,18.4,44.2,0,0,1145.4,0,0,859.1,0,0,inf,3,9,212.1,0,0,1921.9,0,0,859.1,1,6,223.5
310804289,02200209,16.4,44.1,0,0,1049.5,0,0,954.8,0,0,inf,3,8,116.2,0,0,inf,0,0,954.8,1,4,319.2
310804290,02200209,20.5,40.5,0,0,949.3,0,0,850.7,0,0,inf,2,8,131.9,0,0,inf,0,0,850.7,0,3,448.3
310804291,02200209,22.9,25.4,0,0,1786.3,0,1,573.5,0,0,inf,0,6,573.5,0,0,inf,0,1,573.5,0,5,573.5
310804293,02200209,23.9,20.9,0,0,801.7,0,0,855.9,0,0,inf,2,7,274.7,0,0,1912.9,0,0,801.7,0,4,430.9
310804295,02200209,10.4,70.0,0,0,906.9,0,0,961.0,0,0,inf,2,6,311.3,0,0,inf,0,0,906.9,0,3,536.0
310804296,02200209,20.8,40.9,0,0,1057.5,0,0,950.8,0,0,inf,3,7,298.4,0,0,1780.4,0,0,950.8,2,4,298.4
310804297,02200209,30.7,23.5,0,0,1756.1,0,1,543.4,0,0,inf,0,6,543.4,0,0,inf,0,1,543.4,0,5,543.4
310804298,02200209,20.9,44.2,0,0,1082.1,0,0,922.4,0,0,inf,3,8,148.9,0,0,1985.2,0,0,922.4,1,4,286.8
310804299,02200209,17.9,44.5,0,0,891.0,0,0,943.4,0,0,inf,2,6,276.2,0,0,inf,0,0,891.0,0,3,520.1
310804300,02200209,21.0,44.3,0,0,1108.5,0,0,896.2,0,0,inf,3,8,175.3,0,0,1959.0,0,0,896.2,1,4,260.6
310804301,02200209,20.9,44.3,0,0,1119.4,0,0,885.4,0,0,inf,3,9,186.2,0,0,1948.2,0,0,885.4,1,5,249.8
310804302,02200209,19.4,41.3,0,0,965.8,0,0,867.2,0,0,inf,2,8,117.0,0,0,inf,0,0,867.2,0,3,463.7
310804303,02200209,21.6,51.5,0,0,879.9,0,0,934.1,0,0,inf,2,6,301.2,0,0,1991.1,0,0,879.9,0,3,509.0
310804304,02200209,9.6,42.8,0,0,1011.9,0,0,1000.2,0,0,inf,3,6,306.9,0,0,1829.8,0,0,1000.2,2,3,347.8
310804308,02200209,5.1,58.0,0,0,938.1,0,0,839.5,0,0,inf,2,7,123.6,0,0,inf,0,0,839.5,0,3,437.1
310804309,02200209,9.2,41.2,0,1,743.7,0,1,645.1,0,0,inf,3,8,196.1,0,0,inf,0,2,645.1,1,5,242.7
310804311,02200209,17.5,18.6,0,0,989.6,0,0,974.1,0,0,inf,3,8,284.6,0,0,1803.8,0,0,974.1,2,5,321.7
310804313,02200209,9.0,41.0,0,1,723.7,0,1,625.0,0,0,inf,3,8,215.6,0,0,inf,0,2,625.0,1,5,222.6
310804314,02200209,6.6,38.1,0,0,914.5,0,0,907.1,0,0,inf,2,6,240.0,0,0,inf,0,0,907.1,0,3,504.7
310804315,02200209,0.8,39.1,0,0,1010.9,0,0,912.2,0,0,inf,2,6,245.0,0,0,inf,0,0,912.2,0,3,509.8
310804316,02200209,17.4,15.9,0,0,903.1,0,0,957.3,0,0,inf,2,7,198.0,0,0,1885.0,0,0,903.1,0,4,402.9
310804317,02200209,9.3,32.0,0,0,1003.0,0,0,904.4,0,0,inf,2,6,237.2,0,0,inf,0,0,904.4,0,3,502.0
310804320,02200209,17.3,15.6,0,0,1046.3,0,0,911.5,0,0,inf,3,8,259.2,0,0,1741.2,0,0,911.5,2,5,259.2
310804321,02200209,44.6,25.8,0,0,1015.8,0,0,917.1,0,0,inf,2,6,250.0,0,0,inf,0,0,917.1,0,3,514.7
310804322,02200209,7.5,36.2,0,0,1025.2,0,0,963.3,0,0,inf,3,8,91.9,0,0,inf,0,0,963.3,1,4,327.7
310804323,02200209,10.4,40.3,0,2,717.4,0,1,618.7,0,0,inf,3,9,216.3,0,0,inf,0,3,618.7,1,6,216.3
310804324,02200209,9.4,36.8,0,0,1094.3,0,0,893.3,0,0,inf,2,8,240.9,0,0,1722.9,0,0,893.3,2,5,240.9
310804325,02200209,9.2,54.7,0,0,923.6,0,0,931.1,0,0,inf,2,6,263.9,0,0,inf,0,0,923.6,0,3,528.7
310804326,02200209,18.2,15.6,0,0,1059.0,0,0,898.8,0,0,inf,3,8,246.4,0,0,1728.4,0,0,898.8,2,5,246.4
310804327,02200209,14.1,17.9,0,0,863.3,0,1,764.7,0,0,inf,3,8,97.5,0,0,inf,0,1,764.7,1,4,362.3
310804328,02200209,15.0,30.9,0,0,1859.4,0,1,646.7,0,0,inf,0,4,646.7,0,0,inf,0,1,646.7,0,4,646.7
310804329,02200209,14.8,46.1,0,0,1040.4,0,0,941.8,0,0,inf,1,6,274.6,0,0,inf,0,0,941.8,0,3,539.3
310804330,02200209,14.1,45.1,0,0,1022.2,0,0,923.6,0,0,inf,2,6,256.4,0,0,inf,0,0,923.6,0,3,521.2
310804331,02200209,8.6,40.9,0,0,897.7,0,0,929.4,0,0,inf,2,6,262.2,0,0,inf,0,0,897.7,0,3,526.9
310847469,02200209,9.3,48.1,0,0,1406.4,1,3,255.9,0,0,inf,3,9,201.2,0,0,inf,1,3,255.9,2,6,201.2
310847470,02200209,9.5,48.7,0,0,1381.7,1,3,281.7,0,0,inf,3,10,226.9,0,0,inf,1,3,281.7,2,7,226.9
310847471,02200209,7.5,37.4,0,0,1324.9,0,2,658.8,0,0,inf,2,10,165.6,0,0,inf,0,2,658.8,0,6,527.7
310847472,02200209,16.2,41.6,0,0,929.1,0,0,830.5,0,0,inf,2,7,283.7,0,0,inf,0,0,830.5,1,2,283.7
310847473,02200209,7.8,6.0,0,0,1430.1,0,2,579.6,0,0,inf,2,10,167.6,0,0,inf,0,2,579.6,0,6,524.8
310847474,02200209,7.7,38.2,0,0,1086.5,0,1,589.1,0,0,inf,2,7,193.2,0,0,inf,0,1,589.1,1,4,193.2
310847475,02200209,7.5,39.8,0,0,1111.3,0,0,877.2,0,0,inf,2,6,194.7,0,0,inf,0,0,877.2,0,2,487.1
310847476,02200209,8.6,13.1,0,0,1446.8,0,2,596.3,0,0,inf,2,8,184.3,0,0,inf,0,2,596.3,0,5,541.5
310847477,02200209,20.0,74.9,0,0,966.2,0,0,867.6,0,0,inf,1,6,320.8,0,0,inf,0,0,867.6,1,2,320.8
310847478,02200209,2.3,56.1,0,0,1444.5,1,2,233.8,0,0,inf,3,9,179.1,0,0,inf,1,2,233.8,2,5,179.1
310847479,02200209,8.9,19.3,0,0,1245.5,1,3,359.3,0,0,inf,3,10,245.3,0,0,inf,1,3,359.3,2,7,304.5
310847480,02200209,9.0,37.7,0,0,1091.4,0,0,892.8,0,0,inf,2,6,210.3,0,0,inf,0,0,892.8,0,2,467.2
310847481,02200209,7.1,35.8,0,0,1310.1,0,2,670.4,0,0,inf,2,10,150.8,0,0,inf,0,2,670.4,0,6,512.8
310847482,02200209,9.3,14.8,0,0,1450.9,0,2,600.4,0,0,inf,2,8,188.4,0,0,inf,0,2,600.4,0,5,545.6
310847483,02200209,4.5,36.9,0,0,1163.4,1,1,376.0,0,0,inf,3,7,103.3,0,0,inf,1,1,376.0,3,4,103.3
310847484,02200209,14.2,22.1,0,0,1144.4,1,1,365.4,0,0,inf,3,7,84.3,0,0,inf,1,1,365.4,3,4,84.3
310847485,02200209,6.8,36.7,0,0,1168.6,1,1,370.3,0,0,inf,3,7,108.6,0,0,inf,1,1,370.3,3,4,108.6
310847486,02200209,17.8,0.0,0,0,1118.2,0,1,480.9,0,0,inf,2,8,123.6,0,0,inf,0,1,480.9,1,4,123.6
310847487,02200209,9.5,47.9,0,0,958.3,0,0,859.7,0,0,inf,3,8,192.5,0,0,inf,0,0,859.7,0,3,457.2
310847488,02200209,8.2,28.9,0,0,1075.3,0,1,548.6,0,0,inf,2,8,234.3,0,0,inf,0,1,548.6,1,4,277.0
310847489,02200209,20.0,35.2,0,0,1352.1,1,2,212.5,0,0,inf,3,9,172.5,0,0,inf,1,2,212.5,3,5,172.5
310847490,02200209,15.8,21.6,0,0,1258.5,1,2,324.0,0,0,inf,3,8,198.5,0,0,inf,1,2,324.0,3,5,198.5
310847491,02200209,17.7,15.7,0,0,1190.3,0,1,440.2,0,0,inf,2,7,195.7,0,0,inf,0,1,440.2,1,4,195.7
310847492,02200209,24.8,19.2,0,0,1163.0,0,1,459.9,0,0,inf,2,7,56.7,0,0,inf,0,1,459.9,1,4,56.7
310847493,02200209,35.6,18.2,0,0,1135.9,0,1,432.9,0,0,inf,2,7,29.7,0,0,inf,0,1,432.9,1,4,29.7
310847494,02200209,12.3,14.8,0,0,958.8,0,0,860.2,0,0,inf,1,7,313.4,0,0,inf,0,0,860.2,1,2,313.4
310847495,02200209,19.0,23.7,0,0,1352.2,1,2,189.4,0,0,inf,3,10,149.4,0,0,inf,1,2,189.4,3,6,149.4
310847496,02200209,26.0,16.0,0,0,1157.1,0,1,473.9,0,0,inf,2,8,162.5,0,0,inf,0,1,473.9,1,4,162.5
310847497,02200209,21.2,19.4,0,0,1149.9,0,1,488.4,0,0,inf,3,8,288.2,0,0,inf,0,1,488.4,1,4,288.2
310847498,02200209,9.6,36.5,0,1,763.9,0,1,665.3,0,0,inf,1,8,118.5,0,0,inf,0,2,665.3,1,4,118.5
310847499,02200209,18.8,13.3,0,0,1272.1,1,1,353.6,0,0,inf,3,7,228.1,0,0,inf,1,1,353.6,3,4,228.1
310847500,02200209,18.1,9.4,0,0,1268.4,1,2,333.9,0,0,inf,3,8,208.4,0,0,inf,1,2,333.9,3,5,208.4
310847501,02200209,16.0,52.3,0,0,1191.7,0,1,488.7,0,0,inf,2,7,85.4,0,0,inf,0,1,488.7,1,4,85.4
310847502,02200209,18.0,15.7,0,0,1251.3,1,1,379.2,0,0,inf,3,7,253.7,0,0,inf,1,1,379.2,3,4,253.7
310847503,02200209,25.8,14.6,0,0,1155.5,0,1,472.8,0,0,inf,2,8,160.9,0,0,inf,0,1,472.8,1,4,160.9
310847504,02200209,10.3,36.6,0,1,746.3,0,1,647.7,0,0,inf,1,8,100.9,0,0,inf,0,2,647.7,1,4,100.9
310847505,02200209,21.8,16.0,0,0,1169.4,0,1,462.2,0,0,inf,2,8,262.0,0,0,inf,0,1,462.2,1,4,262.0
310847506,02200209,15.0,12.2,0,0,1199.9,0,1,431.7,0,0,inf,2,7,205.3,0,0,inf,0,1,431.7,1,4,205.3
310847507,02200209,17.9,11.7,0,0,936.2,0,0,837.6,0,0,inf,1,7,290.7,0,0,inf,0,0,837.6,1,2,290.7
310847508,02200209,21.8,25.2,0,0,1158.9,1,1,357.1,0,0,inf,3,7,98.8,0,0,inf,1,1,357.1,3,4,98.8
310847509,02200209,17.1,34.6,0,0,1095.5,0,1,539.8,0,0,inf,2,8,254.5,0,0,inf,0,1,539.8,1,4,297.2
310847510,02200209,21.6,69.6,0,0,1430.3,1,2,274.9,0,0,inf,3,8,220.1,0,0,inf,1,2,274.9,2,5,220.1
310847511,02200209,21.4,16.2,0,0,1138.0,0,1,493.5,0,0,inf,2,8,143.4,0,0,inf,0,1,493.5,1,4,143.4
310847512,02200209,25.0,40.6,0,0,1306.9,1,1,373.2,0,0,inf,3,7,247.7,0,0,inf,1,1,373.2,3,4,247.7
310847513,02200209,23.6,13.1,0,0,1226.5,1,1,398.7,0,0,inf,4,7,231.9,0,0,inf,1,1,398.7,3,4,231.9
310847514,02200209,28.4,43.8,0,0,1301.9,1,1,367.3,0,0,inf,3,7,241.8,0,0,inf,1,1,367.3,3,4,241.8
310847515,02200209,23.4,32.6,0,0,1181.0,1,1,349.8,0,0,inf,3,7,121.0,0,0,inf,1,1,349.8,3,4,121.0
310847516,02200209,21.1,18.5,0,0,1140.3,0,1,495.7,0,0,inf,2,8,145.8,0,0,inf,0,1,495.7,1,4,145.8
310847517,02200209,17.2,12.9,0,0,1185.7,0,1,447.3,0,0,inf,2,7,191.2,0,0,inf,0,1,447.3,1,4,191.2
310847518,02200209,21.3,24.3,0,0,1376.8,1,2,180.7,0,0,inf,5,10,126.0,0,0,inf,1,2,180.7,3,6,126.0
310847519,02200209,25.4,20.1,0,0,1469.6,0,2,479.4,0,0,inf,2,10,67.4,0,0,inf,0,2,479.4,0,6,424.6
310847520,02200209,32.1,65.7,0,0,1382.6,1,2,243.0,0,0,inf,3,9,203.0,0,0,inf,1,2,243.0,3,5,203.0
310847523,02200209,4.8,37.2,0,0,1188.9,0,1,492.0,0,0,inf,2,7,88.8,0,0,inf,0,1,492.0,1,4,88.8
310847533,02200209,5.0,63.4,0,0,1447.3,0,2,588.5,0,0,inf,2,8,176.4,0,0,inf,0,2,588.5,0,5,533.7
310847534,02200209,7.6,41.5,0,0,1357.5,0,2,634.4,0,0,inf,2,10,198.2,0,0,inf,0,2,634.4,0,6,560.3
310847536,02200209,5.4,47.8,0,0,998.5,0,0,899.9,0,0,inf,3,7,329.7,0,0,inf,0,0,899.9,1,2,353.0
310847537,02200209,7.1,40.6,0,0,1349.9,0,2,640.1,0,0,inf,2,10,190.6,0,0,inf,0,2,640.1,0,6,552.7
310847539,02200209,4.7,44.8,0,0,988.8,0,0,890.2,0,0,inf,3,8,223.0,0,0,inf,0,0,890.2,0,3,453.8
310847541,02200209,31.5,19.2,0,0,1161.8,0,1,482.9,0,0,inf,2,8,79.7,0,0,inf,0,1,482.9,1,4,79.7
310847543,02200209,3.1,27.0,0,0,1003.8,0,0,905.2,0,0,inf,1,6,358.4,0,0,inf,0,0,905.2,1,2,358.4
310847545,02200209,7.4,74.4,0,0,1379.1,0,2,678.7,0,0,inf,2,10,219.7,0,0,inf,0,2,678.7,0,6,581.8
310847546,02200209,3.4,30.4,0,0,1006.1,0,0,907.5,0,0,inf,1,6,360.7,0,0,inf,0,0,907.5,1,2,360.7
310847548,02200209,2.2,44.7,0,0,1376.2,1,2,207.5,0,0,inf,3,9,167.5,0,0,inf,1,2,207.5,3,5,167.5
310847549,02200209,13.4,48.2,0,0,877.1,0,1,778.4,0,0,inf,1,7,231.6,0,0,inf,0,1,778.4,1,3,231.6
310847550,02200209,6.2,49.2,0,0,1024.9,0,0,926.3,0,0,inf,1,6,379.4,0,0,inf,0,0,926.3,1,2,379.4
310847551,02200209,7.5,19.5,0,0,1236.4,1,3,368.6,0,0,inf,4,10,254.6,0,0,inf,1,3,368.6,2,7,313.8
310847552,02200209,8.9,7.2,0,0,1018.0,0,0,919.3,0,0,inf,1,6,372.5,0,0,inf,0,0,919.3,1,2,372.5
310847553,02200209,7.4,35.3,0,0,1167.7,0,1,464.6,0,0,inf,2,7,61.4,0,0,inf,0,1,464.6,1,4,61.4
310847554,02200209,7.4,19.3,0,0,1224.9,1,3,379.7,0,0,inf,4,10,265.7,0,0,inf,1,3,379.7,2,7,324.9
310847555,02200209,3.5,40.5,0,0,1363.9,1,3,283.2,0,0,inf,3,10,228.4,0,0,inf,1,3,283.2,2,7,228.4
310847557,02200209,3.3,32.9,0,1,760.4,0,1,661.8,0,0,inf,3,9,162.8,0,0,inf,0,2,661.8,1,6,259.4
310847558,02200209,5.8,65.3,0,0,1367.6,0,2,671.8,0,0,inf,2,10,208.3,0,0,inf,0,2,671.8,0,6,570.4
310847559,02200209,5.2,41.6,0,0,1358.5,1,2,218.9,0,0,inf,3,9,178.9,0,0,inf,1,2,218.9,3,5,178.9
310847560,02200209,8.5,20.6,0,0,1452.6,0,2,602.1,0,0,inf,2,8,190.0,0,0,inf,0,2,602.1,0,5,547.3
310847561,02200209,11.4,53.8,0,0,1155.0,0,1,518.8,0,0,inf,2,8,313.9,0,0,inf,0,1,518.8,1,4,352.1
310847562,02200209,14.4,42.2,0,0,983.1,0,0,884.5,0,0,inf,3,7,333.8,0,0,inf,0,0,884.5,1,2,337.7
310847563,02200209,5.9,34.2,0,0,919.4,0,0,820.8,0,0,inf,3,9,153.6,0,0,inf,0,0,820.8,0,4,418.4
310847564,02200209,10.2,45.5,0,0,1272.9,1,3,384.3,0,0,inf,3,10,270.3,0,0,inf,1,3,384.3,2,7,329.5
310847565,02200209,7.6,35.5,0,0,1186.8,0,1,483.7,0,0,inf,2,7,80.5,0,0,inf,0,1,483.7,1,4,80.5
310847566,02200209,4.3,23.0,0,0,1005.2,0,0,906.6,0,0,inf,1,6,359.7,0,0,inf,0,0,906.6,1,2,359.7
310847567,02200209,5.1,20.8,0,0,1043.3,0,0,944.7,0,0,inf,1,6,397.9,0,0,inf,0,0,944.7,1,2,397.9
310847568,02200209,3.9,40.1,0,0,1350.9,1,3,295.5,0,0,inf,3,10,235.2,0,0,inf,1,3,295.5,2,7,240.7
310847570,02200209,5.2,29.5,0,0,1029.7,0,0,931.1,0,0,inf,1,6,384.2,0,0,inf,0,0,931.1,1,2,384.2
310847571,02200209,6.6,36.9,0,0,978.4,0,0,879.8,0,0,inf,3,7,327.9,0,0,inf,0,0,879.8,1,2,333.0
310847572,02200209,17.6,56.0,0,0,1135.8,0,0,885.1,0,0,inf,2,6,202.6,0,0,inf,0,0,885.1,0,2,511.6
310847573,02200209,5.3,35.1,0,0,1302.1,0,2,677.0,0,0,inf,2,10,142.8,0,0,inf,0,2,677.0,0,6,504.9
310847574,02200209,16.7,50.2,0,0,991.5,0,0,892.9,0,0,inf,1,7,346.1,0,0,inf,0,0,892.9,1,2,346.1
310847575,02200209,8.1,36.2,0,0,937.3,0,0,838.6,0,0,inf,3,7,291.8,0,0,inf,0,0,838.6,1,2,291.8
310847576,02200209,14.5,34.6,0,0,1232.5,0,2,402.9,0,0,inf,3,8,288.9,0,0,inf,0,2,402.9,1,5,348.1
310847577,02200209,7.1,50.6,0,0,956.6,0,0,858.0,0,0,inf,3,7,311.2,0,0,inf,0,0,858.0,1,2,311.2
310847578,02200209,12.7,54.0,0,0,953.8,0,0,855.2,0,0,inf,3,8,188.0,0,0,inf,0,0,855.2,0,3,452.7
310847579,02200209,13.2,39.2,0,0,1245.4,1,2,399.0,0,0,inf,3,8,285.0,0,0,inf,1,2,399.0,2,5,344.2
310847580,02200209,11.6,52.1,0,0,1425.8,1,2,244.4,0,0,inf,3,9,189.7,0,0,inf,1,2,244.4,2,5,189.7
310847581,02200209,20.0,44.8,0,0,1045.0,0,0,946.4,0,0,inf,1,5,399.6,0,0,inf,0,0,946.4,1,2,399.6
310847582,02200209,7.6,39.8,0,0,1094.3,0,1,584.3,0,0,inf,2,8,188.4,0,0,inf,0,1,584.3,1,4,188.4
310847583,02200209,10.1,18.2,0,0,975.6,0,0,877.0,0,0,inf,3,8,293.3,0,0,inf,0,0,877.0,1,3,330.2
310847584,02200209,6.0,36.1,0,0,1287.7,0,2,693.4,0,0,inf,2,9,128.4,0,0,inf,0,2,693.4,0,5,490.4
310847585,02200209,7.7,32.6,0,0,1170.4,0,1,493.9,0,0,inf,2,8,175.8,0,0,inf,0,1,493.9,1,4,175.8
310847586,02200209,8.3,16.4,0,0,1473.6,0,2,623.0,0,0,inf,2,8,211.0,0,0,inf,0,2,623.0,0,5,568.3
310847587,02200209,7.2,36.8,0,0,962.2,0,0,863.5,0,0,inf,3,7,316.7,0,0,inf,0,0,863.5,1,2,316.7
310847588,02200209,16.1,35.5,0,0,1272.8,1,2,263.7,0,0,inf,3,8,212.8,0,0,inf,1,2,263.7,3,5,212.8
310847589,02200209,9.8,50.8,0,0,935.4,0,0,836.8,0,0,inf,3,9,169.6,0,0,inf,0,0,836.8,0,4,434.4
310895757,02200210,18.7,24.2,0,0,1846.3,0,1,699.3,0,0,inf,3,8,109.4,0,0,inf,0,1,699.3,3,6,109.4
310895758,02200210,18.6,22.5,0,0,1861.1,0,1,687.2,0,0,inf,3,8,91.4,0,0,inf,0,1,687.2,3,6,91.4
310895759,02200210,9.2,38.6,0,0,inf,0,1,401.1,0,0,inf,1,8,308.0,0,0,inf,0,1,401.1,1,6,308.0
310895760,02200210,8.7,32.5,0,0,inf,1,1,388.0,0,0,inf,2,8,308.9,0,0,inf,1,1,388.0,2,6,308.9
310895761,02200210,7.5,34.6,0,0,inf,0,1,484.3,0,0,inf,1,8,216.8,0,0,inf,0,1,484.3,1,6,216.8
310895763,02200210,18.8,25.3,0,0,1822.6,0,1,675.6,0,0,inf,3,9,135.5,0,0,inf,0,1,675.6,3,7,135.5
310895764,02200210,12.7,33.8,0,0,1647.9,0,2,687.8,0,0,inf,2,10,116.2,0,0,inf,0,2,687.8,2,8,116.2
310895765,02200210,18.5,41.2,0,0,1899.5,0,1,687.1,0,0,inf,3,8,140.5,0,0,inf,0,1,687.1,3,6,140.5
310895766,02200210,13.1,42.0,0,0,1927.9,1,2,341.8,0,0,inf,1,10,341.8,0,0,inf,1,2,341.8,1,8,341.8
310895767,02200210,11.6,43.8,0,0,1833.3,0,1,686.3,0,0,inf,3,8,161.7,0,0,inf,0,1,686.3,3,6,161.7
310895768,02200210,7.6,55.2,0,0,1861.0,0,1,523.8,0,0,inf,2,9,329.3,0,0,inf,0,1,523.8,2,7,329.3
310895769,02200210,7.9,33.0,0,0,inf,1,1,296.5,0,0,inf,1,8,296.5,0,0,inf,1,1,296.5,1,6,296.5
310895770,02200210,8.4,45.6,0,0,inf,1,1,312.6,0,0,inf,1,8,312.6,0,0,inf,1,1,312.6,1,6,312.6
310895771,02200210,14.9,41.1,0,0,inf,1,1,251.8,0,0,inf,1,7,251.8,0,0,inf,1,1,251.8,1,6,251.8
310895772,02200210,9.3,36.3,0,0,inf,1,2,108.0,0,0,inf,3,8,108.0,0,0,inf,1,2,108.0,2,7,108.0
310895773,02200210,13.6,15.8,0,0,1781.0,0,2,634.0,0,0,inf,2,11,249.3,0,0,inf,0,2,634.0,2,8,249.3
310895774,02200210,15.6,38.1,0,0,1867.5,0,1,706.2,0,0,inf,2,7,239.8,0,0,inf,0,1,706.2,1,6,239.8
310895775,02200210,8.8,36.4,0,0,inf,0,1,548.3,0,0,inf,2,8,156.3,0,0,inf,0,1,548.3,2,6,156.3
310895776,02200210,8.7,36.0,0,0,inf,0,2,730.6,0,0,inf,3,9,101.8,0,0,inf,0,2,730.6,2,7,101.8
310895777,02200210,13.7,15.8,0,0,1765.4,0,3,651.6,0,0,inf,2,11,266.8,0,0,inf,0,3,651.6,2,9,266.8
310895778,02200210,10.6,36.2,0,0,1745.4,0,2,488.3,0,0,inf,0,9,404.5,0,0,inf,0,2,488.3,0,8,404.5
310895779,02200210,9.8,39.8,0,0,1827.8,0,1,749.3,0,0,inf,2,8,282.9,0,0,inf,0,1,749.3,1,7,282.9
310895780,02200210,14.5,29.0,0,0,inf,1,1,321.7,0,0,inf,3,8,250.5,0,0,inf,1,1,321.7,2,6,321.7
310895782,02200210,16.4,40.1,0,0,1863.0,1,2,133.5,0,0,inf,2,8,133.5,0,0,inf,1,2,133.5,2,7,133.5
310895783,02200210,8.9,37.3,0,0,inf,0,1,537.1,0,0,inf,2,8,169.5,0,0,inf,0,1,537.1,2,6,169.5
310895784,02200210,14.9,36.9,0,0,1907.9,0,1,440.3,0,0,inf,2,8,376.2,0,0,inf,0,1,440.3,2,6,376.2
310895786,02200210,14.6,15.4,0,0,1762.2,0,1,615.2,0,0,inf,2,10,230.4,0,0,inf,0,1,615.2,2,7,230.4
310895787,02200210,9.8,34.0,0,0,inf,1,1,207.3,0,0,inf,2,8,207.3,0,0,inf,1,1,207.3,1,7,207.3
310895788,02200210,11.6,33.2,0,0,inf,1,1,225.6,0,0,inf,2,7,225.6,0,0,inf,1,1,225.6,1,6,225.6
310895789,02200210,44.0,24.6,0,0,1727.6,0,3,733.9,0,0,inf,2,10,352.6,0,0,inf,0,3,733.9,2,9,352.6
310895790,02200210,18.2,40.4,0,0,inf,1,1,205.3,0,0,inf,2,8,205.3,0,0,inf,1,1,205.3,1,7,205.3
310895791,02200210,34.6,26.8,0,0,1655.5,0,2,672.5,0,0,inf,2,10,123.8,0,0,inf,0,2,672.5,2,8,123.8
310895792,02200210,14.8,40.3,0,0,1865.9,0,1,489.1,0,0,inf,2,9,334.2,0,0,inf,0,1,489.1,2,7,334.2
310895793,02200210,33.0,44.1,0,0,1905.2,0,1,457.5,0,0,inf,2,8,373.5,0,0,inf,0,1,457.5,2,6,373.5
310895795,02200210,29.0,37.3,0,0,1497.5,1,2,115.5,0,0,inf,3,8,115.5,0,0,inf,1,2,115.5,2,4,115.5
310895796,02200210,28.7,22.0,0,0,1479.1,1,2,97.1,0,0,inf,3,8,97.1,0,0,inf,1,2,97.1,2,4,97.1
310895797,02200210,36.4,29.5,0,0,1673.3,0,3,593.5,0,0,inf,1,8,271.4,0,0,inf,0,3,593.5,1,7,271.4
310895798,02200210,13.1,38.3,0,0,1817.4,0,1,533.6,0,0,inf,2,10,285.6,0,0,inf,0,1,533.6,2,8,285.6
310895799,02200210,17.6,25.8,0,0,1799.6,0,1,526.3,0,0,inf,2,11,267.9,0,0,inf,0,1,526.3,2,8,267.9
310895800,02200210,5.0,39.8,0,0,1839.0,0,1,514.9,0,0,inf,2,9,307.3,0,0,inf,0,1,514.9,2,7,307.3
310895801,02200210,1.2,35.7,0,0,inf,0,1,635.4,0,0,inf,1,6,399.9,0,0,inf,0,1,635.4,1,5,399.9
310895802,02200210,1.8,26.2,0,0,1601.5,0,2,641.4,0,0,inf,3,11,69.8,0,0,inf,0,2,641.4,3,8,69.8
310895804,02200210,3.1,34.3,0,0,1953.1,1,1,389.9,0,0,inf,2,8,389.9,0,0,inf,1,1,389.9,2,6,389.9
310895806,02200210,1.9,29.7,0,0,inf,1,1,196.1,0,0,inf,2,8,196.1,0,0,inf,1,1,196.1,1,7,196.1
310895819,02200210,6.1,41.0,0,0,1921.2,0,1,435.2,0,0,inf,1,8,389.5,0,0,inf,0,1,435.2,1,6,389.5
310895830,02200210,11.3,36.1,0,0,1791.6,1,2,378.3,0,0,inf,1,9,378.3,0,0,inf,1,2,378.3,1,7,378.3
310895831,02200210,15.5,38.5,0,0,inf,1,1,260.4,0,0,inf,1,8,260.4,0,0,inf,1,1,260.4,1,6,260.4
310895834,02200210,23.2,44.9,0,0,inf,1,1,368.3,0,0,inf,3,8,297.2,0,0,inf,1,1,368.3,2,6,368.3
310895837,02200210,7.7,30.5,0,0,inf,1,1,197.8,0,0,inf,2,8,197.8,0,0,inf,1,1,197.8,1,7,197.8
310895838,02200210,11.9,32.2,0,0,1840.7,0,1,730.5,0,0,inf,0,7,524.3,0,0,inf,0,1,730.5,0,6,524.3
310895839,02200210,1.3,61.6,0,0,1980.9,1,2,181.6,0,0,inf,1,8,181.6,0,0,inf,1,2,181.6,1,7,181.6
310895841,02200210,7.3,37.0,0,0,inf,0,1,555.1,0,0,inf,2,8,150.9,0,0,inf,0,1,555.1,2,6,150.9
310895842,02200210,11.0,36.4,0,0,1876.6,1,2,293.8,0,0,inf,1,9,293.8,0,0,inf,1,2,293.8,1,7,293.8
310895843,02200210,7.4,49.5,0,0,1501.6,1,2,255.5,0,0,inf,2,8,255.5,0,0,inf,1,2,255.5,1,5,255.5
310895844,02200210,11.3,37.3,0,0,1806.0,1,2,366.3,0,0,inf,1,9,366.3,0,0,inf,1,2,366.3,1,7,366.3
310895845,02200210,1.3,44.4,0,0,1808.1,1,2,320.1,0,0,inf,1,11,320.1,0,0,inf,1,2,320.1,1,9,320.1
310895846,02200210,11.3,36.3,0,0,1841.7,1,2,328.7,0,0,inf,1,9,328.7,0,0,inf,1,2,328.7,1,7,328.7
310895847,02200210,8.0,36.4,0,0,1790.0,1,2,322.2,0,0,inf,2,11,322.2,0,0,inf,1,2,322.2,2,9,322.2
310895848,02200210,3.8,24.3,0,0,1662.2,0,3,582.5,0,0,inf,1,8,260.3,0,0,inf,0,3,582.5,1,7,260.3
310895850,02200210,0.9,50.1,0,0,1971.3,1,2,138.6,0,0,inf,2,9,138.6,0,0,inf,1,2,138.6,2,8,138.6
310895851,02200210,8.8,34.2,0,0,inf,0,1,419.4,0,0,inf,1,8,280.9,0,0,inf,0,1,419.4,1,6,280.9
310895852,02200210,4.9,61.2,0,0,1973.2,1,2,188.6,0,0,inf,1,8,188.6,0,0,inf,1,2,188.6,1,7,188.6
310895854,02200210,6.0,46.3,0,0,1862.8,0,1,504.3,0,0,inf,2,9,331.0,0,0,inf,0,1,504.3,2,7,331.0
310895855,02200210,11.5,36.1,0,0,1862.6,1,2,272.5,0,0,inf,1,8,272.5,0,0,inf,1,2,272.5,1,6,272.5
310895856,02200210,7.0,35.6,0,0,inf,0,1,564.7,0,0,inf,2,8,138.6,0,0,inf,0,1,564.7,2,6,138.6
310895858,02200210,9.3,33.9,0,0,inf,1,1,385.4,0,0,inf,2,9,314.4,0,0,inf,1,1,385.4,2,7,314.4
310895859,02200210,11.6,37.6,0,0,1832.3,1,2,340.5,0,0,inf,1,9,340.5,0,0,inf,1,2,340.5,1,7,340.5
310895860,02200210,3.8,37.8,0,0,1812.9,0,1,665.9,0,0,inf,2,10,170.1,0,0,inf,0,1,665.9,2,7,170.1
310895861,02200210,5.6,43.6,0,0,1915.8,1,2,210.7,0,0,inf,1,9,210.7,0,0,inf,1,2,210.7,1,8,210.7
310895862,02200210,12.7,41.5,0,0,1976.6,1,2,145.7,0,0,inf,2,9,145.7,0,0,inf,1,2,145.7,2,8,145.7
310895863,02200210,14.8,35.2,0,0,inf,0,1,413.2,0,0,inf,1,8,289.1,0,0,inf,0,1,413.2,1,6,289.1
310895864,02200210,11.7,35.8,0,0,1848.1,1,2,321.3,0,0,inf,1,9,321.3,0,0,inf,1,2,321.3,1,7,321.3
310895865,02200210,6.4,43.5,0,0,1938.7,0,1,422.6,0,0,inf,0,8,407.0,0,0,inf,0,1,422.6,0,6,407.0
310895866,02200210,11.6,36.3,0,0,1869.6,1,2,300.7,0,0,inf,1,9,300.7,0,0,inf,1,2,300.7,1,7,300.7
310895868,02200210,1.3,41.1,0,0,1747.6,0,2,432.2,0,0,inf,0,8,432.2,0,0,inf,0,2,432.2,0,7,432.2
310895872,02200210,10.4,32.8,0,0,inf,1,1,223.4,0,0,inf,2,7,223.4,0,0,inf,1,1,223.4,1,6,223.4
310895873,02200210,3.5,31.8,0,0,1679.9,1,2,364.7,0,0,inf,2,9,248.8,0,0,inf,1,2,364.7,2,6,248.8
310895874,02200210,8.6,36.2,0,0,inf,0,1,430.3,0,0,inf,2,8,291.5,0,0,inf,0,1,430.3,1,6,291.5
310895876,02200210,4.6,27.9,0,0,1889.9,1,2,303.7,0,0,inf,1,10,303.7,0,0,inf,1,2,303.7,1,8,303.7
310895878,02200210,8.9,36.3,0,0,1778.1,1,2,333.9,0,0,inf,2,10,333.9,0,0,inf,1,2,333.9,2,8,333.9
310895879,02200210,13.2,38.8,0,0,inf,1,1,272.2,0,0,inf,1,8,272.2,0,0,inf,1,1,272.2,1,6,272.2
310895882,02200210,1.5,65.1,0,0,inf,1,1,282.3,0,0,inf,1,7,282.3,0,0,inf,1,1,282.3,1,6,282.3
310895884,02200210,3.8,31.1,0,0,1734.1,0,2,425.9,0,0,inf,0,9,425.9,0,0,inf,0,2,425.9,0,7,425.9
310895885,02200210,14.5,37.8,0,0,1924.3,1,2,338.2,0,0,inf,1,10,338.2,0,0,inf,1,2,338.2,1,8,338.2
310895886,02200210,12.0,36.0,0,0,1856.5,1,2,266.4,0,0,inf,1,10,266.4,0,0,inf,1,2,266.4,1,7,266.4
310895889,02200210,14.8,38.2,0,0,1939.8,1,2,353.6,0,0,inf,1,10,353.6,0,0,inf,1,2,353.6,1,8,353.6
310895890,02200210,9.0,33.9,0,0,1936.0,0,1,406.2,0,0,inf,0,8,404.3,0,0,inf,0,1,406.2,0,6,404.3
310895892,02200210,7.4,37.0,0,0,inf,0,1,519.8,0,0,inf,1,8,186.1,0,0,inf,0,1,519.8,1,6,186.1
310895893,02200210,10.5,34.0,0,0,inf,0,1,421.0,0,0,inf,2,8,296.4,0,0,inf,0,1,421.0,1,6,296.4
310895894,02200210,10.4,35.4,0,0,1815.3,1,2,294.8,0,0,inf,1,10,294.8,0,0,inf,1,2,294.8,1,8,294.8
310895895,02200210,12.5,39.1,0,0,1757.3,1,2,360.2,0,0,inf,2,10,355.4,0,0,inf,1,2,360.2,2,8,355.4
310895897,02200210,8.8,41.1,0,0,1692.8,0,2,663.8,0,0,inf,2,10,161.1,0,0,inf,0,2,663.8,2,8,161.1
310895898,02200210,8.2,38.3,0,0,1883.1,1,2,318.8,0,0,inf,1,10,318.8,0,0,inf,1,2,318.8,1,8,318.8
310895899,02200210,12.7,25.0,0,0,1668.7,0,3,589.0,0,0,inf,1,8,266.9,0,0,inf,0,3,589.0,1,7,266.9
310895900,02200210,3.9,34.2,0,0,1893.6,1,2,307.5,0,0,inf,1,10,307.5,0,0,inf,1,2,307.5,1,8,307.5
310895901,02200210,59.0,57.2,0,0,1747.0,0,2,455.6,0,0,inf,1,8,339.7,0,0,inf,0,2,455.6,1,6,339.7
310895902,02200210,7.2,32.3,0,0,inf,1,1,291.6,0,0,inf,1,8,291.6,0,0,inf,1,1,291.6,1,6,291.6
310895903,02200210,12.5,35.9,0,0,inf,1,1,207.6,0,0,inf,2,8,207.6,0,0,inf,1,1,207.6,1,7,207.6
310895904,02200210,15.8,53.8,0,0,1806.4,1,2,340.6,0,0,inf,1,10,340.6,0,0,inf,1,2,340.6,1,8,340.6
310895905,02200210,7.3,36.0,0,0,inf,0,1,529.7,0,0,inf,1,8,174.3,0,0,inf,0,1,529.7,1,6,174.3
310895907,02200210,7.3,36.6,0,0,inf,0,1,503.1,0,0,inf,1,8,202.1,0,0,inf,0,1,503.1,1,6,202.1
310895908,02200210,12.8,44.8,0,0,1948.8,1,2,362.7,0,0,inf,1,10,362.7,0,0,inf,1,2,362.7,1,8,362.7
310895909,02200210,14.1,36.9,0,0,1809.6,1,2,303.5,0,0,inf,1,11,303.5,0,0,inf,1,2,303.5,1,9,303.5
310895910,02200210,7.4,35.7,0,0,inf,0,1,513.0,0,0,inf,1,8,190.3,0,0,inf,0,1,513.0,1,6,190.3
310895911,02200210,10.1,33.4,0,0,inf,0,1,418.1,0,0,inf,1,8,280.6,0,0,inf,0,1,418.1,1,6,280.6
310895912,02200210,19.6,44.5,0,0,inf,0,1,405.1,0,0,inf,2,8,333.4,0,0,inf,0,1,405.1,1,6,333.4
310895913,02200210,12.7,12.4,0,0,1440.1,0,2,459.8,0,0,inf,3,10,183.0,0,0,inf,0,2,459.8,3,7,183.0
310895914,02200210,13.8,38.8,0,0,inf,1,1,295.0,0,0,inf,1,8,295.0,0,0,inf,1,1,295.0,1,6,295.0
310895915,02200210,22.9,44.9,0,0,inf,1,1,353.3,0,0,inf,3,7,282.2,0,0,inf,1,1,353.3,2,5,353.3
310895916,02200210,6.0,30.8,0,0,1926.1,0,1,409.9,0,0,inf,1,8,394.4,0,0,inf,0,1,409.9,1,6,394.4
310895917,02200210,9.8,46.7,0,0,1796.9,0,1,570.8,0,0,inf,2,10,265.2,0,0,inf,0,1,570.8,2,7,265.2
310895918,02200210,13.0,38.8,0,0,1780.6,1,2,336.4,0,0,inf,2,10,336.4,0,0,inf,1,2,336.4,2,8,336.4
310895919,02200210,12.4,39.5,0,0,1914.2,1,2,204.2,0,0,inf,1,9,204.2,0,0,inf,1,2,204.2,1,8,204.2
310895920,02200210,12.5,41.1,0,0,1612.7,0,2,632.4,0,0,inf,2,10,319.6,0,0,inf,0,2,632.4,2,7,319.6
310895921,02200210,12.8,26.8,0,0,1639.3,0,3,659.0,0,0,inf,2,10,346.2,0,0,inf,0,3,659.0,2,8,346.2
310895922,02200210,11.7,36.0,0,0,1784.2,1,2,385.5,0,0,inf,1,9,385.5,0,0,inf,1,2,385.5,1,7,385.5
310895923,02200210,25.9,38.2,0,0,1838.3,0,1,512.6,0,0,inf,2,9,306.5,0,0,inf,0,1,512.6,2,7,306.5
310895925,02200210,14.2,10.4,0,0,1475.2,0,2,495.0,0,0,inf,2,10,217.6,0,0,inf,0,2,495.0,2,7,217.6
310895926,02200210,14.1,39.4,0,0,1743.5,1,3,374.7,0,0,inf,2,11,341.6,0,0,inf,1,3,374.7,2,9,341.6
310895927,02200210,14.2,30.8,0,0,1562.4,0,2,582.1,0,0,inf,2,10,269.3,0,0,inf,0,2,582.1,2,7,269.3
310895928,02200210,14.1,10.6,0,0,1460.6,0,2,480.4,0,0,inf,2,10,203.6,0,0,inf,0,2,480.4,2,7,203.6
310895929,02200210,17.0,17.6,0,0,1803.9,1,2,270.6,0,0,inf,1,11,270.6,0,0,inf,1,2,270.6,1,9,270.6
310895930,02200210,9.8,33.9,0,0,inf,1,1,206.2,0,0,inf,2,8,206.2,0,0,inf,1,1,206.2,1,7,206.2
310895931,02200210,13.2,36.8,0,0,1785.9,1,2,327.1,0,0,inf,2,11,327.1,0,0,inf,1,2,327.1,2,9,327.1
310895932,02200210,12.6,36.7,0,0,1912.2,1,2,326.1,0,0,inf,1,10,326.1,0,0,inf,1,2,326.1,1,8,326.1
310895933,02200210,12.5,42.3,0,0,1650.9,0,2,670.6,0,0,inf,2,9,357.8,0,0,inf,0,2,670.6,2,7,357.8
310895934,02200210,6.7,39.8,0,0,1695.5,1,2,380.3,0,0,inf,2,9,264.4,0,0,inf,1,2,380.3,2,6,264.4
310895935,02200210,3.0,55.2,0,0,1895.0,0,1,748.0,0,0,inf,2,6,363.3,0,0,inf,0,1,748.0,2,5,363.3
310895936,02200210,12.6,57.8,0,0,1662.4,0,1,682.2,0,0,inf,1,8,369.4,0,0,inf,0,1,682.2,1,6,369.4
310895937,02200210,17.1,57.6,0,0,1988.0,1,2,155.4,0,0,inf,2,9,155.4,0,0,inf,1,2,155.4,2,8,155.4
310895938,02200210,2.2,53.4,0,0,1953.6,0,1,427.6,0,0,inf,0,8,421.9,0,0,inf,0,1,427.6,0,6,421.9
310895939,02200210,12.6,46.5,0,0,1688.0,0,2,679.5,0,0,inf,2,10,156.3,0,0,inf,0,2,679.5,2,8,156.3
310895940,02200210,12.4,49.5,0,0,1651.3,0,2,691.2,0,0,inf,2,10,119.6,0,0,inf,0,2,691.2,2,8,119.6
310895941,02200210,13.8,20.5,0,0,1742.5,0,3,660.2,0,0,inf,1,9,387.7,0,0,inf,0,3,660.2,1,8,387.7
310895942,02200210,23.5,45.1,0,0,inf,1,1,390.8,0,0,inf,3,8,319.7,0,0,inf,1,1,390.8,2,6,348.8
310895943,02200210,7.5,35.4,0,0,inf,0,1,496.4,0,0,inf,1,8,206.5,0,0,inf,0,1,496.4,1,6,206.5
310895944,02200210,8.5,49.4,0,0,inf,1,1,227.1,0,0,inf,2,7,227.1,0,0,inf,1,1,227.1,1,6,227.1
310895945,02200210,8.3,46.7,0,0,1955.0,0,1,412.7,0,0,inf,0,8,412.7,0,0,inf,0,1,412.7,0,6,412.7
310895946,02200210,9.7,25.9,0,0,1779.7,0,1,546.4,0,0,inf,2,10,248.0,0,0,inf,0,1,546.4,2,7,248.0
310895947,02200210,6.8,48.0,0,0,inf,1,1,237.3,0,0,inf,2,7,237.3,0,0,inf,1,1,237.3,1,6,237.3
310895948,02200210,12.3,32.2,0,0,inf,1,1,216.1,0,0,inf,2,8,216.1,0,0,inf,1,1,216.1,1,7,216.1
310895949,02200210,18.6,22.2,0,0,1881.3,0,1,666.3,0,0,inf,3,8,70.5,0,0,inf,0,1,666.3,3,6,70.5
310895950,02200210,4.7,29.3,0,0,inf,1,1,233.5,0,0,inf,2,7,233.5,0,0,inf,1,1,233.5,1,6,233.5
310895951,02200210,4.8,52.8,0,0,1945.6,1,2,359.4,0,0,inf,1,10,359.4,0,0,inf,1,2,359.4,1,8,359.4
310895952,02200210,9.2,31.2,0,0,1757.9,0,2,402.3,0,0,inf,0,9,402.3,0,0,inf,0,2,402.3,0,7,402.3
310895953,02200210,5.6,29.3,0,0,1954.2,1,2,121.5,0,0,inf,2,9,121.5,0,0,inf,1,2,121.5,2,8,121.5
310895954,02200210,8.4,33.1,0,0,inf,1,1,270.6,0,0,inf,1,8,270.6,0,0,inf,1,1,270.6,1,6,270.6
310964723,02200208,15.8,19.2,0,0,960.8,0,1,444.8,0,0,inf,0,4,444.8,0,0,1644.4,0,1,444.8,0,4,444.8
310964724,02200208,5.9,31.3,0,0,880.3,0,2,647.9,0,0,inf,2,8,234.9,0,0,inf,0,2,647.9,2,5,234.9
310964725,02200208,7.2,66.5,0,0,1292.0,0,2,696.3,0,0,inf,1,7,359.4,0,0,1975.7,0,2,696.3,1,5,359.4
310964726,02200208,13.6,30.3,0,0,1111.4,0,3,536.3,0,0,inf,1,10,315.8,0,0,1795.1,0,3,536.3,1,7,315.8
310964727,02200208,8.3,41.0,0,0,1277.1,0,2,714.8,0,0,inf,1,7,377.9,0,0,1960.8,0,2,714.8,1,5,377.9
310964729,02200208,11.5,38.8,0,0,1247.2,0,2,731.2,0,0,inf,0,7,403.6,0,0,1930.9,0,2,731.2,0,5,403.6
310964730,02200208,11.0,36.6,0,0,1136.5,0,1,613.4,0,0,inf,1,5,276.6,0,0,inf,0,1,613.4,1,4,276.6
310964731,02200208,16.7,24.4,0,0,1091.7,0,2,635.2,0,0,inf,0,6,434.5,0,0,1834.8,0,2,635.2,0,5,434.5
310964732,02200208,15.2,32.7,0,0,1067.4,0,2,674.8,0,0,inf,1,7,337.9,0,0,1948.9,0,2,674.8,1,5,337.9
310964733,02200208,11.2,39.3,0,0,1127.1,0,1,628.3,0,0,inf,1,5,291.5,0,0,inf,0,1,628.3,1,4,291.5
310964734,02200208,10.0,41.9,0,0,1148.1,0,1,523.0,0,0,inf,1,7,186.2,0,0,inf,0,1,523.0,1,4,186.2
310964735,02200208,9.3,35.4,0,0,1122.6,0,1,639.8,0,0,inf,1,5,287.2,0,0,inf,0,1,639.8,1,4,287.2
310964736,02200208,10.8,41.8,0,0,1172.2,0,1,547.1,0,0,inf,1,7,210.2,0,0,inf,0,1,547.1,1,4,210.2
310964737,02200208,10.1,38.0,0,0,1175.7,0,1,550.6,0,0,inf,1,7,213.8,0,0,inf,0,1,550.6,1,4,213.8
310964738,02200208,14.4,40.5,0,0,1103.3,0,3,528.3,0,0,inf,1,10,344.2,0,0,1787.0,0,3,528.3,1,7,344.2
310964739,02200208,12.9,36.5,0,0,1157.2,0,1,607.3,0,0,inf,1,5,254.7,0,0,inf,0,1,607.3,1,4,254.7
310964740,02200208,9.8,40.1,0,0,1185.0,0,1,572.2,0,0,inf,1,6,235.3,0,0,inf,0,1,572.2,1,4,235.3
310964741,02200208,11.7,42.5,0,0,1178.7,0,1,595.1,0,0,inf,1,5,242.5,0,0,inf,0,1,595.1,1,4,242.5
310964742,02200208,42.6,25.2,0,0,1115.2,0,2,613.2,0,0,inf,0,5,458.1,0,0,1812.8,0,2,613.2,0,5,458.1
310964743,02200208,31.2,78.8,0,0,1152.0,0,2,576.9,0,0,inf,0,6,572.6,0,0,1835.7,0,2,576.9,0,4,572.6
310964747,02200208,5.7,40.7,0,0,1241.3,0,2,725.4,0,0,inf,0,6,413.3,0,0,1925.0,0,2,725.4,0,5,413.3
310964751,02200208,4.5,65.5,0,0,1281.0,0,2,685.3,0,0,inf,1,8,348.5,0,0,1964.7,0,2,685.3,1,5,348.5
310964752,02200208,6.3,39.4,0,0,1251.4,0,2,735.5,0,0,inf,0,7,400.5,0,0,1935.1,0,2,735.5,0,5,400.5
310964753,02200208,3.6,47.0,0,0,1122.2,0,1,663.4,0,0,inf,1,5,310.8,0,0,inf,0,1,663.4,1,4,310.8
310964755,02200208,9.4,75.7,0,0,1287.6,0,2,771.7,0,0,inf,0,6,436.9,0,0,1971.3,0,2,771.7,0,5,436.9
310964757,02200208,13.0,56.9,0,0,1204.6,0,1,586.1,0,0,inf,1,6,249.3,0,0,inf,0,1,586.1,1,4,249.3
310964758,02200208,5.4,31.3,0,0,1175.1,0,2,659.1,0,0,inf,0,5,460.7,0,0,1858.8,0,2,659.1,0,5,460.7
310964760,02200208,9.7,39.4,0,0,1088.3,0,1,572.3,0,0,inf,0,5,572.3,0,0,1771.9,0,1,572.3,0,3,572.3
310964762,02200208,9.2,37.9,0,0,1210.2,0,2,694.2,0,0,inf,0,6,438.8,0,0,1893.9,0,2,694.2,0,5,438.8
310964763,02200208,13.0,57.7,0,0,1198.6,0,1,573.5,0,0,inf,1,6,236.7,0,0,inf,0,1,573.5,1,4,236.7
310964764,02200208,11.7,50.1,0,0,980.4,0,1,585.4,0,0,inf,2,8,228.4,0,0,inf,0,1,585.4,2,4,228.4
310964765,02200208,12.0,38.8,0,0,1152.0,0,1,617.3,0,0,inf,1,5,264.6,0,0,inf,0,1,617.3,1,4,264.6
310964766,02200208,10.9,53.7,0,0,951.0,0,1,621.9,0,0,inf,2,7,264.9,0,0,inf,0,1,621.9,2,4,264.9
310964768,02200208,6.3,42.7,0,0,1119.0,0,2,561.6,0,0,inf,0,6,557.3,0,0,1802.7,0,2,561.6,0,4,557.3
310964772,02200208,5.4,42.6,0,0,1090.2,0,2,671.8,0,0,inf,1,6,335.0,0,0,1971.7,0,2,671.8,1,5,335.0
310964774,02200208,15.1,59.2,0,0,1185.5,0,1,560.4,0,0,inf,1,6,223.6,0,0,inf,0,1,560.4,1,4,223.6
310964776,02200208,14.7,55.1,0,0,1162.2,0,1,639.6,0,0,inf,1,5,286.9,0,0,inf,0,1,639.6,1,4,286.9
310964779,02200208,3.3,40.2,0,0,1282.9,0,2,707.4,0,0,inf,1,7,370.5,0,0,1966.6,0,2,707.4,1,5,370.5
310964781,02200208,6.4,40.4,0,0,1120.2,0,3,545.2,0,0,inf,0,7,540.9,0,0,1803.9,0,3,545.2,0,5,540.9
310964783,02200208,20.4,24.6,0,0,1110.3,0,1,594.3,0,0,inf,0,3,512.0,0,0,1794.0,0,1,594.3,0,3,512.0
310964784,02200208,14.6,57.2,0,0,1177.4,0,1,628.6,0,0,inf,1,5,276.0,0,0,inf,0,1,628.6,1,4,276.0
310964785,02200208,15.2,59.2,0,0,1169.8,0,1,544.7,0,0,inf,1,7,207.9,0,0,inf,0,1,544.7,1,4,207.9
310964786,02200208,20.0,48.9,0,0,1145.5,0,1,520.4,0,0,inf,1,7,183.6,0,0,inf,0,1,520.4,1,4,183.6
310964787,02200208,9.4,32.5,0,0,964.8,0,1,448.9,0,0,inf,0,6,448.9,0,0,1648.5,0,1,448.9,0,4,448.9
311076144,02200208,8.6,46.4,0,0,1071.4,0,1,555.5,0,0,inf,0,5,555.5,0,0,1755.1,0,1,555.5,0,3,555.5
311076145,02200208,3.2,54.3,0,0,931.7,1,3,356.6,0,0,inf,1,8,356.6,0,0,1615.4,1,3,356.6,1,5,356.6
311076146,02200208,17.7,44.9,0,0,1036.2,0,1,520.3,0,0,inf,0,4,520.3,0,0,1719.9,0,1,520.3,0,2,520.3
311076147,02200208,5.1,42.3,0,0,920.4,1,3,345.3,0,0,inf,1,8,345.3,0,0,1604.1,1,3,345.3,1,5,345.3
311076148,02200208,15.4,47.8,0,0,983.6,0,1,467.6,0,0,inf,0,5,467.6,0,0,1667.2,0,1,467.6,0,3,467.6
311076150,02200208,1.1,34.1,0,0,1083.0,0,3,507.9,0,0,inf,0,7,503.6,0,0,1766.6,0,3,507.9,0,5,503.6
311076151,02200208,0.8,44.0,0,0,1063.1,0,1,547.2,0,0,inf,0,5,547.2,0,0,1746.8,0,1,547.2,0,3,547.2
311076153,02200208,0.8,41.6,0,0,1005.0,0,1,489.1,0,0,inf,0,4,489.1,0,0,1688.7,0,1,489.1,0,2,489.1
311076154,02200208,3.9,43.1,0,0,936.0,1,3,361.0,0,0,inf,1,8,361.0,0,0,1619.7,1,3,361.0,1,5,361.0
311076158,02200208,1.3,53.2,0,0,1069.5,0,1,553.6,0,0,inf,0,5,553.6,0,0,1753.2,0,1,553.6,0,3,553.6
311076165,02200208,3.7,30.5,0,0,968.1,1,3,393.0,0,0,inf,1,9,393.0,0,0,1651.8,1,3,393.0,1,6,393.0
311076166,02200208,3.9,79.4,0,0,907.5,1,2,162.0,0,0,inf,1,4,162.0,0,0,1591.1,1,2,162.0,1,4,162.0
311076170,02200208,13.4,49.0,0,0,958.7,1,3,383.6,0,0,inf,1,8,383.6,0,0,1642.3,1,3,383.6,1,5,383.6
313597045,02500834,29.1,15.1,0,1,769.8,0,0,1204.1,0,4,551.9,0,3,606.9,0,1,769.8,0,1,769.8,0,5,551.9
314369367,02200208,20.6,21.1,0,0,1125.8,0,1,542.2,0,0,inf,1,7,189.6,0,0,inf,0,1,542.2,1,4,189.6
314895631,02300316,28.1,21.5,0,0,945.3,1,1,79.8,0,0,945.3,2,10,79.8,0,0,1855.6,1,1,79.8,2,6,79.8
314895634,02300316,19.4,13.6,0,0,916.7,1,1,117.8,0,0,916.7,2,10,117.8,0,0,1827.0,1,1,117.8,2,6,117.8
314956355,02300316,27.8,21.3,0,0,951.1,1,1,35.0,0,0,951.1,2,9,35.0,0,0,1861.4,1,1,35.0,2,6,35.0
314956356,02300316,7.0,19.7,0,0,961.7,1,1,96.1,0,0,961.7,2,8,96.1,0,0,1870.1,1,1,96.1,2,6,96.1
314956357,02300316,17.6,32.1,0,0,1148.8,1,1,221.6,0,0,1148.8,1,7,221.6,0,0,inf,1,1,221.6,1,5,221.6
314956358,02300316,6.7,4.7,0,0,883.1,1,1,145.9,0,0,883.1,2,10,145.9,0,0,1793.3,1,1,145.9,2,6,145.9
314956359,02300316,11.7,22.0,0,0,813.8,1,1,173.6,0,0,813.8,2,9,173.6,0,0,1724.0,1,1,173.6,2,5,173.6
314956360,02300316,18.2,10.9,0,0,901.3,1,1,140.1,0,0,901.3,2,10,140.1,0,0,1811.5,1,1,140.1,2,6,140.1
315015412,02300419,20.0,39.9,0,0,1123.6,1,1,196.4,0,0,1123.6,1,7,196.4,0,0,inf,1,1,196.4,1,5,196.4
315015415,02300419,17.9,32.0,0,0,1135.6,1,1,208.4,0,0,1135.6,1,7,208.4,0,0,inf,1,1,208.4,1,5,208.4
315015416,02300419,40.3,34.2,0,0,1003.6,1,1,99.2,0,0,1003.6,2,7,99.2,0,0,1913.9,1,1,99.2,2,5,99.2
315015418,02300419,20.8,32.7,0,0,1091.3,1,1,164.1,0,0,1091.3,2,7,164.1,0,0,inf,1,1,164.1,2,5,164.1
315015420,02300419,24.7,19.3,0,0,1149.9,1,1,306.0,0,0,1149.9,1,6,306.0,0,0,inf,1,1,306.0,1,4,306.0
315015424,02300419,16.7,20.9,0,0,1035.6,1,1,191.7,0,0,1035.6,2,7,191.7,0,0,1945.8,1,1,191.7,2,5,191.7
315015426,02300419,16.7,19.9,0,0,1048.1,1,1,204.2,0,0,1048.1,2,7,204.2,0,0,1958.3,1,1,204.2,2,5,204.2
315015429,02300419,16.4,20.5,0,0,1065.0,1,1,221.1,0,0,1065.0,2,6,221.1,0,0,1975.2,1,1,221.1,2,4,221.1
315015433,02300419,28.3,22.9,0,0,1075.7,1,1,231.8,0,0,1075.7,2,6,231.8,0,0,1985.9,1,1,231.8,2,4,231.8
315015436,02300419,30.9,45.4,0,0,1092.1,1,1,164.9,0,0,1092.1,2,7,164.9,0,0,inf,1,1,164.9,2,5,164.9
315015438,02300419,13.7,19.9,0,0,1091.3,1,1,247.4,0,0,1091.3,2,6,247.4,0,0,inf,1,1,247.4,2,4,247.4
315015440,02300419,16.9,32.9,0,0,1060.3,1,1,133.1,0,0,1060.3,2,7,133.1,0,0,1970.5,1,1,133.1,2,5,133.1
315015443,02300419,13.5,15.8,0,0,1162.0,1,1,318.1,0,0,1162.0,1,6,318.1,0,0,inf,1,1,318.1,1,4,318.1
315015445,02300419,21.0,19.9,0,0,1181.4,1,1,337.5,0,0,1181.4,1,5,337.5,0,0,inf,1,1,337.5,1,4,337.5
315015448,02300419,21.2,17.9,0,0,1191.5,1,1,347.6,0,0,1191.5,1,5,347.6,0,0,inf,1,1,347.6,1,4,347.6
315015450,02300419,21.1,18.4,0,0,1209.9,1,1,366.0,0,0,1209.9,1,5,366.0,0,0,inf,1,1,366.0,1,4,366.0
315015452,02300419,17.7,17.5,0,0,1239.8,1,1,359.5,0,0,1239.8,1,6,359.5,0,0,inf,1,1,359.5,1,5,359.5
315015453,02300419,20.6,17.7,0,0,1221.9,1,1,377.8,0,0,1221.9,1,6,377.8,0,0,inf,1,1,377.8,1,5,377.8
315145768,02300419,8.0,43.4,0,0,1258.7,0,1,414.8,0,0,1258.7,0,5,414.8,0,0,inf,0,1,414.8,0,4,414.8
315145769,02300419,20.8,20.2,0,0,1219.6,1,1,375.7,0,0,1219.6,1,5,375.7,0,0,inf,1,1,375.7,1,4,375.7
315145770,02300419,25.2,17.0,0,0,1458.0,0,2,614.1,0,0,1458.0,0,6,472.5,0,0,inf,0,2,614.1,0,5,614.1
315145771,02300419,38.9,22.4,0,0,1284.0,0,1,440.1,0,0,1284.0,0,4,440.1,0,0,inf,0,1,440.1,0,3,440.1
315145772,02300419,7.1,39.6,0,0,1401.8,0,1,557.9,0,0,1401.8,0,4,557.9,0,0,inf,0,1,557.9,0,3,557.9
315145773,02300419,17.2,14.7,0,0,1308.8,0,1,464.9,0,0,1308.8,0,4,464.9,0,0,inf,0,1,464.9,0,3,464.9
315145774,02300419,17.9,14.7,0,0,1340.1,0,1,496.2,0,0,1340.1,0,4,496.2,0,0,inf,0,1,496.2,0,3,496.2
315145775,02300419,7.4,43.6,0,0,1325.8,0,1,481.9,0,0,1325.8,0,3,481.9,0,0,inf,0,1,481.9,0,2,481.9
315145776,02300419,17.6,20.1,0,0,1253.1,0,1,409.2,0,0,1253.1,0,5,409.2,0,0,inf,0,1,409.2,0,4,409.2
315145777,02300419,8.0,43.6,0,0,1354.9,0,1,511.0,0,0,1354.9,0,3,511.0,0,0,inf,0,1,511.0,0,2,511.0
315145778,02300419,17.5,20.1,0,0,1271.0,0,1,427.1,0,0,1271.0,0,5,427.1,0,0,inf,0,1,427.1,0,4,427.1
315145779,02300419,8.1,38.2,0,0,1317.5,0,1,473.6,0,0,1317.5,0,4,473.6,0,0,inf,0,1,473.6,0,3,473.6
315145780,02300419,23.2,18.9,0,0,1162.3,1,1,318.4,0,0,1162.3,1,6,318.4,0,0,inf,1,1,318.4,1,4,318.4
315145781,02300419,7.7,40.6,0,0,1446.5,0,1,602.6,0,0,1446.5,0,4,531.1,0,0,inf,0,1,602.6,0,3,602.6
315145782,02300419,7.9,43.6,0,0,1294.5,0,1,450.6,0,0,1294.5,0,4,450.6,0,0,inf,0,1,450.6,0,3,450.6
315145783,02300419,17.5,20.1,0,0,1317.6,0,1,473.7,0,0,1317.6,0,3,473.7,0,0,inf,0,1,473.7,0,2,473.7
315145784,02300419,17.4,17.3,0,0,1423.2,0,1,579.3,0,0,1423.2,0,5,507.8,0,0,inf,0,1,579.3,0,4,579.3
315145786,02300419,18.2,18.1,0,0,1438.6,0,1,594.7,0,0,1438.6,0,5,494.0,0,0,inf,0,1,594.7,0,4,594.7
315145787,02300419,8.2,43.5,0,0,1212.4,1,1,368.5,0,0,1212.4,1,5,368.5,0,0,inf,1,1,368.5,1,4,368.5
315145788,02300419,15.8,20.1,0,0,1302.2,0,1,458.3,0,0,1302.2,0,4,458.3,0,0,inf,0,1,458.3,0,3,458.3
315145789,02300419,16.3,20.2,0,0,1207.3,1,1,363.4,0,0,1207.3,1,5,363.4,0,0,inf,1,1,363.4,1,4,363.4
315145790,02300419,7.8,37.8,0,0,1398.7,0,1,554.8,0,0,1398.7,0,4,554.8,0,0,inf,0,1,554.8,0,3,554.8
315145791,02300419,17.9,14.8,0,0,1373.5,0,1,529.6,0,0,1373.5,0,4,529.6,0,0,inf,0,1,529.6,0,3,529.6
315145793,02300419,13.5,20.3,0,0,1160.9,1,1,317.0,0,0,1160.9,1,6,317.0,0,0,inf,1,1,317.0,1,4,317.0
315145794,02300419,8.1,38.0,0,0,1332.1,0,1,488.2,0,0,1332.1,0,4,488.2,0,0,inf,0,1,488.2,0,3,488.2
315145795,02300419,8.1,38.3,0,0,1284.7,0,1,440.8,0,0,1284.7,0,4,440.8,0,0,inf,0,1,440.8,0,3,440.8
315145796,02300419,14.5,20.0,0,0,1347.7,0,1,503.8,0,0,1347.7,0,3,503.8,0,0,inf,0,1,503.8,0,2,503.8
315145797,02300419,16.5,17.8,0,0,1391.1,0,1,547.2,0,0,1391.1,0,4,540.8,0,0,inf,0,1,547.2,0,3,547.2
315145798,02300419,19.1,15.3,0,0,1276.7,0,1,432.9,0,0,1276.7,0,5,432.9,0,0,inf,0,1,432.9,0,4,432.9
315145799,02300419,8.3,38.3,0,0,1300.9,0,1,457.0,0,0,1300.9,0,4,457.0,0,0,inf,0,1,457.0,0,3,457.0
315145800,02300419,9.0,31.6,0,0,1187.0,1,1,343.1,0,0,1187.0,1,5,343.1,0,0,inf,1,1,343.1,1,4,343.1
315145801,02300419,17.1,20.1,0,0,1333.4,0,1,489.5,0,0,1333.4,0,3,489.5,0,0,inf,0,1,489.5,0,2,489.5
315145802,02300419,18.8,14.7,0,0,1356.4,0,1,512.5,0,0,1356.4,0,4,512.5,0,0,inf,0,1,512.5,0,3,512.5
315145803,02300419,17.5,14.7,0,0,1323.7,0,1,479.8,0,0,1323.7,0,4,479.8,0,0,inf,0,1,479.8,0,3,479.8
315145804,02300419,8.8,43.6,0,0,1277.1,0,1,433.3,0,0,1277.1,0,4,433.3,0,0,inf,0,1,433.3,0,3,433.3
315145805,02300419,8.0,40.6,0,0,1433.5,0,1,589.6,0,0,1433.5,0,4,544.1,0,0,inf,0,1,589.6,0,3,589.6
315145806,02300419,8.9,38.0,0,0,1367.2,0,1,523.3,0,0,1367.2,0,4,523.3,0,0,inf,0,1,523.3,0,3,523.3
315145807,02300419,7.8,43.5,0,0,1230.3,1,1,386.4,0,0,1230.3,1,5,386.4,0,0,inf,1,1,386.4,1,4,386.4
315145808,02300419,17.9,20.2,0,0,1191.5,1,1,347.6,0,0,1191.5,1,5,347.6,0,0,inf,1,1,347.6,1,4,347.6
315145809,02300419,17.5,20.3,0,0,1175.3,1,1,331.4,0,0,1175.3,1,5,331.4,0,0,inf,1,1,331.4,1,4,331.4
315145810,02300419,8.0,43.6,0,0,1340.8,0,1,496.9,0,0,1340.8,0,3,496.9,0,0,inf,0,1,496.9,0,2,496.9
315145811,02300419,7.8,43.4,0,0,1245.6,0,1,401.7,0,0,1245.6,0,5,401.7,0,0,inf,0,1,401.7,0,4,401.7
315145812,02300419,8.4,37.9,0,0,1383.5,0,1,539.6,0,0,1383.5,0,4,539.6,0,0,inf,0,1,539.6,0,3,539.6
315145813,02300419,18.0,18.1,0,0,1406.3,0,1,562.4,0,0,1406.3,0,4,526.4,0,0,inf,0,1,562.4,0,3,562.4
315145814,02300419,19.2,20.4,0,0,1425.0,0,1,581.1,0,0,1425.0,0,4,506.0,0,0,inf,0,1,581.1,0,3,581.1
315145815,02300419,18.7,21.2,0,0,1440.2,0,1,596.3,0,0,1440.2,0,4,492.5,0,0,inf,0,1,596.3,0,3,596.3
315145816,02300419,25.9,22.6,0,0,1366.9,0,1,523.0,0,0,1366.9,0,3,523.0,0,0,inf,0,1,523.0,0,2,523.0
315145817,02300419,25.6,16.9,0,0,1144.2,1,1,300.3,0,0,1144.2,1,6,300.3,0,0,inf,1,1,300.3,1,4,300.3
315145818,02300419,23.7,15.9,0,0,1193.0,1,1,349.1,0,0,1193.0,1,5,349.1,0,0,inf,1,1,349.1,1,4,349.1
315263577,02400521,32.4,19.3,0,0,1314.2,1,2,283.2,0,2,590.0,1,5,283.2,0,0,1500.7,1,2,283.2,1,4,283.2
315263579,02400521,57.8,19.8,0,0,1224.3,1,1,195.2,0,1,652.4,2,5,195.2,0,0,1224.3,1,1,195.2,1,2,195.2
315263580,02400521,41.3,16.3,0,0,1334.1,1,2,257.5,0,2,609.9,1,5,257.5,0,0,1475.0,1,2,257.5,1,4,257.5
315263582,02400521,105.7,2.1,0,0,1298.0,1,2,103.3,0,2,606.4,1,5,103.3,0,0,1320.8,1,2,103.3,1,4,103.3
315263595,02400521,110.0,16.5,0,0,1306.7,1,1,189.5,0,2,665.1,1,4,189.5,0,0,1306.7,1,1,189.5,1,3,189.5
315327600,02200208,10.8,20.0,0,0,1025.3,0,1,509.3,0,0,inf,0,5,509.3,0,0,1709.0,0,1,509.3,0,3,509.3
315459041,02100105,15.2,20.1,0,0,inf,1,2,329.5,0,0,inf,2,6,329.5,0,0,inf,1,2,329.5,1,3,329.5
315459043,02100105,25.4,19.0,0,0,inf,1,2,312.2,0,0,inf,2,6,312.2,0,0,inf,1,2,312.2,1,3,312.2
315459044,02100105,48.2,18.8,0,0,inf,1,2,200.2,0,0,inf,1,6,200.2,0,0,inf,1,2,200.2,1,3,200.2
315459046,02100105,28.1,14.7,0,0,inf,1,2,286.9,0,0,inf,2,6,286.9,0,0,inf,1,2,286.9,1,3,286.9
315459047,02100105,50.2,16.1,0,0,inf,1,2,169.6,0,0,inf,1,7,169.6,0,0,inf,1,2,169.6,1,4,169.6
315459049,02100105,60.8,25.1,0,0,1840.4,1,2,367.5,0,0,inf,2,7,121.3,0,0,inf,1,2,367.5,1,4,367.5
315459050,02300418,3.3,36.8,0,0,inf,0,1,630.4,0,0,inf,2,5,309.5,0,0,inf,0,1,630.4,2,4,309.5
315459051,02100105,13.4,17.6,0,0,inf,0,1,412.2,0,0,inf,0,5,412.2,0,0,inf,0,1,412.2,0,3,412.2
315459052,02100105,17.8,18.1,0,0,inf,1,1,295.2,0,0,inf,1,4,295.2,0,0,inf,1,1,295.2,1,2,295.2
315459053,02100105,17.8,18.1,0,0,inf,1,2,278.8,0,0,inf,1,6,278.8,0,0,inf,1,2,278.8,1,4,278.8
315459054,02100105,17.9,18.1,0,0,inf,1,2,262.3,0,0,inf,1,6,262.3,0,0,inf,1,2,262.3,1,4,262.3
315459061,02100105,18.3,18.2,0,0,inf,1,2,245.6,0,0,inf,1,5,245.6,0,0,inf,1,2,245.6,1,3,245.6
315459066,02100106,3.8,34.6,0,0,inf,0,2,569.0,0,0,inf,0,6,551.1,0,0,inf,0,2,569.0,0,2,569.0
315459068,02100106,6.9,55.2,0,0,inf,0,2,449.3,0,0,inf,0,8,444.5,0,0,inf,0,2,449.3,0,5,449.3
315459069,02100105,35.9,10.8,0,0,inf,0,2,425.5,0,0,inf,0,6,425.5,0,0,inf,0,2,425.5,0,3,425.5
315459071,02100105,36.6,10.8,0,0,inf,0,2,404.7,0,0,inf,0,6,404.7,0,0,inf,0,2,404.7,0,3,404.7
315459076,02100106,12.7,48.0,0,0,inf,0,2,574.9,0,0,inf,0,5,557.1,0,0,inf,0,2,574.9,0,2,574.9
315459077,02100105,18.1,17.5,0,0,inf,1,1,323.0,0,0,inf,1,4,323.0,0,0,inf,1,1,323.0,1,2,323.0
315459078,02100106,19.2,19.5,0,0,inf,0,2,530.0,0,0,inf,0,5,512.1,0,0,inf,0,2,530.0,0,2,530.0
315459079,02300418,9.0,38.9,0,0,inf,0,1,561.7,0,0,inf,2,6,240.7,0,0,inf,0,1,561.7,2,4,240.7
315459080,02100106,3.6,51.2,0,0,inf,0,2,524.0,0,0,inf,0,7,439.8,0,0,inf,0,2,524.0,0,4,524.0
315459082,02300418,10.3,17.5,0,0,inf,0,1,574.9,0,0,inf,2,6,61.5,0,0,inf,0,1,574.9,2,4,61.5
315459083,02300418,11.5,17.7,0,0,inf,0,2,586.1,0,0,inf,2,6,50.5,0,0,inf,0,2,586.1,2,5,50.5
315479979,02300314,3.4,30.4,0,0,1689.5,0,2,491.7,0,0,inf,3,13,202.7,0,0,1689.5,0,2,491.7,1,5,202.7
315479980,02300314,3.7,30.3,0,0,1684.5,0,2,486.7,0,0,inf,3,13,197.8,0,0,1684.5,0,2,486.7,1,5,197.8
315479981,02300314,3.1,29.4,0,0,1700.0,0,2,502.2,0,0,inf,4,13,213.3,0,0,1700.0,0,2,502.2,2,5,213.3
315479983,02300314,10.2,18.2,0,0,1750.9,0,2,726.2,0,0,inf,2,11,235.6,0,0,1750.9,0,2,726.2,0,5,437.2
315548135,02400624,12.0,36.0,0,0,1175.9,0,1,550.4,0,3,563.4,1,6,268.6,0,0,1443.6,0,1,550.4,1,6,268.6
315548136,02300315,9.8,49.4,0,0,1878.2,1,2,193.2,0,0,inf,2,15,193.2,0,0,1878.2,1,2,193.2,1,8,193.2
315548137,02400624,10.4,14.2,0,0,1088.5,0,1,463.0,0,3,550.7,2,6,181.3,0,0,1356.3,0,1,463.0,1,6,181.3
315548139,02300315,31.1,17.0,0,0,1757.1,1,2,296.2,0,0,inf,4,15,133.1,0,0,1757.1,1,2,296.2,3,7,133.1
315548140,02300315,14.7,37.8,0,0,1838.2,1,2,256.8,0,0,inf,2,14,214.2,0,0,1838.2,1,2,256.8,2,7,214.2
315548141,02400624,34.1,14.8,0,0,1214.2,0,2,438.9,0,4,517.3,1,6,315.7,0,0,1561.7,0,2,438.9,1,7,315.7
315548143,02300315,11.9,34.8,0,0,1801.8,1,2,287.3,0,0,inf,2,14,177.8,0,0,1801.8,1,2,287.3,2,7,177.8
315548144,02400623,21.0,36.2,0,0,1261.2,0,1,440.8,0,0,1107.5,0,2,440.8,0,0,1261.2,0,1,440.8,0,2,440.8
315548145,02400624,23.5,14.6,0,0,1292.2,1,2,360.3,0,3,595.4,2,5,360.3,0,0,1483.1,1,2,360.3,2,5,360.3
315548146,02400624,42.4,15.1,0,0,1180.4,0,2,473.2,0,5,483.5,1,6,281.9,0,0,1530.4,0,2,473.2,1,8,281.9
315548147,02300315,12.4,35.0,0,0,1858.7,1,2,183.9,0,0,inf,2,16,183.9,0,0,1858.7,1,2,183.9,1,9,183.9
315548148,02100102,18.4,47.6,0,0,945.6,1,2,173.5,0,0,1743.2,2,7,173.5,0,0,1362.2,1,2,173.5,2,6,173.5
315548149,02400624,18.7,22.4,0,0,1196.0,1,1,302.8,0,1,727.4,2,6,302.8,0,0,1196.0,1,1,302.8,2,5,302.8
315548150,02300315,9.6,39.5,0,0,1656.5,0,2,441.9,0,0,inf,3,15,146.6,0,0,1656.5,0,2,441.9,2,7,146.6
315548151,02100102,47.3,19.3,0,0,916.8,1,3,63.8,0,0,1633.5,2,7,63.8,0,0,1252.5,1,3,63.8,2,7,63.8
315548153,02400623,255.1,11.5,0,0,1133.9,0,2,528.6,0,0,1015.7,0,4,528.6,0,0,1133.9,0,2,528.6,0,3,528.6
315548154,02400624,30.8,17.9,0,0,1067.2,1,1,320.8,0,0,847.1,1,5,320.8,0,0,1067.2,1,1,320.8,1,4,320.8
315548155,02400624,34.3,20.7,0,0,1050.5,1,1,343.2,0,0,869.5,2,5,343.2,0,0,1050.5,1,1,343.2,2,4,343.2
315548156,02400623,211.6,31.1,0,0,923.3,0,1,569.5,0,0,1079.8,1,6,202.8,0,0,923.3,0,1,569.5,1,4,202.8
315548157,02400623,352.6,22.1,0,0,1212.2,0,2,471.5,0,0,1094.0,0,4,471.5,0,0,1212.2,0,2,471.5,0,3,471.5
315548159,02300315,23.6,14.9,0,0,1700.9,1,2,348.3,0,0,inf,4,15,114.5,0,0,1700.9,1,2,348.3,3,6,114.5
315548160,02100102,11.3,22.8,0,0,1172.4,0,1,574.4,0,0,inf,3,8,81.3,0,0,1856.0,0,1,574.4,3,6,81.3
315548161,02300315,22.5,31.3,0,0,1712.3,1,2,369.7,0,0,inf,4,14,125.9,0,0,1712.3,1,2,369.7,3,6,125.9
315548162,02100102,90.1,7.4,0,0,1198.1,1,1,328.8,0,0,inf,3,9,123.2,0,0,1881.7,1,1,328.8,3,7,123.2
315548163,02400624,87.3,9.7,0,0,1176.1,0,1,548.9,0,3,510.7,1,7,268.9,0,0,1443.9,0,1,548.9,1,7,268.9
315548169,02400624,12.3,20.3,0,0,1164.5,1,1,356.7,0,2,669.2,2,6,257.3,0,0,1249.9,1,1,356.7,2,5,257.3
315548173,02100102,4.2,32.0,0,0,939.9,1,3,86.9,0,0,1656.6,2,7,86.9,0,0,1275.6,1,3,86.9,2,7,86.9
315548175,02400624,15.0,20.3,0,0,1151.0,1,1,370.3,0,2,655.6,2,6,243.7,0,0,1263.5,1,1,370.3,2,5,243.7
315548183,02400623,5.6,44.6,0,0,1269.6,0,1,449.1,0,0,1115.8,0,2,449.1,0,0,1269.6,0,1,449.1,0,2,449.1
315548184,02400624,20.4,14.4,0,0,1326.0,1,2,326.1,0,2,629.2,1,6,326.1,0,0,1448.9,1,2,326.1,1,5,326.1
315548186,02400624,173.9,24.1,0,0,1209.6,1,1,316.4,0,1,717.1,2,6,305.2,0,0,1209.6,1,1,316.4,2,5,305.2
315548191,02400624,23.3,14.8,0,0,1235.6,0,2,417.4,0,4,538.7,1,6,337.1,0,0,1540.2,0,2,417.4,1,7,337.1
315548193,02400624,17.9,22.3,0,0,1108.0,0,1,417.2,0,3,612.6,2,6,200.7,0,0,1310.5,0,1,417.2,1,6,200.7
315548195,02400623,13.6,64.6,0,0,1069.7,1,1,360.0,0,0,1132.0,2,4,349.2,0,0,1069.7,1,1,360.0,2,4,349.2
315548214,02400624,17.9,21.4,0,0,1179.3,1,1,344.0,0,1,684.0,2,6,272.1,0,0,1237.3,1,1,344.0,2,4,272.1
315548215,02400623,6.5,10.3,0,0,1231.4,0,2,410.9,0,0,1077.6,0,5,410.9,0,0,1231.4,0,2,410.9,0,4,410.9
315548216,02400623,35.0,28.7,0,0,840.9,0,1,669.0,0,0,1101.6,1,6,316.6,0,0,840.9,0,1,669.0,0,4,471.7
315548219,02100102,8.7,15.9,0,0,1124.9,0,1,526.9,0,0,inf,2,8,115.1,0,0,1808.6,0,1,526.9,2,6,115.1
315548221,02300315,0.8,38.8,0,0,1797.7,1,2,299.3,0,0,inf,2,14,173.6,0,0,1797.7,1,2,299.3,2,7,173.6
315548222,02100102,19.7,72.0,0,0,977.8,1,2,190.0,0,0,1759.7,2,7,190.0,0,0,1378.8,1,2,190.0,2,6,190.0
315548223,02400624,22.6,14.5,0,0,1309.6,1,2,342.7,0,3,612.8,1,6,342.7,0,0,1465.6,1,2,342.7,1,6,342.7
315548224,02400623,30.8,23.3,0,0,1062.2,1,1,285.0,0,0,1057.1,2,4,285.0,0,0,1062.2,1,1,285.0,2,4,285.0
315548225,02300315,1.5,30.1,0,0,1805.8,1,2,273.9,0,0,inf,2,14,181.8,0,0,1805.8,1,2,273.9,2,7,181.8
315548227,02400623,45.7,15.7,0,0,853.1,0,1,702.6,0,0,1171.5,1,6,328.9,0,0,853.1,0,1,702.6,0,4,465.0
315548228,02300315,20.5,13.5,0,0,1677.1,1,2,369.3,0,0,inf,4,16,90.7,0,0,1677.1,1,2,369.3,3,7,90.7
315548229,02100102,164.2,18.2,0,0,937.5,1,1,281.1,0,0,inf,3,9,281.1,0,0,1621.2,1,1,281.1,2,6,281.1
315548230,02300315,11.5,44.7,0,0,1856.1,1,2,205.9,0,0,inf,2,16,205.9,0,0,1856.1,1,2,205.9,1,9,205.9
315548231,02300315,10.2,32.4,0,0,1648.5,0,2,456.8,0,0,inf,3,14,231.3,0,0,1648.5,0,2,456.8,1,7,231.3
315548232,02400623,37.4,8.5,0,0,1029.7,0,2,489.7,0,0,911.5,0,6,489.7,0,0,1029.7,0,2,489.7,0,3,489.7
315548233,02400624,19.0,17.3,0,0,1158.3,0,1,532.8,0,3,543.8,1,6,251.0,0,0,1426.0,0,1,532.8,1,6,251.0
315548234,02400624,51.7,14.0,0,0,1271.2,1,2,380.2,0,3,574.3,2,5,372.7,0,0,1503.0,1,2,380.2,2,5,372.7
315548235,02400624,18.8,21.3,0,0,1136.7,1,1,386.6,0,2,641.4,2,6,229.5,0,0,1279.8,1,1,386.6,2,5,229.5
315548236,02400624,23.5,21.8,0,0,1197.0,1,1,327.2,0,1,701.6,2,6,289.7,0,0,1220.4,1,1,327.2,2,5,289.7
315548237,02300315,4.9,28.0,0,0,1729.1,1,2,347.5,0,0,inf,4,15,120.8,0,0,1729.1,1,2,347.5,3,6,120.8
315548238,02300315,12.4,54.4,0,0,1899.4,1,2,228.9,0,0,inf,2,13,228.9,0,0,1899.4,1,2,228.9,2,6,228.9
315548240,02400623,14.9,41.3,0,0,1038.8,1,1,344.3,0,0,1116.4,2,4,318.3,0,0,1038.8,1,1,344.3,2,4,318.3
315548241,02400624,20.3,21.8,0,0,1208.2,1,1,314.9,0,1,714.0,2,6,302.1,0,0,1208.2,1,1,314.9,2,5,302.1
316737252,02500832,7.3,34.0,0,0,1028.6,0,0,1028.6,0,0,812.4,0,1,688.1,0,0,1056.0,0,0,1028.6,0,1,688.1
316820287,02400521,32.4,35.7,0,0,1436.7,0,1,407.6,0,3,471.7,1,4,192.8,0,0,1436.7,0,1,407.6,0,4,407.6
316820288,02400521,152.9,16.3,0,0,1687.5,0,1,516.7,1,2,364.2,1,3,364.2,0,0,1703.0,0,1,516.7,1,3,364.2
316820289,02400521,63.0,20.1,0,0,1423.5,1,1,379.1,0,3,508.5,2,4,270.6,0,0,1423.5,1,1,379.1,1,4,379.1
316894773,02400624,77.7,17.1,0,1,553.3,0,1,553.3,2,7,302.5,2,6,162.6,0,0,1333.8,0,1,553.3,2,8,302.5
316894774,02400624,75.4,24.1,0,1,506.7,0,1,506.7,2,7,255.9,2,6,116.0,0,0,1476.4,0,1,506.7,2,8,255.9
316894775,02400624,7.1,46.8,0,1,664.1,0,2,664.1,5,10,144.0,1,7,371.7,0,0,1670.2,0,2,664.1,5,11,144.0
316894776,02400624,38.6,15.0,0,0,853.2,0,0,800.2,2,6,329.2,2,5,312.4,0,0,1510.1,0,0,800.2,3,8,329.2
316894778,02400624,22.9,30.8,0,0,878.8,0,1,453.5,3,9,125.1,2,7,125.1,0,0,1760.4,0,1,453.5,4,11,125.1
316894779,02400624,25.4,17.9,0,0,960.6,0,1,454.5,2,8,55.6,2,7,55.6,0,0,1731.5,0,1,454.5,3,10,55.6
316894780,02400624,25.6,14.6,0,0,889.0,0,1,763.6,1,6,365.1,2,6,313.7,0,0,1521.4,0,1,763.6,2,9,313.7
316894781,02500833,25.3,49.8,0,0,1044.1,0,0,801.9,3,10,171.4,2,6,234.9,0,0,1399.6,0,0,801.9,4,11,171.4
316894782,02400624,5.9,33.7,0,1,625.7,0,1,625.7,1,5,374.8,2,4,175.6,0,0,1376.7,0,1,625.7,1,6,374.8
316894783,02500833,25.3,49.9,0,0,1058.6,0,1,787.8,3,11,185.9,2,6,220.7,0,0,1414.1,0,1,787.8,4,12,185.9
316894784,02400624,17.1,72.5,0,0,1054.3,0,1,548.2,1,8,149.3,1,7,149.3,0,0,1747.0,0,1,548.2,1,10,149.3
316894785,02400624,8.7,37.4,0,1,506.0,0,1,506.0,2,7,255.1,2,6,115.3,0,0,1500.2,0,1,506.0,2,8,255.1
316894786,02400624,6.5,14.9,0,1,716.9,0,1,716.9,0,5,466.0,2,4,145.2,0,0,1356.4,0,1,716.9,0,6,441.1
316894787,02400624,22.8,18.1,0,0,1131.4,0,2,625.3,1,8,226.3,2,7,226.3,0,0,1561.1,0,2,625.3,2,11,226.3
316894788,02500833,24.0,49.7,0,0,1023.5,0,0,822.5,4,9,150.8,2,5,255.5,0,0,1379.0,0,0,822.5,5,10,150.8
316894790,02400624,26.3,18.2,0,0,1129.9,0,2,680.8,1,7,281.8,2,6,231.3,0,0,1505.9,0,2,680.8,2,9,231.3
316894791,02400624,30.8,29.8,0,1,714.4,0,1,714.4,3,7,244.6,1,6,372.9,0,0,1570.6,0,1,714.4,3,9,244.6
316894792,02400624,28.2,24.0,0,0,1100.1,0,2,594.0,1,8,195.0,2,7,195.0,0,0,1604.2,0,2,594.0,2,11,195.0
316894793,02400624,22.8,30.9,0,0,816.0,0,1,516.5,4,9,188.1,2,7,188.1,0,0,1697.6,0,1,516.5,5,11,188.1
316894795,02400624,53.6,16.7,0,0,1366.7,1,2,369.2,1,5,369.2,1,5,369.2,0,0,1816.1,1,2,369.2,1,7,369.2
316894796,02400624,43.2,15.3,0,1,732.6,0,1,732.6,3,7,262.9,1,6,325.6,0,0,1523.3,0,1,732.6,3,9,262.9
316894797,02400624,21.4,39.2,0,0,1015.8,0,1,509.7,2,8,110.8,2,7,110.8,0,0,1718.9,0,1,509.7,3,10,110.8
316894798,02400624,24.3,26.8,0,0,1129.3,0,2,623.2,1,8,224.2,2,7,224.2,0,0,1580.7,0,2,623.2,2,11,224.2
316894799,02400624,41.3,75.6,0,0,915.1,0,0,859.5,1,6,391.2,1,5,374.3,0,0,1572.0,0,0,859.5,1,8,391.2
316894800,02400624,31.6,16.6,0,0,1511.5,0,2,411.4,0,4,411.4,0,4,411.4,0,0,1768.7,0,2,411.4,0,5,411.4
316894801,02400624,19.6,40.5,0,0,1187.1,0,1,596.3,1,6,282.0,1,5,282.0,0,0,1688.7,0,1,596.3,1,7,282.0
316894802,02400624,17.1,31.5,0,0,1111.9,0,1,574.4,0,5,415.0,1,5,213.4,0,0,1487.9,0,1,574.4,1,8,213.4
316894804,02400624,21.8,15.4,0,0,817.3,0,1,728.8,3,9,200.6,1,6,333.9,0,0,1531.6,0,1,728.8,3,10,200.6
316894805,02400624,13.3,23.5,0,1,758.2,0,1,758.2,0,4,507.4,2,4,186.5,0,0,1397.7,0,1,758.2,0,5,482.4
316894807,02400624,37.1,22.6,0,0,940.7,0,1,434.6,2,8,46.7,2,7,46.7,0,0,1760.8,0,1,434.6,3,10,46.7
316894809,02400624,31.5,47.9,0,0,973.1,0,1,749.9,0,6,514.0,2,5,241.4,0,0,1439.1,0,1,749.9,1,8,298.9
316894810,02400624,52.8,29.1,0,0,849.2,0,1,479.7,4,9,151.3,2,7,151.3,0,0,1730.8,0,1,479.7,5,11,151.3
316894811,02500727,46.1,36.2,0,0,1544.4,1,1,276.1,3,7,221.6,1,2,276.1,0,0,inf,1,1,276.1,2,4,274.7
316894812,02500727,30.6,25.3,0,0,1601.8,1,1,333.5,1,5,333.5,1,2,333.5,0,0,inf,1,1,333.5,1,3,333.5
316894813,02500727,30.8,25.2,0,0,1541.3,0,1,421.2,2,5,165.7,0,1,421.2,0,0,inf,0,1,421.2,1,3,322.1
316894814,02400624,51.9,15.4,0,1,754.5,0,1,754.5,3,7,284.7,1,6,303.9,0,0,1501.6,0,1,754.5,3,9,284.7
316894815,02400624,37.8,89.4,0,0,1096.9,0,1,590.8,1,8,191.8,1,6,191.8,0,0,1738.1,0,1,590.8,1,10,191.8
316894816,02400624,31.8,68.7,0,0,1018.1,0,1,512.0,1,8,113.0,2,7,113.0,0,0,1775.6,0,1,512.0,2,10,113.0
316894817,02500727,44.0,28.6,0,0,1550.4,0,1,430.4,2,5,174.9,0,1,430.4,0,0,inf,0,1,430.4,1,3,331.3
316894818,02400624,36.2,28.8,0,0,1153.3,0,2,678.4,1,7,279.4,2,6,254.8,0,0,1529.4,0,2,678.4,2,9,254.8
316894819,02400624,12.3,30.1,0,0,1295.6,0,2,467.1,1,5,390.5,1,6,390.5,0,0,1797.2,0,2,467.1,1,7,390.5
316894821,02400624,37.4,20.2,0,1,756.9,0,2,756.9,0,7,506.1,3,7,25.2,0,0,1363.5,0,2,756.9,1,10,313.1
316894822,02400624,42.2,27.6,0,0,982.6,0,1,476.5,2,8,77.5,2,7,77.5,0,0,1729.0,0,1,476.5,3,10,77.5
316894823,02400624,34.8,46.7,0,0,882.6,0,0,834.1,1,6,358.7,2,5,341.8,0,0,1539.5,0,0,834.1,2,8,358.7
316894824,02400624,32.7,28.6,0,0,1071.5,0,1,565.4,1,8,166.4,2,6,166.4,0,0,1642.1,0,1,565.4,2,10,166.4
316894825,02500727,46.5,36.0,0,0,1508.0,1,1,239.7,3,7,239.7,1,2,239.7,0,0,inf,1,1,239.7,2,4,239.7
316894826,02400624,48.8,15.5,0,1,708.2,0,1,708.2,3,7,238.5,1,6,350.3,0,0,1548.0,0,1,708.2,3,9,238.5
316894827,02400624,50.0,29.4,0,0,855.9,0,1,767.4,3,8,239.2,1,6,323.3,0,0,1521.0,0,1,767.4,3,10,239.2
316894828,02400624,37.7,31.3,0,0,1101.9,0,2,595.8,1,8,196.9,2,7,196.9,0,0,1616.9,0,2,595.8,2,11,196.9
316894829,02400624,31.2,40.4,0,0,1545.0,0,1,508.6,0,2,508.6,0,3,508.6,0,0,1955.5,0,1,508.6,0,3,508.6
316894830,02400624,53.4,15.7,0,0,954.5,0,1,700.3,0,6,430.5,2,6,250.5,0,0,1507.0,0,1,700.3,1,9,250.5
316894831,02500727,52.2,36.1,0,0,1526.0,1,1,257.7,3,7,239.9,1,2,257.7,0,0,inf,1,1,257.7,2,4,257.7
316894832,02400624,44.4,39.0,0,0,889.8,0,0,811.6,1,6,365.9,2,5,349.0,0,0,1546.7,0,0,811.6,2,8,361.7
316894833,02400624,58.6,32.8,0,0,1069.8,0,1,563.7,1,8,164.7,2,6,164.7,0,0,1652.2,0,1,563.7,2,10,164.7
316894834,02400624,49.7,14.8,0,0,970.0,0,1,683.0,0,6,434.9,2,6,233.2,0,0,1507.8,0,1,683.0,1,9,233.2
316894835,02400624,51.8,17.7,0,1,482.4,0,1,482.4,2,7,231.6,2,7,91.7,0,0,1406.0,0,1,482.4,2,8,231.6
316894836,02400624,73.8,16.0,0,1,562.6,0,1,562.6,3,7,92.9,1,7,307.8,0,0,1612.6,0,1,562.6,3,9,92.9
316894837,02500727,47.5,29.4,0,0,1581.3,0,1,461.2,2,5,205.7,0,1,461.2,0,0,inf,0,1,461.2,1,3,362.1
316894838,02400624,49.0,14.8,0,0,834.5,0,0,818.5,2,6,310.6,2,5,293.8,0,0,1491.5,0,0,818.5,3,8,310.6
316894839,02400624,178.3,15.4,0,0,1459.0,1,2,274.3,1,5,274.3,1,4,274.3,0,0,1837.2,1,2,274.3,1,5,274.3
316894840,02400624,101.6,30.3,0,0,1568.3,0,1,531.9,0,2,531.9,0,3,531.9,0,0,1978.8,0,1,531.9,0,3,531.9
316894842,02400624,61.2,28.0,0,0,818.1,0,1,729.7,3,9,201.4,1,6,358.3,0,0,1556.0,0,1,729.7,3,10,201.4
316894844,02400624,52.3,38.1,0,0,1039.7,0,1,533.6,1,8,134.6,2,7,134.6,0,0,1692.9,0,1,533.6,2,10,134.6
316894848,02400624,159.2,12.5,0,0,1255.4,0,1,666.7,1,5,350.4,1,5,350.4,0,0,1757.1,0,1,666.7,1,7,350.4
316894859,02500727,4.0,47.3,0,0,1634.3,1,1,366.0,1,5,366.0,1,2,366.0,0,0,inf,1,1,366.0,1,3,366.0
316894863,02400624,7.2,43.3,0,0,1248.9,0,1,540.2,1,5,343.8,1,5,343.8,0,0,1750.5,0,1,540.2,1,7,343.8
316894869,02400624,5.5,65.0,0,0,1043.5,1,1,357.2,2,9,209.0,3,6,209.0,0,0,1923.1,1,1,357.2,3,10,209.0
316894872,02400624,4.0,56.1,0,0,1087.6,0,1,631.4,0,3,485.1,2,7,103.7,0,0,1378.3,0,1,631.4,1,7,103.7
316894878,02400624,17.9,18.4,0,1,578.7,0,1,578.7,2,7,327.8,2,6,188.0,0,0,1393.0,0,1,578.7,2,8,327.8
316894885,02400624,1.0,57.4,0,1,792.1,0,1,792.1,0,4,541.3,1,4,220.4,0,0,1431.6,0,1,792.1,0,5,516.3
316894894,02400624,34.6,17.4,0,0,1241.8,0,1,495.5,1,5,336.7,1,5,336.7,0,0,1743.4,0,1,495.5,1,7,336.7
316894900,02400624,26.9,15.7,0,0,1211.9,0,2,442.7,0,4,515.1,1,6,313.4,0,0,1562.0,0,2,442.7,1,7,313.4
316894904,02400624,20.0,29.3,0,1,794.5,0,2,534.7,4,10,177.8,2,8,206.4,0,0,1676.2,0,2,534.7,5,12,177.8
316894907,02400624,8.6,33.6,0,1,732.7,0,1,732.7,0,4,481.8,2,4,171.0,0,0,1269.4,0,1,732.7,0,5,466.9
316894915,02500833,1.6,84.0,0,0,946.4,0,0,881.6,3,8,92.7,0,5,475.0,0,0,1438.6,0,0,881.6,3,9,92.7
316894917,02400624,1.6,44.9,0,1,779.6,0,1,779.6,0,4,528.8,2,4,207.9,0,0,1419.1,0,1,779.6,0,5,503.8
316894920,02400624,29.8,96.1,0,0,1082.5,0,1,576.4,1,8,177.5,1,6,177.5,0,0,1766.1,0,1,576.4,1,10,177.5
316894924,02500833,0.8,50.1,0,0,851.9,0,1,518.9,4,9,190.5,2,7,190.5,0,0,1733.5,0,1,518.9,5,11,190.5
316894925,02400624,12.6,26.8,0,0,1259.9,0,1,678.5,1,5,354.8,1,5,354.8,0,0,1761.5,0,1,678.5,1,7,354.8
316894928,02400624,5.2,29.6,0,1,748.1,0,1,748.1,0,4,497.2,2,4,196.5,0,0,1235.9,0,1,748.1,0,5,492.4
316894929,02400624,19.4,18.4,0,1,731.4,0,1,731.4,0,4,480.6,2,4,159.7,0,0,1370.9,0,1,731.4,0,5,455.6
316894931,02400624,1.9,43.9,0,1,778.5,0,1,778.5,0,4,527.7,2,4,206.8,0,0,1418.0,0,1,778.5,0,5,502.7
316894932,02500833,14.8,49.6,0,0,1077.8,0,1,768.0,3,10,205.0,2,5,200.9,0,0,1433.2,0,1,768.0,4,11,200.9
316894934,02400624,5.0,29.6,0,1,752.3,0,1,752.3,0,4,501.5,2,4,190.7,0,0,1241.8,0,1,752.3,0,5,486.6
316894936,02400624,4.9,56.7,0,0,906.6,0,0,830.1,1,6,382.7,2,5,365.8,0,0,1563.5,0,0,830.1,2,8,380.3
316894938,02500727,3.6,49.7,0,0,1530.0,1,1,261.8,3,7,261.8,1,2,261.8,0,0,inf,1,1,261.8,2,4,261.8
316894939,02400624,23.6,72.1,0,0,856.5,0,1,768.1,3,8,239.8,0,6,408.1,0,0,1605.8,0,1,768.1,3,10,239.8
316894940,02500727,115.2,21.9,0,0,1530.2,1,1,314.4,3,6,154.7,1,2,314.4,0,0,inf,1,1,314.4,2,4,257.4
316894941,02400624,9.6,12.1,0,0,1544.9,0,1,508.4,0,2,508.4,0,3,508.4,0,0,1955.3,0,1,508.4,0,3,508.4
316894944,02400624,8.4,43.2,0,0,1255.7,0,1,533.2,1,5,350.7,1,5,350.7,0,0,1757.4,0,1,533.2,1,7,350.7
316894948,02400624,12.0,78.6,0,0,1637.4,0,1,600.9,0,2,600.9,0,2,600.9,0,0,inf,0,1,600.9,0,2,600.9
316894949,02400624,41.9,16.3,0,0,1166.3,0,1,489.7,0,5,469.5,1,5,267.8,0,0,1516.3,0,1,489.7,1,8,267.8
316894950,02400624,19.0,16.9,0,0,1191.6,0,2,465.5,0,4,494.8,1,6,293.1,0,0,1541.7,0,2,465.5,1,7,293.1
316894951,02400624,19.4,34.4,0,1,751.5,0,1,751.5,0,4,500.6,2,4,179.7,0,0,1390.9,0,1,751.5,0,5,475.7
316894956,02400624,4.2,63.3,0,0,1057.4,0,1,551.3,1,8,152.3,1,6,152.3,0,0,1725.6,0,1,551.3,1,10,152.3
316894957,02400624,6.6,46.9,0,1,658.3,0,2,658.3,5,10,138.2,1,7,377.6,0,0,1676.1,0,2,658.3,5,11,138.2
316894959,02400624,13.9,79.9,0,0,932.3,0,0,850.7,0,6,408.4,1,5,391.5,0,0,1589.2,0,0,850.7,0,8,400.9
316894964,02400624,0.8,36.0,0,0,812.2,0,1,723.7,4,9,195.5,2,6,380.3,0,0,1578.0,0,1,723.7,4,10,195.5
316894965,02400624,18.0,67.5,0,0,1031.5,0,1,525.4,1,8,126.4,2,7,126.4,0,0,1759.9,0,1,525.4,2,10,126.4
316894966,02400624,13.7,12.0,0,0,1295.1,0,2,442.7,0,3,598.2,1,5,396.6,0,0,1565.5,0,2,442.7,1,5,396.6
316894967,02400624,4.9,31.2,0,1,640.9,0,1,640.9,3,7,171.1,1,6,386.0,0,0,1646.9,0,1,640.9,3,9,171.1
316894969,02400624,1.5,34.7,0,0,802.0,0,1,713.6,4,9,185.3,2,6,385.2,0,0,1585.5,0,1,713.6,4,10,185.3
316894971,02400624,20.8,19.5,0,1,636.4,0,1,636.4,1,5,385.5,2,4,136.4,0,0,1337.5,0,1,636.4,1,6,385.5
316894972,02400624,20.0,18.5,0,0,1317.7,0,2,616.5,0,4,412.6,0,6,412.6,0,0,1819.3,0,2,616.5,0,7,412.6
316894973,02400624,19.6,17.0,0,0,835.3,0,1,746.8,3,8,218.6,1,6,319.2,0,0,1516.9,0,1,746.8,3,10,218.6
316894974,02400624,4.6,28.8,0,0,1065.4,0,1,559.2,1,8,160.3,2,6,160.3,0,0,1648.7,0,1,559.2,2,10,160.3
316894977,02500833,8.1,47.6,0,0,1124.4,0,1,618.3,2,10,289.9,3,6,99.0,0,0,1632.9,0,1,618.3,3,12,99.0
316894978,02400624,7.2,45.1,0,1,771.2,0,2,682.8,5,10,154.5,1,7,354.4,0,0,1637.2,0,2,682.8,5,11,154.5
316894980,02500727,9.9,56.2,0,0,1589.1,0,1,469.1,2,5,213.6,0,1,469.1,0,0,inf,0,1,469.1,1,3,370.0
316894982,02400624,79.6,17.0,0,1,615.4,0,1,615.4,1,5,364.6,2,4,224.7,0,0,1271.4,0,1,615.4,1,6,364.6
316894985,02400624,23.6,14.7,0,0,928.0,0,1,724.8,0,6,404.0,2,6,274.9,0,0,1482.6,0,1,724.8,1,9,274.9
316894986,02500727,23.8,33.6,0,0,1562.8,1,1,305.3,3,6,187.2,1,2,305.3,0,0,inf,1,1,305.3,2,4,269.5
316894987,02400624,14.6,36.7,0,1,677.3,0,1,677.3,0,4,426.4,2,4,281.4,0,0,1249.0,0,1,677.3,0,5,426.4
316894990,02500833,8.9,51.2,0,0,1136.3,0,1,630.2,2,10,301.9,3,6,94.4,0,0,1628.3,0,1,630.2,3,12,94.4
316894991,02400624,22.0,42.8,0,0,845.4,0,1,756.9,3,8,228.7,1,6,360.6,0,0,1558.3,0,1,756.9,3,10,228.7
316894992,02400624,32.8,68.2,0,0,1053.4,0,1,547.3,1,8,148.3,1,7,148.3,0,0,1739.2,0,1,547.3,1,10,148.3
316894993,02500833,20.3,36.7,0,0,891.8,0,0,803.4,4,8,153.3,0,6,475.0,0,0,1509.4,0,0,803.4,4,10,153.3
316933471,02400624,62.6,11.3,0,0,1481.7,1,2,213.4,1,5,213.4,1,4,213.4,0,0,1889.9,1,2,213.4,1,5,213.4
316933473,02400624,77.5,5.4,0,0,1446.0,1,2,177.7,1,5,177.7,1,5,177.7,0,0,1913.7,1,2,177.7,1,6,177.7
316933474,02400624,388.4,13.2,0,0,1481.6,1,2,392.0,0,3,577.9,1,4,392.0,0,0,1530.2,1,2,392.0,1,5,392.0
317538564,02300315,28.6,42.5,0,0,1611.2,0,2,540.4,0,0,1611.2,2,9,150.6,0,0,1987.0,0,2,540.4,1,7,391.3
317538566,02300315,24.3,13.8,0,0,1580.7,0,2,509.9,0,0,1580.7,2,9,120.1,0,0,1960.1,0,2,509.9,1,7,364.4
317538570,02300316,12.2,30.1,0,0,1053.1,1,1,187.6,0,0,1053.1,2,5,187.6,0,0,1882.6,1,1,187.6,2,4,187.6
317538572,02300316,14.7,17.6,0,0,1040.6,1,1,175.1,0,0,1040.6,2,7,175.1,0,0,1870.1,1,1,175.1,2,5,175.1
317538577,02300316,14.4,12.2,0,0,1022.3,1,1,156.7,0,0,1022.3,2,8,156.7,0,0,1851.7,1,1,156.7,2,6,156.7
317538581,02300315,20.0,18.9,0,0,1656.4,0,2,620.3,0,0,1656.4,2,11,275.6,0,0,1814.8,0,2,620.3,1,7,287.8
317538583,02300316,13.0,53.5,0,0,1076.5,1,1,210.9,0,0,1076.5,2,5,210.9,0,0,1906.0,1,1,210.9,2,4,210.9
317538585,02300316,8.5,35.9,0,0,1058.9,1,1,193.3,0,0,1058.9,2,5,193.3,0,0,1888.4,1,1,193.3,2,4,193.3
317538586,02300315,28.0,34.8,0,0,1766.6,0,1,480.6,0,0,1766.6,3,11,215.4,0,0,1823.9,0,1,480.6,1,7,296.9
317538589,02300316,8.5,28.7,0,0,1051.7,1,1,186.1,0,0,1051.7,2,5,186.1,0,0,1881.1,1,1,186.1,2,4,186.1
317538592,02300316,16.5,38.9,0,0,1062.0,1,1,196.4,0,0,1062.0,2,5,196.4,0,0,1891.4,1,1,196.4,2,4,196.4
317538596,02300315,43.3,14.8,0,0,1578.5,0,2,543.6,0,0,1578.5,2,10,153.8,0,0,1928.4,0,2,543.6,1,7,332.7
317538599,02300315,32.7,50.0,0,0,1580.1,0,2,509.3,0,0,1580.1,1,9,119.5,0,0,inf,0,2,509.3,0,7,437.5
317538602,02300315,28.6,20.1,0,0,1610.8,0,2,619.8,0,0,1610.8,2,12,230.0,0,0,1862.8,0,2,619.8,1,8,335.8
317538606,02300315,43.1,16.7,0,0,1557.1,0,2,486.3,0,0,1557.1,2,9,96.5,0,0,1989.6,0,2,486.3,1,7,393.9
317538608,02300315,38.6,15.9,0,0,1774.3,0,1,475.2,0,0,1778.5,3,13,227.3,0,0,1774.3,0,1,475.2,1,8,247.3
317538609,02300315,27.4,43.1,0,0,1601.0,0,2,530.2,0,0,1601.0,1,9,140.4,0,0,1998.4,0,2,530.2,0,7,402.7
317538610,02300316,15.7,53.5,0,0,1131.6,1,1,204.4,0,0,1131.6,1,7,204.4,0,0,inf,1,1,204.4,1,5,204.4
317538611,02300315,25.1,14.3,0,0,1569.1,0,2,498.3,0,0,1569.1,2,9,108.5,0,0,1972.7,0,2,498.3,1,7,377.0
317538612,02300315,53.0,16.9,0,0,1657.8,1,2,389.9,0,0,1657.8,4,11,106.6,0,0,1896.9,1,2,389.9,3,8,343.6
317538613,02300315,30.5,16.7,0,0,1671.8,1,2,385.8,0,0,1671.8,4,12,120.6,0,0,1882.6,1,2,385.8,3,8,339.5
317538615,02300315,44.4,16.3,0,0,1720.9,0,2,434.9,0,0,1720.9,4,13,169.7,0,0,1832.5,0,2,434.9,2,9,305.5
317538616,02300315,26.2,21.1,0,0,1637.8,0,2,643.2,0,0,1637.8,2,11,257.0,0,0,1837.8,0,2,643.2,1,7,310.7
317538617,02300316,3.4,40.2,0,0,1063.2,1,1,197.7,0,0,1063.2,2,5,197.7,0,0,1892.7,1,1,197.7,2,4,197.7
317538620,02300315,1.9,31.5,0,0,1609.1,0,2,546.4,0,0,1609.1,2,9,156.6,0,0,1959.0,0,2,546.4,1,7,363.3
317538621,02300316,5.3,66.0,0,0,1167.9,1,1,302.3,0,0,1167.9,1,7,302.3,0,0,1756.6,1,1,302.3,1,6,302.3
317538622,02300316,1.3,53.6,0,0,1109.1,1,1,243.5,0,0,1109.1,1,7,243.5,0,0,1790.5,1,1,243.5,1,6,243.5
317538624,02300316,3.4,33.1,0,0,980.3,1,1,114.7,0,0,980.3,2,8,114.7,0,0,1878.3,1,1,114.7,2,6,114.7
317538626,02300316,2.3,65.6,0,0,1124.5,1,1,258.9,0,0,1124.5,1,7,258.9,0,0,1799.2,1,1,258.9,1,6,258.9
317538627,02300315,1.5,55.2,0,0,1710.8,0,2,424.8,0,0,1710.8,3,11,159.6,0,0,1920.6,0,2,424.8,2,8,378.5
317538628,02300316,7.5,49.7,0,0,1138.4,1,1,211.2,0,0,1138.4,1,6,211.2,0,0,inf,1,1,211.2,1,4,211.2
317538629,02300316,3.8,41.7,0,0,1153.1,1,1,287.5,0,0,1153.1,2,8,287.5,0,0,1722.7,1,1,287.5,2,6,287.5
317538630,02300316,8.1,20.2,0,0,976.6,1,1,111.0,0,0,976.6,2,9,111.0,0,0,1856.3,1,1,111.0,2,7,111.0
317538631,02300316,4.4,40.4,0,0,1032.9,1,1,105.7,0,0,1032.9,2,7,105.7,0,0,1943.1,1,1,105.7,2,5,105.7
317538632,02300315,1.8,42.4,0,0,1643.1,0,2,652.1,0,0,1643.1,2,10,262.3,0,0,1875.1,0,2,652.1,1,6,348.1
317538634,02300316,5.9,19.2,0,0,1124.1,1,1,258.5,0,0,1124.1,2,8,258.5,0,0,1706.8,1,1,258.5,2,6,258.5
317538635,02300315,27.6,56.2,0,0,1664.0,0,2,673.0,0,0,1664.0,2,10,283.2,0,0,1881.9,0,2,673.0,1,6,354.9
318803831,02200207,156.3,21.1,0,0,991.9,0,2,468.5,0,0,inf,0,4,512.0,0,0,1222.7,0,2,468.5,0,5,468.5
318803832,02200207,75.3,22.7,0,0,929.7,0,2,441.5,0,0,inf,0,5,441.5,0,0,1143.2,0,2,441.5,0,6,441.5
320178907,02400521,90.9,12.1,0,0,1548.0,0,0,990.7,1,4,266.4,0,2,461.8,0,0,1860.1,0,0,990.7,1,4,266.4
320358939,02300315,8.4,37.6,0,0,1475.8,0,1,573.3,0,0,1948.0,3,13,145.1,0,0,1475.8,0,1,573.3,2,8,145.1
320651023,02300418,11.2,42.9,0,0,inf,0,1,719.2,0,0,inf,0,5,446.7,0,0,inf,0,1,719.2,0,5,446.7
320780710,02100101,28.5,15.1,0,1,409.7,0,2,502.6,0,0,inf,1,10,97.6,0,0,980.3,0,3,409.7,1,9,97.6
320780711,02100101,70.7,15.8,0,1,477.5,0,1,535.9,0,0,inf,1,9,130.9,0,0,1048.1,0,2,477.5,1,8,130.9
321211417,02100102,32.5,16.4,0,0,910.7,0,2,467.9,0,0,inf,2,10,277.1,0,0,1594.4,0,2,467.9,1,8,346.1
321211420,02100102,113.2,56.0,0,0,963.1,0,2,637.2,0,0,inf,1,9,369.8,0,0,1646.8,0,2,637.2,1,7,369.8
321249038,02500836,16.0,20.7,0,0,1522.3,0,0,inf,0,0,inf,2,3,153.0,0,0,inf,0,0,1522.3,2,3,153.0
321249039,02500836,23.1,17.1,0,0,1685.7,0,0,inf,0,0,inf,2,3,316.4,0,0,inf,0,0,1685.7,2,3,316.4
321249040,02500836,22.8,39.2,0,0,1612.4,0,0,inf,0,0,inf,1,3,243.1,0,0,inf,0,0,1612.4,1,3,243.1
321249041,02500836,22.8,15.4,0,0,1597.7,0,0,inf,0,0,inf,2,3,228.4,0,0,inf,0,0,1597.7,2,3,228.4
321249042,02500836,25.5,8.0,0,0,1645.4,0,0,inf,0,0,inf,2,3,276.1,0,0,inf,0,0,1645.4,2,3,276.1
321249043,02500836,34.4,21.8,0,0,875.0,0,0,inf,0,0,1365.5,3,5,120.9,0,0,1490.4,0,0,875.0,1,3,271.4
321249044,02500836,25.2,15.8,0,0,1552.0,0,0,inf,0,0,inf,2,3,182.7,0,0,inf,0,0,1552.0,2,3,182.7
321249864,02500836,29.6,24.7,0,1,704.5,0,0,inf,0,0,1537.6,2,8,25.1,0,0,1319.9,0,1,704.5,1,6,25.1
321249865,02500836,16.7,15.3,0,1,726.6,0,0,inf,0,0,1559.7,2,6,123.1,0,0,1342.1,0,1,726.6,1,4,123.1
321388386,02300419,39.1,21.4,0,0,1718.4,0,0,848.4,0,0,1718.4,0,2,521.8,0,0,inf,0,0,848.4,0,1,798.3
321388387,02300419,27.2,20.4,0,0,1603.0,0,2,654.7,0,0,1603.0,1,6,328.1,0,0,inf,0,2,654.7,0,4,604.7
321388388,02300419,37.0,34.7,0,0,1247.5,1,2,320.3,0,0,1247.5,2,8,320.3,0,0,inf,1,2,320.3,1,7,320.3
321388390,02300419,12.8,33.1,0,0,1268.5,1,2,341.3,0,0,1268.5,2,8,341.3,0,0,inf,1,2,341.3,1,7,341.3
321948831,02100103,9.4,18.1,0,0,1211.7,0,1,628.5,0,0,inf,2,8,98.7,0,0,1895.4,0,1,628.5,2,6,98.7
322706886,02300315,10.7,16.8,0,0,1252.9,0,1,753.2,0,0,inf,3,14,132.8,0,0,1252.9,0,1,753.2,1,8,398.1
323444746,02500832,9.5,37.7,0,1,611.7,0,0,969.5,0,4,579.0,1,4,243.8,0,1,611.7,0,1,611.7,1,6,243.8
323657637,02500834,25.0,35.9,0,1,579.6,0,0,1241.5,0,1,445.2,1,3,329.9,0,1,579.6,0,1,579.6,1,3,329.9
327610194,02300419,1.5,49.1,0,0,1256.2,0,1,412.3,0,0,1256.2,0,5,412.3,0,0,inf,0,1,412.3,0,4,412.3
327610195,02300419,1.9,47.3,0,0,1261.8,0,1,417.9,0,0,1261.8,0,5,417.9,0,0,inf,0,1,417.9,0,4,417.9
327610196,02300419,24.4,20.8,0,0,1244.7,0,1,400.8,0,0,1244.7,0,5,400.8,0,0,inf,0,1,400.8,0,4,400.8
327610197,02300419,21.0,49.0,0,0,1174.8,0,1,577.7,0,0,1174.8,1,3,372.0,0,0,inf,0,1,577.7,1,3,372.0
327610198,02300419,16.5,52.0,0,0,1202.6,0,1,605.6,0,0,1202.6,1,3,399.8,0,0,inf,0,1,605.6,1,3,399.8
327610199,02300419,24.1,18.8,0,0,1148.6,1,1,304.7,0,0,1148.6,2,6,304.7,0,0,inf,1,1,304.7,2,4,304.7
327610200,02300419,23.6,17.7,0,0,1121.0,0,1,524.0,0,0,1121.0,1,5,318.2,0,0,inf,0,1,524.0,1,4,318.2
327610202,02300419,35.4,20.9,0,0,1319.6,0,1,475.7,0,0,1319.6,0,3,475.7,0,0,inf,0,1,475.7,0,2,475.7
327610203,02300419,26.9,17.6,0,0,1136.9,0,1,539.8,0,0,1136.9,1,5,334.1,0,0,inf,0,1,539.8,1,4,334.1
327610204,02300419,50.8,22.0,0,0,1137.4,1,1,346.7,0,0,1137.4,2,7,334.5,0,0,inf,1,1,346.7,2,5,334.5
327610205,02300419,48.1,60.1,0,0,1241.7,1,1,397.8,0,0,1241.7,1,5,397.8,0,0,inf,1,1,397.8,1,4,397.8
327610206,02300419,42.4,46.4,0,0,1323.6,0,1,479.7,0,0,1323.6,0,3,479.7,0,0,inf,0,1,479.7,0,2,479.7
327610207,02300419,8.4,38.5,0,0,1303.5,0,1,459.6,0,0,1303.5,0,4,459.6,0,0,inf,0,1,459.6,0,3,459.6
327610208,02300419,16.3,19.1,0,0,1162.7,1,1,318.8,0,0,1162.7,1,6,318.8,0,0,inf,1,1,318.8,1,4,318.8
327610209,02300419,8.3,38.5,0,0,1272.3,0,1,428.4,0,0,1272.3,0,5,428.4,0,0,inf,0,1,428.4,0,4,428.4
327610210,02300419,16.4,19.6,0,0,1284.4,0,1,440.5,0,0,1284.4,0,4,440.5,0,0,inf,0,1,440.5,0,3,440.5
327610211,02300419,3.7,35.1,0,0,1294.7,0,1,697.6,0,0,1294.7,0,4,491.9,0,0,inf,0,1,697.6,0,3,491.9
327610212,02300419,8.1,38.5,0,0,1318.6,0,1,474.7,0,0,1318.6,0,3,474.7,0,0,inf,0,1,474.7,0,2,474.7
327610213,02300419,4.4,47.3,0,0,1306.9,0,1,709.9,0,0,1306.9,0,4,504.1,0,0,inf,0,1,709.9,0,3,504.1
327610214,02300419,22.4,19.1,0,0,1171.2,0,1,574.2,0,0,1171.2,1,3,368.4,0,0,inf,0,1,574.2,1,3,368.4
327610215,02300419,15.5,19.1,0,0,1177.9,1,1,334.1,0,0,1177.9,1,5,334.1,0,0,inf,1,1,334.1,1,4,334.1
327610217,02300419,16.4,19.7,0,0,1269.4,0,1,425.5,0,0,1269.4,0,5,425.5,0,0,inf,0,1,425.5,0,4,425.5
327610218,02300419,16.2,19.4,0,0,1223.4,1,1,379.5,0,0,1223.4,1,5,379.5,0,0,inf,1,1,379.5,1,4,379.5
327610220,02300419,16.3,19.6,0,0,1254.4,0,1,410.5,0,0,1254.4,0,5,410.5,0,0,inf,0,1,410.5,0,4,410.5
327610221,02300419,0.8,57.9,0,0,1269.0,0,1,425.1,0,0,1269.0,0,5,425.1,0,0,inf,0,1,425.1,0,4,425.1
327610224,02300419,3.2,32.6,0,0,1169.5,1,1,335.6,0,0,1169.5,2,6,335.6,0,0,inf,1,1,335.6,2,4,335.6
327610225,02300419,1.5,39.1,0,0,1239.8,1,1,396.0,0,0,1239.8,1,5,396.0,0,0,inf,1,1,396.0,1,4,396.0
327610226,02300419,0.8,39.0,0,0,1210.3,1,1,366.4,0,0,1210.3,1,5,366.4,0,0,inf,1,1,366.4,1,4,366.4
327610227,02300419,10.2,15.0,0,0,1155.0,1,1,315.1,0,0,1155.0,2,7,315.1,0,0,inf,1,1,315.1,2,5,315.1
327610228,02300419,1.6,38.2,0,0,1246.5,0,1,402.6,0,0,1246.5,0,5,402.6,0,0,inf,0,1,402.6,0,4,402.6
327610229,02300419,4.8,35.4,0,0,1407.8,0,1,604.9,0,0,1407.8,0,3,604.9,0,0,inf,0,1,604.9,0,2,604.9
327610230,02300419,5.3,32.6,0,0,1103.1,0,1,506.0,0,0,1103.1,1,5,300.2,0,0,inf,0,1,506.0,1,4,300.2
327610231,02300419,1.6,38.0,0,0,1216.0,1,1,372.1,0,0,1216.0,1,5,372.1,0,0,inf,1,1,372.1,1,4,372.1
327610232,02300419,8.3,38.5,0,0,1288.5,0,1,444.6,0,0,1288.5,0,4,444.6,0,0,inf,0,1,444.6,0,3,444.6
327610233,02300419,22.7,14.4,0,0,1261.2,0,1,664.1,0,0,1261.2,0,4,458.3,0,0,inf,0,1,664.1,0,3,458.3
327610235,02300419,16.9,19.3,0,0,1208.2,1,1,364.3,0,0,1208.2,1,5,364.3,0,0,inf,1,1,364.3,1,4,364.3
327610236,02300419,19.4,17.9,0,0,1103.7,0,1,506.6,0,0,1103.7,1,5,300.9,0,0,inf,0,1,506.6,1,4,300.9
327610238,02300419,19.6,16.3,0,0,1219.3,0,1,622.3,0,0,1219.3,0,4,416.5,0,0,inf,0,1,622.3,0,3,416.5
327610239,02300419,16.8,20.4,0,0,1193.1,1,1,349.2,0,0,1193.1,1,5,349.2,0,0,inf,1,1,349.2,1,4,349.2
327610241,02300419,1.0,8.0,0,0,1266.7,0,1,669.6,0,0,1266.7,0,4,463.8,0,0,inf,0,1,669.6,0,3,463.8
327610242,02300419,28.9,41.3,0,0,1228.9,0,1,631.9,0,0,1228.9,0,4,426.1,0,0,inf,0,1,631.9,0,3,426.1
327610243,02300419,6.3,35.0,0,0,1228.5,1,1,384.6,0,0,1228.5,1,5,384.6,0,0,inf,1,1,384.6,1,4,384.6
327610244,02300419,21.8,18.1,0,0,1153.6,0,1,556.5,0,0,1153.6,1,5,350.8,0,0,inf,0,1,556.5,1,4,350.8
327610245,02300419,25.7,22.4,0,0,1388.9,0,1,597.7,0,0,1388.9,0,3,586.1,0,0,inf,0,1,597.7,0,2,586.1
331792267,02300419,46.6,21.3,0,0,1568.1,0,0,999.6,0,0,1568.1,0,6,468.0,0,0,inf,0,0,999.6,0,6,468.0
331792270,02300419,19.6,20.5,0,0,1380.8,0,1,783.8,0,0,1380.8,0,6,578.0,0,0,inf,0,1,783.8,0,5,578.0
331792272,02300419,26.8,25.7,0,0,1540.0,0,0,971.5,0,0,1540.0,0,5,505.1,0,0,inf,0,0,971.5,0,5,505.1
331792274,02300419,22.2,19.4,0,0,1212.6,0,1,644.1,0,0,1212.6,0,4,409.8,0,0,inf,0,1,644.1,0,4,409.8
331792275,02300419,53.3,16.7,0,0,1352.2,0,1,783.6,0,0,1352.2,0,5,549.4,0,0,inf,0,1,783.6,0,5,549.4
331792279,02300419,20.7,22.9,0,0,1454.1,0,0,885.6,0,0,1454.1,0,4,585.3,0,0,inf,0,0,885.6,0,4,585.3
331792281,02300419,36.0,35.8,0,0,1349.2,0,1,752.2,0,0,1349.2,0,4,546.4,0,0,inf,0,1,752.2,0,3,546.4
331792284,02300419,24.7,18.7,0,0,1195.0,0,1,626.5,0,0,1195.0,2,4,392.2,0,0,inf,0,1,626.5,2,4,392.2
331792286,02300419,29.2,60.2,0,0,1336.6,0,1,768.0,0,0,1336.6,0,4,533.7,0,0,inf,0,1,768.0,0,4,533.7
331792289,02300419,23.2,17.3,0,0,1219.2,0,1,622.1,0,0,1219.2,0,4,416.3,0,0,inf,0,1,622.1,0,3,416.3
331792291,02300419,26.2,17.9,0,0,1255.1,0,1,686.6,0,0,1255.1,0,4,452.3,0,0,inf,0,1,686.6,0,4,452.3
331792292,02300419,22.8,16.5,0,0,1271.6,0,1,703.0,0,0,1271.6,0,4,468.8,0,0,inf,0,1,703.0,0,4,468.8
331792294,02300419,21.7,19.1,0,0,1330.6,0,1,762.1,0,0,1330.6,0,5,527.8,0,0,inf,0,1,762.1,0,5,527.8
331792296,02300419,27.8,13.2,0,0,1178.5,0,1,581.5,0,0,1178.5,1,4,375.7,0,0,inf,0,1,581.5,1,3,375.7
331792298,02300419,19.1,14.9,0,0,1193.2,0,1,596.1,0,0,1193.2,1,4,390.4,0,0,inf,0,1,596.1,1,3,390.4
331792299,02300419,16.4,18.8,0,0,1299.5,0,1,730.9,0,0,1299.5,0,5,496.6,0,0,inf,0,1,730.9,0,5,496.6
331792301,02300419,16.0,18.9,0,0,1315.7,0,1,747.2,0,0,1315.7,0,5,512.9,0,0,inf,0,1,747.2,0,5,512.9
331792303,02300419,21.1,13.9,0,0,1161.2,0,1,564.1,0,0,1161.2,1,5,358.4,0,0,inf,0,1,564.1,1,4,358.4
331792308,02300419,16.4,18.9,0,0,1521.0,0,0,952.4,0,0,1521.0,0,5,510.5,0,0,inf,0,0,952.4,0,5,510.5
331792310,02300419,17.9,21.8,0,0,1469.8,0,0,901.3,0,0,1469.8,0,4,567.4,0,0,inf,0,0,901.3,0,4,567.4
331792312,02300419,21.4,24.3,0,0,1346.1,0,1,749.0,0,0,1346.1,0,5,543.3,0,0,inf,0,1,749.0,0,4,543.3
331792314,02300419,20.0,21.7,0,0,1364.4,0,1,767.3,0,0,1364.4,0,6,561.6,0,0,inf,0,1,767.3,0,5,561.6
331792315,02300419,18.4,19.2,0,0,1502.8,0,0,934.2,0,0,1502.8,0,5,529.3,0,0,inf,0,0,934.2,0,5,529.3
331792317,02300419,21.8,21.6,0,0,1486.8,0,0,918.3,0,0,1486.8,0,4,550.0,0,0,inf,0,0,918.3,0,4,550.0
331792319,02300419,23.3,17.5,0,0,1323.1,0,1,754.5,0,0,1323.1,0,5,520.3,0,0,inf,0,1,754.5,0,5,520.3
331792321,02300419,19.0,17.1,0,0,1235.2,0,1,638.1,0,0,1235.2,0,4,432.4,0,0,inf,0,1,638.1,0,3,432.4
331792323,02300419,43.1,20.3,0,0,1259.2,0,1,662.2,0,0,1259.2,0,4,456.4,0,0,inf,0,1,662.2,0,3,456.4
331792327,02300419,51.7,27.0,0,0,1252.0,0,1,683.4,0,0,1252.0,0,4,449.1,0,0,inf,0,1,683.4,0,4,449.1
331792329,02300419,38.6,22.4,0,0,1404.9,0,0,807.8,0,0,1404.9,0,4,602.1,0,0,inf,0,0,807.8,0,4,602.1
331792331,02300419,16.5,18.7,0,0,1284.2,0,1,715.7,0,0,1284.2,0,4,481.4,0,0,inf,0,1,715.7,0,4,481.4
331792332,02300419,19.8,21.4,0,0,1435.6,0,0,867.0,0,0,1435.6,0,4,600.8,0,0,inf,0,0,867.0,0,4,600.8
332802440,02500728,58.6,32.0,0,0,948.8,0,1,796.4,2,4,75.6,0,2,710.6,0,0,inf,0,1,796.4,0,2,710.6
332803547,02500729,31.4,15.8,0,0,882.8,0,0,877.7,1,3,258.8,0,1,727.1,0,0,inf,0,0,877.7,0,1,727.1
332804117,02500729,36.8,22.0,0,0,824.0,0,0,901.2,2,5,180.4,0,1,585.8,0,0,inf,0,0,824.0,0,2,585.8
332804118,02500729,29.2,16.1,0,0,897.8,0,0,848.3,2,4,191.3,0,1,659.6,0,0,inf,0,0,848.3,0,2,659.6
332804119,02500729,70.6,38.6,0,0,807.5,0,0,950.9,2,4,230.0,0,1,569.3,0,0,inf,0,0,807.5,0,2,569.3
332804121,02500729,2.5,58.4,0,0,810.2,0,0,987.8,2,4,267.0,0,1,572.0,0,0,inf,0,0,810.2,0,2,572.0
332804122,02500729,41.8,16.3,0,0,920.9,0,0,833.2,1,3,214.3,0,1,682.6,0,0,inf,0,0,833.2,0,1,682.6
332804123,02500729,62.1,46.5,0,0,931.2,0,0,890.8,1,3,271.9,0,1,740.2,0,0,inf,0,0,890.8,0,1,740.2
332827982,02500729,53.3,19.8,0,1,614.8,0,2,614.8,0,6,534.9,0,2,614.8,0,0,1861.8,0,2,614.8,0,4,614.8
333988485,02500726,17.0,15.6,0,0,1269.1,0,0,984.6,0,3,604.5,0,0,984.6,0,0,inf,0,0,984.6,0,1,723.8
334208131,02300314,5.2,26.6,0,0,1706.0,0,2,577.1,0,0,inf,4,13,281.8,0,0,1706.0,0,2,577.1,2,5,281.8
334208132,02300314,13.3,47.4,0,0,1673.8,0,2,544.9,0,0,inf,4,13,249.6,0,0,1673.8,0,2,544.9,2,6,249.6
334208133,02300314,31.1,52.8,0,0,1892.6,0,2,460.3,0,0,inf,3,13,169.9,0,0,1892.6,0,2,460.3,2,5,169.9
334208136,02300314,1.0,44.8,0,0,1717.9,0,2,520.1,0,0,inf,3,12,231.2,0,0,1717.9,0,2,520.1,1,5,231.2
334208137,02300314,1.6,27.2,0,0,1751.5,0,2,422.8,0,0,inf,3,15,27.6,0,0,1751.5,0,2,422.8,2,6,27.6
334208138,02300314,1.6,33.9,0,0,1695.3,1,3,391.2,0,0,inf,6,14,102.3,0,0,1695.3,1,3,391.2,4,6,102.3
334208139,02300314,1.5,31.3,0,0,1720.1,0,2,424.0,0,0,inf,3,15,66.5,0,0,1720.1,0,2,424.0,2,6,66.5
334208142,02300314,2.7,26.1,0,0,1676.7,1,3,394.2,0,0,inf,5,15,105.3,0,0,1676.7,1,3,394.2,3,6,105.3
334208143,02300314,4.0,40.2,0,0,1719.7,1,3,379.3,0,0,inf,6,13,90.3,0,0,1719.7,1,3,379.3,4,6,90.3
334208145,02300314,1.8,28.4,0,0,1720.7,1,3,354.8,0,0,inf,6,13,65.9,0,0,1720.7,1,3,354.8,4,6,65.9
334208146,02300314,4.4,51.9,0,0,1834.0,0,3,401.6,0,0,inf,4,13,112.6,0,0,1834.0,0,3,401.6,2,6,112.6
334208147,02300314,1.5,27.3,0,0,1709.9,0,2,418.8,0,0,inf,3,15,68.8,0,0,1709.9,0,2,418.8,2,6,68.8
334208148,02300314,1.8,44.2,0,0,1742.0,0,2,544.3,0,0,inf,3,12,255.3,0,0,1742.0,0,2,544.3,2,5,255.3
334208149,02300314,0.8,32.2,0,0,1812.3,0,2,483.6,0,0,inf,3,14,88.4,0,0,1812.3,0,2,483.6,2,6,88.4
335239796,02500835,54.6,15.5,0,0,1040.0,0,0,1336.0,0,0,1233.1,1,6,259.9,0,0,1216.6,0,0,1040.0,0,2,634.3
335239799,02500835,89.9,20.4,0,0,954.1,0,0,1431.5,0,0,1328.7,1,6,355.4,0,0,1294.3,0,0,954.1,0,2,650.6
336154171,02400521,3.3,14.1,0,0,1454.7,1,1,260.0,0,2,473.7,2,4,260.0,0,0,1477.5,1,1,260.0,1,3,260.0
338130660,02500832,32.1,17.7,0,1,643.4,0,2,643.4,2,5,208.1,0,4,533.1,0,0,1261.5,0,2,643.4,2,6,208.1
338616028,02500726,58.2,26.9,0,0,1077.2,0,0,1260.1,0,3,591.6,0,1,684.1,0,0,inf,0,0,1077.2,0,3,591.6
338616029,02500727,5.5,46.9,0,0,1381.5,0,1,695.6,2,5,271.9,0,1,695.6,0,0,inf,0,1,695.6,0,2,511.9
338616031,02400522,7.6,29.8,0,0,1539.6,0,0,1091.8,0,3,638.6,0,0,871.9,0,0,inf,0,0,1091.8,0,3,638.6
338616032,02400522,23.2,37.4,0,0,1705.5,0,1,782.3,0,2,647.3,0,1,782.3,0,0,1772.0,0,1,782.3,0,3,647.3
338616033,02400522,31.3,18.5,0,0,1610.5,0,0,998.3,0,3,545.0,0,0,942.8,0,0,inf,0,0,998.3,0,2,545.0
338616034,02500726,23.4,15.3,0,0,906.5,0,0,1222.8,0,3,420.9,0,1,513.4,0,0,inf,0,0,906.5,0,3,420.9
338616035,02500727,23.8,24.6,0,0,1320.1,0,1,791.3,2,6,149.8,0,1,791.3,0,0,inf,0,1,791.3,0,2,607.6
338616036,02500726,36.9,31.4,0,0,978.2,0,0,1126.4,2,6,275.0,1,1,374.6,0,0,inf,0,0,978.2,2,6,275.0
338616037,02400522,19.6,17.3,0,0,1461.3,0,0,1143.8,0,5,659.2,0,1,793.5,0,0,inf,0,0,1143.8,0,5,659.2
338616038,02500727,24.6,20.0,0,0,1502.5,0,1,520.7,3,6,97.1,0,1,520.7,0,0,inf,0,1,520.7,1,3,337.1
338616039,02400522,26.6,15.3,0,0,1548.2,0,0,1054.0,0,3,600.8,0,0,880.5,0,0,inf,0,0,1054.0,0,3,600.8
338616040,02400522,31.8,22.6,0,0,1047.4,0,0,1014.7,2,7,163.4,1,1,392.3,0,0,inf,0,0,1014.7,2,6,163.4
338616041,02500726,20.7,16.5,0,0,897.7,0,0,1173.4,1,6,322.0,0,1,414.5,0,0,inf,0,0,897.7,1,6,322.0
338616043,02500726,26.5,15.4,0,0,948.1,0,0,978.2,0,6,598.1,0,1,738.8,0,0,inf,0,0,948.1,0,4,665.6
338616044,02400522,24.1,19.3,0,0,1365.3,0,0,1040.7,0,5,563.2,0,1,697.6,0,0,inf,0,0,1040.7,0,5,563.2
338616045,02500726,25.5,21.0,0,1,731.2,0,0,1335.2,1,6,369.1,1,2,369.1,0,0,inf,0,1,731.2,1,6,369.1
338616046,02500726,21.4,38.3,0,0,1281.2,0,0,821.6,0,4,447.4,0,0,821.6,0,0,inf,0,0,821.6,0,1,560.9
338616047,02400522,42.6,22.2,0,0,1524.8,0,0,939.7,0,4,629.5,0,0,857.1,0,0,1901.7,0,0,939.7,0,4,629.5
338616048,02500726,58.1,15.7,0,1,778.3,0,0,1148.6,0,6,500.6,0,2,569.0,0,0,inf,0,1,778.3,0,4,500.6
338616049,02400522,31.5,38.0,0,0,1146.7,0,0,946.1,1,6,94.8,0,1,491.6,0,0,inf,0,0,946.1,1,5,94.8
338616050,02500727,37.8,20.8,0,0,1297.6,0,1,727.2,2,6,206.3,0,1,727.2,0,0,inf,0,1,727.2,0,2,543.5
338616051,02400522,27.6,37.0,0,0,1074.0,0,0,1016.8,1,7,165.5,0,1,418.9,0,0,inf,0,0,1016.8,1,6,165.5
338616056,02500726,21.5,14.7,0,0,870.1,0,0,1235.9,1,5,384.5,0,1,477.0,0,0,inf,0,0,870.1,1,5,384.5
338616057,02500726,35.6,16.8,0,0,921.5,0,0,1150.1,2,6,298.7,1,1,391.2,0,0,inf,0,0,921.5,2,6,298.7
338616058,02500726,24.4,13.6,0,0,949.8,0,0,1119.1,2,6,267.7,1,1,367.3,0,0,inf,0,0,949.8,2,6,267.7
338616059,02400522,31.2,37.8,0,0,1110.6,0,0,981.9,1,6,130.6,0,1,455.4,0,0,inf,0,0,981.9,1,5,130.6
338616060,02500726,35.9,18.6,0,0,877.2,0,0,1198.1,1,6,346.8,0,1,439.3,0,0,inf,0,0,877.2,1,6,346.8
338616061,02500726,12.4,16.2,0,1,795.6,0,0,1073.1,0,5,676.7,0,2,787.5,0,0,inf,0,1,795.6,0,3,727.9
338616062,02500727,30.0,24.9,0,0,1480.3,0,1,479.1,2,6,55.5,0,1,479.1,0,0,inf,0,1,479.1,1,3,295.4
338616064,02400522,30.6,22.5,0,0,1155.4,0,0,906.6,1,6,55.2,0,1,500.2,0,0,inf,0,0,906.6,1,5,55.2
338616065,02500727,35.4,31.6,0,0,1492.8,0,1,491.6,2,6,67.9,0,1,491.6,0,0,inf,0,1,491.6,1,3,307.9
338616066,02400522,16.5,40.8,0,0,1572.9,0,0,1078.9,0,3,625.6,0,0,905.2,0,0,inf,0,0,1078.9,0,3,625.6
338616070,02500726,41.8,16.6,0,0,970.4,0,0,958.3,0,5,578.2,0,1,761.0,0,0,inf,0,0,958.3,0,3,687.9
338616071,02400522,41.6,22.1,0,0,1662.4,0,0,953.5,0,3,500.2,0,0,953.5,0,0,inf,0,0,953.5,0,2,500.2
338616072,02400522,46.6,17.4,0,0,1504.8,0,0,1100.4,0,5,647.1,0,0,837.1,0,0,inf,0,0,1100.4,0,5,647.1
338616073,02400522,46.7,17.3,0,0,1522.6,0,0,1082.4,0,4,629.1,0,0,854.9,0,0,inf,0,0,1082.4,0,4,629.1
338616074,02500726,60.0,20.2,0,0,832.8,0,0,1103.1,0,5,555.1,0,1,623.5,0,0,inf,0,0,832.8,0,3,555.1
338616075,02400522,39.9,24.1,0,0,1778.6,0,1,725.9,0,3,487.1,0,1,725.9,0,0,1879.3,0,1,725.9,0,3,487.1
338616076,02500726,25.6,39.7,0,0,1408.6,0,0,949.1,0,3,574.8,0,0,949.1,0,0,inf,0,0,949.1,0,1,688.4
338616077,02400522,29.2,24.1,0,0,1315.1,0,0,1215.7,0,4,513.0,0,1,647.4,0,0,inf,0,0,1215.7,0,4,513.0
338616078,02400522,46.3,46.6,0,0,1607.1,0,0,915.1,0,2,588.7,0,0,915.1,0,0,1983.1,0,0,915.1,0,2,588.7
338616079,02500726,18.8,17.5,0,1,678.4,0,0,1344.6,0,6,414.8,0,2,414.8,0,0,inf,0,1,678.4,0,6,414.8
338616080,02400522,63.3,28.0,0,0,1438.6,0,0,1189.2,0,5,636.5,0,1,770.9,0,0,inf,0,0,1189.2,0,5,636.5
338616081,02500727,30.4,15.2,0,0,1350.7,0,1,662.9,2,5,239.2,0,1,662.9,0,0,inf,0,1,662.9,0,2,479.2
338616082,02400522,49.6,47.0,0,0,1558.6,0,0,1105.7,0,2,652.4,0,0,890.9,0,0,inf,0,0,1105.7,0,2,652.4
338616083,02400522,153.3,11.7,0,0,1401.7,0,0,1288.1,0,4,599.6,0,1,734.0,0,0,inf,0,0,1288.1,0,4,599.6
338616084,02400522,43.8,18.8,0,0,1540.2,0,0,1069.2,0,3,615.9,0,0,872.5,0,0,inf,0,0,1069.2,0,3,615.9
338616085,02400522,75.0,20.2,0,0,1420.4,0,0,1190.4,0,5,618.3,0,1,752.6,0,0,inf,0,0,1190.4,0,5,618.3
338616092,02500727,16.1,16.5,0,0,1509.3,0,1,626.4,2,5,202.8,0,1,626.4,0,0,inf,0,1,626.4,0,2,442.7
338616093,02400522,4.1,36.3,0,0,1568.7,0,1,711.3,1,4,277.2,0,1,711.3,0,0,inf,0,1,711.3,1,3,277.2
338616098,02500726,9.9,16.4,0,0,938.6,0,0,1116.4,0,5,529.5,0,1,622.0,0,0,inf,0,0,938.6,0,3,529.5
338616100,02500726,0.7,35.6,0,1,694.8,0,0,1271.9,0,5,485.4,0,2,485.4,0,0,inf,0,1,694.8,0,5,485.4
338616105,02400522,15.0,20.8,0,0,1173.4,0,0,885.1,1,5,33.7,0,1,518.3,0,0,inf,0,0,885.1,1,4,33.7
338616111,02500727,1.3,61.9,0,0,1390.6,0,1,716.3,2,5,292.7,0,1,716.3,0,0,inf,0,1,716.3,0,2,532.6
338616122,02500726,8.3,30.1,0,0,932.6,0,0,1110.3,0,5,562.9,0,1,655.4,0,0,inf,0,0,932.6,0,3,562.9
338616124,02400522,18.3,16.0,0,0,1479.4,0,0,1122.9,0,4,669.6,0,0,811.7,0,0,inf,0,0,1122.9,0,4,669.6
338616126,02400522,14.6,15.7,0,0,1330.2,0,0,1230.8,0,4,528.1,0,1,662.5,0,0,inf,0,0,1230.8,0,4,528.1
338616127,02400522,14.4,17.7,0,0,1310.3,0,0,1092.5,0,4,508.2,0,1,642.5,0,0,inf,0,0,1092.5,0,4,508.2
338616133,02500727,4.1,59.8,0,0,1417.7,0,1,760.9,2,6,162.3,0,1,760.9,0,0,inf,0,1,760.9,0,2,620.9
338616134,02500726,1.3,38.3,0,1,747.5,0,0,1165.3,0,6,679.9,0,2,739.5,0,0,inf,0,1,747.5,0,4,679.9
338616138,02500727,1.7,41.9,0,0,1380.0,0,1,687.1,2,5,263.4,0,1,687.1,0,0,inf,0,1,687.1,0,2,503.4
338616139,02400522,18.4,20.9,0,0,1027.9,0,0,1030.8,2,7,179.5,1,1,372.8,0,0,inf,0,0,1027.9,2,6,179.5
338616143,02500727,34.4,13.9,0,0,1324.3,0,1,686.8,2,5,233.1,0,1,686.8,0,0,inf,0,1,686.8,0,2,503.1
338616144,02400522,17.0,20.9,0,0,1451.2,0,0,957.9,0,5,649.1,0,1,783.5,0,0,1919.9,0,0,957.9,0,5,649.1
338616145,02500727,33.3,14.3,0,0,1377.0,0,1,634.8,2,5,211.2,0,1,634.8,0,0,inf,0,1,634.8,0,2,451.2
338616148,02400522,19.5,22.3,0,0,1710.5,0,0,897.4,0,3,444.2,0,0,897.4,0,0,inf,0,0,897.4,0,2,444.2
338616150,02400522,0.8,42.7,0,0,1540.7,0,0,1116.4,0,2,663.1,0,0,873.0,0,0,inf,0,0,1116.4,0,2,663.1
338616155,02500727,85.1,22.0,0,0,1452.9,0,1,451.6,2,6,28.0,0,1,451.6,0,0,inf,0,1,451.6,1,3,267.9
338616156,02400522,13.7,15.7,0,0,1295.7,0,0,1196.3,0,4,493.6,0,1,628.0,0,0,inf,0,0,1196.3,0,4,493.6
338616160,02500727,22.2,19.0,0,0,1502.8,0,1,501.5,3,6,77.9,0,1,501.5,0,0,inf,0,1,501.5,1,3,317.8
338616162,02500726,13.4,15.0,0,0,922.5,0,0,1206.1,0,3,436.9,0,1,529.4,0,0,inf,0,0,922.5,0,3,436.9
338616166,02500726,5.5,46.4,0,0,1415.3,0,0,955.7,0,3,581.5,0,0,955.7,0,0,inf,0,0,955.7,0,1,695.0
338616168,02400522,2.7,35.0,0,0,1555.1,0,0,1086.6,0,3,633.3,0,0,887.4,0,0,inf,0,0,1086.6,0,3,633.3
338616169,02500727,17.9,17.0,0,0,1476.0,0,1,660.7,2,6,220.5,0,1,660.7,0,0,inf,0,1,660.7,0,2,477.0
338616173,02400522,24.6,19.8,0,0,1413.4,0,0,993.6,0,5,611.3,0,1,745.7,0,0,1955.6,0,0,993.6,0,5,611.3
338616176,02500726,20.5,47.3,0,0,1075.9,0,0,1035.7,1,7,184.3,0,1,420.8,0,0,inf,0,0,1035.7,1,6,184.3
338616177,02500726,17.3,14.7,0,0,936.5,0,0,1191.5,0,3,450.9,0,1,543.4,0,0,inf,0,0,936.5,0,3,450.9
338616178,02500726,10.5,56.8,0,0,1425.7,0,0,966.2,0,3,591.9,0,0,966.2,0,0,inf,0,0,966.2,0,1,705.5
338616179,02400522,19.8,19.6,0,0,1621.1,0,0,847.1,0,3,520.7,0,0,847.1,0,0,1997.1,0,0,847.1,0,2,520.7
338616180,02400522,7.6,75.5,0,0,1636.2,0,0,943.7,0,2,617.3,0,0,943.7,0,0,inf,0,0,943.7,0,2,617.3
338616182,02500726,12.8,16.6,0,0,823.2,0,0,1248.0,1,5,396.7,0,1,489.2,0,0,inf,0,0,823.2,1,5,396.7
338616183,02400522,19.9,19.6,0,0,1604.8,0,0,863.4,0,3,536.9,0,0,863.4,0,0,1980.8,0,0,863.4,0,2,536.9
338616184,02500726,17.1,14.6,0,0,890.3,0,0,1237.7,0,4,404.7,0,1,497.2,0,0,inf,0,0,890.3,0,4,404.7
338616186,02500726,11.6,16.8,0,1,796.2,0,0,1227.4,0,4,424.0,0,2,516.5,0,0,inf,0,1,796.2,0,4,424.0
338616187,02500727,18.1,16.5,0,0,1491.9,0,1,643.8,2,5,220.2,0,1,643.8,0,0,inf,0,1,643.8,0,2,460.2
338616189,02500726,6.0,19.9,0,0,847.3,0,0,1230.5,3,6,301.2,1,1,301.2,0,0,inf,0,0,847.3,3,6,301.2
338616190,02500726,17.1,14.4,0,0,937.3,0,0,1190.3,0,3,451.7,0,1,544.2,0,0,inf,0,0,937.3,0,3,451.7
338616191,02500726,28.8,17.7,0,0,954.5,0,0,917.2,0,4,520.8,0,1,646.0,0,0,inf,0,0,917.2,0,1,656.5
338616192,02400522,15.2,18.9,0,0,1295.0,0,0,1110.0,0,4,492.9,0,1,627.3,0,0,inf,0,0,1110.0,0,4,492.9
338616194,02400522,25.8,20.6,0,0,1434.6,0,0,974.0,0,5,632.5,0,1,766.9,0,0,1936.0,0,0,974.0,0,5,632.5
338616196,02500726,16.1,14.4,0,0,886.7,0,0,1240.7,0,5,401.1,0,1,493.6,0,0,inf,0,0,886.7,0,5,401.1
338616197,02500726,18.0,17.3,0,0,809.8,0,0,1241.0,0,3,411.5,0,1,504.0,0,0,inf,0,0,809.8,0,3,411.5
338616198,02500726,1.3,38.7,0,1,759.6,0,0,1154.1,0,6,692.0,0,2,751.6,0,0,inf,0,1,759.6,0,4,692.0
338616199,02400522,4.4,32.2,0,0,1415.2,0,0,1220.9,0,5,613.1,0,1,747.5,0,0,inf,0,0,1220.9,0,5,613.1
338616202,02500726,3.9,43.0,0,0,1411.9,0,0,952.4,0,3,578.1,0,0,952.4,0,0,inf,0,0,952.4,0,1,691.6
338616203,02400522,34.8,19.7,0,0,1399.2,0,0,1007.6,0,5,597.1,0,1,731.4,0,0,1969.6,0,0,1007.6,0,5,597.1
338616205,02500726,17.8,20.0,0,0,1217.3,0,1,623.6,2,6,249.3,0,2,623.6,0,0,inf,0,1,623.6,1,3,362.8
338616206,02400522,31.4,22.4,0,0,1083.2,0,0,978.6,1,7,127.2,0,1,428.1,0,0,inf,0,0,978.6,1,6,127.2
338616208,02500727,17.9,15.8,0,0,1390.4,0,1,700.4,2,6,135.0,0,1,700.4,0,0,inf,0,1,700.4,0,2,560.4
338616209,02400522,42.5,17.5,0,0,1626.7,0,0,980.0,0,3,526.8,0,0,959.0,0,0,inf,0,0,980.0,0,2,526.8
338616211,02400522,23.4,19.1,0,0,1329.2,0,0,1076.3,0,4,527.1,0,1,661.5,0,0,inf,0,0,1076.3,0,4,527.1
338616212,02500727,15.7,16.1,0,0,1407.7,0,1,683.5,2,6,152.3,0,1,683.5,0,0,inf,0,1,683.5,0,2,543.5
338616213,02400522,31.8,16.6,0,0,1761.8,0,1,693.9,0,3,549.4,0,1,693.9,0,0,1805.7,0,1,693.9,0,3,549.4
338616214,02500726,1.0,43.7,0,1,754.8,0,0,1357.0,1,6,390.9,1,2,390.9,0,0,inf,0,1,754.8,1,6,390.9
338616215,02400522,24.4,19.5,0,0,1379.2,0,0,1027.1,0,5,577.1,0,1,711.5,0,0,1989.1,0,0,1027.1,0,5,577.1
338616216,02400522,17.9,37.0,0,0,1681.8,0,1,783.3,0,1,670.1,0,1,783.3,0,0,1773.0,0,1,783.3,0,2,670.1
338616217,02500726,11.3,39.2,0,0,1262.6,0,1,616.6,2,6,242.3,0,1,616.6,0,0,inf,0,1,616.6,1,3,355.9
338616218,02400522,20.2,19.0,0,0,1348.8,0,0,1056.5,0,5,546.7,0,1,681.0,0,0,inf,0,0,1056.5,0,5,546.7
338616219,02400522,31.1,22.6,0,0,1119.1,0,0,943.0,1,6,91.7,0,1,464.0,0,0,inf,0,0,943.0,1,5,91.7
338616220,02500726,1.8,54.7,0,0,1423.7,0,0,964.1,0,3,589.9,0,0,964.1,0,0,inf,0,0,964.1,0,1,703.4
338616221,02500726,7.4,38.6,0,0,1255.9,0,1,622.2,2,6,247.9,0,1,622.2,0,0,inf,0,1,622.2,1,3,361.4
338616222,02400522,1.4,43.3,0,0,1630.1,0,0,1028.3,0,3,575.0,0,0,962.3,0,0,inf,0,0,1028.3,0,2,575.0
338616223,02400522,26.5,15.7,0,0,1481.9,0,0,1121.2,0,4,668.0,0,0,814.2,0,0,inf,0,0,1121.2,0,4,668.0
338616224,02400522,44.2,27.3,0,0,1556.7,0,0,971.6,0,3,608.0,0,0,888.9,0,0,1933.6,0,0,971.6,0,3,608.0
338616225,02400522,26.3,15.4,0,0,1513.9,0,0,1088.6,0,4,635.3,0,0,846.2,0,0,inf,0,0,1088.6,0,4,635.3
338616226,02500726,17.3,15.4,0,0,906.3,0,0,1223.1,0,3,420.7,0,1,513.2,0,0,inf,0,0,906.3,0,3,420.7
338616227,02400522,41.2,21.7,0,0,1198.6,0,0,861.8,1,5,57.9,0,1,543.5,0,0,inf,0,0,861.8,1,4,57.9
338616228,02400522,21.0,15.0,0,0,1741.4,0,1,711.1,0,3,566.6,0,1,711.1,0,0,1807.9,0,1,711.1,0,3,566.6
338616229,02500726,24.4,22.1,0,0,1157.1,0,1,782.6,0,5,402.5,0,2,782.6,0,0,inf,0,1,782.6,0,2,521.9
338616230,02500726,15.2,44.0,0,0,1287.0,0,1,601.7,2,6,227.5,0,1,601.7,0,0,inf,0,1,601.7,1,3,341.0
338616231,02500726,17.4,15.4,0,0,920.1,0,0,1209.3,0,3,434.4,0,1,527.0,0,0,inf,0,0,920.1,0,3,434.4
338616232,02400522,27.4,32.5,0,0,1596.2,0,0,1040.7,0,3,587.4,0,0,928.4,0,0,inf,0,0,1040.7,0,3,587.4
338616233,02500726,21.4,16.8,0,0,806.4,0,0,1122.7,0,5,528.7,0,1,597.0,0,0,inf,0,0,806.4,0,3,528.7
338616234,02500726,16.8,38.7,0,1,695.6,0,0,1361.9,0,5,440.0,0,2,440.0,0,0,inf,0,1,695.6,0,5,440.0
339477345,02100101,2.0,50.9,0,0,938.7,0,3,437.3,0,0,inf,1,9,274.3,0,0,1622.4,0,3,437.3,0,6,404.6
339477349,02100101,1.1,43.3,0,0,931.1,0,3,429.7,0,0,inf,3,9,266.7,0,0,1614.8,0,3,429.7,1,6,397.0
339477351,02100101,1.1,40.9,0,1,705.5,0,2,425.9,0,0,inf,1,7,229.6,0,0,1389.2,0,3,425.9,1,4,229.6
339477353,02100101,0.8,42.5,0,1,700.1,0,2,420.5,0,0,inf,1,7,238.3,0,0,1383.7,0,3,420.5,1,4,238.3
339477354,02100101,22.8,43.1,0,0,930.9,0,3,429.5,0,0,inf,3,9,266.5,0,0,1614.6,0,3,429.5,1,6,396.8
339477355,02100101,3.2,54.1,0,1,744.6,0,2,465.0,0,0,inf,1,7,216.9,0,0,1428.3,0,3,465.0,1,4,216.9
340606524,02400521,11.0,39.6,0,0,1542.6,0,0,985.2,1,4,261.0,0,2,456.3,0,0,1920.7,0,0,985.2,1,4,261.0
340606529,02400521,9.4,21.8,0,0,1609.5,0,1,779.2,1,3,327.9,1,3,250.3,0,0,1808.3,0,1,779.2,1,4,327.9
340606536,02400520,125.6,11.3,0,0,1380.2,0,0,931.0,1,4,237.4,1,4,383.9,0,0,inf,0,0,931.0,1,4,237.4
340698537,02200209,23.2,13.9,0,0,1831.9,0,1,619.1,0,0,inf,0,5,619.1,0,0,inf,0,1,619.1,0,4,619.1
340698538,02200209,20.6,11.7,0,0,1778.0,0,1,565.2,0,0,inf,0,6,565.2,0,0,inf,0,1,565.2,0,5,565.2
340713654,02200209,17.8,11.0,0,0,1889.9,0,1,677.2,0,0,inf,0,5,677.2,0,0,inf,0,1,677.2,0,4,677.2
340713657,02200209,17.6,12.9,0,0,1844.3,0,1,631.5,0,0,inf,0,4,631.5,0,0,inf,0,1,631.5,0,4,631.5
340910470,02200210,1.0,33.0,0,0,inf,0,1,780.6,0,0,inf,3,7,198.9,0,0,inf,0,1,780.6,2,5,198.9
340910476,02200210,5.9,35.5,0,0,1962.2,0,1,618.6,0,0,inf,3,7,190.3,0,0,inf,0,1,618.6,2,6,231.0
340910477,02200210,11.0,38.8,0,0,1969.8,0,2,705.0,0,0,inf,3,9,138.9,0,0,inf,0,2,705.0,2,7,138.9
340910478,02200210,9.2,25.2,0,0,inf,0,1,762.7,0,0,inf,4,7,181.0,0,0,inf,0,1,762.7,3,5,181.0
340910479,02200210,10.2,6.9,0,0,inf,0,2,740.0,0,0,inf,4,9,158.4,0,0,inf,0,2,740.0,3,7,158.4
340910480,02200210,4.8,15.5,0,0,inf,0,2,751.9,0,0,inf,4,8,170.2,0,0,inf,0,2,751.9,3,6,170.2
340910481,02200210,6.8,8.5,0,0,inf,0,2,738.5,0,0,inf,4,9,156.8,0,0,inf,0,2,738.5,3,7,156.8
340910483,02200210,10.6,19.0,0,0,inf,0,1,755.4,0,0,inf,4,7,173.7,0,0,inf,0,1,755.4,3,5,173.7
340910486,02200210,17.8,40.7,0,0,1995.1,0,2,730.4,0,0,inf,3,9,117.3,0,0,inf,0,2,730.4,2,7,117.3
340910488,02200210,5.7,37.7,0,0,1994.9,0,2,716.9,0,0,inf,3,9,88.1,0,0,inf,0,2,716.9,2,7,88.1
340910490,02200210,7.0,37.6,0,0,inf,0,1,584.8,0,0,inf,3,7,156.5,0,0,inf,0,1,584.8,2,6,269.0
340934390,02200210,10.1,43.6,0,0,inf,0,1,726.6,0,0,inf,4,7,112.0,0,0,inf,0,1,726.6,3,6,112.0
340934392,02200210,9.9,42.9,0,0,inf,0,1,747.1,0,0,inf,4,7,132.4,0,0,inf,0,1,747.1,3,6,132.4
340934394,02200210,33.3,41.2,0,0,inf,0,2,711.0,0,0,inf,1,8,199.7,0,0,inf,0,2,711.0,1,6,199.7
340934397,02200210,13.6,36.0,0,0,inf,0,1,455.7,0,0,inf,2,6,266.1,0,0,inf,0,1,455.7,1,5,332.5
340934398,02200210,3.8,39.1,0,0,inf,0,2,745.0,0,0,inf,1,8,233.7,0,0,inf,0,2,745.0,1,6,233.7
340934399,02200210,11.8,43.0,0,0,inf,0,1,774.4,0,0,inf,4,7,118.2,0,0,inf,0,1,774.4,3,6,118.2
340934400,02200210,39.5,21.3,0,0,inf,0,1,435.5,0,0,inf,2,5,83.6,0,0,inf,0,1,435.5,1,4,223.1
340934402,02200210,0.9,55.6,0,0,inf,0,1,702.2,0,0,inf,4,8,130.6,0,0,inf,0,1,702.2,3,6,130.6
340934403,02200210,16.4,63.7,0,0,inf,0,1,730.3,0,0,inf,1,7,298.6,0,0,inf,0,1,730.3,1,5,298.6
340934404,02200210,0.9,38.7,0,0,inf,0,1,534.9,0,0,inf,3,6,105.1,0,0,inf,0,1,534.9,2,5,244.6
340934405,02200210,16.5,73.6,0,0,inf,0,1,706.5,0,0,inf,4,7,134.8,0,0,inf,0,1,706.5,3,6,134.8
340934406,02200210,1.4,44.6,0,0,inf,0,1,684.4,0,0,inf,1,7,173.0,0,0,inf,0,1,684.4,1,5,173.0
340934407,02200210,1.6,41.5,0,0,inf,0,1,687.9,0,0,inf,1,7,176.5,0,0,inf,0,1,687.9,1,5,176.5
340934409,02200210,11.2,48.1,0,0,inf,0,1,708.8,0,0,inf,1,7,288.8,0,0,inf,0,1,708.8,1,5,288.8
340934410,02200210,15.8,19.4,0,0,inf,0,1,536.1,0,0,inf,3,6,106.2,0,0,inf,0,1,536.1,2,5,245.8
340934411,02200210,15.7,16.0,0,0,inf,0,1,430.3,0,0,inf,3,6,240.8,0,0,inf,0,1,430.3,2,5,317.9
340934412,02200210,10.3,43.4,0,0,inf,0,1,763.2,0,0,inf,4,7,140.2,0,0,inf,0,1,763.2,3,6,140.2
340934414,02200210,16.2,23.5,0,0,inf,0,2,687.9,0,0,inf,4,9,116.3,0,0,inf,0,2,687.9,3,7,116.3
342995993,02200213,15.1,15.9,0,0,inf,1,1,157.3,0,0,inf,1,6,157.3,0,0,inf,1,1,157.3,1,4,157.3
342995996,02200212,29.2,40.5,0,0,inf,1,1,93.4,0,0,inf,2,6,93.4,0,0,inf,1,1,93.4,1,3,93.4
342996001,02200213,8.1,35.5,0,0,inf,0,1,463.1,0,0,inf,1,6,301.2,0,0,inf,0,1,463.1,1,4,301.2
342996007,02200212,6.1,39.4,0,0,inf,0,1,658.8,0,0,inf,3,7,296.9,0,0,inf,0,1,658.8,2,5,296.9
342996011,02200213,5.4,28.7,0,0,inf,0,2,458.1,0,0,inf,0,7,458.1,0,0,inf,0,2,458.1,0,5,458.1
342996016,02200212,9.1,24.3,0,0,inf,0,1,553.8,0,0,inf,0,5,447.5,0,0,inf,0,1,553.8,0,4,447.5
342996020,02200212,20.7,24.4,0,0,inf,0,1,538.8,0,0,inf,2,5,213.3,0,0,inf,0,1,538.8,1,3,387.0
342996024,02200212,20.6,44.5,0,0,inf,0,1,629.3,0,0,inf,2,6,262.0,0,0,inf,0,1,629.3,1,4,262.0
342996030,02200213,40.1,21.0,0,0,inf,0,1,454.9,0,0,inf,1,8,248.6,0,0,inf,0,1,454.9,1,5,248.6
342996034,02200213,34.3,19.7,0,0,inf,1,1,105.3,0,0,inf,1,9,105.3,0,0,inf,1,1,105.3,1,5,105.3
342996038,02200212,14.1,50.9,0,0,inf,0,1,675.1,0,0,inf,3,7,296.1,0,0,inf,0,1,675.1,2,5,296.1
342996042,02200212,22.3,18.6,0,0,inf,0,1,592.3,0,0,inf,2,6,247.2,0,0,inf,0,1,592.3,1,4,247.2
342996047,02200213,19.6,14.8,0,0,inf,0,2,429.4,0,0,inf,0,7,429.4,0,0,inf,0,2,429.4,0,5,429.4
342996051,02200213,7.7,37.8,0,0,inf,0,2,587.0,0,0,inf,0,6,447.4,0,0,inf,0,2,587.0,0,4,536.7
342996055,02200213,21.8,46.9,0,0,inf,0,1,450.9,0,0,inf,1,6,336.1,0,0,inf,0,1,450.9,1,4,336.1
342996058,02200212,19.3,50.3,0,0,inf,1,1,266.7,0,0,inf,2,6,266.7,0,0,inf,1,1,266.7,1,4,266.7
342996062,02200212,27.9,19.1,0,0,inf,0,1,619.7,0,0,inf,2,6,220.8,0,0,inf,0,1,619.7,1,4,220.8
342996065,02200213,9.2,39.0,0,0,inf,0,2,415.1,0,0,inf,1,6,211.1,0,0,inf,0,2,415.1,0,4,415.1
342996071,02200213,6.2,27.7,0,0,inf,0,2,451.5,0,0,inf,0,7,451.5,0,0,inf,0,2,451.5,0,5,451.5
342996076,02200213,17.7,23.2,0,0,inf,0,2,492.8,0,0,inf,0,6,488.0,0,0,inf,0,2,492.8,0,4,488.0
342996080,02200212,1.7,43.8,0,0,inf,0,1,593.7,0,0,inf,2,6,268.2,0,0,inf,0,1,593.7,1,4,296.0
342996084,02200212,6.5,44.6,0,0,inf,1,1,246.6,0,0,inf,2,5,246.6,0,0,inf,1,1,246.6,1,3,246.6
342996089,02200213,8.6,34.1,0,0,inf,0,1,433.4,0,0,inf,1,6,328.1,0,0,inf,0,1,433.4,1,4,328.1
342996092,02200212,13.7,66.5,0,0,inf,0,1,642.9,0,0,inf,2,7,264.0,0,0,inf,0,1,642.9,2,5,264.0
342996096,02200213,8.0,34.7,0,0,inf,1,1,277.4,0,0,inf,1,5,277.4,0,0,inf,1,1,277.4,1,4,277.4
342996100,02200213,21.4,43.8,0,0,inf,0,2,414.3,0,0,inf,0,6,414.3,0,0,inf,0,2,414.3,0,5,414.3
342996104,02200212,14.0,43.6,0,0,inf,0,1,664.5,0,0,inf,2,7,140.3,0,0,inf,0,1,664.5,2,5,140.3
342996108,02200212,5.8,39.7,0,0,inf,0,1,620.2,0,0,inf,2,7,294.7,0,0,inf,0,1,620.2,1,5,336.1
342996112,02200212,42.0,13.8,0,0,inf,0,1,541.0,0,0,inf,2,8,162.0,0,0,inf,0,1,541.0,2,6,162.0
342996116,02200213,7.8,37.9,0,0,inf,0,2,451.2,0,0,inf,1,7,247.3,0,0,inf,0,2,451.2,0,5,451.2
342996119,02200213,18.1,44.7,0,0,inf,0,1,588.2,0,0,inf,1,6,340.9,0,0,inf,0,1,588.2,1,4,340.9
342996121,02200213,11.4,48.4,0,0,inf,0,2,566.5,0,0,inf,1,5,362.6,0,0,inf,0,2,566.5,0,4,566.5
342996124,02200212,20.8,39.5,0,0,inf,1,1,234.9,0,0,inf,2,5,171.4,0,0,inf,1,1,234.9,1,3,234.9
342996126,02200213,22.8,23.3,0,0,inf,0,2,563.8,0,0,inf,1,6,359.9,0,0,inf,0,2,563.8,0,4,563.8
342996128,02200213,21.8,21.9,0,0,inf,0,2,642.0,0,0,inf,1,8,366.7,0,0,inf,0,2,642.0,1,5,366.7
342996130,02200212,9.8,9.6,0,0,inf,0,1,754.9,0,0,inf,1,7,301.9,0,0,inf,0,1,754.9,1,5,301.9
342996132,02200213,21.0,44.9,0,0,inf,0,1,410.4,0,0,inf,1,6,372.8,0,0,inf,0,1,410.4,1,4,372.8
342996133,02200213,7.2,39.4,0,0,inf,0,2,587.3,0,0,inf,1,6,383.4,0,0,inf,0,2,587.3,0,4,587.3
342996135,02200212,6.7,35.8,0,0,inf,0,2,734.9,0,0,inf,1,8,135.3,0,0,inf,0,2,734.9,1,6,135.3
342996136,02200212,20.1,31.4,0,0,inf,1,1,245.8,0,0,inf,2,6,245.8,0,0,inf,1,1,245.8,1,4,245.8
342996137,02200213,44.5,20.6,0,0,inf,1,2,351.9,0,0,inf,2,6,351.9,0,0,inf,1,2,351.9,1,5,351.9
342996138,02200212,14.9,38.2,0,0,inf,1,1,139.9,0,0,inf,2,6,139.9,0,0,inf,1,1,139.9,1,3,139.9
342996139,02200212,11.2,46.2,0,0,inf,0,1,583.2,0,0,inf,2,7,204.2,0,0,inf,0,1,583.2,2,5,204.2
342996140,02200213,19.6,21.4,0,0,inf,0,1,601.6,0,0,inf,2,8,143.1,0,0,inf,0,1,601.6,2,6,143.1
342996141,02200213,21.9,25.7,0,0,inf,0,2,552.9,0,0,inf,1,6,349.0,0,0,inf,0,2,552.9,0,4,552.9
342996142,02200212,5.9,35.9,0,0,inf,0,1,635.9,0,0,inf,2,6,238.2,0,0,inf,0,1,635.9,1,4,238.2
342996143,02200213,11.2,18.6,0,0,inf,1,1,205.2,0,0,inf,1,5,205.2,0,0,inf,1,1,205.2,1,4,205.2
342996144,02200212,15.5,50.9,0,0,inf,0,1,625.2,0,0,inf,2,7,299.7,0,0,inf,0,1,625.2,1,5,353.6
342996145,02200212,23.2,52.5,0,0,inf,0,1,665.7,0,0,inf,2,7,316.3,0,0,inf,0,1,665.7,1,5,316.3
342996146,02200212,38.4,24.4,0,0,inf,0,1,580.1,0,0,inf,2,7,254.6,0,0,inf,0,1,580.1,1,5,345.6
342996147,02200213,43.8,31.0,0,0,inf,1,2,219.3,0,0,inf,2,7,217.5,0,0,inf,1,2,219.3,1,5,219.3
342996148,02200213,14.8,37.8,0,0,inf,1,1,395.5,0,0,inf,2,6,373.5,0,0,inf,1,1,395.5,2,4,373.5
342996149,02200212,24.3,24.3,0,0,inf,0,1,561.3,0,0,inf,2,7,235.8,0,0,inf,0,1,561.3,1,5,364.2
342996150,02200213,16.0,42.2,0,0,inf,0,2,618.8,0,0,inf,0,6,414.9,0,0,inf,0,2,618.8,0,4,577.8
342996151,02200212,11.5,44.5,0,0,inf,0,1,595.7,0,0,inf,2,6,270.2,0,0,inf,0,1,595.7,1,4,370.3
342996152,02200213,24.3,18.5,0,0,inf,1,1,228.6,0,0,inf,1,5,228.6,0,0,inf,1,1,228.6,1,4,228.6
342996154,02200213,8.0,34.1,0,0,inf,0,1,467.4,0,0,inf,1,6,294.1,0,0,inf,0,1,467.4,1,4,294.1
342996155,02200212,14.0,74.8,0,0,inf,0,1,720.3,0,0,inf,2,7,146.9,0,0,inf,0,1,720.3,2,5,146.9
342996156,02200213,23.4,41.7,0,0,inf,0,2,410.8,0,0,inf,0,6,410.8,0,0,inf,0,2,410.8,0,5,410.8
342996157,02200213,14.1,38.5,0,0,inf,0,2,477.2,0,0,inf,0,6,477.2,0,0,inf,0,2,477.2,0,4,477.2
342996158,02200213,29.8,18.7,0,0,inf,0,2,568.2,0,0,inf,0,6,434.1,0,0,inf,0,2,568.2,0,4,434.1
342996159,02200212,18.8,12.1,0,0,inf,1,1,227.8,0,0,inf,2,6,227.8,0,0,inf,1,1,227.8,1,4,227.8
342996160,02200213,20.2,20.9,0,0,inf,1,2,396.8,0,0,inf,1,6,396.8,0,0,inf,1,2,396.8,1,5,396.8
342996161,02200213,17.1,39.1,0,0,inf,0,2,431.6,0,0,inf,1,6,227.7,0,0,inf,0,2,431.6,0,4,431.6
342996162,02200212,18.6,22.7,0,0,inf,0,1,629.9,0,0,inf,3,7,251.0,0,0,inf,0,1,629.9,2,5,251.0
342996163,02200213,16.8,37.3,0,0,inf,1,1,206.0,0,0,inf,2,10,206.0,0,0,inf,1,1,206.0,2,6,206.0
342996164,02200212,58.8,25.0,0,0,inf,0,2,655.9,0,0,inf,2,7,196.4,0,0,inf,0,2,655.9,1,5,196.4
342996165,02200213,29.0,21.8,0,0,inf,0,1,408.7,0,0,inf,1,8,296.4,0,0,inf,0,1,408.7,1,5,296.4
342996166,02200213,19.9,38.8,0,0,inf,0,2,410.3,0,0,inf,1,7,322.4,0,0,inf,0,2,410.3,0,5,410.3
342996167,02200212,8.1,41.9,0,0,inf,0,1,628.4,0,0,inf,2,7,302.9,0,0,inf,0,1,628.4,1,5,332.3
342996168,02200212,19.0,45.4,0,0,inf,0,2,720.4,0,0,inf,2,8,172.7,0,0,inf,0,2,720.4,1,6,172.7
342996169,02200212,18.0,66.1,0,0,inf,0,2,742.4,0,0,inf,1,8,192.1,0,0,inf,0,2,742.4,1,6,192.1
342996170,02200212,8.9,43.4,0,0,inf,1,1,156.3,0,0,inf,1,6,156.3,0,0,inf,1,1,156.3,1,4,156.3
342996171,02200212,11.3,24.7,0,0,inf,0,1,688.4,0,0,inf,2,7,235.4,0,0,inf,0,1,688.4,1,5,235.4
342996172,02200213,19.7,43.7,0,0,inf,0,1,572.1,0,0,inf,1,6,324.8,0,0,inf,0,1,572.1,1,4,324.8
342996173,02200212,22.2,45.3,0,0,inf,0,1,575.5,0,0,inf,1,5,250.0,0,0,inf,0,1,575.5,0,3,484.4
342996174,02200213,42.3,18.5,0,0,inf,1,1,350.6,0,0,inf,3,9,348.0,0,0,inf,1,1,350.6,3,6,348.0
342996175,02200212,23.3,22.5,0,0,inf,0,2,681.8,0,0,inf,2,8,165.5,0,0,inf,0,2,681.8,1,6,165.5
342996176,02200212,16.2,12.7,0,0,inf,0,1,741.5,0,0,inf,1,7,288.5,0,0,inf,0,1,741.5,1,5,288.5
342996177,02200213,17.1,42.8,0,0,inf,0,2,493.0,0,0,inf,1,6,289.1,0,0,inf,0,2,493.0,0,4,493.0
342996178,02200213,41.0,25.4,0,0,inf,0,1,596.4,0,0,inf,2,8,146.9,0,0,inf,0,1,596.4,2,6,146.9
342996179,02200213,17.9,36.9,0,0,inf,0,2,460.4,0,0,inf,1,7,256.5,0,0,inf,0,2,460.4,0,5,460.4
342996180,02200213,50.4,16.4,0,0,inf,0,1,581.2,0,0,inf,3,8,113.1,0,0,inf,0,1,581.2,3,5,113.1
342996181,02200212,55.4,19.8,0,0,inf,0,2,676.6,0,0,inf,3,10,77.0,0,0,inf,0,2,676.6,3,7,77.0
342996183,02200213,21.9,43.5,0,0,inf,0,2,472.6,0,0,inf,1,6,269.6,0,0,inf,0,2,472.6,0,4,472.6
342996184,02200213,24.3,45.0,0,0,inf,0,2,464.2,0,0,inf,0,6,464.2,0,0,inf,0,2,464.2,0,5,464.2
342996185,02200212,22.0,50.3,0,0,inf,0,2,701.0,0,0,inf,2,9,117.2,0,0,inf,0,2,701.0,2,7,117.2
342996186,02200213,21.5,41.2,0,0,inf,0,2,427.1,0,0,inf,1,7,310.5,0,0,inf,0,2,427.1,0,5,427.1
342996187,02200213,19.6,43.5,0,0,inf,1,1,171.9,0,0,inf,2,9,171.9,0,0,inf,1,1,171.9,2,5,171.9
342996188,02200212,53.4,26.5,0,0,inf,0,1,623.5,0,0,inf,2,7,147.2,0,0,inf,0,1,623.5,2,5,147.2
342996189,02200213,31.9,20.4,0,0,inf,0,2,647.8,0,0,inf,2,9,223.9,0,0,inf,0,2,647.8,2,6,223.9
342996190,02200212,28.5,39.4,0,0,inf,1,1,295.0,0,0,inf,2,5,111.2,0,0,inf,1,1,295.0,1,3,295.0
342996191,02200212,21.2,47.8,0,0,inf,0,2,674.8,0,0,inf,2,8,138.4,0,0,inf,0,2,674.8,2,6,138.4
342996193,02200212,11.9,25.2,0,0,inf,0,1,705.1,0,0,inf,2,7,252.1,0,0,inf,0,1,705.1,1,5,252.1
342996194,02200213,42.0,23.5,0,0,inf,1,2,99.6,0,0,inf,2,7,99.6,0,0,inf,1,2,99.6,1,5,99.6
342996195,02200213,23.8,44.6,0,0,inf,0,2,451.1,0,0,inf,1,7,293.2,0,0,inf,0,2,451.1,0,5,451.1
342996198,02200213,28.9,17.3,0,0,inf,1,1,145.9,0,0,inf,2,9,145.9,0,0,inf,1,1,145.9,2,5,145.9
342996199,02200212,28.0,45.5,0,0,inf,1,1,254.7,0,0,inf,2,5,163.6,0,0,inf,1,1,254.7,1,3,254.7
342996200,02200213,21.8,45.8,0,0,inf,0,2,456.8,0,0,inf,1,6,252.9,0,0,inf,0,2,456.8,0,4,456.8
342996201,02200213,68.2,28.9,0,0,inf,1,2,193.2,0,0,inf,2,7,193.2,0,0,inf,1,2,193.2,1,5,193.2
342996203,02200212,40.9,35.4,0,0,inf,0,2,721.0,0,0,inf,3,10,59.8,0,0,inf,0,2,721.0,3,7,59.8
342996204,02200212,8.7,74.9,0,0,inf,0,2,768.4,0,0,inf,1,8,183.5,0,0,inf,0,2,768.4,1,6,183.5
342996206,02200213,79.7,29.2,0,0,inf,1,2,346.8,0,0,inf,2,7,142.9,0,0,inf,1,2,346.8,1,5,346.8
342996207,02200213,26.2,19.4,0,0,inf,0,2,503.2,0,0,inf,0,6,469.9,0,0,inf,0,2,503.2,0,4,469.9
342996208,02200212,27.7,49.1,0,0,inf,0,2,715.8,0,0,inf,2,9,100.0,0,0,inf,0,2,715.8,2,7,100.0
342996210,02200212,37.6,51.7,0,0,inf,0,1,581.2,0,0,inf,0,4,474.9,0,0,inf,0,1,581.2,0,3,474.9
342996211,02200212,48.4,23.3,0,0,inf,0,1,611.4,0,0,inf,3,7,232.4,0,0,inf,0,1,611.4,2,5,232.4
342996212,02200213,37.6,25.6,0,0,inf,1,2,82.9,0,0,inf,2,8,82.9,0,0,inf,1,2,82.9,1,6,82.9
342996213,02200213,78.1,26.7,0,0,inf,1,1,200.1,0,0,inf,1,5,200.1,0,0,inf,1,1,200.1,1,4,200.1
342996214,02200213,47.4,61.7,0,0,inf,1,1,387.9,0,0,inf,2,7,387.9,0,0,inf,1,1,387.9,2,5,387.9
342996217,02200213,6.8,40.6,0,0,inf,0,2,668.5,0,0,inf,2,9,130.3,0,0,inf,0,2,668.5,2,7,130.3
342996218,02200212,0.7,6.0,0,0,inf,0,1,471.0,0,0,inf,1,5,364.7,0,0,inf,0,1,471.0,1,4,364.7
342996219,02200213,16.8,15.0,0,0,inf,1,1,136.5,0,0,inf,1,7,136.5,0,0,inf,1,1,136.5,1,5,136.5
342996220,02200213,16.0,39.8,0,0,inf,1,1,287.1,0,0,inf,1,5,287.1,0,0,inf,1,1,287.1,1,4,287.1
342996222,02200213,8.9,58.0,0,0,inf,0,2,569.4,0,0,inf,1,4,365.5,0,0,inf,0,2,569.4,0,3,569.4
342996224,02200212,23.2,17.1,0,0,inf,0,1,581.7,0,0,inf,2,6,254.7,0,0,inf,0,1,581.7,1,4,254.7
342996226,02200212,1.6,28.8,0,0,inf,1,1,290.2,0,0,inf,3,6,290.2,0,0,inf,1,1,290.2,2,4,290.2
342996228,02200213,10.8,15.8,0,0,inf,0,1,602.6,0,0,inf,2,9,178.7,0,0,inf,0,1,602.6,2,6,178.7
342996234,02200212,0.8,70.5,0,0,inf,0,1,675.9,0,0,inf,2,7,342.0,0,0,inf,0,1,675.9,1,5,342.0
342996236,02200213,3.6,40.4,0,0,inf,0,1,430.3,0,0,inf,1,8,312.2,0,0,inf,0,1,430.3,1,5,312.2
342996238,02200212,15.0,17.4,0,0,inf,0,1,548.4,0,0,inf,2,6,222.9,0,0,inf,0,1,548.4,1,4,288.7
342996241,02200213,17.0,17.7,0,0,inf,1,2,282.8,0,0,inf,1,6,282.8,0,0,inf,1,2,282.8,1,5,282.8
342996245,02200213,6.8,40.4,0,0,inf,0,2,697.8,0,0,inf,2,9,100.8,0,0,inf,0,2,697.8,2,7,100.8
342996248,02200213,19.7,18.9,0,0,inf,0,1,457.7,0,0,inf,1,7,273.5,0,0,inf,0,1,457.7,1,4,273.5
342996249,02200212,31.3,22.4,0,0,inf,0,1,557.4,0,0,inf,2,7,231.9,0,0,inf,0,1,557.4,1,5,364.4
342996250,02200213,78.9,27.5,0,0,inf,1,2,249.2,0,0,inf,2,7,180.4,0,0,inf,1,2,249.2,1,5,249.2
342996251,02200213,1.2,35.8,0,0,inf,0,2,681.3,0,0,inf,2,9,257.4,0,0,inf,0,2,681.3,2,6,257.4
342996252,02200212,0.7,43.8,0,0,inf,0,1,651.6,0,0,inf,2,7,153.5,0,0,inf,0,1,651.6,2,5,153.5
342996253,02200213,1.2,35.7,0,0,inf,0,2,686.5,0,0,inf,2,9,262.6,0,0,inf,0,2,686.5,2,6,262.6
342996256,02200212,24.7,17.1,0,0,inf,0,1,564.0,0,0,inf,2,6,238.5,0,0,inf,0,1,564.0,1,4,272.4
342996257,02200213,7.4,65.1,0,0,inf,1,1,198.1,0,0,inf,1,9,198.1,0,0,inf,1,1,198.1,1,5,198.1
342996258,02200213,15.5,40.0,0,0,inf,1,1,250.2,0,0,inf,1,5,250.2,0,0,inf,1,1,250.2,1,4,250.2
342996259,02200213,20.1,39.6,0,0,inf,1,1,147.6,0,0,inf,1,9,147.6,0,0,inf,1,1,147.6,1,5,147.6
342996260,02200213,3.7,55.2,0,0,inf,1,1,216.1,0,0,inf,2,9,216.1,0,0,inf,1,1,216.1,2,5,216.1
342996261,02200213,20.0,68.0,0,0,inf,1,1,288.9,0,0,inf,1,5,288.9,0,0,inf,1,1,288.9,1,4,288.9
342996263,02200213,9.4,14.8,0,0,inf,1,1,147.8,0,0,inf,1,6,147.8,0,0,inf,1,1,147.8,1,4,147.8
342996264,02200213,15.5,47.0,0,0,inf,0,1,465.8,0,0,inf,1,6,321.5,0,0,inf,0,1,465.8,1,4,321.5
342996266,02200213,5.5,34.3,0,0,inf,0,1,461.6,0,0,inf,1,6,300.3,0,0,inf,0,1,461.6,1,4,300.3
342996268,02200213,12.4,16.4,0,0,inf,0,2,489.0,0,0,inf,0,6,478.2,0,0,inf,0,2,489.0,0,4,478.2
342996269,02200213,15.3,43.4,0,0,inf,0,2,536.2,0,0,inf,1,5,332.3,0,0,inf,0,2,536.2,0,3,536.2
342996270,02200212,18.0,24.5,0,0,inf,0,2,693.4,0,0,inf,2,9,73.3,0,0,inf,0,2,693.4,2,7,73.3
342996271,02200212,18.3,39.6,0,0,inf,0,1,569.1,0,0,inf,0,4,462.8,0,0,inf,0,1,569.1,0,3,462.8
342996272,02200213,20.0,24.2,0,0,inf,0,2,657.8,0,0,inf,2,9,108.3,0,0,inf,0,2,657.8,2,7,108.3
342996273,02200213,15.8,45.7,0,0,inf,0,1,422.8,0,0,inf,1,6,361.9,0,0,inf,0,1,422.8,1,4,361.9
342996274,02200213,15.6,18.5,0,0,inf,0,2,698.4,0,0,inf,2,8,239.9,0,0,inf,0,2,698.4,2,6,239.9
342996275,02200213,15.4,18.3,0,0,inf,0,1,546.7,0,0,inf,1,6,299.3,0,0,inf,0,1,546.7,1,4,299.3
342996277,02200213,18.2,19.0,0,0,inf,1,1,388.2,0,0,inf,2,6,343.1,0,0,inf,1,1,388.2,2,4,343.1
342996279,02200213,0.7,50.4,0,0,inf,0,2,714.4,0,0,inf,1,7,351.4,0,0,inf,0,2,714.4,1,5,351.4
342996280,02200213,17.4,17.4,0,0,inf,1,1,264.6,0,0,inf,1,5,264.6,0,0,inf,1,1,264.6,1,4,264.6
342996281,02200213,0.8,43.8,0,0,inf,0,2,617.5,0,0,inf,0,6,435.1,0,0,inf,0,2,617.5,0,4,435.1
342996282,02200213,7.0,30.2,0,0,inf,0,2,440.4,0,0,inf,0,6,440.4,0,0,inf,0,2,440.4,0,5,440.4
342996284,02200212,24.5,17.2,0,0,inf,0,1,597.5,0,0,inf,2,6,239.0,0,0,inf,0,1,597.5,1,4,239.0
342996285,02200212,15.8,49.1,0,0,inf,0,1,656.1,0,0,inf,2,6,244.4,0,0,inf,0,1,656.1,1,4,244.4
342996286,02200213,7.7,40.0,0,0,inf,0,1,625.5,0,0,inf,2,7,172.1,0,0,inf,0,1,625.5,2,5,172.1
342996287,02200213,7.9,34.3,0,0,inf,0,2,712.3,0,0,inf,2,7,253.7,0,0,inf,0,2,712.3,2,6,253.7
342996288,02200213,7.8,30.7,0,0,inf,0,2,700.5,0,0,inf,2,9,276.6,0,0,inf,0,2,700.5,2,6,276.6
342996289,02200213,19.8,25.3,0,0,inf,0,2,676.9,0,0,inf,2,9,91.4,0,0,inf,0,2,676.9,2,7,91.4
342996290,02200212,18.0,23.2,0,0,inf,0,2,674.1,0,0,inf,2,9,90.0,0,0,inf,0,2,674.1,2,7,90.0
342996291,02200213,3.5,59.8,0,0,inf,1,1,244.6,0,0,inf,1,4,244.6,0,0,inf,1,1,244.6,1,3,244.6
342996292,02200212,4.4,50.2,0,0,inf,1,1,141.3,0,0,inf,1,5,141.3,0,0,inf,1,1,141.3,1,3,141.3
342996293,02200212,1.2,9.5,0,0,inf,0,1,491.6,0,0,inf,1,5,385.3,0,0,inf,0,1,491.6,1,4,385.3
342996295,02200212,17.8,24.3,0,0,inf,0,2,657.3,0,0,inf,2,9,109.1,0,0,inf,0,2,657.3,2,7,109.1
342996298,02200212,3.6,46.0,0,0,inf,0,1,404.2,0,0,inf,1,5,100.5,0,0,inf,0,1,404.2,0,3,404.2
342996299,02200213,1.3,36.4,0,0,inf,0,1,651.3,0,0,inf,2,8,227.4,0,0,inf,0,1,651.3,2,5,227.4
342996300,02200213,7.8,39.8,0,0,inf,0,2,594.6,0,0,inf,0,6,443.8,0,0,inf,0,2,594.6,0,4,544.3
342996301,02200212,5.5,5.3,0,0,inf,1,1,205.3,0,0,inf,2,6,205.3,0,0,inf,1,1,205.3,1,4,205.3
342996302,02200213,1.4,53.0,0,0,inf,0,2,421.7,0,0,inf,1,7,339.4,0,0,inf,0,2,421.7,0,5,421.7
342996303,02200212,18.5,39.0,0,0,inf,1,1,272.4,0,0,inf,2,5,132.9,0,0,inf,1,1,272.4,1,3,272.4
342996304,02200213,11.8,37.8,0,0,inf,0,2,450.4,0,0,inf,1,7,246.4,0,0,inf,0,2,450.4,0,5,450.4
342996306,02200213,9.5,47.9,0,0,inf,0,1,455.5,0,0,inf,1,6,333.7,0,0,inf,0,1,455.5,1,4,333.7
342996308,02200213,8.3,65.2,0,0,inf,1,1,186.9,0,0,inf,1,8,186.9,0,0,inf,1,1,186.9,1,5,186.9
342996309,02200213,14.3,41.6,0,0,inf,1,2,397.9,0,0,inf,2,7,340.5,0,0,inf,1,2,397.9,1,5,397.9
342996310,02200212,15.0,40.2,0,0,inf,0,2,727.5,0,0,inf,2,9,127.9,0,0,inf,0,2,727.5,2,6,127.9
342996311,02200213,6.1,49.2,0,0,inf,0,1,430.9,0,0,inf,1,6,360.8,0,0,inf,0,1,430.9,1,4,360.8
342996312,02200212,16.9,51.5,0,0,inf,0,2,745.5,0,0,inf,1,8,159.8,0,0,inf,0,2,745.5,1,6,159.8
342996313,02200213,17.5,13.8,0,0,inf,0,2,464.4,0,0,inf,0,7,464.4,0,0,inf,0,2,464.4,0,5,464.4
342996314,02200213,6.5,36.8,0,0,inf,0,2,539.5,0,0,inf,1,5,335.6,0,0,inf,0,2,539.5,0,3,539.5
342996315,02200213,19.6,20.6,0,0,inf,1,1,249.2,0,0,inf,1,5,249.2,0,0,inf,1,1,249.2,1,4,249.2
342996316,02200213,22.4,31.8,0,0,inf,1,1,198.0,0,0,inf,1,5,198.0,0,0,inf,1,1,198.0,1,4,198.0
342996317,02200213,8.9,48.2,0,0,inf,0,1,435.4,0,0,inf,1,6,354.3,0,0,inf,0,1,435.4,1,4,354.3
342996318,02200213,2.5,30.1,0,0,inf,0,1,610.6,0,0,inf,3,8,111.1,0,0,inf,0,1,610.6,3,5,111.1
342996319,02200213,3.7,35.7,0,0,inf,0,2,603.1,0,0,inf,1,6,399.2,0,0,inf,0,2,603.1,0,4,580.7
342996320,02200213,9.6,47.9,0,0,inf,0,1,468.3,0,0,inf,1,6,320.7,0,0,inf,0,1,468.3,1,4,320.7
342996322,02200213,3.7,32.1,0,0,inf,0,1,540.4,0,0,inf,1,6,293.0,0,0,inf,0,1,540.4,1,4,293.0
342996323,02200213,18.1,16.8,0,0,inf,0,1,421.6,0,0,inf,1,6,305.4,0,0,inf,0,1,421.6,1,4,305.4
342996324,02200212,5.1,48.4,0,0,inf,1,1,247.9,0,0,inf,2,5,247.9,0,0,inf,1,1,247.9,1,3,247.9
342996325,02200212,21.2,18.7,0,0,inf,0,1,569.9,0,0,inf,2,6,244.4,0,0,inf,0,1,569.9,1,4,269.6
342996326,02200212,5.2,44.2,0,0,inf,1,1,276.9,0,0,inf,2,6,276.9,0,0,inf,1,1,276.9,1,4,276.9
342996327,02200213,8.5,43.5,0,0,inf,0,2,615.4,0,0,inf,0,6,430.4,0,0,inf,0,2,615.4,0,4,565.1
342996328,02200213,20.7,19.6,0,0,inf,1,1,170.4,0,0,inf,1,5,170.4,0,0,inf,1,1,170.4,1,3,170.4
342996329,02200212,5.4,37.7,0,0,inf,1,1,237.2,0,0,inf,2,5,237.2,0,0,inf,1,1,237.2,1,3,237.2
342996330,02200213,17.0,25.8,0,0,inf,1,2,61.2,0,0,inf,2,8,61.2,0,0,inf,1,2,61.2,1,6,61.2
342996331,02200213,10.6,41.1,0,0,inf,1,1,152.1,0,0,inf,1,6,152.1,0,0,inf,1,1,152.1,1,4,152.1
342996332,02200212,6.0,37.9,0,0,inf,0,1,662.6,0,0,inf,3,7,290.1,0,0,inf,0,1,662.6,2,5,290.1
342996333,02200212,18.6,19.2,0,0,inf,0,1,610.4,0,0,inf,2,6,230.2,0,0,inf,0,1,610.4,1,4,230.2
342996334,02200212,19.7,23.7,0,0,inf,0,2,638.4,0,0,inf,2,9,126.7,0,0,inf,0,2,638.4,2,7,126.7
342996335,02200212,281.2,17.1,0,0,inf,0,2,518.0,0,0,inf,2,6,192.5,0,0,inf,0,2,518.0,1,5,318.5
342996336,02200213,5.3,34.5,0,0,inf,0,1,427.3,0,0,inf,1,6,335.1,0,0,inf,0,1,427.3,1,4,335.1
342996337,02200212,19.2,19.0,0,0,inf,0,1,625.5,0,0,inf,2,6,214.6,0,0,inf,0,1,625.5,1,4,214.6
342996338,02200213,14.7,23.6,0,0,inf,0,2,698.4,0,0,inf,3,10,37.2,0,0,inf,0,2,698.4,3,7,37.2
342996339,02200213,5.0,37.2,0,0,inf,0,2,590.2,0,0,inf,1,6,386.3,0,0,inf,0,2,590.2,0,4,590.2
342996340,02200212,7.8,45.9,0,0,inf,0,1,600.3,0,0,inf,2,7,221.3,0,0,inf,0,1,600.3,2,5,221.3
342996341,02200213,14.5,17.0,0,0,inf,1,1,112.1,0,0,inf,2,9,112.1,0,0,inf,1,1,112.1,2,5,112.1
342996342,02200212,8.9,38.7,0,0,inf,0,1,616.0,0,0,inf,2,6,263.7,0,0,inf,0,1,616.0,1,4,263.7
342996343,02200212,31.2,39.3,0,0,inf,1,1,119.9,0,0,inf,2,6,119.9,0,0,inf,1,1,119.9,1,3,119.9
342996344,02200212,8.0,40.2,0,0,inf,0,1,582.5,0,0,inf,2,5,256.9,0,0,inf,0,1,582.5,1,3,374.8
342996345,02200213,7.2,39.1,0,0,inf,0,1,618.5,0,0,inf,2,6,371.1,0,0,inf,0,1,618.5,2,4,371.1
342996346,02200212,9.6,52.1,0,0,inf,0,1,588.6,0,0,inf,2,5,263.1,0,0,inf,0,1,588.6,1,3,392.4
342996347,02200213,26.6,29.0,0,0,inf,0,1,622.8,0,0,inf,2,7,152.9,0,0,inf,0,1,622.8,2,5,152.9
342996348,02200213,25.5,27.9,0,0,inf,0,2,691.1,0,0,inf,2,9,267.2,0,0,inf,0,2,691.1,2,6,267.2
342996349,02200213,10.6,43.6,0,0,inf,0,1,545.9,0,0,inf,1,6,298.6,0,0,inf,0,1,545.9,1,4,298.6
342996350,02200213,7.8,39.2,0,0,inf,0,1,589.0,0,0,inf,1,6,341.7,0,0,inf,0,1,589.0,1,4,341.7
342996351,02200213,19.5,50.7,0,0,inf,0,2,583.1,0,0,inf,1,6,379.2,0,0,inf,0,2,583.1,0,4,583.1
342996353,02200213,10.8,17.7,0,0,inf,1,1,382.6,0,0,inf,3,8,314.3,0,0,inf,1,1,382.6,3,5,314.3
342996354,02200213,18.4,52.5,0,0,inf,0,2,530.2,0,0,inf,1,6,326.3,0,0,inf,0,2,530.2,0,4,530.2
342996355,02200213,6.9,39.8,0,0,inf,0,2,507.0,0,0,inf,1,6,303.1,0,0,inf,0,2,507.0,0,4,507.0
342996356,02200213,17.2,16.1,0,0,inf,0,2,709.4,0,0,inf,2,9,254.1,0,0,inf,0,2,709.4,2,6,254.1
342996357,02200213,4.0,39.2,0,0,inf,1,2,397.2,0,0,inf,1,6,397.2,0,0,inf,1,2,397.2,1,5,397.2
342996358,02200212,1.7,39.6,0,0,inf,1,1,300.5,0,0,inf,2,6,300.5,0,0,inf,1,1,300.5,1,4,300.5
342996359,02200213,8.8,36.0,0,0,inf,0,1,429.3,0,0,inf,1,6,335.9,0,0,inf,0,1,429.3,1,4,335.9
342996360,02200213,15.3,18.2,0,0,inf,0,1,516.2,0,0,inf,1,7,268.8,0,0,inf,0,1,516.2,1,4,268.8
342996361,02200213,27.2,21.5,0,0,inf,0,3,698.1,0,0,inf,1,9,309.8,0,0,inf,0,3,698.1,1,7,309.8
342996362,02200212,23.1,19.4,0,0,inf,0,2,718.1,0,0,inf,3,9,123.1,0,0,inf,0,2,718.1,2,6,123.1
342996363,02200213,9.0,33.8,0,0,inf,0,2,484.5,0,0,inf,0,6,484.5,0,0,inf,0,2,484.5,0,4,484.5
342996364,02200213,22.7,21.1,0,0,inf,1,1,125.6,0,0,inf,1,8,125.6,0,0,inf,1,1,125.6,1,5,125.6
342996366,02200213,11.2,16.5,0,0,inf,0,2,512.3,0,0,inf,0,6,455.1,0,0,inf,0,2,512.3,0,4,455.1
342996367,02200212,5.9,40.0,0,0,inf,0,2,720.0,0,0,inf,3,10,58.9,0,0,inf,0,2,720.0,3,7,58.9
342996368,02200212,19.6,19.5,0,0,inf,0,2,698.0,0,0,inf,2,8,143.3,0,0,inf,0,2,698.0,1,6,143.3
342996369,02200213,15.2,19.5,0,0,inf,0,2,520.1,0,0,inf,0,6,453.3,0,0,inf,0,2,520.1,0,4,453.3
342996370,02200213,42.4,22.0,0,0,inf,0,1,484.2,0,0,inf,1,7,253.1,0,0,inf,0,1,484.2,1,4,253.1
342996371,02200212,11.8,24.5,0,0,inf,0,1,554.1,0,0,inf,0,5,447.7,0,0,inf,0,1,554.1,0,4,447.7
342996372,02200212,22.7,19.1,0,0,inf,0,2,706.5,0,0,inf,3,9,106.9,0,0,inf,0,2,706.5,3,6,106.9
342996373,02200212,18.0,57.7,0,0,inf,0,1,653.1,0,0,inf,2,7,327.6,0,0,inf,0,1,653.1,1,5,339.2
342996374,02200213,4.1,30.6,0,0,inf,0,1,533.7,0,0,inf,1,7,286.4,0,0,inf,0,1,533.7,1,4,286.4
342996375,02200213,4.5,30.3,0,0,inf,0,2,525.4,0,0,inf,0,6,469.6,0,0,inf,0,2,525.4,0,4,469.6
342996376,02200213,14.6,44.6,0,0,inf,0,1,557.8,0,0,inf,1,6,310.5,0,0,inf,0,1,557.8,1,4,310.5
342996377,02200213,16.5,14.7,0,0,inf,0,2,448.7,0,0,inf,0,7,448.7,0,0,inf,0,2,448.7,0,5,448.7
342996378,02200213,7.6,41.4,0,0,inf,0,2,578.6,0,0,inf,1,6,374.7,0,0,inf,0,2,578.6,0,4,578.6
342996379,02200212,6.5,67.4,0,0,inf,0,2,764.6,0,0,inf,1,8,172.4,0,0,inf,0,2,764.6,1,6,172.4
342996380,02200213,22.8,21.0,0,0,inf,1,2,378.5,0,0,inf,1,6,378.5,0,0,inf,1,2,378.5,1,5,378.5
342996382,02200213,26.9,19.4,0,0,inf,0,1,426.0,0,0,inf,1,8,274.4,0,0,inf,0,1,426.0,1,5,274.4
342996383,02200213,27.0,21.9,0,0,inf,0,2,586.7,0,0,inf,0,6,415.7,0,0,inf,0,2,586.7,0,4,536.4
342996384,02200213,10.4,38.8,0,0,inf,0,1,403.0,0,0,inf,1,6,367.9,0,0,inf,0,1,403.0,1,4,367.9
342996385,02200212,7.8,33.5,0,0,inf,0,1,577.1,0,0,inf,2,6,251.6,0,0,inf,0,1,577.1,1,4,292.1
342996386,02200213,22.8,22.7,0,0,inf,0,2,580.8,0,0,inf,1,6,376.9,0,0,inf,0,2,580.8,0,4,576.9
342996387,02200213,19.3,16.9,0,0,inf,0,1,454.2,0,0,inf,1,7,272.9,0,0,inf,0,1,454.2,1,4,272.9
342996388,02200213,4.1,61.0,0,0,inf,1,2,167.4,0,0,inf,2,5,167.4,0,0,inf,1,2,167.4,1,3,167.4
342996389,02200213,11.7,32.9,0,0,inf,0,2,482.1,0,0,inf,0,6,482.1,0,0,inf,0,2,482.1,0,4,482.1
342996390,02200213,18.3,18.5,0,0,inf,0,2,693.8,0,0,inf,2,9,269.9,0,0,inf,0,2,693.8,2,6,269.9
345217927,02400625,1.4,21.9,0,0,1142.5,0,1,763.6,0,2,743.6,1,7,312.6,0,0,1180.2,0,1,763.6,1,6,312.6
352662359,02200208,31.5,61.8,0,0,1267.7,0,3,603.4,0,0,inf,0,8,440.4,0,0,1951.4,0,3,603.4,0,5,603.4
354084250,02300419,42.8,16.9,0,0,1058.9,0,1,461.8,0,0,1058.9,1,7,256.1,0,0,1969.1,0,1,461.8,1,5,256.1
354084251,02300419,26.7,20.6,0,0,1130.3,0,1,533.2,0,0,1130.3,1,5,327.5,0,0,inf,0,1,533.2,1,4,327.5
354084252,02300419,25.6,14.7,0,0,1145.5,0,1,548.4,0,0,1145.5,1,5,342.7,0,0,inf,0,1,548.4,1,4,342.7
354084253,02300419,54.2,19.0,0,0,1112.1,0,1,515.0,0,0,1112.1,1,5,309.2,0,0,inf,0,1,515.0,1,4,309.2
354084254,02300419,20.3,14.6,0,0,1127.4,0,1,530.3,0,0,1127.4,1,5,324.6,0,0,inf,0,1,530.3,1,4,324.6
354084255,02300419,20.1,14.5,0,0,1096.5,0,1,499.4,0,0,1096.5,1,5,293.7,0,0,inf,0,1,499.4,1,4,293.7
354084256,02300419,20.4,14.5,0,0,1112.6,0,1,515.5,0,0,1112.6,1,5,309.8,0,0,inf,0,1,515.5,1,4,309.8
354084257,02300419,17.8,14.4,0,0,1083.2,0,1,486.1,0,0,1083.2,1,6,280.3,0,0,1993.4,0,1,486.1,1,4,280.3
354084258,02300419,20.3,15.7,0,0,1067.6,0,1,470.6,0,0,1067.6,1,6,264.8,0,0,1977.9,0,1,470.6,1,4,264.8
354084259,02300419,18.6,14.9,0,0,1154.7,0,1,557.6,0,0,1154.7,2,5,351.9,0,0,inf,0,1,557.6,2,4,351.9
354084260,02300419,12.2,17.1,0,0,1079.6,0,1,482.6,0,0,1079.6,1,6,276.8,0,0,1989.9,0,1,482.6,1,4,276.8
356059683,02500834,51.2,37.7,0,1,587.3,0,0,1249.2,0,1,452.9,1,3,337.6,0,1,587.3,0,1,587.3,1,3,337.6
356477332,02500726,58.6,17.9,0,0,1185.8,0,1,726.3,2,5,352.0,0,2,726.3,0,0,inf,0,1,726.3,0,2,465.5
362337184,02500833,6.3,76.8,0,0,1070.2,0,1,564.1,1,10,235.8,2,6,211.6,0,0,1745.6,0,1,564.1,2,12,211.6
362337185,02500833,35.6,19.1,0,0,1194.7,0,2,590.0,2,9,81.8,2,6,170.3,0,0,1550.2,0,2,590.0,3,11,170.3
362337187,02500833,0.7,71.1,0,0,1092.5,0,1,586.4,2,10,258.0,2,6,178.0,0,0,1712.0,0,1,586.4,2,12,178.0
362337193,02500833,2.1,71.1,0,0,1326.8,0,1,401.6,1,7,258.7,0,5,401.6,0,0,1786.4,0,1,401.6,0,8,401.6
362337194,02500833,1.6,42.2,0,0,1226.2,1,1,301.0,3,9,301.0,2,4,301.0,0,0,1829.3,1,1,301.0,2,9,301.0
362337195,02500833,18.7,77.3,0,0,1175.8,0,1,669.7,2,9,319.8,2,6,106.9,0,0,1640.8,0,1,669.7,2,11,106.9
362337196,02500833,0.9,41.1,0,0,1331.5,0,2,497.3,1,8,103.0,1,6,307.0,0,0,1630.7,0,2,497.3,1,10,307.0
362337197,02500833,0.8,45.5,0,0,1328.7,0,2,508.8,1,8,100.2,1,6,304.3,0,0,1628.0,0,2,508.8,1,10,304.3
362337198,02500833,2.4,74.9,0,0,1190.7,0,1,684.5,3,9,300.2,3,6,87.3,0,0,1621.3,0,1,684.5,4,11,87.3
362337199,02500833,1.2,61.7,0,0,1031.5,0,1,525.4,1,10,197.0,2,8,197.0,0,0,1754.1,0,1,525.4,2,12,197.0
362342465,02500835,19.8,18.1,0,1,664.4,0,1,664.4,0,1,664.4,2,6,390.1,0,0,1574.5,0,1,664.4,0,1,664.4
362342466,02500835,23.6,24.9,0,1,798.1,0,1,798.1,0,1,798.1,1,6,350.0,0,0,1454.4,0,1,798.1,0,1,798.1
362342467,02500835,20.9,15.9,0,1,678.5,0,1,678.5,0,1,678.5,0,6,404.1,0,0,1556.1,0,1,678.5,0,1,678.5
362342468,02500835,23.0,20.8,0,1,684.7,0,1,684.7,0,1,684.7,1,6,289.6,0,0,1523.9,0,1,684.7,0,1,684.7
362342469,02500835,21.2,22.7,0,1,782.6,0,1,782.6,0,1,782.6,1,6,361.1,0,0,1465.5,0,1,782.6,0,1,782.6
362342471,02500835,24.5,19.0,0,1,664.8,0,1,664.8,0,1,664.8,2,6,305.9,0,0,1540.1,0,1,664.8,0,1,664.8
362342472,02500835,37.8,16.0,0,1,638.0,0,1,638.0,0,1,638.0,2,6,363.7,0,0,1596.7,0,1,638.0,0,1,638.0
362342474,02500836,4.3,17.6,0,0,1031.0,0,0,inf,0,0,1327.8,2,4,136.7,0,0,1543.4,0,0,1031.0,0,2,402.8
362342475,02500836,4.4,15.4,0,0,1034.9,0,0,inf,0,0,1319.5,2,4,140.6,0,0,1535.2,0,0,1034.9,0,2,406.7
362342476,02500836,4.3,17.6,0,0,1043.1,0,0,inf,0,0,1315.8,2,4,148.8,0,0,1531.4,0,0,1043.1,0,2,414.9
362342477,02500836,4.4,16.7,0,0,977.0,0,0,inf,0,0,1383.2,3,4,79.5,0,0,1592.4,0,0,977.0,1,2,345.6
362342478,02500836,4.4,15.4,0,0,1028.9,0,0,inf,0,0,1325.6,2,4,134.6,0,0,1541.3,0,0,1028.9,0,2,400.7
362342479,02500836,5.6,16.6,0,0,964.8,0,0,inf,0,0,1395.2,3,4,67.3,0,0,1580.2,0,0,964.8,1,2,333.4
362342480,02500836,5.5,15.2,0,0,1058.9,0,0,inf,0,0,1295.2,2,4,164.6,0,0,1510.9,0,0,1058.9,0,2,430.7
362342482,02500836,4.3,17.6,0,0,1037.1,0,0,inf,0,0,1321.8,2,4,142.8,0,0,1537.4,0,0,1037.1,0,2,408.9
362342483,02500836,4.4,15.3,0,0,1040.9,0,0,inf,0,0,1313.4,2,4,146.6,0,0,1529.1,0,0,1040.9,0,2,412.7
362342484,02500836,4.3,17.6,0,0,1049.2,0,0,inf,0,0,1309.7,2,4,154.8,0,0,1525.4,0,0,1049.2,0,2,420.9
362342485,02500836,4.3,16.7,0,0,983.0,0,0,inf,0,0,1377.2,3,4,85.6,0,0,1592.9,0,0,983.0,1,2,351.7
362342486,02500836,4.4,16.9,0,0,994.9,0,0,inf,0,0,1365.7,3,4,97.5,0,0,1581.4,0,0,994.9,1,2,363.6
362342487,02500836,4.4,15.3,0,0,1046.9,0,0,inf,0,0,1307.3,2,4,152.6,0,0,1523.0,0,0,1046.9,0,2,418.7
362342488,02500836,4.3,17.6,0,0,1055.2,0,0,inf,0,0,1303.7,2,4,160.9,0,0,1519.4,0,0,1055.2,0,2,427.0
362342489,02500836,4.4,16.8,0,0,989.1,0,0,inf,0,0,1371.3,3,4,91.6,0,0,1587.0,0,0,989.1,1,2,357.7
362342490,02500836,4.4,15.3,0,0,1052.9,0,0,inf,0,0,1301.3,2,4,158.6,0,0,1516.9,0,0,1052.9,0,2,424.7
362342491,02500836,5.4,17.7,0,0,1061.2,0,0,inf,0,0,1297.7,2,4,166.9,0,0,1513.4,0,0,1061.2,0,2,433.0
362342492,02500835,3.5,30.4,0,1,685.6,0,1,685.6,0,1,685.6,0,6,411.3,0,0,1577.9,0,1,685.6,0,1,685.6
362342494,02500836,4.3,17.5,0,0,1018.9,0,0,inf,0,0,1339.8,3,4,124.6,0,0,1555.5,0,0,1018.9,1,2,390.7
362342496,02500836,4.4,7.0,0,0,986.0,0,0,inf,0,0,1335.2,3,4,122.6,0,0,1550.9,0,0,986.0,1,2,382.5
362342497,02500836,4.3,17.5,0,0,1025.0,0,0,inf,0,0,1333.8,3,4,130.7,0,0,1549.5,0,0,1025.0,1,2,396.8
362342498,02500836,5.5,16.7,0,0,970.9,0,0,inf,0,0,1389.2,3,4,73.5,0,0,1586.4,0,0,970.9,1,2,339.6
362342499,02500836,4.4,13.0,0,0,992.1,0,0,inf,0,0,1341.3,3,4,128.6,0,0,1557.0,0,0,992.1,1,2,388.6
362342500,02500835,40.6,20.5,0,1,752.3,0,1,752.3,0,1,752.3,1,6,386.9,0,0,1491.3,0,1,752.3,0,1,752.3
362342501,02500836,4.4,25.9,0,0,968.1,0,0,inf,0,0,1229.1,2,4,265.6,0,0,1444.8,0,0,968.1,1,2,364.5
362342505,02500836,4.4,13.6,0,0,937.9,0,0,inf,0,0,1287.0,3,4,184.1,0,0,1502.7,0,0,937.9,1,2,334.4
362342506,02500836,4.4,7.6,0,0,931.8,0,0,inf,0,0,1281.0,3,4,178.1,0,0,1496.6,0,0,931.8,1,2,328.3
362342507,02500836,4.4,19.7,0,0,944.0,0,0,inf,0,0,1293.2,3,4,190.1,0,0,1508.8,0,0,944.0,1,2,340.5
362342509,02500835,3.6,30.2,0,1,679.3,0,1,679.3,0,1,679.3,0,6,405.0,0,0,1583.9,0,1,679.3,0,1,679.3
362342510,02500836,5.4,18.6,0,0,1006.0,0,0,inf,0,0,1215.3,1,3,251.1,0,0,1431.0,0,0,1006.0,0,1,418.4
362342511,02500836,4.4,25.7,0,0,950.1,0,0,inf,0,0,1299.2,3,4,196.1,0,0,1514.9,0,0,950.1,1,2,346.6
362342512,02500836,4.4,26.0,0,0,962.0,0,0,inf,0,0,1235.2,2,4,259.6,0,0,1450.9,0,0,962.0,1,2,358.5
362342514,02500836,4.4,26.0,0,0,956.0,0,0,inf,0,0,1241.3,2,4,253.6,0,0,1456.9,0,0,956.0,1,2,352.5
362342515,02500835,6.9,35.7,0,1,693.9,0,1,693.9,0,1,693.9,1,6,310.2,0,0,1544.5,0,1,693.9,0,1,693.9
362342518,02500835,7.4,35.6,0,1,687.1,0,1,687.1,0,1,687.1,1,6,316.9,0,0,1551.1,0,1,687.1,0,1,687.1
362347684,02500836,5.5,24.5,0,0,1012.5,0,0,inf,0,0,1221.8,1,3,256.6,0,0,1437.5,0,0,1012.5,0,1,424.9
364387359,02200209,32.4,15.5,0,0,1564.6,1,1,351.9,0,0,inf,2,10,351.9,0,0,inf,1,1,351.9,2,7,351.9
366335216,02500834,57.1,16.7,0,1,747.9,0,0,1182.2,0,4,530.0,0,4,585.0,0,1,747.9,0,1,747.9,0,6,530.0
366335217,02500834,25.4,15.3,0,1,595.9,0,0,1215.2,0,4,511.7,0,4,511.7,0,1,595.9,0,1,595.9,0,6,511.7
366335218,02500834,38.5,19.7,0,1,581.4,0,0,1238.7,0,4,497.1,0,4,497.1,0,1,581.4,0,1,581.4,0,6,497.1
366335219,02500834,56.5,17.0,0,1,667.3,0,0,1185.1,0,4,506.5,0,5,583.1,0,1,667.3,0,1,667.3,0,6,506.5
366335220,02500834,73.8,0.1,0,1,691.1,0,0,1125.4,0,4,473.1,0,5,528.1,0,1,691.1,0,1,691.1,0,7,473.1
366335221,02500834,36.0,17.9,0,1,705.8,0,0,1110.6,0,5,458.4,0,5,513.4,0,1,705.8,0,1,705.8,0,8,458.4
366335222,02500834,47.8,14.9,0,1,743.6,0,0,1177.9,0,4,525.7,0,4,580.7,0,1,743.6,0,1,743.6,0,6,525.7
366335223,02500834,27.1,17.7,0,1,696.5,0,0,1094.3,0,5,442.1,0,5,497.0,0,1,696.5,0,1,696.5,0,8,442.1
366335224,02500834,27.2,17.8,0,1,683.8,0,0,1132.2,0,4,480.0,0,5,535.0,0,1,683.8,0,1,683.8,0,7,480.0
367008028,02400624,30.0,20.4,1,1,396.6,1,1,396.6,3,7,178.2,3,7,39.2,0,0,1497.1,1,1,396.6,3,8,178.2
367070440,02400522,27.4,28.3,0,0,1616.9,0,1,731.0,1,4,325.4,0,1,731.0,0,0,inf,0,1,731.0,1,3,325.4
368712931,02300314,19.4,18.6,0,0,1633.7,0,2,694.3,0,0,inf,3,14,191.2,0,0,1633.7,0,2,694.3,1,5,392.7
369135364,02500836,22.7,16.1,0,0,1743.4,0,0,inf,0,0,inf,2,3,223.7,0,0,inf,0,0,1743.4,2,3,223.7
369863741,02500836,22.6,18.5,0,0,1345.2,0,0,inf,0,0,inf,1,4,315.1,0,0,1960.7,0,0,1345.2,1,3,315.1
369863744,02500836,27.0,18.9,0,0,1237.8,0,0,inf,0,0,inf,2,6,207.7,0,0,1853.2,0,0,1237.8,2,4,207.7
369863748,02500836,32.7,17.3,0,0,1201.7,0,0,inf,0,0,inf,2,6,171.6,0,0,1817.1,0,0,1201.7,2,4,171.6
369863750,02500836,33.1,15.8,0,0,1166.9,0,0,inf,0,0,2000.0,2,6,136.8,0,0,1782.3,0,0,1166.9,2,4,136.8
369988762,02500833,29.1,23.5,0,0,1180.5,1,1,255.3,3,9,255.3,2,5,255.3,0,0,1837.4,1,1,255.3,2,10,255.3
371104325,02200211,3.6,11.7,0,0,inf,0,1,615.2,0,0,inf,1,2,384.8,0,0,inf,0,1,615.2,1,2,384.8
371104331,02200211,4.8,25.1,0,0,inf,0,1,623.5,0,0,inf,0,2,403.4,0,0,inf,0,1,623.5,0,2,403.4
371104335,02200211,7.6,35.3,0,0,inf,0,1,633.7,0,0,inf,0,2,413.6,0,0,inf,0,1,633.7,0,2,413.6
371942382,02100103,49.3,29.2,0,0,1573.1,0,2,768.4,0,0,1900.5,2,7,178.7,0,0,1908.8,0,2,768.4,2,7,178.7
372342612,02500835,34.8,42.5,0,1,669.4,0,1,669.4,0,1,669.4,1,7,171.7,0,0,1785.0,0,1,669.4,0,2,669.4
372343026,02500835,49.8,17.0,0,1,599.1,0,1,599.1,0,1,599.1,2,6,324.8,0,0,1601.8,0,1,599.1,0,1,599.1
372343027,02500835,30.7,21.7,0,1,730.1,0,1,730.1,0,1,730.1,0,5,455.8,0,0,1690.8,0,1,730.1,0,1,730.1
372839115,02500729,72.4,61.0,0,1,693.5,0,1,693.5,0,6,538.5,0,1,693.5,0,0,1940.5,0,1,693.5,0,3,693.5
372839970,02500729,32.4,40.2,0,1,704.7,0,1,704.7,0,6,485.7,0,1,704.7,0,0,1951.7,0,1,704.7,0,3,704.7
372840117,02500729,30.3,36.9,0,1,638.7,0,2,638.7,0,6,545.2,0,2,638.7,0,0,1885.7,0,2,638.7,0,4,638.7
372840319,02500729,103.6,17.1,0,1,637.7,0,2,637.7,0,6,506.5,0,2,637.7,0,0,1884.8,0,2,637.7,0,4,637.7
372971418,02200208,21.8,19.7,0,0,993.8,0,1,477.9,0,0,inf,0,3,477.9,0,0,1677.5,0,1,477.9,0,3,477.9
373626464,02500835,6.8,19.6,0,1,589.3,1,2,393.4,0,1,589.3,3,8,218.3,0,0,1499.5,1,2,393.4,2,5,257.4
374820962,02500836,20.6,11.8,0,0,1676.5,0,0,inf,0,0,inf,2,3,215.3,0,0,inf,0,0,1676.5,2,3,215.3
375126251,02200212,68.9,67.3,0,0,inf,0,2,552.0,0,0,inf,2,11,176.9,0,0,inf,0,2,552.0,2,9,176.9
375126252,02200212,29.9,47.1,0,0,inf,1,2,392.9,0,0,inf,5,10,133.3,0,0,inf,1,2,392.9,4,8,133.3
378270188,02200213,13.7,72.3,0,0,inf,1,1,370.3,0,0,inf,2,7,370.3,0,0,inf,1,1,370.3,2,5,370.3
378270190,02200213,6.8,39.6,0,0,inf,0,1,692.1,0,0,inf,2,10,150.6,0,0,inf,0,1,692.1,2,6,150.6
378270191,02200213,19.4,47.4,0,0,inf,0,1,575.8,0,0,inf,1,8,180.4,0,0,inf,0,1,575.8,1,5,180.4
378270192,02200213,3.2,57.9,0,0,inf,0,1,664.7,0,0,inf,2,10,214.5,0,0,inf,0,1,664.7,2,6,214.5
378270193,02200213,1.9,53.4,0,0,inf,1,1,324.2,0,0,inf,2,10,324.2,0,0,inf,1,1,324.2,2,6,324.2
378270194,02200213,3.7,38.4,0,0,inf,1,2,351.9,0,0,inf,2,10,201.1,0,0,inf,1,2,351.9,2,7,201.1
378270195,02200213,10.2,38.3,0,0,inf,0,1,706.2,0,0,inf,3,9,106.6,0,0,inf,0,1,706.2,3,6,106.6
378270196,02200213,6.8,38.1,0,0,inf,0,1,670.4,0,0,inf,2,10,169.4,0,0,inf,0,1,670.4,2,6,169.4
378270197,02200213,12.2,42.2,0,0,inf,0,2,563.9,0,0,inf,2,10,140.4,0,0,inf,0,2,563.9,2,7,140.4
378270198,02200213,15.7,19.2,0,0,inf,1,2,334.4,0,0,inf,2,10,180.3,0,0,inf,1,2,334.4,2,7,180.3
378270199,02200213,9.8,35.1,0,0,inf,0,1,574.3,0,0,inf,1,8,157.4,0,0,inf,0,1,574.3,1,5,157.4
378270200,02200213,11.8,37.3,0,0,inf,0,1,544.4,0,0,inf,1,8,191.8,0,0,inf,0,1,544.4,1,5,191.8
378270201,02200213,29.1,30.3,0,0,inf,1,1,396.1,0,0,inf,2,8,326.1,0,0,inf,1,1,396.1,2,5,326.1
378270202,02200213,19.7,54.1,0,0,inf,0,1,627.4,0,0,inf,1,8,142.3,0,0,inf,0,1,627.4,1,5,142.3
378270203,02200213,18.8,69.9,0,0,inf,1,1,385.3,0,0,inf,2,10,230.8,0,0,inf,1,1,385.3,2,6,230.8
378270204,02200213,15.9,50.7,0,0,inf,0,2,580.9,0,0,inf,2,10,157.4,0,0,inf,0,2,580.9,2,7,157.4
378270205,02200213,20.6,51.2,0,0,inf,1,1,360.7,0,0,inf,2,10,217.9,0,0,inf,1,1,360.7,2,6,217.9
378270206,02200213,27.2,72.8,0,0,inf,0,1,685.9,0,0,inf,2,10,223.3,0,0,inf,0,1,685.9,2,6,223.3
378270207,02200213,14.8,40.5,0,0,inf,0,2,609.4,0,0,inf,2,10,186.0,0,0,inf,0,2,609.4,2,7,186.0
378270213,02200213,0.7,29.9,0,0,inf,1,2,351.2,0,0,inf,2,10,184.9,0,0,inf,1,2,351.2,2,7,184.9
378270220,02200213,17.9,80.3,0,0,inf,0,1,418.5,0,0,inf,0,7,403.7,0,0,inf,0,1,418.5,0,5,403.7
378270225,02200213,7.0,74.3,0,0,inf,1,1,396.5,0,0,inf,2,10,228.3,0,0,inf,1,1,396.5,2,6,228.3
378270227,02200213,9.5,44.4,0,0,inf,0,1,649.2,0,0,inf,2,10,203.1,0,0,inf,0,1,649.2,2,6,203.1
378270229,02200213,8.5,32.0,0,0,inf,0,2,415.0,0,0,inf,1,10,125.2,0,0,inf,0,2,415.0,1,7,125.2
378270230,02200213,9.4,45.3,0,0,inf,0,1,663.3,0,0,inf,2,10,190.7,0,0,inf,0,1,663.3,2,6,190.7
378270232,02200213,13.8,17.0,0,0,inf,1,2,343.0,0,0,inf,2,10,167.2,0,0,inf,1,2,343.0,2,7,167.2
378270233,02200213,8.4,38.4,0,0,inf,1,1,305.2,0,0,inf,2,10,277.0,0,0,inf,1,1,305.2,2,6,277.0
378270237,02200213,7.1,37.3,0,0,inf,1,1,307.5,0,0,inf,2,10,307.5,0,0,inf,1,1,307.5,2,6,307.5
378270238,02200213,15.3,72.1,0,0,inf,1,1,389.3,0,0,inf,1,7,389.3,0,0,inf,1,1,389.3,1,5,389.3
378270239,02200213,1.2,60.4,0,0,inf,0,2,626.4,0,0,inf,2,10,202.9,0,0,inf,0,2,626.4,2,7,202.9
378270240,02200213,1.9,34.2,0,0,inf,0,2,617.3,0,0,inf,2,10,193.8,0,0,inf,0,2,617.3,2,7,193.8
378270242,02200213,12.9,48.8,0,0,inf,0,2,627.9,0,0,inf,2,10,204.4,0,0,inf,0,2,627.9,2,7,204.4
378270243,02200213,18.5,16.3,0,0,inf,1,2,314.9,0,0,inf,2,10,193.9,0,0,inf,1,2,314.9,2,7,193.9
378270244,02200213,14.6,20.1,0,0,inf,1,1,276.9,0,0,inf,2,10,268.7,0,0,inf,1,1,276.9,2,6,268.7
378270245,02200213,14.5,16.5,0,0,inf,1,2,356.9,0,0,inf,2,10,152.5,0,0,inf,1,2,356.9,2,7,152.5
378270246,02200213,12.0,23.2,0,0,inf,1,2,298.5,0,0,inf,2,10,249.5,0,0,inf,1,2,298.5,2,7,249.5
378270248,02200213,11.8,21.7,0,0,inf,1,1,289.0,0,0,inf,2,10,289.0,0,0,inf,1,1,289.0,2,6,289.0
378270249,02200213,11.5,22.1,0,0,inf,0,1,654.5,0,0,inf,2,10,153.2,0,0,inf,0,1,654.5,2,6,153.2
378270252,02200213,6.6,58.7,0,0,inf,1,1,381.0,0,0,inf,2,10,212.7,0,0,inf,1,1,381.0,2,6,212.7
378270256,02200213,14.5,19.8,0,0,inf,1,2,286.6,0,0,inf,2,10,258.4,0,0,inf,1,2,286.6,2,7,258.4
378270260,02200213,2.6,59.6,0,0,inf,0,1,409.5,0,0,inf,1,8,371.3,0,0,inf,0,1,409.5,1,5,371.3
378270262,02200213,7.2,41.6,0,0,inf,0,1,714.4,0,0,inf,2,10,132.4,0,0,inf,0,1,714.4,2,6,132.4
378270265,02200213,7.4,38.8,0,0,inf,0,1,712.7,0,0,inf,3,9,113.1,0,0,inf,0,1,712.7,3,6,113.1
378270266,02200213,13.5,42.3,0,0,inf,1,2,366.4,0,0,inf,2,10,194.5,0,0,inf,1,2,366.4,2,7,194.5
378270267,02200213,8.0,33.0,0,0,inf,0,1,566.6,0,0,inf,1,8,161.0,0,0,inf,0,1,566.6,1,5,161.0
378270268,02200213,11.2,22.7,0,0,inf,0,1,670.1,0,0,inf,2,10,138.8,0,0,inf,0,1,670.1,2,6,138.8
379688332,02200207,5.5,46.3,0,0,1459.8,0,0,943.9,0,0,inf,0,0,943.9,0,0,inf,0,0,943.9,0,0,943.9
379688459,02200207,3.2,22.7,0,1,793.3,1,3,304.3,0,0,inf,0,4,435.5,0,0,1279.1,1,4,304.3,1,5,304.3
380565985,02100102,143.7,19.2,0,0,1016.0,0,2,690.1,0,0,inf,2,10,243.1,0,0,1699.7,0,2,690.1,2,8,243.1
381286468,02200208,7.8,33.5,0,0,1063.0,0,3,487.9,0,0,inf,0,10,408.1,0,0,1746.6,0,3,487.9,0,7,483.6
381286469,02200208,14.5,20.2,0,0,1154.4,0,2,450.7,0,0,inf,1,8,113.8,0,0,1976.8,0,2,450.7,1,5,113.8
381286472,02200208,0.8,25.2,0,0,1421.7,0,2,715.5,0,0,inf,0,4,530.4,0,0,inf,0,2,715.5,0,2,715.5
381286485,02200208,10.0,41.2,0,0,1061.1,0,3,486.0,0,0,inf,0,9,425.3,0,0,1744.8,0,3,486.0,0,6,481.7
381335016,02200208,0.7,53.3,0,0,957.4,0,0,826.0,0,0,inf,1,5,312.0,0,0,inf,0,0,826.0,1,2,312.0
381646577,02200210,17.5,18.0,0,0,inf,1,1,342.2,0,0,inf,1,6,342.2,0,0,inf,1,1,342.2,1,4,342.2
381646578,02200212,22.2,16.3,0,0,inf,1,1,382.7,0,0,inf,2,6,276.3,0,0,inf,1,1,382.7,2,5,276.3
381646579,02200210,9.7,42.4,0,0,inf,1,1,329.3,0,0,inf,1,6,329.3,0,0,inf,1,1,329.3,1,4,329.3
381646580,02200212,18.6,36.8,0,0,inf,0,1,431.5,0,0,inf,1,6,325.2,0,0,inf,0,1,431.5,1,5,325.2
381646581,02200210,20.0,42.4,0,0,inf,0,2,400.4,0,0,inf,1,4,351.5,0,0,inf,0,2,400.4,0,2,400.4
381646583,02200210,15.9,37.4,0,0,inf,1,2,324.3,0,0,inf,1,4,324.3,0,0,inf,1,2,324.3,1,2,324.3
381646586,02200210,12.2,37.4,0,0,inf,1,1,389.7,0,0,inf,1,5,389.7,0,0,inf,1,1,389.7,1,3,389.7
381646589,02200210,7.1,40.9,0,0,inf,0,2,565.4,0,0,inf,1,3,333.8,0,0,inf,0,2,565.4,0,2,565.4
381646591,02200212,18.4,43.7,0,0,inf,0,1,462.2,0,0,inf,1,6,355.9,0,0,inf,0,1,462.2,1,5,355.9
381646592,02200210,29.6,18.3,0,0,inf,1,1,380.6,0,0,inf,1,6,380.6,0,0,inf,1,1,380.6,1,4,380.6
381646593,02200210,7.8,34.4,0,0,inf,1,2,308.7,0,0,inf,1,6,308.7,0,0,inf,1,2,308.7,1,4,308.7
381646594,02200208,14.3,52.6,0,0,912.4,1,3,337.3,0,0,inf,2,8,328.9,0,0,1596.0,1,3,337.3,1,5,337.3
381646596,02200210,7.1,35.4,0,0,inf,0,1,467.4,0,0,inf,0,5,467.4,0,0,inf,0,1,467.4,0,3,467.4
381646597,02200208,20.4,22.2,0,0,1262.8,0,3,598.5,0,0,inf,0,9,435.4,0,0,1946.4,0,3,598.5,0,6,598.5
381646598,02200210,20.0,42.5,0,0,inf,1,2,382.4,0,0,inf,2,4,369.8,0,0,inf,1,2,382.4,1,2,382.4
381646599,02200210,22.1,43.1,0,0,inf,1,2,364.9,0,0,inf,2,4,364.9,0,0,inf,1,2,364.9,1,2,364.9
381646600,02200210,5.6,27.9,0,0,inf,1,2,271.9,0,0,inf,1,7,271.9,0,0,inf,1,2,271.9,1,5,271.9
381646601,02200210,8.9,39.5,0,0,inf,0,2,573.4,0,0,inf,1,3,341.7,0,0,inf,0,2,573.4,0,2,573.4
381646603,02200210,13.8,44.2,0,0,inf,0,1,427.0,0,0,inf,0,5,427.0,0,0,inf,0,1,427.0,0,3,427.0
381646604,02200210,7.0,32.3,0,0,inf,1,2,262.4,0,0,inf,1,7,262.4,0,0,inf,1,2,262.4,1,5,262.4
381646605,02200210,17.7,19.1,0,0,inf,1,1,361.1,0,0,inf,1,5,361.1,0,0,inf,1,1,361.1,1,3,361.1
381646606,02200208,25.0,12.9,0,0,1190.5,0,3,526.1,0,0,inf,2,11,363.1,0,0,1874.1,0,3,526.1,0,8,526.1
381646607,02200210,9.2,43.0,0,0,inf,0,2,576.9,0,0,inf,1,3,345.3,0,0,inf,0,2,576.9,0,2,576.9
381646608,02200210,13.8,19.5,0,0,1960.0,0,1,576.6,0,0,inf,2,7,228.9,0,0,inf,0,1,576.6,1,6,228.9
381646609,02200210,19.6,23.8,0,0,inf,0,1,453.3,0,0,inf,3,6,68.9,0,0,inf,0,1,453.3,2,5,251.4
381646610,02200210,12.6,65.5,0,0,inf,0,2,412.5,0,0,inf,1,4,385.7,0,0,inf,0,2,412.5,0,2,412.5
381646611,02200210,17.1,51.9,0,0,inf,0,1,479.4,0,0,inf,0,5,479.4,0,0,inf,0,1,479.4,0,3,479.4
381646613,02200212,18.8,48.0,0,0,inf,1,1,176.2,0,0,inf,1,6,176.2,0,0,inf,1,1,176.2,1,4,176.2
381646614,02200208,30.7,13.6,0,0,1216.1,0,3,551.8,0,0,inf,2,10,388.8,0,0,1899.8,0,3,551.8,0,7,551.8
381646615,02200210,13.8,19.5,0,0,1974.8,0,1,561.7,0,0,inf,2,7,243.7,0,0,inf,0,1,561.7,1,6,243.7
381646617,02200212,22.6,47.7,0,0,inf,1,1,189.2,0,0,inf,1,6,189.2,0,0,inf,1,1,189.2,1,4,189.2
381646618,02200212,12.4,38.6,0,0,inf,0,1,429.9,0,0,inf,1,6,323.6,0,0,inf,0,1,429.9,1,5,323.6
381646619,02200208,25.4,12.3,0,0,1168.6,0,3,504.3,0,0,inf,2,11,341.3,0,0,1852.3,0,3,504.3,0,8,504.3
381646620,02200208,23.5,43.5,0,0,968.5,1,3,393.4,0,0,inf,1,8,393.4,0,0,1652.1,1,3,393.4,1,5,393.4
381646621,02200210,11.4,66.0,0,0,inf,0,2,579.8,0,0,inf,1,3,381.2,0,0,inf,0,2,579.8,0,2,579.8
381646622,02200210,23.0,36.8,0,0,inf,0,2,413.1,0,0,inf,1,4,327.6,0,0,inf,0,2,413.1,0,2,413.1
381646623,02200210,21.2,42.1,0,0,inf,0,1,450.7,0,0,inf,0,5,450.7,0,0,inf,0,1,450.7,0,3,450.7
381646624,02200210,26.5,57.3,0,0,inf,0,1,418.8,0,0,inf,0,4,418.8,0,0,inf,0,1,418.8,0,2,418.8
381646625,02200212,23.2,50.0,0,0,inf,1,1,262.4,0,0,inf,2,5,262.4,0,0,inf,1,1,262.4,2,4,262.4
381646626,02200212,11.7,36.7,0,0,inf,0,1,495.9,0,0,inf,1,7,389.6,0,0,inf,0,1,495.9,1,5,389.6
381646627,02200212,9.9,42.8,0,0,inf,0,1,465.4,0,0,inf,0,7,465.4,0,0,inf,0,1,465.4,0,5,465.4
381646628,02200208,63.8,19.3,0,0,814.3,1,2,298.4,0,0,inf,1,4,298.4,0,0,1498.0,1,2,298.4,1,4,298.4
381646629,02200212,20.9,45.3,0,0,inf,0,1,469.2,0,0,inf,1,6,362.9,0,0,inf,0,1,469.2,1,5,362.9
381646630,02200212,16.5,34.2,0,0,inf,0,1,445.2,0,0,inf,1,6,338.8,0,0,inf,0,1,445.2,1,5,338.8
381646631,02200212,19.2,66.3,0,0,inf,0,1,422.8,0,0,inf,1,6,233.4,0,0,inf,0,1,422.8,1,5,233.4
381646632,02200212,20.0,45.0,0,0,inf,1,1,275.5,0,0,inf,2,5,275.5,0,0,inf,1,1,275.5,2,4,275.5
381646633,02200212,22.5,45.1,0,0,inf,0,1,410.6,0,0,inf,2,6,203.1,0,0,inf,0,1,410.6,2,5,203.1
381646634,02200208,28.8,5.2,0,0,1095.4,0,2,571.2,0,0,inf,0,6,566.9,0,0,1779.1,0,2,571.2,0,4,566.9
381646635,02200208,34.0,30.2,0,0,1126.4,0,1,602.2,0,0,inf,0,5,597.9,0,0,1810.1,0,1,602.2,0,3,597.9
381646636,02200212,23.4,48.0,0,0,inf,0,1,497.3,0,0,inf,1,6,391.0,0,0,inf,0,1,497.3,1,5,391.0
381646637,02200208,46.2,66.6,0,0,1124.7,0,3,549.6,0,0,inf,0,10,412.6,0,0,1808.3,0,3,549.6,0,7,545.3
381646638,02200210,109.0,16.1,0,0,inf,0,1,608.5,0,0,inf,1,7,200.2,0,0,inf,0,1,608.5,1,5,200.2
381646639,02200211,1.0,64.7,0,0,1959.2,0,1,454.8,0,0,inf,0,6,454.8,0,0,inf,0,1,454.8,0,5,454.8
381646641,02200210,1.4,51.8,0,0,inf,0,1,494.3,0,0,inf,2,6,313.2,0,0,inf,0,1,494.3,1,5,375.6
381646642,02200210,0.8,60.1,0,0,inf,0,2,574.3,0,0,inf,1,3,375.6,0,0,inf,0,2,574.3,0,2,574.3
381646643,02200210,0.6,41.5,0,0,inf,0,2,560.2,0,0,inf,1,3,361.6,0,0,inf,0,2,560.2,0,2,560.2
381646644,02200210,7.8,41.9,0,0,inf,0,1,561.0,0,0,inf,0,5,424.2,0,0,inf,0,1,561.0,0,4,424.2
381646645,02200210,16.6,47.9,0,0,inf,0,1,622.4,0,0,inf,1,6,374.8,0,0,inf,0,1,622.4,1,5,374.8
381646646,02200211,0.8,31.5,0,0,1937.6,0,1,433.2,0,0,inf,0,7,433.2,0,0,inf,0,1,433.2,0,6,433.2
381646650,02200212,3.4,35.3,0,0,inf,1,1,169.0,0,0,inf,1,6,169.0,0,0,inf,1,1,169.0,1,4,169.0
381646652,02200211,0.8,64.1,0,0,1930.4,0,1,425.9,0,0,inf,0,6,425.9,0,0,inf,0,1,425.9,0,5,425.9
381646653,02200208,2.0,8.8,0,0,1228.0,0,3,563.7,0,0,inf,0,10,400.7,0,0,1911.7,0,3,563.7,0,7,563.7
381646655,02200212,1.0,46.3,0,0,inf,0,1,463.8,0,0,inf,2,7,152.4,0,0,inf,0,1,463.8,2,6,152.4
381646658,02200210,13.7,15.2,0,0,inf,0,2,505.0,0,0,inf,1,5,273.4,0,0,inf,0,2,505.0,0,4,505.0
381646660,02200210,4.0,57.0,0,0,inf,0,1,610.1,0,0,inf,0,5,405.4,0,0,inf,0,1,610.1,0,4,405.4
381646665,02200210,3.7,31.2,0,0,inf,1,1,351.1,0,0,inf,1,6,351.1,0,0,inf,1,1,351.1,1,4,351.1
381646667,02200211,1.2,27.9,0,0,inf,0,2,718.5,0,0,inf,2,7,43.2,0,0,inf,0,2,718.5,2,7,43.2
381646668,02200211,0.7,50.9,0,0,1857.4,1,1,353.0,0,0,inf,1,7,353.0,0,0,inf,1,1,353.0,1,5,353.0
381646674,02200210,3.5,27.7,0,0,inf,1,2,308.0,0,0,inf,1,6,308.0,0,0,inf,1,2,308.0,1,4,308.0
381646675,02200210,1.6,52.0,0,0,inf,0,1,509.4,0,0,inf,2,6,328.2,0,0,inf,0,1,509.4,1,5,360.9
381646676,02200212,5.6,56.9,0,0,inf,0,1,513.5,0,0,inf,0,6,476.3,0,0,inf,0,1,513.5,0,5,476.3
381646677,02200210,7.6,43.9,0,0,inf,0,1,583.5,0,0,inf,0,5,405.7,0,0,inf,0,1,583.5,0,4,405.7
381646678,02200210,19.6,35.7,0,0,inf,0,2,509.5,0,0,inf,1,4,310.9,0,0,inf,0,2,509.5,0,3,509.5
381646679,02200210,19.6,17.7,0,0,inf,0,2,491.4,0,0,inf,1,4,292.8,0,0,inf,0,2,491.4,0,3,491.4
381646680,02200212,7.4,37.3,0,0,inf,1,1,379.8,0,0,inf,2,6,218.3,0,0,inf,1,1,379.8,2,5,218.3
381646684,02200211,0.8,22.5,0,0,1929.1,0,1,424.7,0,0,inf,0,7,424.7,0,0,inf,0,1,424.7,0,6,424.7
381646685,02200210,13.4,44.0,0,0,inf,0,1,536.4,0,0,inf,0,4,453.0,0,0,inf,0,1,536.4,0,4,453.0
381646686,02200208,6.1,36.3,0,0,896.3,1,3,321.2,0,0,inf,2,9,312.3,0,0,1580.0,1,3,321.2,1,6,321.2
381646688,02200210,1.1,51.5,0,0,inf,1,1,372.2,0,0,inf,1,5,372.2,0,0,inf,1,1,372.2,1,3,372.2
381646690,02200211,0.9,63.6,0,0,1950.1,0,1,445.7,0,0,inf,0,6,445.7,0,0,inf,0,1,445.7,0,5,445.7
381646691,02200208,8.6,29.6,0,0,924.6,1,3,349.5,0,0,inf,2,9,270.6,0,0,1608.2,1,3,349.5,1,6,349.5
381646692,02200210,12.6,18.1,0,0,inf,0,1,582.8,0,0,inf,1,6,354.8,0,0,inf,0,1,582.8,1,5,354.8
381646693,02200211,0.5,63.5,0,0,1922.7,0,1,418.3,0,0,inf,0,6,418.3,0,0,inf,0,1,418.3,0,5,418.3
381646694,02200211,0.6,38.4,0,0,1944.1,0,1,439.7,0,0,inf,0,7,439.7,0,0,inf,0,1,439.7,0,6,439.7
381646696,02200212,5.8,72.1,0,0,inf,0,1,701.7,0,0,inf,2,8,178.6,0,0,inf,0,1,701.7,2,6,178.6
381646701,02200212,5.7,71.4,0,0,inf,0,1,676.7,0,0,inf,1,8,153.5,0,0,inf,0,1,676.7,1,6,153.5
381646702,02200210,3.4,60.0,0,0,inf,0,1,621.4,0,0,inf,0,5,400.0,0,0,inf,0,1,621.4,0,4,400.0
381646703,02200211,0.6,37.4,0,0,inf,0,1,588.9,0,0,inf,1,6,341.5,0,0,inf,0,1,588.9,1,5,341.5
381646705,02200212,6.7,40.5,0,0,inf,0,1,669.4,0,0,inf,2,9,146.3,0,0,inf,0,1,669.4,2,7,146.3
381646706,02200210,2.8,64.1,0,0,inf,0,2,598.0,0,0,inf,1,3,366.4,0,0,inf,0,2,598.0,0,2,598.0
381646708,02200210,15.4,44.5,0,0,inf,0,1,502.8,0,0,inf,0,4,487.6,0,0,inf,0,1,502.8,0,3,487.6
381646709,02200212,17.1,52.6,0,0,inf,1,1,252.2,0,0,inf,2,5,252.2,0,0,inf,1,1,252.2,2,4,252.2
381646710,02200212,16.5,51.7,0,0,inf,1,1,211.7,0,0,inf,1,6,211.7,0,0,inf,1,1,211.7,1,4,211.7
381646711,02200210,9.6,44.2,0,0,inf,0,1,453.2,0,0,inf,2,6,109.7,0,0,inf,0,1,453.2,1,5,292.2
381646712,02200210,18.9,75.9,0,0,inf,0,2,602.8,0,0,inf,1,3,371.2,0,0,inf,0,2,602.8,0,2,602.8
381646713,02200212,6.3,66.6,0,0,inf,1,1,254.5,0,0,inf,1,5,254.5,0,0,inf,1,1,254.5,1,4,254.5
381646716,02200210,14.2,42.2,0,0,inf,0,1,507.3,0,0,inf,0,4,478.6,0,0,inf,0,1,507.3,0,3,478.6
381646717,02200210,8.8,35.5,0,0,inf,0,1,458.6,0,0,inf,2,6,277.5,0,0,inf,0,1,458.6,1,5,378.7
381646718,02200210,15.2,44.4,0,0,inf,0,1,529.9,0,0,inf,0,3,460.4,0,0,inf,0,1,529.9,0,3,460.4
381646720,02200210,13.4,40.6,0,0,inf,0,1,552.9,0,0,inf,0,5,429.6,0,0,inf,0,1,552.9,0,4,429.6
381646721,02200211,1.1,61.9,0,0,1807.8,0,1,406.2,0,0,inf,1,8,394.1,0,0,inf,0,1,406.2,0,6,406.2
381646722,02200210,9.8,37.2,0,0,inf,1,1,330.6,0,0,inf,1,6,330.6,0,0,inf,1,1,330.6,1,4,330.6
381646723,02200210,6.1,27.1,0,0,inf,1,2,337.0,0,0,inf,2,4,337.0,0,0,inf,1,2,337.0,1,2,337.0
381646724,02200210,29.4,83.5,0,0,inf,0,1,648.0,0,0,inf,0,5,420.5,0,0,inf,0,1,648.0,0,4,420.5
381646725,02200210,6.2,28.3,0,0,inf,1,2,374.6,0,0,inf,2,4,349.3,0,0,inf,1,2,374.6,1,2,374.6
381646727,02200210,14.0,39.7,0,0,inf,0,1,477.9,0,0,inf,0,5,477.9,0,0,inf,0,1,477.9,0,3,477.9
381646728,02200210,13.9,41.2,0,0,inf,1,1,365.4,0,0,inf,1,5,365.4,0,0,inf,1,1,365.4,1,3,365.4
381646731,02200212,5.3,30.7,0,0,inf,1,1,383.8,0,0,inf,2,6,277.5,0,0,inf,1,1,383.8,2,5,277.5
381646732,02200212,11.8,46.9,0,0,inf,1,1,158.4,0,0,inf,1,6,158.4,0,0,inf,1,1,158.4,1,4,158.4
381646733,02200208,4.8,30.4,0,0,1236.6,0,3,572.3,0,0,inf,0,9,409.3,0,0,1920.3,0,3,572.3,0,6,572.3
381646734,02200210,18.6,18.5,0,0,inf,0,1,569.7,0,0,inf,1,6,368.8,0,0,inf,0,1,569.7,1,5,368.8
381646735,02200210,2.8,63.5,0,0,inf,0,2,597.5,0,0,inf,1,3,365.8,0,0,inf,0,2,597.5,0,2,597.5
381646736,02200212,10.0,64.3,0,0,inf,0,1,443.0,0,0,inf,1,6,209.2,0,0,inf,0,1,443.0,1,5,209.2
381646737,02200212,2.7,45.2,0,0,inf,0,1,460.8,0,0,inf,0,7,460.8,0,0,inf,0,1,460.8,0,5,460.8
381646740,02200212,17.4,47.6,0,0,inf,1,1,222.7,0,0,inf,2,5,222.7,0,0,inf,1,1,222.7,2,4,222.7
381646741,02200212,9.6,43.6,0,0,inf,0,1,402.0,0,0,inf,1,6,208.9,0,0,inf,0,1,402.0,1,5,208.9
381646742,02200210,9.8,38.2,0,0,inf,1,1,353.0,0,0,inf,1,5,353.0,0,0,inf,1,1,353.0,1,3,353.0
381646743,02200210,10.0,30.8,0,0,inf,0,2,547.3,0,0,inf,1,3,348.6,0,0,inf,0,2,547.3,0,2,547.3
381646744,02200208,20.5,68.6,0,0,925.2,1,2,350.2,0,0,inf,1,7,350.2,0,0,1608.9,1,2,350.2,1,4,350.2
381646745,02200210,7.3,34.9,0,0,inf,0,1,581.3,0,0,inf,1,5,389.9,0,0,inf,0,1,581.3,1,4,389.9
381646746,02200212,0.7,54.9,0,0,inf,0,1,485.8,0,0,inf,0,7,485.8,0,0,inf,0,1,485.8,0,5,485.8
381646747,02200212,6.1,40.6,0,0,inf,1,1,207.0,0,0,inf,2,6,207.0,0,0,inf,1,1,207.0,2,4,207.0
381646748,02200210,6.5,29.4,0,0,inf,1,2,345.3,0,0,inf,2,4,345.3,0,0,inf,1,2,345.3,1,2,345.3
381661455,02200210,49.4,18.8,0,0,inf,1,1,238.9,0,0,inf,1,6,238.9,0,0,inf,1,1,238.9,1,4,238.9
381661456,02200210,6.9,52.5,0,0,inf,0,2,586.5,0,0,inf,1,3,354.8,0,0,inf,0,2,586.5,0,2,586.5
381661457,02200210,7.6,51.9,0,0,inf,0,2,585.8,0,0,inf,1,3,354.2,0,0,inf,0,2,585.8,0,2,585.8
381666547,02200210,67.7,24.1,0,0,1278.5,0,2,478.1,0,0,inf,1,10,264.5,0,0,1962.2,0,2,478.1,0,7,462.6
381816883,02200210,42.2,27.8,0,0,1637.8,0,2,677.6,0,0,inf,2,10,106.0,0,0,inf,0,2,677.6,2,8,106.0
381816905,02200210,1.3,37.0,0,0,1876.7,0,1,729.8,0,0,inf,2,7,345.0,0,0,inf,0,1,729.8,2,6,345.0
381816906,02200210,2.5,32.4,0,0,1971.6,0,2,693.5,0,0,inf,3,9,64.7,0,0,inf,0,2,693.5,2,7,64.7
381816909,02200210,3.1,42.5,0,0,inf,0,1,441.8,0,0,inf,1,6,260.7,0,0,inf,0,1,441.8,0,5,409.4
381871470,02200208,12.2,62.7,0,0,1119.7,0,3,544.6,0,0,inf,1,10,372.2,0,0,1803.4,0,3,544.6,1,7,372.2
381871472,02200208,18.4,18.6,0,0,1078.4,0,2,554.0,0,0,inf,0,6,549.7,0,0,1762.0,0,2,554.0,0,4,549.7
381871473,02200208,13.3,42.4,0,0,1111.9,0,2,568.1,0,0,inf,0,6,563.8,0,0,1795.5,0,2,568.1,0,4,563.8
381871476,02200208,0.7,65.6,0,0,1123.4,0,1,602.9,0,0,inf,0,5,598.7,0,0,1807.1,0,1,602.9,0,3,598.7
381871477,02200208,3.4,45.8,0,0,985.5,0,1,469.6,0,0,inf,0,5,469.6,0,0,1669.2,0,1,469.6,0,3,469.6
381871478,02200208,2.1,34.0,0,0,992.2,0,1,476.3,0,0,inf,0,3,476.3,0,0,1675.9,0,1,476.3,0,3,476.3
381871480,02200208,6.1,81.6,0,0,1160.3,0,1,597.9,0,0,inf,0,5,593.7,0,0,1844.0,0,1,597.9,0,3,593.7
381871482,02200208,1.9,37.1,0,0,951.1,0,1,435.1,0,0,inf,0,5,435.1,0,0,1634.8,0,1,435.1,0,4,435.1
382497445,02500836,67.9,25.2,0,1,728.4,0,0,inf,0,0,1467.4,2,6,124.8,0,0,1343.8,0,1,728.4,1,4,124.8
382497446,02500836,42.6,19.4,0,0,847.5,0,0,inf,0,0,1577.9,3,6,168.1,0,0,1462.9,0,0,847.5,1,4,168.1
382499517,02500836,68.2,25.3,0,1,782.5,0,0,inf,0,0,1413.4,3,6,179.0,0,0,1397.9,0,1,782.5,1,4,179.0
385888112,02200212,28.6,14.3,0,0,inf,0,2,666.7,0,0,inf,3,11,284.6,0,0,inf,0,2,666.7,2,8,314.6
385888113,02200212,5.0,34.4,0,0,inf,0,1,797.8,0,0,inf,1,7,217.2,0,0,inf,0,1,797.8,1,5,217.2
385888114,02200212,14.0,9.2,0,0,inf,0,3,751.8,0,0,inf,3,8,261.8,0,0,inf,0,3,751.8,2,7,261.8
385888115,02200212,17.9,24.1,0,0,inf,0,2,582.1,0,0,inf,2,10,158.6,0,0,inf,0,2,582.1,2,7,158.6
385888116,02200212,22.7,24.5,0,0,inf,0,1,599.0,0,0,inf,1,9,216.9,0,0,inf,0,1,599.0,0,6,402.9
385888117,02200212,17.5,22.9,0,0,inf,0,1,691.1,0,0,inf,3,11,118.2,0,0,inf,0,1,691.1,3,6,118.2
385888118,02200212,39.0,16.2,0,0,inf,0,2,669.7,0,0,inf,3,10,287.6,0,0,inf,0,2,669.7,2,7,315.4
385888119,02200212,21.7,14.2,0,0,inf,0,1,770.5,0,0,inf,3,6,233.5,0,0,inf,0,1,770.5,2,5,233.5
385888120,02200212,17.3,8.8,0,0,inf,0,2,759.1,0,0,inf,1,8,178.6,0,0,inf,0,2,759.1,1,6,178.6
385888121,02200212,16.8,10.8,0,0,inf,0,2,685.2,0,0,inf,3,10,258.7,0,0,inf,0,2,685.2,2,7,258.7
385888122,02200212,13.2,21.5,0,0,inf,0,2,641.7,0,0,inf,3,10,215.2,0,0,inf,0,2,641.7,2,7,215.2
385888123,02200212,26.7,9.2,0,0,inf,0,2,600.5,0,0,inf,3,10,218.5,0,0,inf,0,2,600.5,2,7,370.5
385888125,02200212,18.1,11.0,0,0,inf,0,2,670.6,0,0,inf,3,10,244.1,0,0,inf,0,2,670.6,2,7,244.1
385888126,02200212,11.0,33.5,0,0,inf,0,2,678.3,0,0,inf,3,10,251.8,0,0,inf,0,2,678.3,2,7,251.8
385888127,02200212,20.2,14.7,0,0,inf,0,2,760.9,0,0,inf,1,7,308.0,0,0,inf,0,2,760.9,1,6,308.0
385888128,02200212,17.4,10.9,0,0,inf,0,2,704.5,0,0,inf,3,10,278.0,0,0,inf,0,2,704.5,2,7,278.0
385888129,02200212,21.6,11.1,0,0,inf,0,2,697.1,0,0,inf,3,8,315.0,0,0,inf,0,2,697.1,2,6,334.5
385888130,02200212,34.1,8.3,0,0,inf,0,2,615.9,0,0,inf,3,10,233.9,0,0,inf,0,2,615.9,2,7,353.3
385888131,02200212,17.7,9.7,0,0,inf,0,2,783.8,0,0,inf,1,7,203.2,0,0,inf,0,2,783.8,1,6,203.2
385888132,02200212,25.3,11.5,0,0,inf,0,1,684.0,0,0,inf,2,7,231.0,0,0,inf,0,1,684.0,1,5,231.0
385888133,02200212,16.6,9.6,0,0,inf,0,2,714.7,0,0,inf,3,8,332.6,0,0,inf,0,2,714.7,2,6,352.1
385888134,02200212,20.4,21.9,0,0,inf,0,1,558.3,0,0,inf,1,10,176.2,0,0,inf,0,1,558.3,0,7,438.3
385888135,02200212,27.4,8.2,0,0,inf,0,2,738.1,0,0,inf,1,8,157.6,0,0,inf,0,2,738.1,1,6,157.6
385888136,02200212,25.4,44.5,0,0,inf,0,2,528.3,0,0,inf,3,11,104.9,0,0,inf,0,2,528.3,2,8,104.9
385888137,02200212,24.0,21.2,0,0,inf,0,1,582.5,0,0,inf,1,9,200.4,0,0,inf,0,1,582.5,0,6,412.7
385888138,02200212,27.0,28.4,0,0,inf,0,1,674.0,0,0,inf,2,10,146.2,0,0,inf,0,1,674.0,2,6,146.2
385888139,02200212,23.4,13.0,0,0,inf,0,2,706.5,0,0,inf,2,7,253.5,0,0,inf,0,2,706.5,1,6,253.5
385888140,02200212,18.3,13.1,0,0,inf,0,2,690.8,0,0,inf,3,10,264.3,0,0,inf,0,2,690.8,2,7,264.3
385888141,02200212,10.7,13.6,0,0,inf,0,2,660.7,0,0,inf,3,10,234.2,0,0,inf,0,2,660.7,2,7,234.2
385888142,02200212,30.8,25.2,0,0,inf,0,3,739.7,0,0,inf,3,8,305.7,0,0,inf,0,3,739.7,2,7,305.7
385888143,02200212,16.8,10.3,0,0,inf,0,2,637.5,0,0,inf,3,10,211.0,0,0,inf,0,2,637.5,2,7,211.0
385888144,02200212,16.8,13.0,0,0,inf,0,2,671.7,0,0,inf,3,10,245.2,0,0,inf,0,2,671.7,2,7,245.2
385888145,02200212,34.6,12.8,0,0,inf,0,2,759.9,0,0,inf,3,7,258.8,0,0,inf,0,2,759.9,2,6,258.8
385888146,02200212,34.4,1.5,0,0,inf,0,2,701.4,0,0,inf,3,8,277.3,0,0,inf,0,2,701.4,2,6,277.3
385888147,02200212,30.8,19.9,0,0,inf,0,2,622.5,0,0,inf,3,10,240.4,0,0,inf,0,2,622.5,2,7,370.0
385888149,02200212,19.2,23.2,0,0,inf,0,1,698.1,0,0,inf,3,12,98.5,0,0,inf,0,1,698.1,3,7,98.5
385888151,02200212,4.0,34.2,0,0,inf,0,2,577.1,0,0,inf,2,10,153.6,0,0,inf,0,2,577.1,2,7,153.6
385888152,02200212,22.7,16.7,0,0,inf,0,2,679.2,0,0,inf,2,8,156.4,0,0,inf,0,2,679.2,1,6,156.4
385888153,02200212,25.1,14.4,0,0,inf,0,2,644.7,0,0,inf,3,10,262.6,0,0,inf,0,2,644.7,2,7,336.8
385888154,02200212,5.5,25.3,0,0,inf,0,2,676.1,0,0,inf,2,10,249.6,0,0,inf,0,2,676.1,2,7,249.6
385888155,02200212,6.4,25.6,0,0,inf,0,1,795.2,0,0,inf,1,7,214.7,0,0,inf,0,1,795.2,1,5,214.7
385888157,02200212,27.7,11.1,0,0,inf,0,2,721.6,0,0,inf,2,8,141.1,0,0,inf,0,2,721.6,1,6,141.1
386492496,02100104,33.2,21.8,0,0,1959.7,0,3,422.6,0,0,inf,3,9,94.1,0,0,inf,0,3,422.6,1,5,388.6
386743135,02400522,231.9,11.4,0,0,1333.6,1,2,371.6,0,0,961.4,1,3,371.6,0,0,1333.6,1,2,371.6,1,3,371.6
388382429,02100102,128.9,14.8,0,0,1165.1,0,1,612.5,0,0,1916.7,2,8,178.2,0,0,1735.7,0,1,612.5,2,7,178.2
389387577,02500831,25.4,13.4,0,0,966.2,0,1,542.8,2,6,305.3,2,6,305.3,0,0,1149.1,0,1,542.8,2,9,305.3
389387578,02500831,24.9,15.0,0,0,1006.1,0,1,582.7,2,6,268.5,2,6,268.5,0,0,1112.3,0,1,582.7,2,9,268.5
389387579,02500831,44.4,18.0,0,1,572.3,0,2,409.8,1,5,313.3,0,4,409.8,0,0,1465.0,0,2,409.8,1,6,313.3
389387580,02500832,21.4,17.7,0,1,500.2,0,2,500.2,2,5,139.2,0,3,500.2,0,0,1302.1,0,2,500.2,2,6,139.2
389387581,02500831,25.7,14.9,0,0,1074.2,1,1,278.7,0,5,451.5,2,5,278.7,0,0,1469.6,1,1,278.7,2,7,278.7
389387582,02500831,27.9,25.7,0,0,1092.4,1,1,309.5,0,6,410.3,2,5,309.5,0,0,1428.5,1,1,309.5,2,8,309.5
389387583,02500831,24.5,14.8,0,0,999.5,1,2,204.1,0,6,526.0,1,6,204.1,0,0,1544.1,1,2,204.1,1,8,204.1
389387585,02500831,62.2,14.7,0,0,810.2,1,1,349.0,1,5,312.5,1,4,349.0,0,0,1345.6,1,1,349.0,2,6,312.5
389387587,02500831,33.8,17.2,0,0,949.8,0,1,748.3,3,6,182.2,2,5,182.2,0,0,949.8,0,1,748.3,3,8,182.2
389387588,02500831,52.4,14.5,0,0,1094.8,1,1,299.3,0,6,430.0,2,5,299.3,0,0,1448.2,1,1,299.3,2,8,299.3
389387589,02500831,34.9,47.3,0,1,582.0,1,2,310.1,0,4,426.7,1,3,310.1,0,0,1623.3,1,2,310.1,1,5,310.1
389387590,02500831,24.9,17.1,0,0,1086.9,1,1,304.0,0,7,404.7,2,5,304.0,0,0,1422.9,1,1,304.0,2,9,304.0
389387591,02500831,94.2,26.8,0,1,711.0,1,2,140.1,0,4,545.5,1,4,140.1,0,0,1578.6,1,2,140.1,1,6,140.1
389387592,02500832,20.5,15.2,0,1,698.2,0,1,698.2,2,4,267.4,0,2,698.2,0,0,1464.1,0,1,698.2,2,4,267.4
389387593,02500831,55.6,15.8,0,0,1041.6,0,1,632.4,2,6,263.8,2,6,263.8,0,0,1062.9,0,1,632.4,2,9,263.8
389387594,02500831,16.9,15.1,0,0,949.0,1,1,341.0,1,6,291.4,2,5,291.4,0,0,1281.9,1,1,341.0,2,8,291.4
389387595,02500832,10.9,40.5,0,1,782.6,0,1,782.6,1,5,294.8,0,4,464.6,0,0,1102.4,0,1,782.6,1,6,294.8
389387596,02500832,18.5,17.5,0,1,516.9,0,2,516.9,2,6,155.9,0,4,516.9,0,0,1318.8,0,2,516.9,2,7,155.9
389387597,02500831,23.4,39.9,0,0,895.1,0,1,768.8,2,5,245.6,1,5,285.6,0,0,1053.2,0,1,768.8,2,8,245.6
389387598,02500832,24.3,18.9,0,1,762.5,0,2,762.5,1,5,271.7,0,5,441.6,0,0,1082.4,0,2,762.5,1,7,271.7
389387599,02500831,25.4,13.5,0,0,1017.0,0,1,593.6,2,6,254.6,2,6,254.6,0,0,1098.4,0,1,593.6,2,9,254.6
389387600,02500832,33.0,15.3,0,1,570.4,0,2,560.1,2,5,112.7,0,4,560.1,0,0,1328.7,0,2,560.1,2,6,112.7
389387601,02500832,26.1,47.8,0,0,884.5,0,0,826.4,2,4,303.2,1,3,379.7,0,0,1107.7,0,0,826.4,2,5,303.2
389387602,02500832,82.7,23.8,0,1,726.7,0,1,726.7,2,4,295.9,0,2,726.7,0,0,1492.6,0,1,726.7,2,4,295.9
389387603,02500831,97.9,28.2,0,1,474.4,1,2,379.3,1,5,319.2,1,4,379.3,0,0,1535.2,1,2,379.3,2,6,319.2
389387604,02500831,30.0,15.0,0,0,1037.6,1,2,242.1,0,6,488.3,1,6,242.1,0,0,1506.5,1,2,242.1,1,8,242.1
389387605,02500832,22.8,16.4,0,1,674.7,0,2,654.1,2,5,25.1,0,5,459.0,0,0,1226.6,0,2,654.1,2,7,25.1
389387606,02500832,26.0,39.9,0,1,415.1,0,2,415.1,2,5,179.9,0,3,415.1,0,0,1342.7,0,2,415.1,2,6,179.9
389387607,02500831,34.2,13.7,0,0,1033.3,1,1,261.9,1,6,297.7,2,5,261.9,0,0,1315.9,1,1,261.9,2,8,261.9
389387608,02500831,25.8,17.5,0,0,1016.5,0,1,593.1,2,6,263.1,2,6,263.1,0,0,1106.9,0,1,593.1,2,9,263.1
389387609,02500831,9.4,42.4,0,0,1234.6,0,1,439.1,2,6,346.0,2,5,272.8,0,0,1364.2,0,1,439.1,2,8,272.8
389387610,02500832,23.5,13.3,0,0,880.1,0,0,889.8,1,5,280.0,1,4,280.0,0,0,880.1,0,0,880.1,1,7,280.0
389387611,02500831,32.9,17.8,0,1,625.2,0,2,462.8,1,5,259.9,0,4,462.8,0,0,1411.5,0,2,462.8,1,6,259.9
389387612,02500831,54.1,15.1,0,1,703.2,1,2,241.9,0,5,420.3,1,5,241.9,0,0,1453.4,1,2,241.9,1,7,241.9
389387613,02500831,35.5,17.6,0,1,641.7,0,2,479.3,1,5,243.1,0,5,479.3,0,0,1394.7,0,2,479.3,1,7,243.1
389387614,02500831,39.0,16.7,0,0,1230.4,0,1,506.8,2,7,212.2,2,5,212.2,0,0,1230.4,0,1,506.8,2,9,212.2
389387615,02500832,32.1,28.4,1,1,294.5,1,2,294.5,2,4,294.5,1,2,294.5,0,0,1497.9,1,2,294.5,2,5,294.5
389387616,02500831,24.5,14.3,0,0,992.2,0,1,568.8,2,6,281.0,2,6,281.0,0,0,1124.8,0,1,568.8,2,9,281.0
389387617,02500831,30.2,14.6,0,0,889.7,1,1,94.2,0,6,467.1,1,4,94.2,0,0,1485.3,1,1,94.2,1,6,94.2
389387618,02500831,161.6,18.1,0,0,943.6,1,1,148.1,0,5,420.4,1,4,148.1,0,0,1438.5,1,1,148.1,1,6,148.1
389387619,02500832,51.9,14.8,0,1,498.6,0,1,498.6,2,5,137.6,0,2,498.6,0,0,1224.8,0,1,498.6,2,5,137.6
389387620,02500831,26.8,40.5,0,0,954.6,0,1,688.8,3,6,359.9,2,5,359.9,0,0,1127.5,0,1,688.8,3,8,359.9
389387621,02500832,54.3,17.3,0,1,706.3,0,2,685.7,2,5,56.7,0,5,429.3,0,0,1196.9,0,2,685.7,2,7,56.7
389387622,02500831,25.2,16.7,0,1,754.8,0,2,732.9,2,5,105.2,1,6,379.5,0,0,1147.1,0,2,732.9,2,8,105.2
389387623,02500831,51.0,15.7,0,0,863.0,0,1,559.8,1,5,276.5,0,5,433.5,0,0,1207.1,0,1,559.8,1,8,276.5
389387624,02500831,36.0,18.4,0,0,1035.8,1,1,252.9,1,6,353.6,2,5,252.9,0,0,1371.8,1,1,252.9,2,8,252.9
389387625,02500831,50.8,17.2,0,1,777.9,0,2,710.9,2,5,128.3,1,6,357.6,0,0,1125.1,0,2,710.9,2,8,128.3
389387626,02500831,26.9,17.2,0,0,1071.3,0,1,463.3,1,7,173.3,2,6,173.3,0,0,1163.9,0,1,463.3,2,10,173.3
389387628,02500831,29.8,22.3,0,0,1077.7,1,1,294.8,1,6,395.6,3,5,294.8,0,0,1413.8,1,1,294.8,3,8,294.8
389387630,02500832,25.9,15.5,0,1,680.5,0,2,680.5,2,4,249.7,0,3,680.5,0,0,1446.4,0,2,680.5,2,5,249.7
389387631,02500831,54.5,18.9,0,1,591.6,0,2,581.2,2,5,98.8,0,4,547.2,0,0,1314.8,0,2,581.2,2,6,98.8
389387632,02500831,36.3,20.8,0,0,877.6,0,1,618.4,2,4,228.1,1,5,397.9,0,0,1165.5,0,1,618.4,2,7,228.1
389387633,02500831,27.1,14.6,0,0,1203.9,0,1,408.4,2,7,321.2,2,5,248.0,0,0,1339.4,0,1,408.4,2,9,248.0
389387634,02500832,30.6,18.4,0,1,612.8,0,2,612.8,2,5,182.0,0,4,612.8,0,0,1378.7,0,2,612.8,2,6,182.0
389387635,02500832,40.9,15.7,0,1,663.0,0,2,663.0,2,4,232.1,0,3,663.0,0,0,1428.8,0,2,663.0,2,5,232.1
389387636,02500832,22.6,17.8,0,0,864.6,0,0,806.5,2,4,283.3,1,4,339.6,0,0,1067.6,0,0,806.5,2,6,283.3
389387637,02500831,48.7,15.8,0,0,981.0,0,1,693.0,3,6,284.3,2,5,284.3,0,0,1051.9,0,1,693.0,3,8,284.3
389387638,02500831,49.4,15.0,0,0,972.6,0,1,721.0,3,6,205.0,2,5,205.0,0,0,972.6,0,1,721.0,3,8,205.0
389387639,02500831,33.7,21.0,0,0,860.0,0,1,636.4,2,4,210.5,1,5,380.3,0,0,1147.9,0,1,636.4,2,7,210.5
389387640,02500831,24.1,17.1,0,0,909.6,0,1,783.3,2,5,225.6,1,5,225.6,0,0,993.2,0,1,783.3,2,8,225.6
389387641,02500831,36.7,40.5,0,1,568.9,1,2,309.6,0,4,413.6,1,3,309.6,0,0,1610.2,1,2,309.6,1,5,309.6
389387642,02500831,31.6,40.7,0,0,983.6,1,1,375.6,1,6,308.1,2,5,308.1,0,0,1298.6,1,1,375.6,2,8,308.1
389387643,02500832,37.4,15.7,0,1,497.8,0,2,487.4,1,5,186.2,0,4,487.4,0,0,1402.3,0,2,487.4,1,6,186.2
389387644,02500832,49.8,18.4,0,0,964.1,0,0,851.2,2,5,241.4,1,4,241.4,0,0,969.3,0,0,851.2,2,7,241.4
389387645,02500832,38.4,17.6,0,1,638.0,0,2,638.0,2,5,207.2,0,4,538.5,0,0,1266.9,0,2,638.0,2,6,207.2
389387646,02500831,34.2,17.3,0,0,957.0,0,1,691.1,3,6,311.4,2,5,311.4,0,0,1078.9,0,1,691.1,3,8,311.4
389387647,02500832,35.5,17.3,0,0,868.7,0,0,810.6,2,4,287.4,1,4,334.5,0,0,1062.4,0,0,810.6,2,6,287.4
389387648,02500832,31.7,15.4,0,1,641.1,0,2,641.1,2,4,210.3,0,3,641.1,0,0,1407.0,0,2,641.1,2,5,210.3
389387649,02500832,31.4,15.4,0,1,626.2,0,2,626.2,2,5,195.4,0,4,626.2,0,0,1392.1,0,2,626.2,2,6,195.4
389387650,02500831,24.0,17.5,0,0,1056.4,1,1,273.5,1,6,374.3,2,5,273.5,0,0,1392.4,1,1,273.5,2,8,273.5
389387651,02500832,40.1,21.3,0,0,815.6,0,0,815.6,0,4,404.6,0,3,404.6,0,0,929.9,0,0,815.6,0,5,404.6
389387652,02500831,37.9,25.3,0,1,685.4,0,2,543.2,2,5,139.5,0,5,543.2,0,0,1355.5,0,2,543.2,2,7,139.5
389387653,02500832,41.3,15.5,0,1,550.0,0,2,539.7,2,5,133.6,0,4,539.7,0,0,1349.7,0,2,539.7,2,6,133.6
389387654,02500831,39.8,18.9,0,1,527.3,0,2,516.9,2,5,163.2,0,4,516.9,0,0,1379.2,0,2,516.9,2,6,163.2
389387655,02500831,71.4,14.8,0,0,966.8,1,2,171.3,0,6,558.8,1,5,171.3,0,0,1576.9,1,2,171.3,1,7,171.3
389387656,02500832,39.2,15.7,0,1,524.9,0,2,514.6,2,5,159.1,0,4,514.6,0,0,1375.1,0,2,514.6,2,6,159.1
389387657,02500831,20.6,13.7,0,0,1170.3,0,1,428.4,1,6,152.1,2,6,152.1,0,0,1170.3,0,1,428.4,2,9,152.1
389387658,02500831,33.4,17.7,0,0,912.2,0,1,488.8,2,6,351.4,1,5,367.8,0,0,1211.6,0,1,488.8,2,8,351.4
389387659,02500832,34.3,15.5,0,0,892.2,0,1,765.8,2,5,239.7,1,5,239.7,0,0,1007.3,0,1,765.8,2,8,239.7
389387660,02500831,33.8,15.4,0,0,895.7,0,1,472.2,2,6,363.5,1,4,379.9,0,0,1223.7,0,1,472.2,2,7,363.5
389387661,02500832,61.0,16.7,0,0,950.9,0,0,860.9,2,5,251.1,1,4,251.1,0,0,979.0,0,0,860.9,2,7,251.1
389387662,02500832,45.4,18.8,0,1,628.3,0,2,628.3,2,5,197.4,0,4,628.3,0,0,1394.1,0,2,628.3,2,6,197.4
389387663,02500831,32.2,16.9,0,0,999.4,0,1,576.0,2,6,278.9,2,6,278.9,0,0,1122.8,0,1,576.0,2,9,278.9
389387664,02500832,39.1,35.0,0,0,822.9,0,0,822.9,0,4,424.7,0,3,424.7,0,0,950.0,0,0,822.9,0,5,424.7
389387666,02500832,39.6,37.3,0,1,791.1,0,1,791.1,0,5,413.5,0,4,460.9,0,0,986.2,0,1,791.1,0,6,413.5
389387669,02500831,35.8,17.8,0,0,886.0,0,1,620.1,2,6,299.5,1,5,383.3,0,0,1150.9,0,1,620.1,2,8,299.5
389387672,02500831,62.5,13.0,0,0,1084.3,0,1,542.4,2,7,173.7,3,6,173.7,0,0,1084.3,0,1,542.4,3,10,173.7
389387675,02500832,60.8,17.2,0,1,676.1,0,2,676.1,2,5,174.4,0,4,499.5,0,0,1227.9,0,2,676.1,2,6,174.4
389387678,02500831,57.4,14.9,0,1,647.1,0,2,484.7,1,5,232.3,0,5,484.7,0,0,1383.9,0,2,484.7,1,7,232.3
389387681,02500831,44.3,15.2,0,0,952.4,0,1,686.5,3,6,311.6,2,5,311.6,0,0,1079.2,0,1,686.5,3,8,311.6
389387684,02500832,67.2,15.6,0,1,600.8,0,2,600.8,2,5,169.9,0,4,600.8,0,0,1366.6,0,2,600.8,2,6,169.9
389387687,02500831,47.6,15.4,0,1,799.1,0,2,581.4,1,5,275.7,0,5,465.3,0,0,1232.9,0,2,581.4,1,7,275.7
389387691,02500831,46.7,25.2,0,0,899.2,0,1,542.4,1,6,312.8,0,4,416.2,0,0,1243.3,0,1,542.4,1,7,312.8
389387694,02500832,50.5,16.3,0,1,600.4,0,2,600.4,2,5,169.6,0,4,573.5,0,0,1301.9,0,2,600.4,2,6,169.6
389387696,02500832,46.5,18.7,0,1,647.1,0,2,647.1,2,4,216.2,0,3,647.1,0,0,1413.0,0,2,647.1,2,5,216.2
389387697,02500831,51.8,17.5,0,0,958.6,0,1,535.2,2,6,321.1,1,5,321.1,0,0,1164.9,0,1,535.2,2,8,321.1
389387698,02500831,49.3,20.9,0,0,906.0,0,1,640.1,2,6,319.6,1,5,369.3,0,0,1136.9,0,1,640.1,2,8,319.6
389387699,02500831,38.3,31.9,0,0,1093.6,1,1,310.7,0,6,411.4,2,5,310.7,0,0,1429.6,1,1,310.7,2,8,310.7
389387700,02500831,49.8,41.9,0,0,973.9,0,1,708.0,3,6,343.6,2,5,343.6,0,0,1111.1,0,1,708.0,3,8,343.6
389387701,02500831,54.8,18.3,0,1,692.1,0,2,671.5,2,5,42.5,0,5,445.6,0,0,1213.2,0,2,671.5,2,7,42.5
389387702,02500832,41.6,19.0,0,1,695.5,0,1,695.5,2,4,264.6,0,2,695.5,0,0,1461.3,0,1,695.5,2,4,264.6
389387703,02500831,49.6,16.5,0,0,1099.5,1,1,328.2,1,7,237.1,3,5,237.1,0,0,1255.2,1,1,328.2,3,9,237.1
389387704,02500832,75.9,17.6,0,0,847.2,0,1,720.8,2,4,197.6,1,5,289.1,0,0,1056.7,0,1,720.8,2,7,197.6
389387705,02500832,40.8,24.4,0,1,531.7,0,2,531.7,2,6,170.7,0,4,531.7,0,0,1333.6,0,2,531.7,2,7,170.7
389387706,02500832,41.3,18.8,0,1,670.2,0,2,670.2,2,4,239.3,0,3,670.2,0,0,1436.0,0,2,670.2,2,5,239.3
389387707,02500832,57.0,18.6,0,0,942.6,0,0,873.1,2,5,263.3,1,4,263.3,0,0,991.2,0,0,873.1,2,7,263.3
389387708,02500831,105.3,15.6,0,1,763.7,1,2,302.4,1,5,360.7,1,5,302.4,0,0,1393.8,1,2,302.4,2,7,302.4
389387709,02500832,66.6,0.9,0,0,806.2,0,1,748.1,2,4,224.9,1,5,364.2,0,0,1092.1,0,1,748.1,2,7,224.9
389387710,02500832,79.4,20.2,0,0,894.6,0,0,836.5,2,4,313.2,1,4,314.4,0,0,1042.4,0,0,836.5,2,6,313.2
389387711,02500831,0.8,26.0,0,0,1034.2,1,2,238.7,0,6,513.8,1,6,238.7,0,0,1531.9,1,2,238.7,1,8,238.7
389387712,02500831,13.0,16.0,0,1,744.1,1,2,282.9,1,5,381.2,1,5,282.9,0,0,1414.3,1,2,282.9,2,7,282.9
389387717,02500831,14.3,16.7,0,0,1062.7,1,1,291.3,1,6,274.2,2,5,274.2,0,0,1292.4,1,1,291.3,2,8,274.2
389387718,02500831,19.9,16.1,0,1,759.8,1,2,298.5,1,5,365.7,1,5,298.5,0,0,1398.8,1,2,298.5,2,7,298.5
389387719,02500832,20.4,39.2,0,1,435.3,0,2,435.3,2,5,158.3,0,3,435.3,0,0,1321.2,0,2,435.3,2,6,158.3
389387721,02500831,14.5,14.5,0,0,1037.9,0,1,429.8,1,6,201.4,2,6,201.4,0,0,1192.0,0,1,429.8,2,9,201.4
389387723,02500831,16.0,15.1,0,0,1006.3,1,1,398.2,1,6,234.1,2,5,234.1,0,0,1224.6,1,1,398.2,2,8,234.1
389387724,02500831,10.7,13.2,0,0,1162.4,1,1,391.0,1,6,167.7,3,6,167.7,0,0,1185.8,1,1,391.0,3,9,167.7
389387726,02500831,30.4,15.8,0,0,864.2,1,1,219.4,0,6,414.3,1,4,219.4,0,0,1404.9,1,1,219.4,1,7,219.4
389387727,02500831,17.5,15.3,0,0,929.3,1,1,321.3,1,6,311.5,2,5,311.5,0,0,1302.1,1,1,321.3,2,8,311.5
389387729,02500831,2.5,57.9,0,0,1156.1,1,1,384.7,1,5,263.3,3,5,263.3,0,0,1281.5,1,1,384.7,3,7,263.3
389387731,02500832,0.9,27.5,1,1,374.0,1,2,374.0,3,4,196.2,1,2,374.0,0,0,1359.1,1,2,374.0,3,5,196.2
389387732,02500831,13.1,15.9,0,1,712.5,1,2,251.2,0,5,412.6,1,5,251.2,0,0,1445.7,1,2,251.2,1,7,251.2
389387733,02500831,10.3,14.2,0,0,1070.7,1,1,299.4,1,6,261.2,3,5,261.2,0,0,1279.3,1,1,299.4,3,8,261.2
389387734,02500831,102.2,19.0,0,1,489.0,0,2,478.6,1,5,201.5,0,4,478.6,0,0,1417.5,0,2,478.6,1,6,201.5
389387735,02500831,14.2,16.7,0,0,1074.0,1,1,302.6,1,6,263.0,3,5,263.0,0,0,1281.2,1,1,302.6,3,8,263.0
389387739,02500832,1.0,45.5,0,1,663.4,0,2,663.4,2,5,232.6,0,4,568.9,0,0,1297.3,0,2,663.4,2,6,232.6
389387740,02500831,13.7,16.0,0,1,728.3,1,2,267.1,1,5,396.8,1,5,267.1,0,0,1429.9,1,2,267.1,2,7,267.1
389387742,02500831,0.8,33.9,0,0,844.1,1,1,199.3,0,5,470.7,1,4,199.3,0,0,1461.2,1,1,199.3,1,6,199.3
389387743,02500831,13.2,15.9,0,1,694.1,1,2,232.9,0,5,430.8,1,5,232.9,0,0,1463.9,1,2,232.9,1,7,232.9
389387747,02500831,1.2,27.8,0,1,782.0,1,2,320.7,1,5,366.7,1,5,320.7,0,0,1399.8,1,2,320.7,2,7,320.7
389387752,02500831,17.4,13.9,0,1,753.7,0,2,536.1,1,5,230.3,0,5,507.8,0,0,1275.4,0,2,536.1,1,7,230.3
389387753,02500831,19.1,16.1,0,1,790.2,1,2,329.0,1,6,335.2,1,5,329.0,0,0,1368.2,1,2,329.0,2,7,329.0
389387755,02500831,40.5,15.0,0,1,610.3,0,2,447.9,1,5,269.3,0,4,447.9,0,0,1420.9,0,2,447.9,1,6,269.3
389387757,02500832,21.4,16.2,1,1,356.5,1,2,356.5,3,5,191.1,1,3,356.5,0,0,1353.9,1,2,356.5,3,6,191.1
389387759,02500831,9.1,15.7,0,0,935.7,1,1,310.0,1,6,380.4,2,4,310.0,0,0,1370.9,1,1,310.0,2,7,310.0
389387760,02500831,58.8,15.8,0,1,544.2,1,2,381.8,1,5,337.0,1,4,381.8,0,0,1488.6,1,2,381.8,2,6,337.0
389387762,02500831,19.2,14.6,0,0,1135.2,1,1,363.8,1,6,197.7,3,6,197.7,0,0,1215.8,1,1,363.8,3,9,197.7
389387763,02500831,9.7,14.8,0,0,935.9,1,1,327.9,1,6,303.9,2,5,303.9,0,0,1294.4,1,1,327.9,2,8,303.9
389387764,02500831,21.7,14.5,0,1,569.6,0,2,407.2,1,5,309.0,0,4,407.2,0,0,1460.6,0,2,407.2,1,6,309.0
389387765,02500831,2.8,32.4,0,0,816.0,1,1,354.8,1,4,342.0,1,4,354.8,0,0,1375.1,1,1,354.8,2,6,342.0
389387767,02500831,13.5,14.0,0,0,1149.6,1,1,378.2,1,6,182.0,3,6,182.0,0,0,1200.1,1,1,378.2,3,9,182.0
389387768,02500832,21.1,38.8,1,1,394.0,1,2,394.0,3,4,198.8,1,2,394.0,0,0,1361.6,1,2,394.0,3,5,198.8
389387770,02500831,17.0,15.0,0,0,991.0,1,1,383.0,1,6,249.3,2,5,249.3,0,0,1239.8,1,1,383.0,2,8,249.3
389387771,02500831,14.6,15.6,0,0,1080.0,0,1,471.9,2,7,161.5,3,6,161.5,0,0,1152.0,0,1,471.9,3,10,161.5
389387773,02500831,1.0,31.6,0,0,986.6,1,1,378.5,1,6,286.9,2,5,286.9,0,0,1277.4,1,1,378.5,2,8,286.9
389387774,02500831,3.1,39.2,0,0,1271.6,0,1,525.3,2,7,253.4,2,5,253.4,0,0,1271.6,0,1,525.3,2,9,253.4
389387776,02500831,23.2,14.7,0,0,1013.8,1,2,218.3,0,6,511.5,1,6,218.3,0,0,1529.7,1,2,218.3,1,8,218.3
389387777,02500831,21.2,17.7,0,0,927.7,0,1,661.9,3,6,341.3,2,5,341.3,0,0,1108.9,0,1,661.9,3,8,341.3
389387778,02500831,11.7,15.5,0,0,1053.3,0,1,445.2,1,6,188.0,2,6,188.0,0,0,1178.6,0,1,445.2,2,9,188.0
389387779,02500831,14.8,14.6,0,0,1055.3,1,1,283.9,1,6,277.4,2,5,277.4,0,0,1295.6,1,1,283.9,2,8,277.4
389387780,02500831,59.2,27.0,0,0,896.8,1,2,101.3,0,6,576.2,1,4,101.3,0,0,1594.3,1,2,101.3,1,6,101.3
389387781,02500831,17.0,15.4,0,0,1021.3,0,1,413.3,1,6,219.6,1,6,219.6,0,0,1210.1,0,1,413.3,1,9,219.6
389387782,02500832,21.2,38.8,1,1,377.3,1,2,377.3,3,4,215.5,1,2,377.3,0,0,1378.4,1,2,377.3,3,5,215.5
389387783,02500831,1.6,36.5,0,0,1250.2,0,1,454.7,2,7,318.7,2,5,245.4,0,0,1336.8,0,1,454.7,2,9,245.4
389387784,02500831,0.9,41.2,0,1,593.6,1,2,286.2,0,4,438.3,1,3,286.2,0,0,1615.1,1,2,286.2,1,5,286.2
389387785,02500831,14.6,15.4,0,0,978.3,1,1,370.3,1,6,262.7,2,5,262.7,0,0,1253.2,1,1,370.3,2,8,262.7
389387787,02500831,6.6,36.3,0,1,691.7,0,2,558.8,2,5,145.7,0,4,558.8,0,0,1361.8,0,2,558.8,2,6,145.7
389387788,02500832,42.3,18.5,0,0,920.9,0,0,862.8,2,5,284.6,1,4,284.6,0,0,1012.6,0,0,862.8,2,7,284.6
389387789,02500831,22.0,15.0,0,1,584.9,0,2,422.5,1,5,294.6,0,4,422.5,0,0,1446.2,0,2,422.5,1,6,294.6
389387790,02500831,77.2,17.2,0,0,919.4,1,1,123.9,0,6,442.8,1,4,123.9,0,0,1460.9,1,1,123.9,1,6,123.9
389387791,02500831,1.0,23.7,0,0,871.4,0,1,448.0,1,6,348.1,0,4,420.6,0,0,1264.5,0,1,448.0,1,7,348.1
389387794,02500831,15.6,16.1,0,1,774.7,1,2,313.4,1,5,350.8,1,5,313.4,0,0,1383.9,1,2,313.4,2,7,313.4
389387796,02500831,27.3,16.1,0,0,1134.2,0,1,471.5,2,6,143.7,3,6,143.7,0,0,1134.2,0,1,471.5,3,9,143.7
389387797,02500831,2.2,33.0,0,1,562.6,0,2,400.2,1,5,352.9,0,4,400.2,0,0,1504.5,0,2,400.2,1,6,352.9
389387798,02500832,26.8,28.0,1,1,314.8,1,2,314.8,3,4,314.8,1,2,314.8,0,0,1518.2,1,2,314.8,3,5,314.8
389387799,02500832,25.6,18.3,0,1,509.3,0,2,509.3,2,6,148.3,0,4,509.3,0,0,1311.2,0,2,509.3,2,7,148.3
389387800,02500831,19.6,17.0,0,0,1051.7,1,1,268.8,1,6,369.6,2,5,268.8,0,0,1387.7,1,1,268.8,2,8,268.8
389387801,02500832,16.6,47.7,0,0,929.2,0,0,871.1,2,4,334.9,1,4,334.9,0,0,1062.8,0,0,871.1,2,6,334.9
389387802,02500831,3.7,45.1,0,0,1141.0,1,1,369.6,1,5,252.9,3,5,252.9,0,0,1271.0,1,1,369.6,3,7,252.9
389387803,02500831,91.0,29.1,0,1,623.5,1,2,232.2,0,4,468.2,1,3,232.2,0,0,1561.0,1,2,232.2,1,5,232.2
389387804,02500831,12.4,15.6,0,0,1066.8,0,1,458.7,1,7,174.7,2,6,174.7,0,0,1165.2,0,1,458.7,2,10,174.7
389387806,02500831,23.9,17.8,0,0,929.7,0,0,803.3,2,5,206.9,1,4,206.9,0,0,974.5,0,0,803.3,2,7,206.9
389387807,02500831,15.2,15.1,0,0,963.5,1,1,355.5,1,6,276.9,2,5,276.9,0,0,1267.4,1,1,355.5,2,8,276.9
389387808,02500831,8.8,42.2,0,1,766.3,1,2,305.1,0,5,411.4,1,5,305.1,0,0,1444.5,1,2,305.1,1,7,305.1
389387809,02500832,15.8,13.8,0,1,781.0,0,1,781.0,0,5,403.4,0,4,424.2,0,0,949.5,0,1,781.0,0,6,403.4
389387810,02500831,28.1,14.6,0,0,1102.8,0,1,494.7,2,6,136.5,3,6,136.5,0,0,1127.1,0,1,494.7,3,9,136.5
389387811,02500831,8.2,15.9,0,0,1154.5,1,1,383.2,1,6,180.8,3,6,180.8,0,0,1198.9,1,1,383.2,3,9,180.8
389387812,02500831,2.4,35.5,0,1,727.1,0,2,706.6,2,5,77.6,0,5,444.8,0,0,1212.4,0,2,706.6,2,7,77.6
389387813,02500831,45.1,20.1,0,1,692.9,0,2,502.7,1,5,197.0,0,5,502.7,0,0,1348.6,0,2,502.7,1,7,197.0
389387814,02500831,25.0,19.9,0,0,1184.6,0,1,461.0,2,6,166.4,2,6,166.4,0,0,1184.6,0,1,461.0,2,9,166.4
389387815,02500831,54.6,17.3,0,1,547.1,1,2,384.7,1,5,337.0,1,4,384.7,0,0,1488.6,1,2,384.7,2,6,337.0
389387816,02500831,17.9,13.5,0,0,1189.3,0,1,465.8,2,6,171.2,2,6,171.2,0,0,1189.3,0,1,465.8,2,9,171.2
389387817,02500831,28.0,14.6,0,0,1187.5,1,1,392.0,2,6,337.6,3,5,264.4,0,0,1355.8,1,1,392.0,3,8,264.4
389387818,02500831,0.9,25.4,0,1,574.1,0,2,411.7,1,5,326.4,0,4,411.7,0,0,1478.0,0,2,411.7,1,6,326.4
389387819,02500831,67.8,15.5,0,0,801.5,1,1,156.6,0,5,476.6,1,4,156.6,0,0,1467.1,1,1,156.6,1,6,156.6
389387820,02500832,19.5,16.3,0,1,521.4,0,1,521.4,2,5,160.4,0,2,521.4,0,0,1205.1,0,1,521.4,2,5,160.4
389387821,02500831,18.6,15.8,0,0,1024.1,0,1,416.0,1,6,217.8,1,6,217.8,0,0,1208.3,0,1,416.0,1,9,217.8
389387822,02500831,43.8,18.3,0,0,1114.4,1,1,331.5,0,6,418.4,2,5,331.5,0,0,1436.6,1,1,331.5,2,8,331.5
389387823,02500832,49.5,14.4,1,1,291.7,1,2,291.7,2,4,252.3,1,2,291.7,0,0,1415.2,1,2,291.7,2,5,252.3
389387824,02500831,15.2,15.9,0,0,1143.8,1,1,372.5,1,6,191.6,3,6,191.6,0,0,1209.8,1,1,372.5,3,9,191.6
389387825,02500831,18.4,16.3,0,0,1079.8,0,1,471.8,1,7,163.0,2,6,163.0,0,0,1153.5,0,1,471.8,2,10,163.0
389387826,02500831,12.2,15.3,0,0,1009.9,0,1,401.9,1,6,230.9,1,5,230.9,0,0,1221.5,0,1,401.9,1,8,230.9
389387827,02500831,1.6,42.9,0,0,1096.0,0,1,488.0,1,6,200.0,2,6,200.0,0,0,1190.6,0,1,488.0,2,9,200.0
389387828,02500831,17.9,14.7,0,0,923.3,1,1,315.2,2,6,316.3,2,4,315.2,0,0,1306.9,1,1,315.2,3,7,315.2
389387829,02500831,22.1,19.3,0,1,655.4,0,2,561.1,2,5,109.4,0,4,557.9,0,0,1325.5,0,2,561.1,2,6,109.4
389387830,02500831,12.3,17.2,0,0,949.5,1,1,299.2,1,6,388.5,2,4,299.2,0,0,1384.7,1,1,299.2,2,7,299.2
389387831,02500831,28.6,43.6,0,0,1048.6,1,2,253.2,0,6,534.4,1,6,253.2,0,0,1552.6,1,2,253.2,1,8,253.2
389387832,02500831,22.8,18.8,0,1,564.3,0,2,553.9,2,5,125.8,0,4,553.9,0,0,1341.9,0,2,553.9,2,6,125.8
389387834,02500832,11.4,41.5,0,1,548.9,0,2,548.9,2,4,187.9,0,3,548.9,0,0,1350.8,0,2,548.9,2,5,187.9
389387835,02500831,28.9,17.3,0,1,601.9,0,2,439.4,1,5,282.4,0,4,439.4,0,0,1434.0,0,2,439.4,1,6,282.4
389387836,02500831,46.4,15.9,0,0,1046.5,0,1,438.4,1,6,195.5,2,6,195.5,0,0,1186.1,0,1,438.4,2,9,195.5
389387837,02500831,22.6,18.8,0,1,546.0,0,2,535.7,2,5,144.1,0,4,535.7,0,0,1360.2,0,2,535.7,2,6,144.1
389387838,02500831,18.6,38.3,0,0,866.0,1,1,221.1,0,5,457.7,1,4,221.1,0,0,1448.3,1,1,221.1,1,6,221.1
389387839,02500831,20.6,15.4,0,0,994.1,1,1,386.1,1,6,246.8,2,5,246.8,0,0,1237.4,1,1,386.1,2,8,246.8
389387840,02500832,27.6,16.0,0,0,864.3,0,0,870.5,1,4,339.0,1,4,339.0,0,0,864.3,0,0,864.3,1,6,339.0
389387841,02500831,18.6,16.1,0,1,737.7,0,2,717.2,3,5,88.2,1,5,395.5,0,0,1163.1,0,2,717.2,3,7,88.2
389457656,02500832,21.0,26.9,0,0,808.7,0,0,861.5,0,3,565.1,0,2,440.8,0,0,808.7,0,0,808.7,0,4,440.8
389457660,02500832,9.2,25.6,0,1,421.2,0,2,421.2,1,4,346.7,0,2,421.2,0,0,1509.5,0,2,421.2,1,5,346.7
389457661,02500832,22.5,30.0,0,1,592.9,0,1,592.9,2,4,231.9,0,3,592.9,0,0,1161.0,0,1,592.9,2,5,231.9
389457662,02500832,18.8,17.0,0,1,523.8,0,1,523.8,2,5,162.7,0,2,523.8,0,0,1204.1,0,1,523.8,2,5,162.7
389457663,02500832,29.4,17.8,0,1,429.4,0,1,429.4,2,4,75.0,0,1,429.4,0,0,1205.2,0,1,429.4,2,4,75.0
389457664,02500832,24.1,15.5,0,1,708.0,0,1,708.0,1,4,282.3,0,3,590.2,0,0,958.1,0,1,708.0,1,5,282.3
389457665,02500832,32.6,19.7,0,1,574.4,0,1,574.4,1,4,287.2,0,2,574.4,0,0,970.7,0,1,574.4,1,5,287.2
389457666,02500832,26.0,51.3,0,1,566.1,0,1,566.1,1,4,279.0,0,2,566.1,0,0,1042.1,0,1,566.1,1,5,279.0
389457667,02500832,21.8,27.1,1,1,137.5,1,2,137.5,1,4,137.5,1,2,137.5,0,0,1501.7,1,2,137.5,1,5,137.5
389457668,02500832,37.0,16.5,0,1,794.1,0,1,794.1,0,5,416.5,0,4,416.6,0,0,941.9,0,1,794.1,0,6,416.5
389457669,02500832,44.6,30.7,0,1,482.6,0,1,482.6,2,4,47.7,0,1,482.6,0,0,1255.0,0,1,482.6,2,4,47.7
389457670,02500832,32.6,57.5,0,1,611.9,0,1,611.9,1,4,324.7,0,2,611.9,0,0,1008.8,0,1,611.9,1,5,324.7
389457671,02500832,19.1,54.3,0,1,725.4,0,1,725.4,1,4,299.7,0,3,650.5,0,0,1018.3,0,1,725.4,1,5,299.7
389457672,02500832,42.1,13.6,0,1,572.1,0,1,572.1,2,4,119.2,0,2,572.1,0,0,1117.2,0,1,572.1,2,5,119.2
389457673,02500832,15.6,17.5,0,1,665.8,0,1,665.8,2,5,289.2,0,4,535.4,0,0,1063.0,0,1,665.8,2,6,289.2
389457674,02500832,25.0,60.6,0,0,809.9,0,0,809.9,0,4,432.3,0,3,488.8,0,0,1014.1,0,0,809.9,0,5,432.3
389457675,02500832,32.1,15.2,0,1,646.8,0,1,646.8,1,5,221.0,0,3,646.8,0,0,1018.7,0,1,646.8,1,6,221.0
389457676,02500832,50.0,22.3,0,1,608.0,0,1,608.0,2,4,247.0,0,3,602.8,0,0,1130.5,0,1,608.0,2,5,247.0
389457677,02500832,42.8,15.9,0,1,594.9,0,1,594.9,1,5,169.1,0,3,594.9,0,0,1071.9,0,1,594.9,1,6,169.1
389457678,02500832,36.4,19.7,0,1,603.7,0,1,603.7,1,5,316.5,0,3,573.4,0,0,941.3,0,1,603.7,1,6,316.5
389457679,02500832,38.0,16.1,0,1,685.8,0,1,685.8,1,4,260.0,0,3,613.6,0,0,981.5,0,1,685.8,1,5,260.0
389457680,02500832,36.2,19.5,0,1,652.3,0,1,652.3,1,5,365.1,0,3,524.5,0,0,892.4,0,1,652.3,1,6,365.1
389457681,02500832,121.6,14.4,0,1,750.6,0,1,750.6,2,5,373.0,0,4,542.8,0,0,972.1,0,1,750.6,2,6,373.0
389457682,02500832,57.4,35.0,0,1,525.6,0,1,525.6,2,5,58.8,0,2,525.6,0,0,1221.7,0,1,525.6,2,5,58.8
389457683,02500832,62.5,17.1,0,0,923.3,0,0,854.2,1,5,244.4,1,4,244.4,0,0,923.3,0,0,854.2,1,7,244.4
389457684,02500832,98.0,18.3,0,1,543.4,0,1,543.4,1,4,256.2,0,2,543.4,0,0,999.0,0,1,543.4,1,5,256.2
389457691,02500832,1.0,60.7,0,1,479.6,0,1,479.6,1,4,110.6,0,1,479.6,0,0,1255.4,0,1,479.6,1,4,110.6
389457693,02500832,1.2,53.3,0,1,764.8,0,1,764.8,0,2,583.9,0,2,687.9,0,0,1055.8,0,1,764.8,0,3,583.9
389457707,02500832,1.6,48.9,0,1,617.6,0,1,617.6,2,4,256.6,0,2,617.6,0,0,1174.2,0,1,617.6,2,4,256.6
389457708,02500832,0.8,31.5,0,1,534.7,0,1,534.7,1,4,247.5,0,2,534.7,0,0,1034.0,0,1,534.7,1,5,247.5
389457712,02500832,1.7,33.7,0,0,815.5,0,0,868.3,0,3,571.9,0,2,447.6,0,0,815.5,0,0,815.5,0,4,447.6
389457713,02500832,3.5,39.1,0,1,604.6,0,1,604.6,1,4,317.4,0,2,604.6,0,0,979.4,0,1,604.6,1,5,317.4
389457715,02500832,1.1,37.7,0,1,662.0,0,1,662.0,2,4,285.3,0,3,579.7,0,0,1107.3,0,1,662.0,2,5,285.3
389457721,02500832,1.2,15.3,0,1,797.0,0,0,849.8,0,3,553.4,0,3,429.1,0,1,797.0,0,1,797.0,0,5,429.1
389457722,02500832,17.7,15.7,0,1,488.8,0,1,488.8,2,5,127.8,0,2,488.8,0,0,1236.5,0,1,488.8,2,5,127.8
389457723,02500832,18.3,52.0,0,0,834.1,0,0,834.1,0,1,653.2,0,1,616.1,0,0,984.0,0,0,834.1,0,2,616.1
389457725,02500832,17.4,19.5,0,1,592.3,0,1,592.3,1,4,305.1,0,2,584.6,0,0,952.5,0,1,592.3,1,5,305.1
389457726,02500832,18.4,15.6,1,1,367.3,1,2,367.3,3,5,179.1,1,3,367.3,0,0,1341.9,1,2,367.3,3,6,179.1
389457729,02500832,18.8,17.1,0,1,507.1,0,1,507.1,2,5,146.0,0,2,507.1,0,0,1221.1,0,1,507.1,2,5,146.0
389457731,02500832,2.6,65.8,0,1,511.6,0,1,511.6,2,4,88.9,0,1,511.6,0,0,1287.4,0,1,511.6,2,4,88.9
389457735,02500832,5.8,37.9,1,1,383.9,1,2,383.9,3,4,207.1,1,2,383.9,0,0,1370.0,1,2,383.9,3,5,207.1
389457738,02500832,20.7,42.9,0,1,507.6,0,1,507.6,2,4,47.0,0,1,507.6,0,0,1254.2,0,1,507.6,2,4,47.0
389457742,02500832,22.4,46.8,0,0,828.5,0,0,881.4,0,3,584.9,0,2,460.7,0,0,828.5,0,0,828.5,0,4,460.7
389457743,02500832,10.5,15.3,1,1,348.5,1,2,348.5,3,4,197.4,1,2,348.5,0,0,1360.3,1,2,348.5,3,5,197.4
389457747,02500832,10.9,28.5,1,1,367.4,1,2,367.4,3,4,204.9,1,2,367.4,0,0,1367.7,1,2,367.4,3,5,204.9
389457749,02500832,19.5,21.5,0,1,511.8,0,1,511.8,1,4,224.7,0,2,511.8,0,0,1036.9,0,1,511.8,1,5,224.7
389457750,02500832,22.6,13.1,0,1,538.3,0,1,538.3,2,5,71.5,0,3,538.3,0,0,1163.9,0,1,538.3,2,6,71.5
389457751,02500832,0.9,34.2,0,1,458.3,0,1,458.3,1,4,197.3,0,2,458.3,0,0,1115.8,0,1,458.3,1,5,197.3
389457755,02500832,1.4,31.7,1,1,388.7,1,2,388.7,3,5,189.8,1,3,388.7,0,0,1352.7,1,2,388.7,3,6,189.8
389457762,02500832,5.2,32.7,1,1,395.5,1,2,395.5,3,5,185.1,1,3,395.5,0,0,1347.9,1,2,395.5,3,6,185.1
389457763,02500832,14.0,16.4,0,1,608.4,0,1,608.4,2,4,247.4,0,3,590.7,0,0,1118.4,0,1,608.4,2,5,247.4
389457764,02500832,17.4,36.0,0,1,590.7,0,1,590.7,2,4,123.9,0,2,590.7,0,0,1157.3,0,1,590.7,2,5,123.9
389457765,02500832,19.0,22.2,0,1,417.8,0,2,417.8,1,4,343.2,0,2,417.8,0,0,1506.0,0,2,417.8,1,5,343.2
389457766,02500832,1.0,45.5,0,1,682.6,0,1,682.6,1,4,256.8,0,3,675.5,0,0,1043.4,0,1,682.6,1,5,256.8
389457768,02500832,21.9,17.9,0,1,497.7,0,1,497.7,2,5,53.3,0,2,497.7,0,0,1216.1,0,1,497.7,2,5,53.3
389457769,02500832,22.7,18.5,0,1,633.3,0,1,633.3,1,5,346.1,0,3,541.5,0,0,909.4,0,1,633.3,1,6,346.1
389457770,02500832,20.8,16.0,1,1,334.2,1,2,334.2,3,4,213.0,1,2,334.2,0,0,1375.8,1,2,334.2,3,5,213.0
389457771,02500832,25.5,16.9,0,1,482.2,0,1,482.2,2,5,20.5,0,2,482.2,0,0,1227.8,0,1,482.2,2,5,20.5
389457772,02500832,130.2,26.8,1,1,179.2,1,2,179.2,2,4,179.2,1,2,179.2,0,0,1543.4,1,2,179.2,2,5,179.2
389457773,02500832,16.2,16.1,0,1,538.8,0,1,538.8,2,5,177.8,0,2,538.8,0,0,1187.4,0,1,538.8,2,5,177.8
389457775,02500832,43.2,17.9,0,1,433.5,0,2,433.5,2,5,117.5,0,3,433.5,0,0,1280.4,0,2,433.5,2,6,117.5
389457776,02500832,24.5,41.9,0,1,765.4,0,1,765.4,0,4,469.0,0,3,456.2,0,0,824.1,0,1,765.4,0,5,456.2
389457777,02500832,17.2,15.5,0,1,597.3,0,1,597.3,1,5,171.5,0,3,597.3,0,0,1068.8,0,1,597.3,1,6,171.5
389457779,02500832,22.8,22.2,0,2,761.4,0,1,761.4,0,4,464.9,0,4,421.0,0,1,788.9,0,2,761.4,0,6,421.0
389457780,02500832,20.6,16.5,0,1,584.1,0,1,584.1,1,5,158.3,0,3,584.1,0,0,1083.9,0,1,584.1,1,6,158.3
389457781,02500832,21.8,16.0,0,1,560.3,0,1,560.3,2,4,199.3,0,3,560.3,0,0,1165.8,0,1,560.3,2,5,199.3
389497952,02500834,23.6,15.4,0,1,630.9,0,1,630.9,4,9,257.4,1,6,376.1,0,0,1413.0,0,1,630.9,4,10,257.4
389503356,02500831,44.2,14.1,0,0,983.1,0,1,632.6,2,6,192.1,3,6,192.1,0,0,983.1,0,1,632.6,3,9,192.1
389503357,02500831,45.1,18.5,0,0,902.4,0,1,798.3,2,5,134.8,1,5,134.8,0,0,902.4,0,1,798.3,2,8,134.8
389503358,02500833,21.6,33.9,0,0,1019.9,0,1,678.7,3,7,243.3,3,6,243.3,0,0,1019.9,0,1,678.7,4,10,243.3
389503360,02500833,41.8,26.4,0,0,996.5,0,1,695.8,3,7,260.4,3,6,260.4,0,0,996.5,0,1,695.8,4,10,260.4
389503361,02500831,45.7,24.7,0,0,966.4,0,1,759.9,2,6,198.8,2,5,198.8,0,0,966.4,0,1,759.9,2,8,198.8
389503362,02500831,37.9,38.0,0,0,861.9,0,1,779.2,2,5,94.3,2,5,94.3,0,0,861.9,0,1,779.2,2,7,94.3
389503363,02500833,48.5,17.4,0,1,702.3,0,0,897.4,1,5,104.3,2,5,104.3,0,1,702.3,0,1,702.3,2,8,104.3
389503364,02500831,62.4,16.0,0,0,985.6,0,1,723.2,2,6,218.0,2,5,218.0,0,0,985.6,0,1,723.2,2,8,218.0
389503365,02500833,33.5,20.1,0,0,1010.0,0,1,652.4,2,8,217.0,2,6,217.0,0,0,1010.0,0,1,652.4,3,11,217.0
389503366,02500833,40.2,14.0,0,0,808.3,0,1,770.0,3,7,311.8,2,5,327.8,0,0,808.3,0,1,770.0,3,9,311.8
389503367,02500833,50.4,16.9,0,0,931.4,0,1,724.6,2,7,148.5,1,6,289.3,0,0,931.4,0,1,724.6,2,10,148.5
389503368,02500831,40.7,31.3,0,0,982.9,0,1,756.6,2,6,215.3,2,5,215.3,0,0,982.9,0,1,756.6,2,8,215.3
389503369,02500833,25.2,20.8,0,1,759.9,0,0,959.6,2,6,228.3,1,5,228.3,0,1,759.9,0,1,759.9,2,9,228.3
389503371,02500833,33.7,20.1,0,0,986.3,0,1,676.1,2,7,203.4,2,6,240.7,0,0,986.3,0,1,676.1,3,10,203.4
389503372,02500833,44.3,18.2,0,0,1007.2,0,1,579.7,2,6,139.1,3,6,139.1,0,0,1007.2,0,1,579.7,3,9,139.1
389503373,02500833,43.0,21.0,0,0,891.4,0,1,781.3,3,8,249.7,2,6,345.9,0,0,891.4,0,1,781.3,3,11,249.7
389503374,02500833,33.4,20.1,0,0,962.1,0,1,700.3,2,7,179.2,2,6,264.9,0,0,962.1,0,1,700.3,3,10,179.2
389503375,02500833,50.9,17.4,0,1,784.0,0,0,801.2,3,7,287.6,2,5,319.7,0,1,784.0,0,1,784.0,3,9,287.6
389503376,02500833,41.9,19.8,0,0,888.3,0,1,782.1,3,8,246.5,2,6,346.7,0,0,888.3,0,1,782.1,3,11,246.5
389503388,02500833,42.1,22.2,0,0,917.0,0,1,758.2,3,7,275.2,2,6,322.8,0,0,917.0,0,1,758.2,3,10,275.2
389503390,02500834,2.2,33.5,0,0,1022.5,0,0,1022.6,2,8,210.4,0,4,501.0,0,0,1022.5,0,0,1022.5,2,9,210.4
389503391,02500831,6.3,37.7,0,0,883.3,0,0,855.7,1,5,115.7,1,4,115.7,0,0,883.3,0,0,855.7,1,7,115.7
389503392,02500831,44.1,16.3,0,0,995.3,0,1,714.2,2,6,227.7,2,5,227.7,0,0,995.3,0,1,714.2,2,8,227.7
389503394,02500831,19.1,17.6,0,0,950.2,0,1,649.9,2,6,182.6,3,6,182.6,0,0,950.2,0,1,649.9,3,9,182.6
389503396,02500833,7.4,29.6,0,0,1028.1,0,1,661.9,3,7,226.5,3,6,226.5,0,0,1028.1,0,1,661.9,4,10,226.5
389517851,02500833,39.4,16.7,0,0,1082.5,0,1,573.1,3,8,137.7,3,6,137.7,0,0,1082.5,0,1,573.1,4,11,137.7
389517852,02500833,8.6,32.8,0,0,1130.2,0,1,679.9,2,7,225.5,2,6,240.2,0,0,1130.2,0,1,679.9,3,10,225.5
389518392,02500833,43.7,20.3,0,0,984.1,0,1,696.0,3,7,260.6,3,6,260.6,0,0,984.1,0,1,696.0,4,10,260.6
389518396,02500833,68.8,16.1,0,0,955.3,0,1,627.2,2,7,186.7,3,6,186.7,0,0,955.3,0,1,627.2,3,10,186.7
389518412,02500831,25.2,17.0,0,0,1029.2,0,1,647.1,2,6,278.5,2,6,278.5,0,0,1050.5,0,1,647.1,2,9,278.5
389518419,02500833,26.1,17.7,0,0,1035.1,0,1,550.7,2,6,110.1,3,6,110.1,0,0,1035.1,0,1,550.7,3,9,110.1
389547904,02500834,1.4,37.0,0,1,764.5,0,2,676.1,6,10,51.8,1,8,347.7,0,0,1550.2,0,2,676.1,6,12,51.8
389547905,02500834,1.2,70.8,0,0,854.3,0,1,765.8,4,9,119.4,0,7,437.5,0,0,1527.9,0,1,765.8,4,11,119.4
389628383,02500834,1.5,40.3,0,0,983.7,0,0,983.7,3,8,256.9,0,4,522.4,0,0,1225.2,0,0,983.7,3,9,256.9
389628385,02500834,1.0,42.3,0,0,1093.0,0,0,1093.0,2,8,280.9,0,4,508.0,0,0,1093.0,0,0,1093.0,2,9,280.9
389628386,02500834,0.7,22.7,0,1,798.0,0,1,798.0,1,8,331.5,0,4,543.2,0,0,1142.7,0,1,798.0,1,9,331.5
389634013,02500834,28.5,18.1,0,1,443.7,0,0,1142.8,1,3,364.3,1,4,364.3,0,1,443.7,0,1,443.7,1,5,364.3
389634014,02500834,18.4,38.8,0,1,464.3,0,0,1203.1,0,3,406.9,1,4,291.5,0,1,464.3,0,1,464.3,1,5,291.5
389634015,02500834,22.6,18.5,0,1,493.8,0,0,1133.1,1,5,336.8,2,5,221.5,0,1,493.8,0,1,493.8,2,7,221.5
389634016,02500834,26.8,19.7,0,1,422.7,0,0,1206.4,0,3,410.2,1,4,294.8,0,1,422.7,0,1,422.7,1,5,294.8
389634017,02500834,23.4,17.1,0,1,439.7,0,0,1184.4,1,3,388.1,2,4,272.8,0,1,439.7,0,1,439.7,2,5,272.8
389634018,02500834,27.8,18.5,0,1,482.1,0,0,1144.9,1,5,348.6,2,5,233.3,0,1,482.1,0,1,482.1,2,7,233.3
389634019,02500834,26.9,17.8,0,1,515.8,0,0,1109.7,1,5,313.5,2,5,198.1,0,1,515.8,0,1,515.8,2,7,198.1
389634020,02500834,29.8,18.1,0,1,573.9,0,0,1078.5,1,4,285.4,2,4,285.4,0,1,573.9,0,1,573.9,2,6,285.4
389634021,02500834,27.3,16.8,0,1,420.3,0,0,1281.2,0,2,502.7,0,3,409.1,0,1,420.3,0,1,420.3,0,4,409.1
389634022,02500834,18.6,38.8,0,1,651.0,0,0,1054.4,1,5,258.2,2,5,193.2,0,1,651.0,0,1,651.0,2,7,193.2
389634023,02500834,20.0,45.4,0,1,474.6,0,0,1166.7,1,3,388.2,1,4,388.2,0,1,474.6,0,1,474.6,1,5,388.2
389634024,02500834,49.3,38.7,0,1,457.9,0,0,1169.9,1,3,391.4,1,4,391.4,0,1,457.9,0,1,457.9,1,5,391.4
389634025,02500834,26.6,40.7,0,1,446.1,0,0,1185.6,0,3,407.1,0,4,407.1,0,1,446.1,0,1,446.1,0,5,407.1
389634026,02500834,26.3,41.4,0,1,482.3,0,0,1190.4,1,3,394.1,2,4,278.8,0,1,482.3,0,1,482.3,2,5,278.8
389634027,02500834,54.3,19.2,0,1,496.3,0,0,1125.9,1,4,347.4,2,4,347.4,0,1,496.3,0,1,496.3,2,6,347.4
389634028,02500834,57.0,44.6,0,1,546.8,0,0,1226.4,0,4,453.1,0,4,453.1,0,1,546.8,0,1,546.8,0,6,453.1
389634029,02500834,53.0,21.5,0,1,441.1,0,0,1285.9,0,2,512.6,0,3,441.1,0,1,441.1,0,1,441.1,0,4,441.1
389634030,02500834,65.9,18.0,0,1,779.3,0,0,853.4,2,6,282.9,1,5,314.9,0,1,779.3,0,1,779.3,2,9,282.9
389634031,02500834,51.9,36.0,0,1,500.6,0,0,1255.5,0,2,482.2,0,3,482.2,0,1,500.6,0,1,500.6,0,4,482.2
389634032,02500834,37.1,35.8,0,1,431.8,0,0,1292.7,0,2,514.2,0,3,420.6,0,1,431.8,0,1,431.8,0,4,420.6
389634033,02500834,54.7,31.7,0,1,677.2,0,0,1062.2,1,5,266.0,2,5,219.4,0,1,677.2,0,1,677.2,2,7,219.4
389634038,02500834,40.1,14.7,0,1,456.2,0,0,1257.3,0,2,484.0,0,3,456.2,0,1,456.2,0,1,456.2,0,4,456.2
389634045,02500834,19.0,14.4,0,1,502.7,0,0,1210.0,0,4,436.7,0,4,436.7,0,1,502.7,0,1,502.7,0,6,436.7
389634049,02500834,22.8,18.7,0,1,539.1,0,0,1114.5,1,4,321.4,2,4,321.4,0,1,539.1,0,1,539.1,2,6,321.4
389634050,02500834,20.6,15.3,0,1,531.0,0,0,1049.9,1,5,271.4,1,5,271.4,0,1,531.0,0,1,531.0,1,8,271.4
389634051,02500834,12.8,42.2,0,1,565.7,0,0,1134.9,1,4,341.8,2,4,341.8,0,1,565.7,0,1,565.7,2,6,341.8
389634053,02500834,21.0,18.0,0,1,419.7,0,0,1166.7,1,3,388.2,1,4,388.2,0,1,419.7,0,1,419.7,1,5,388.2
389634054,02500834,63.8,22.1,0,0,940.2,0,0,814.3,2,7,172.0,1,5,378.9,0,0,940.2,0,0,814.3,2,9,172.0
389634055,02500834,21.2,19.3,0,1,437.4,0,0,1151.6,1,3,373.1,1,4,373.1,0,1,437.4,0,1,437.4,1,5,373.1
389634057,02500834,57.1,16.1,0,1,579.0,0,0,1218.3,0,4,445.0,0,4,445.0,0,1,579.0,0,1,579.0,0,6,445.0
389634058,02500834,10.6,44.6,0,1,469.3,0,0,1170.2,1,3,391.7,1,4,391.7,0,1,469.3,0,1,469.3,1,5,391.7
389634060,02500834,1.1,44.6,0,1,557.0,0,0,1148.5,1,3,355.4,2,4,355.4,0,1,557.0,0,1,557.0,2,5,355.4
389634061,02500834,31.7,13.9,0,0,871.6,0,1,778.4,2,7,136.1,1,6,343.0,0,0,871.6,0,1,778.4,2,10,136.1
389634062,02500834,52.2,19.5,0,0,833.9,0,0,827.3,3,6,185.0,2,5,369.6,0,0,833.9,0,0,827.3,3,9,185.0
390158279,02500833,3.2,34.8,0,0,1323.4,0,1,538.2,3,7,268.6,2,6,158.5,0,0,1323.4,0,1,538.2,3,9,158.5
390164746,02400624,38.4,48.0,0,1,600.6,0,1,600.6,1,6,349.7,2,4,209.9,0,0,1430.4,0,1,600.6,1,7,349.7
390164750,02500833,1.0,89.1,0,0,1190.4,0,1,684.3,2,9,328.9,2,6,116.0,0,0,1649.9,0,1,684.3,2,11,116.0
390178629,02500830,1.3,26.5,0,0,1041.4,1,2,245.9,0,6,507.5,1,6,245.9,0,0,1525.6,1,2,245.9,1,8,245.9
390178630,02500830,10.5,39.7,0,0,1331.9,0,2,611.7,1,9,103.4,2,7,303.9,0,0,1513.5,0,2,611.7,2,11,303.9
390178631,02500830,58.8,16.5,0,0,1209.0,0,2,413.5,1,6,314.5,0,5,410.8,0,0,1620.3,0,2,413.5,0,8,410.8
390178632,02500830,59.6,16.8,0,0,1172.5,1,2,377.0,1,5,351.6,1,5,377.0,0,0,1657.4,1,2,377.0,1,7,377.0
390178633,02500830,145.6,11.8,0,0,1132.6,1,2,337.1,1,5,351.8,1,5,337.1,0,0,1730.3,1,2,337.1,1,6,337.1
390178634,02500830,104.1,15.6,0,0,1349.5,0,2,554.0,1,9,172.2,2,7,268.5,0,0,1478.0,0,2,554.0,2,11,268.5
390178636,02500830,2.1,45.5,0,0,1286.6,0,2,491.1,1,7,294.9,1,6,391.1,0,0,1600.7,0,2,491.1,1,9,391.1
390178638,02500830,0.7,56.7,0,0,1571.0,0,2,430.2,0,3,430.2,0,3,430.2,0,0,inf,0,2,430.2,0,3,430.2
390178640,02500831,0.9,22.8,0,0,1158.4,0,1,460.6,1,6,167.9,2,6,167.9,0,0,1158.4,0,1,460.6,2,9,167.9
390178643,02500830,5.5,45.4,0,0,1322.6,0,2,514.7,1,8,94.1,1,6,298.1,0,0,1621.8,0,2,514.7,1,10,298.1
390178648,02500830,12.2,17.5,0,0,1204.9,1,1,279.7,3,10,273.5,2,5,279.7,0,0,1801.2,1,1,279.7,2,10,279.7
390178649,02500830,17.9,15.4,0,0,1271.0,0,2,475.5,1,7,250.5,1,6,346.7,0,0,1556.3,0,2,475.5,1,9,346.7
390178650,02500830,17.8,15.5,0,0,1253.5,0,2,458.0,1,7,268.2,1,6,364.4,0,0,1574.0,0,2,458.0,1,9,364.4
390178653,02500830,1.4,36.4,0,0,1001.0,1,2,205.6,0,5,567.7,1,5,205.6,0,0,1585.9,1,2,205.6,1,7,205.6
390178654,02500830,25.0,21.3,0,0,1357.6,0,2,562.1,1,8,145.8,1,6,356.2,0,0,1679.9,0,2,562.1,1,10,356.2
390178655,02500830,18.4,15.0,0,0,1319.7,0,2,524.2,1,9,200.8,1,7,297.1,0,0,1506.6,0,2,524.2,1,11,297.1
390178657,02500830,19.1,16.4,0,0,1144.2,1,2,348.7,1,6,379.3,1,5,348.7,0,0,1685.1,1,2,348.7,1,7,348.7
390178658,02500830,18.4,15.1,0,0,1235.1,0,2,439.6,1,7,285.8,1,6,382.1,0,0,1591.6,0,2,439.6,1,9,382.1
390178659,02500830,48.0,24.9,0,0,1427.3,1,2,347.8,1,5,347.8,1,3,347.8,0,0,inf,1,2,347.8,1,4,347.8
390178660,02500830,47.0,15.3,0,0,1446.9,1,2,367.4,1,4,367.4,1,3,367.4,0,0,inf,1,2,367.4,1,3,367.4
390178661,02500830,41.4,15.5,0,0,1468.8,1,2,389.3,1,4,389.3,1,3,389.3,0,0,inf,1,2,389.3,1,3,389.3
390178662,02500830,32.0,15.3,0,0,1490.2,0,2,410.7,0,4,410.7,0,3,410.7,0,0,inf,0,2,410.7,0,3,410.7
390178663,02500830,41.6,15.2,0,0,1511.7,0,2,432.2,0,3,432.2,0,3,432.2,0,0,inf,0,2,432.2,0,3,432.2
390178664,02500830,47.1,20.8,0,0,1526.5,0,2,447.0,0,3,447.0,0,3,447.0,0,0,inf,0,2,447.0,0,3,447.0
391259322,02500836,16.1,15.6,0,0,1692.0,0,0,inf,0,0,inf,2,3,207.4,0,0,inf,0,0,1692.0,2,3,207.4
391259328,02500836,21.2,9.5,0,0,1619.1,0,0,inf,0,0,inf,2,3,247.5,0,0,inf,0,0,1619.1,2,3,247.5
391259333,02500836,16.1,3.7,0,0,1617.0,0,0,inf,0,0,inf,2,3,247.7,0,0,inf,0,0,1617.0,2,3,247.7
391259339,02500836,22.9,27.5,0,0,1682.0,0,0,inf,0,0,inf,2,3,312.7,0,0,inf,0,0,1682.0,2,3,312.7
392475153,02400625,4.8,9.5,0,0,963.7,0,0,1010.3,0,0,1073.1,0,4,450.4,0,0,963.7,0,0,963.7,0,3,450.4
396973785,02400521,52.1,10.7,0,0,1491.1,0,0,933.7,1,4,209.5,0,2,404.8,0,0,1914.3,0,0,933.7,1,4,209.5
397520600,02400521,15.4,25.7,0,0,1420.0,0,0,965.6,1,5,138.4,0,3,419.7,0,0,1994.8,0,0,965.6,1,5,138.4
397520601,02400521,12.5,25.4,0,0,1408.6,0,0,976.4,1,5,127.0,0,3,430.4,0,0,inf,0,0,976.4,1,5,127.0
397520602,02400521,11.6,26.1,0,0,1395.1,0,0,991.4,1,5,113.5,0,3,445.4,0,0,inf,0,0,991.4,1,5,113.5
400483890,02300314,8.7,34.4,0,0,1795.7,1,3,291.8,0,0,inf,6,12,74.4,0,0,1795.7,1,3,291.8,4,6,74.4
400483896,02300314,9.5,33.6,0,0,1804.8,1,3,281.1,0,0,inf,6,12,83.5,0,0,1804.8,1,3,281.1,4,6,83.5
400918329,02300314,10.9,56.3,0,0,1782.5,0,2,452.3,0,0,inf,3,14,96.4,0,0,1782.5,0,2,452.3,2,6,96.4
400918330,02300314,26.2,49.0,0,0,1795.4,0,2,466.7,0,0,inf,2,14,71.5,0,0,1795.4,0,2,466.7,2,6,71.5
403386603,02100102,60.5,9.9,0,0,1200.3,0,1,647.7,0,0,1918.8,2,7,147.6,0,0,1771.0,0,1,647.7,2,7,147.6
403386604,02100102,45.5,25.8,0,0,1281.0,0,1,728.3,0,0,1999.4,1,8,98.8,0,0,1851.6,0,1,728.3,1,7,98.8
403703192,02500833,49.8,17.5,0,0,1084.5,0,1,742.6,3,7,105.9,2,5,230.5,0,0,1084.5,0,1,742.6,4,9,105.9
403703193,02500833,2.9,46.6,0,0,1147.1,0,1,696.8,2,7,236.1,2,6,250.8,0,0,1147.1,0,1,696.8,3,10,236.1
403703194,02500833,11.3,39.8,0,0,1095.1,0,1,776.6,3,7,116.4,2,5,264.6,0,0,1095.1,0,1,776.6,4,9,116.4
405321028,02500727,17.3,46.4,0,0,1322.3,0,2,526.8,0,3,488.0,0,4,526.8,0,0,1998.1,0,2,526.8,0,4,526.8
405321029,02500727,18.3,24.2,0,0,1289.8,0,2,494.3,0,5,455.5,0,4,494.3,0,0,1965.6,0,2,494.3,0,4,494.3
405321030,02500727,18.3,24.1,0,0,1303.1,0,2,510.3,0,6,471.5,0,4,510.3,0,0,1981.6,0,2,510.3,0,4,510.3
405321031,02500727,31.8,48.6,0,0,1500.4,0,2,443.5,0,6,443.5,0,2,443.5,0,0,inf,0,2,443.5,0,3,443.5
405321032,02500727,22.0,13.7,0,0,1240.7,0,2,575.8,0,7,431.3,0,2,575.8,0,0,inf,0,2,575.8,0,3,575.8
405321033,02500727,0.7,26.2,0,0,1338.5,0,2,618.4,0,6,504.9,0,2,618.4,0,0,inf,0,2,618.4,0,3,618.4
405321034,02500727,28.6,25.0,0,0,1281.4,0,2,533.7,0,6,472.0,0,4,533.7,0,0,inf,0,2,533.7,0,4,533.7
405321035,02500727,23.5,15.2,0,0,1319.2,0,2,615.8,0,6,502.3,0,2,615.8,0,0,inf,0,2,615.8,0,3,615.8
405321037,02500727,17.3,13.8,0,0,1364.3,0,2,567.7,0,6,454.2,0,2,567.7,0,0,inf,0,2,567.7,0,3,567.7
405321038,02500727,38.7,60.9,0,0,1380.7,0,2,645.6,0,6,532.1,0,2,645.6,0,0,inf,0,2,645.6,0,3,645.6
405321039,02500727,20.5,1.3,0,0,1263.7,0,2,468.2,0,6,429.4,0,4,468.2,0,0,1939.5,0,2,468.2,0,5,468.2
405321040,02500727,32.7,54.1,0,0,1431.4,0,2,463.7,0,6,463.7,0,2,463.7,0,0,inf,0,2,463.7,0,3,463.7
405321041,02500727,16.1,24.7,0,0,1255.2,0,2,559.4,0,6,445.8,0,3,559.4,0,0,inf,0,2,559.4,0,3,559.4
405321042,02500727,12.6,16.6,0,0,1355.3,0,2,582.5,0,6,469.0,0,2,582.5,0,0,inf,0,2,582.5,0,3,582.5
405321043,02500727,50.1,24.4,0,0,1238.5,0,2,573.6,0,6,429.0,0,3,573.6,0,0,inf,0,2,573.6,0,3,573.6
409110200,02400623,33.2,48.5,0,0,1331.8,0,1,446.8,0,0,1026.7,0,3,446.8,0,0,1331.8,0,1,446.8,0,1,446.8
410953161,02500832,156.4,16.6,0,0,810.5,0,0,925.6,1,4,356.2,1,4,356.2,0,0,810.5,0,0,810.5,1,6,356.2
410953162,02500832,234.2,11.2,0,0,837.9,0,0,988.8,0,4,419.4,0,3,419.4,0,0,837.9,0,0,837.9,0,5,419.4
410953163,02500832,128.9,11.1,0,0,921.9,0,0,906.3,1,5,154.3,1,4,154.3,0,0,921.9,0,0,906.3,1,7,154.3
410953164,02500832,39.5,21.4,0,0,914.0,0,0,898.5,1,5,146.5,1,4,146.5,0,0,914.0,0,0,898.5,1,7,146.5
410953165,02500832,76.7,13.9,0,1,772.3,0,0,958.3,1,4,388.9,1,4,388.9,0,1,772.3,0,1,772.3,1,6,388.9
410953166,02500832,127.4,14.4,0,0,888.3,0,0,932.4,1,4,323.6,1,4,323.6,0,0,888.3,0,0,888.3,1,6,323.6
415424123,02100101,84.5,14.4,0,1,434.9,0,1,776.7,0,0,inf,1,8,357.8,0,0,1118.6,0,2,434.9,1,6,357.8
416548841,02500835,103.8,21.3,0,0,1079.8,0,0,1304.7,0,0,1201.9,2,5,228.6,0,0,1104.3,0,0,1079.8,0,2,470.4
418664994,02500836,22.4,16.3,0,1,721.8,0,0,inf,0,0,1554.9,2,6,118.3,0,0,1337.3,0,1,721.8,1,4,118.3
418664998,02500836,18.5,16.6,0,1,765.9,0,0,inf,0,0,1599.0,1,7,162.4,0,0,1381.4,0,1,765.9,1,5,162.4
419428928,02300315,25.7,17.4,0,0,1695.3,0,1,433.7,0,0,1932.2,3,13,191.9,0,0,1695.3,0,1,433.7,2,8,364.5
419428929,02300315,34.0,21.4,0,0,1642.0,0,1,494.9,0,0,1878.9,3,12,253.1,0,0,1642.0,0,1,494.9,2,7,311.3
419428930,02300315,23.6,17.0,0,0,1676.0,0,1,452.2,0,0,1912.9,3,13,210.4,0,0,1676.0,0,1,452.2,2,8,345.3
419428931,02300315,25.2,19.3,0,0,1680.0,0,1,564.9,0,0,1792.0,4,11,232.5,0,0,1680.0,0,1,564.9,2,7,232.5
419428932,02300315,15.6,16.1,0,0,1802.6,1,1,386.0,0,0,1868.0,4,13,204.3,0,0,1802.6,1,1,386.0,2,8,325.5
419428933,02300315,35.2,18.5,0,0,1730.1,0,1,401.0,0,0,1937.6,3,13,159.2,0,0,1730.1,0,1,401.0,1,8,399.4
419428934,02300315,20.4,24.6,0,0,1826.9,0,1,410.3,0,0,1860.6,3,13,228.5,0,0,1826.9,0,1,410.3,1,8,318.2
419428937,02300315,45.6,20.4,0,0,1793.0,0,1,454.1,0,0,1808.5,3,13,257.3,0,0,1793.0,0,1,454.1,1,8,266.0
419440850,02100103,20.7,16.6,0,0,1456.7,0,2,658.6,0,0,1848.6,3,8,171.4,0,0,1792.4,0,2,658.6,3,8,171.4
419440851,02100103,12.0,21.0,0,0,1467.4,0,0,867.1,0,0,inf,3,6,346.1,0,0,inf,0,0,867.1,3,6,346.1
419440852,02100103,22.0,20.0,0,0,1407.3,0,2,678.0,0,0,1868.0,2,8,190.8,0,0,1811.8,0,2,678.0,2,8,190.8
419440853,02100103,15.2,21.3,0,0,1394.6,0,0,808.0,0,0,inf,2,6,287.3,0,0,1941.7,0,0,808.0,2,6,287.3
419440854,02100103,21.2,21.2,0,0,1369.2,0,2,718.6,0,0,1908.6,2,8,231.4,0,0,1852.4,0,2,718.6,2,8,231.4
419440855,02100103,11.1,3.6,0,0,1495.9,0,2,697.7,0,0,1887.7,3,8,210.6,0,0,1831.5,0,2,697.7,3,8,210.6
419440856,02100103,16.6,13.7,0,0,1580.3,0,1,785.7,0,0,1975.7,2,6,236.7,0,0,1919.5,0,1,785.7,2,6,236.7
419440857,02100103,15.1,12.7,0,0,1478.0,0,1,772.6,0,0,1962.5,3,7,251.6,0,0,1906.4,0,1,772.6,3,7,251.6
419440858,02100103,26.2,20.9,0,0,1415.2,0,2,610.5,0,0,1742.7,2,7,65.5,0,0,1750.9,0,2,610.5,2,7,65.5
419440859,02100103,19.9,15.6,0,0,1441.8,0,0,814.4,0,0,inf,3,6,293.5,0,0,1948.2,0,0,814.4,3,6,293.5
419440860,02100103,19.2,13.1,0,0,1453.5,0,0,807.2,0,0,1997.2,3,6,286.2,0,0,1941.0,0,0,807.2,3,6,286.2
419440861,02100103,16.3,21.5,0,0,1571.4,0,1,776.9,0,0,1966.8,2,6,255.9,0,0,1910.6,0,1,776.9,2,6,255.9
419440862,02100103,32.9,13.8,0,0,1609.0,0,0,814.5,0,0,inf,2,5,208.1,0,0,1948.2,0,0,814.5,2,5,208.1
419440863,02100103,29.9,18.3,0,0,1433.1,0,2,628.5,0,0,1760.6,2,8,83.4,0,0,1768.8,0,2,628.5,2,8,83.4
419440865,02100103,22.6,19.6,0,0,1526.0,0,2,721.3,0,0,1853.5,2,7,131.6,0,0,1861.7,0,2,721.3,2,7,131.6
419440866,02100103,39.2,18.8,0,0,1552.6,0,1,758.1,0,0,1948.0,2,6,237.1,0,0,1891.9,0,1,758.1,2,6,237.1
419440867,02100103,23.0,22.0,0,0,1489.7,0,2,691.6,0,0,1881.6,3,8,204.4,0,0,1825.4,0,2,691.6,3,8,204.4
419440868,02100103,14.3,21.3,0,0,1376.8,0,1,790.1,0,0,1993.9,2,7,269.5,0,0,1923.9,0,1,790.1,2,7,269.5
419440869,02100103,19.7,19.1,0,0,1558.8,0,2,754.1,0,0,1886.2,2,7,164.4,0,0,1894.5,0,2,754.1,2,7,164.4
419440870,02100103,19.0,18.8,0,0,1533.6,0,2,728.9,0,0,1861.0,2,7,139.2,0,0,1869.3,0,2,728.9,2,7,139.2
419440871,02100103,19.9,17.4,0,0,1557.7,0,2,753.0,0,0,1885.2,2,7,163.3,0,0,1893.4,0,2,753.0,2,7,163.3
419440872,02100103,11.5,21.2,0,0,1482.4,0,0,882.1,0,0,inf,3,6,333.8,0,0,inf,0,0,882.1,3,6,333.8
419440873,02100103,12.8,13.9,0,0,1564.4,0,1,769.9,0,0,1959.8,2,6,248.9,0,0,1903.6,0,1,769.9,2,6,248.9
419440874,02100103,5.4,12.2,0,0,1476.1,0,1,783.0,0,0,1973.0,3,7,262.0,0,0,1916.8,0,1,783.0,3,7,262.0
419440875,02100103,19.8,17.8,0,0,1532.6,0,2,727.9,0,0,1860.1,2,7,138.2,0,0,1868.3,0,2,727.9,2,7,138.2
419440878,02100103,5.5,12.9,0,0,1465.6,0,1,785.3,0,0,1975.2,3,7,264.3,0,0,1919.0,0,1,785.3,3,7,264.3
419440879,02100103,15.9,12.7,0,0,1489.3,0,1,770.7,0,0,1960.6,3,7,249.7,0,0,1904.4,0,1,770.7,3,7,249.7
419440880,02100103,12.7,14.2,0,0,1470.6,0,2,672.5,0,0,1862.4,3,8,185.3,0,0,1806.3,0,2,672.5,3,8,185.3
419440881,02100103,25.9,21.4,0,0,1516.8,0,2,712.1,0,0,1844.3,2,7,122.4,0,0,1852.5,0,2,712.1,2,7,122.4
419440882,02100103,26.5,19.1,0,0,1511.3,0,2,706.6,0,0,1838.7,2,7,116.9,0,0,1846.9,0,2,706.6,2,7,116.9
419440883,02100103,66.8,5.6,0,0,1495.9,0,2,740.4,0,0,1930.3,3,8,219.4,0,0,1874.2,0,2,740.4,3,8,219.4
419440885,02100103,5.7,13.0,0,0,1454.4,0,1,796.8,0,0,1986.7,3,7,275.8,0,0,1930.6,0,1,796.8,3,7,275.8
419440886,02100103,5.6,12.1,0,0,1464.6,0,1,794.2,0,0,1984.2,3,7,273.2,0,0,1928.0,0,1,794.2,3,7,273.2
419440887,02100103,21.4,20.5,0,0,1384.2,0,2,702.1,0,0,1892.1,2,8,214.9,0,0,1835.9,0,2,702.1,2,8,214.9
419527301,02400625,50.0,13.6,0,1,583.6,0,0,971.7,0,0,971.7,2,6,163.2,0,1,583.6,0,1,583.6,0,3,583.6
419527302,02400625,29.2,26.0,0,1,760.3,0,0,819.7,0,0,819.7,2,5,179.0,0,1,760.3,0,1,760.3,0,2,760.3
430842030,02200207,85.4,10.9,0,1,762.6,0,1,663.9,0,0,inf,1,7,144.9,0,0,inf,0,2,663.9,1,4,144.9
430842031,02200207,77.2,12.8,0,0,811.7,0,1,713.1,0,0,inf,1,6,194.1,0,0,inf,0,1,713.1,1,3,194.1
432448178,02500836,40.6,30.1,0,0,812.1,0,0,inf,0,0,1393.5,3,5,200.5,0,0,1427.6,0,0,812.1,1,3,208.6
432626683,02500728,5.6,42.6,0,0,848.9,1,1,372.2,0,3,622.3,1,1,372.2,0,0,1818.4,1,1,372.2,1,2,372.2
432626684,02500728,38.3,29.6,0,0,886.1,1,1,120.2,0,3,650.4,1,3,120.2,0,0,1668.5,1,1,120.2,1,4,120.2
432626692,02500728,13.4,12.6,0,0,869.1,1,1,103.2,0,3,633.4,1,3,103.2,0,0,1651.5,1,1,103.2,1,4,103.2
432626698,02500728,4.2,36.0,0,0,892.6,1,1,126.6,0,3,656.8,1,3,126.6,0,0,1675.0,1,1,126.6,1,4,126.6
432626715,02500728,51.6,42.7,0,0,899.2,1,1,133.2,0,3,663.5,1,3,133.2,0,0,1681.6,1,1,133.2,1,4,133.2
432763458,02300419,41.6,12.2,0,0,1205.6,0,1,649.2,0,0,1205.6,2,5,121.7,0,0,inf,0,1,649.2,2,5,121.7
441925214,02200209,16.4,14.7,0,0,1792.6,0,1,579.8,0,0,inf,0,6,579.8,0,0,inf,0,1,579.8,0,5,579.8
444562270,02500832,12.1,16.9,0,1,501.1,0,0,1128.9,1,5,332.6,2,5,37.1,0,1,501.1,0,1,501.1,2,7,37.1
444562271,02500832,18.5,17.3,0,1,516.9,0,0,1113.8,1,5,317.6,2,5,52.9,0,1,516.9,0,1,516.9,2,7,52.9
444859718,02300316,8.2,66.9,0,0,991.4,0,0,1197.2,0,0,inf,2,9,264.9,0,0,991.4,0,0,991.4,2,7,264.9
444859719,02300316,11.3,51.1,0,0,1086.9,0,0,1041.3,0,0,1906.9,2,8,187.6,0,0,1086.9,0,0,1041.3,2,6,187.6
444859720,02300316,6.2,22.7,0,0,956.6,0,0,1015.7,0,0,1881.3,2,12,162.0,0,0,956.6,0,0,956.6,2,8,162.0
444859721,02300316,6.4,58.2,0,0,982.7,0,0,1188.5,0,0,inf,2,9,256.2,0,0,982.7,0,0,982.7,2,7,256.2
444859722,02300316,2.3,62.9,0,0,987.4,0,0,1193.1,0,0,inf,2,9,260.8,0,0,987.4,0,0,987.4,2,7,260.8
446921845,02500834,109.4,19.0,0,1,657.7,0,1,657.7,1,7,362.1,0,4,456.0,0,0,1360.5,0,1,657.7,1,8,362.1
446921846,02500834,9.4,7.7,0,1,729.4,0,1,729.4,1,8,377.1,0,4,527.7,0,0,1247.1,0,1,729.4,1,9,377.1
449829434,02300418,18.6,12.6,0,0,1853.6,0,0,1183.4,0,0,1884.1,0,4,476.9,0,0,inf,0,0,1183.4,0,4,476.9
449853424,02500835,18.3,15.8,0,1,757.0,0,1,757.0,0,1,757.0,0,5,482.7,0,0,1717.7,0,1,757.0,0,1,757.0
449853426,02500835,18.5,16.1,0,1,775.9,0,1,775.9,0,1,775.9,0,5,501.6,0,0,1736.6,0,1,775.9,0,1,775.9
454861439,02400522,234.1,22.9,0,0,1215.1,0,0,1198.1,0,5,413.0,0,1,547.3,0,0,inf,0,0,1198.1,0,5,413.0
454863001,02400522,317.2,19.3,0,0,1362.3,0,0,1262.9,0,4,560.2,0,1,694.6,0,0,inf,0,0,1262.9,0,4,560.2
455028346,02400522,48.8,27.0,0,0,1411.6,0,0,1009.6,0,5,609.5,0,1,743.9,0,0,1971.7,0,0,1009.6,0,5,609.5
455028348,02400522,35.2,35.8,0,0,1426.6,0,0,1012.3,0,5,624.5,0,1,758.8,0,0,1974.3,0,0,1012.3,0,5,624.5
455028350,02400522,50.4,47.9,0,0,1459.1,0,0,1004.1,0,5,657.0,0,1,791.4,0,0,1966.1,0,0,1004.1,0,5,657.0
455028351,02400522,29.9,51.0,0,0,1477.8,0,0,991.6,0,4,675.7,0,0,810.1,0,0,1953.6,0,0,991.6,0,4,675.7
455030970,02400522,24.9,17.3,0,0,1493.0,0,0,910.2,0,4,664.5,0,0,825.3,0,0,1872.2,0,0,910.2,0,4,664.5
455042990,02400522,39.0,18.4,0,0,1272.9,0,0,1131.3,0,5,470.8,0,1,605.2,0,0,inf,0,0,1131.3,0,5,470.8
455052474,02400522,26.9,15.6,0,0,1664.9,0,1,702.9,0,1,710.8,0,1,702.9,0,0,1664.9,0,1,702.9,0,2,702.9
455527486,02200208,8.3,47.0,0,0,932.8,0,0,834.1,0,0,inf,1,6,287.3,0,0,inf,0,0,834.1,1,2,287.3
456563420,02500836,13.0,13.6,0,0,873.1,0,0,inf,0,0,1587.9,3,6,193.8,0,0,1488.6,0,0,873.1,1,4,193.8
457242081,02500834,219.5,16.0,0,1,782.7,0,0,1067.8,1,5,389.2,0,5,606.9,0,1,782.7,0,1,782.7,1,7,389.2
459250377,02500728,61.4,38.2,0,0,830.0,1,1,382.3,0,3,632.4,1,1,382.3,0,0,1799.5,1,1,382.3,1,2,382.3
459322474,02100102,47.2,18.9,0,0,922.1,2,4,250.8,0,0,1546.7,3,8,250.8,0,0,1018.2,2,4,250.8,3,9,250.8
459621767,02500836,18.6,16.7,0,1,766.5,0,0,inf,0,0,1599.6,1,6,163.0,0,0,1382.0,0,1,766.5,1,4,163.0
459621769,02500836,17.7,16.8,0,1,763.9,0,0,inf,0,0,1597.0,1,6,193.6,0,0,1379.4,0,1,763.9,1,4,193.6
459621771,02500836,18.9,16.9,0,1,733.9,0,0,inf,0,0,1567.0,1,6,223.9,0,0,1349.4,0,1,733.9,1,4,223.9
459621773,02500836,31.3,15.3,0,1,676.8,0,0,inf,0,0,1509.9,1,7,183.4,0,0,1292.3,0,1,676.8,1,5,183.4
460135913,02400623,97.1,21.8,0,0,941.8,0,1,550.0,0,0,1130.0,1,6,124.4,0,0,941.8,0,1,550.0,0,4,550.0
460172567,02300417,7.1,55.1,0,0,1981.7,1,1,165.7,0,0,1981.7,2,10,165.7,0,0,inf,1,1,165.7,2,7,165.7
463244286,02500836,8.4,14.8,0,0,1813.5,0,0,inf,0,0,inf,1,3,139.6,0,0,inf,0,0,1813.5,1,3,139.6
469784477,02300314,1.8,31.0,0,0,1678.9,0,3,401.7,0,0,inf,4,14,112.8,0,0,1678.9,0,3,401.7,2,6,112.8
474490321,02500729,26.1,18.1,0,1,530.4,0,2,523.5,0,3,498.4,0,2,523.5,0,0,1714.4,0,2,523.5,0,4,498.4
474490322,02500728,180.6,22.3,0,0,834.6,1,1,345.8,0,3,595.9,1,1,345.8,0,0,1804.1,1,1,345.8,1,2,345.8
474490325,02500728,21.4,7.3,0,0,863.8,1,1,97.9,0,3,628.1,1,3,97.9,0,0,1646.2,1,1,97.9,1,4,97.9
474490326,02500728,7.4,37.4,0,0,894.0,1,1,128.0,0,3,658.2,1,3,128.0,0,0,1676.4,1,1,128.0,1,4,128.0
474490328,02500728,38.0,4.2,0,0,858.6,1,1,92.6,0,3,622.9,1,3,92.6,0,0,1641.0,1,1,92.6,1,4,92.6
474490329,02500728,51.6,13.3,0,0,829.1,1,1,63.1,0,4,593.3,1,3,63.1,0,0,1611.5,1,1,63.1,1,4,63.1
474642992,02300418,10.6,51.1,0,0,inf,0,0,1232.3,0,0,inf,1,3,157.2,0,0,inf,0,0,1232.3,1,3,157.2
478250928,02500831,18.0,42.4,0,0,806.0,1,1,344.7,1,4,372.1,1,4,344.7,0,0,1405.2,1,1,344.7,2,6,344.7
481667951,02500835,35.4,52.8,0,0,881.1,0,0,1587.1,0,0,1353.4,1,5,250.9,0,0,949.8,0,0,881.1,1,3,250.9
495464214,02200208,19.8,20.6,0,0,837.6,1,3,262.5,0,0,inf,1,8,262.5,0,0,1521.3,1,3,262.5,1,5,262.5
495977281,02200207,7.6,27.6,0,0,987.5,1,2,390.8,0,0,inf,0,2,629.7,0,0,1435.7,1,2,390.8,1,3,390.8
495977282,02200207,6.1,80.7,0,0,1042.1,0,2,445.4,0,0,inf,0,2,684.3,0,0,1490.3,0,2,445.4,0,3,445.4
495977283,02200207,9.0,68.0,0,0,1033.8,0,2,619.0,0,0,inf,0,2,619.0,0,0,1519.5,0,2,619.0,0,3,619.0
495977285,02200207,28.5,91.5,0,0,1161.7,0,1,565.0,0,0,inf,0,0,803.9,0,0,1609.9,0,1,565.0,0,1,565.0
496240383,02300314,2.4,44.9,0,0,1701.8,0,2,504.0,0,0,inf,4,12,215.0,0,0,1701.8,0,2,504.0,2,5,215.0
496240385,02300314,2.4,33.6,0,0,1705.1,1,3,380.8,0,0,inf,6,13,91.8,0,0,1705.1,1,3,380.8,4,6,91.8
496240386,02300314,3.0,52.8,0,0,1785.2,0,2,587.4,0,0,inf,3,11,298.5,0,0,1785.2,0,2,587.4,2,5,298.5
496269991,02300314,30.9,31.0,0,0,1858.0,0,3,427.5,0,0,inf,5,13,130.8,0,0,1859.8,0,3,427.5,3,6,130.8
496269996,02300314,1.6,37.6,0,0,1701.8,1,3,392.0,0,0,inf,6,14,103.1,0,0,1701.8,1,3,392.0,4,6,103.1
496269997,02300314,13.4,45.3,0,0,1851.1,0,3,418.8,0,0,inf,5,13,122.1,0,0,1851.1,0,3,418.8,3,6,122.1
496269999,02300314,15.0,19.5,0,0,1825.4,1,3,393.1,0,0,inf,6,13,96.4,0,0,1825.4,1,3,393.1,4,6,96.4
499086108,02300314,13.6,15.5,0,0,1789.8,1,3,357.5,0,0,inf,6,14,60.8,0,0,1789.8,1,3,357.5,4,6,60.8
505570092,02400623,6.4,26.9,0,1,670.1,0,1,799.9,0,0,1268.8,0,7,407.6,0,1,670.1,0,2,670.1,0,5,511.9
507757188,02200212,8.2,59.1,0,0,inf,1,1,269.9,0,0,inf,4,9,231.3,0,0,inf,1,1,269.9,2,6,269.9
507757189,02200212,48.3,46.6,0,0,inf,1,1,261.6,0,0,inf,4,9,214.7,0,0,inf,1,1,261.6,2,6,261.6
507757190,02200212,28.0,35.2,0,0,inf,1,1,274.6,0,0,inf,4,9,179.0,0,0,inf,1,1,274.6,2,6,274.6
508493735,02500834,30.1,20.8,1,1,261.1,0,0,1286.3,0,2,580.4,2,4,245.2,1,1,261.1,1,1,261.1,2,4,245.2
509949057,02500728,29.8,18.4,0,0,977.0,1,1,312.1,0,3,445.8,1,2,312.1,0,0,1805.1,1,1,312.1,1,2,312.1
511211969,02500728,21.0,52.0,0,0,1279.3,0,1,709.0,1,4,295.0,0,1,709.0,0,0,inf,0,1,709.0,0,1,709.0
511212174,02500728,7.8,53.6,0,0,1168.9,0,1,666.2,2,4,262.2,0,1,666.2,0,0,inf,0,1,666.2,0,1,666.2
511312700,02500729,216.0,61.9,0,1,526.9,0,2,526.9,0,4,526.9,0,2,526.9,0,0,1773.9,0,2,526.9,0,4,526.9
511313344,02500729,53.6,14.3,0,1,520.5,0,2,520.5,0,4,520.5,0,2,520.5,0,0,1767.5,0,2,520.5,0,4,520.5
511314160,02500729,51.9,44.2,0,1,557.9,0,2,557.9,0,4,557.9,0,2,557.9,0,0,1805.0,0,2,557.9,0,4,557.9
511315501,02500729,91.3,46.1,0,1,599.6,0,2,599.6,0,5,599.6,0,2,599.6,0,0,1846.6,0,2,599.6,0,4,599.6
511315502,02500729,97.4,15.2,0,1,571.8,0,2,571.8,0,6,568.7,0,2,571.8,0,0,1818.8,0,2,571.8,0,4,571.8
511334243,02500834,155.4,17.8,0,1,770.0,0,0,1083.9,0,5,405.4,0,5,623.0,0,1,770.0,0,1,770.0,0,7,405.4
511818747,02400624,31.3,18.6,0,0,1528.1,0,1,491.6,0,2,491.6,0,3,491.6,0,0,1938.5,0,1,491.6,0,3,491.6
511818748,02400624,40.0,28.7,0,0,1502.4,0,2,465.9,0,3,465.9,0,4,465.9,0,0,1912.8,0,2,465.9,0,4,465.9
512392918,02400522,39.6,2.9,0,0,1696.4,0,1,700.1,0,1,660.5,0,1,700.1,0,0,1710.6,0,1,700.1,0,2,660.5
512392919,02400522,285.2,8.9,0,0,1614.5,0,1,604.0,0,1,721.4,0,1,604.0,0,0,1614.5,0,1,604.0,0,2,604.0
515655411,02400624,66.5,15.3,0,0,1170.1,1,1,161.0,0,0,933.0,1,5,161.0,0,0,1170.1,1,1,161.0,1,4,161.0
516245231,02500729,21.1,16.4,0,0,821.5,0,1,732.2,0,3,410.9,0,1,732.2,0,0,inf,0,1,732.2,0,1,732.2
516245232,02500729,83.1,18.5,0,0,851.0,0,1,706.8,1,3,385.4,0,1,706.8,0,0,inf,0,1,706.8,0,1,706.8
516245233,02500729,22.4,16.7,0,0,878.1,0,1,625.0,1,3,397.4,0,1,625.0,0,0,1953.9,0,1,625.0,0,1,625.0
516245234,02500729,19.5,40.0,0,0,845.2,0,1,755.7,0,3,434.4,0,1,755.7,0,0,inf,0,1,755.7,0,1,755.7
516245235,02500729,42.7,16.3,0,0,855.0,0,1,601.9,0,3,419.8,0,1,601.9,0,0,1930.7,0,1,601.9,0,1,601.9
516245236,02500729,62.0,16.6,0,0,829.3,0,1,576.2,0,3,446.0,0,1,576.2,0,0,1905.1,0,1,576.2,0,1,576.2
516245237,02500729,49.3,27.0,0,1,782.6,0,2,605.8,0,4,513.7,0,2,605.8,0,0,1934.7,0,2,605.8,0,2,605.8
516245238,02500729,49.6,32.2,0,1,758.8,0,2,640.0,0,4,547.9,0,2,640.0,0,0,1968.8,0,2,640.0,0,2,640.0
516245239,02500729,45.4,24.1,0,0,806.4,0,1,762.6,0,3,432.4,0,1,762.6,0,0,inf,0,1,762.6,0,1,762.6
516245240,02500729,22.3,15.2,0,1,730.1,0,2,634.5,0,5,542.4,0,2,634.5,0,0,1963.4,0,2,634.5,0,3,634.5
516245241,02500729,52.2,31.9,0,1,723.6,0,2,674.5,0,5,582.4,0,2,674.5,0,0,1970.6,0,2,674.5,0,3,674.5
516245242,02500729,22.7,17.4,0,1,787.5,0,2,768.1,0,4,413.5,0,2,768.1,0,0,inf,0,2,768.1,0,2,768.1
516245243,02500729,90.5,15.3,0,1,721.0,0,1,721.0,0,5,419.6,0,1,721.0,0,0,1968.0,0,1,721.0,0,2,721.0
516245244,02500729,55.2,33.1,0,1,700.6,0,1,700.6,0,6,475.7,0,1,700.6,0,0,1947.6,0,1,700.6,0,3,700.6
516245245,02500729,30.7,14.9,0,1,669.4,0,1,669.4,0,6,470.5,0,1,669.4,0,0,1916.4,0,1,669.4,0,3,669.4
516245246,02500729,59.8,14.5,0,1,644.0,0,2,644.0,0,6,495.1,0,2,644.0,0,0,1891.0,0,2,644.0,0,4,644.0
516245247,02500729,25.3,19.7,0,1,678.4,0,2,678.4,0,6,603.0,0,2,678.4,0,0,1925.5,0,2,678.4,0,4,678.4
516245248,02500729,32.9,18.5,0,1,696.7,0,2,674.6,0,6,582.5,0,2,674.6,0,0,1943.7,0,2,674.6,0,4,674.6
516273677,02400521,14.0,17.3,0,0,1495.1,0,2,604.5,0,2,553.9,1,4,376.7,0,0,1495.1,0,2,604.5,0,4,553.9
518468024,02300315,19.9,63.4,0,0,1934.1,1,1,134.3,0,0,1934.1,2,10,134.3,0,0,inf,1,1,134.3,1,7,134.3
523614484,02200207,265.0,19.7,0,1,787.9,2,2,290.0,0,0,inf,1,3,299.8,0,0,1001.5,2,3,290.0,2,4,290.0
523749434,02400520,9.1,137.3,0,0,1243.2,0,0,1502.0,1,4,183.9,0,1,575.5,0,0,inf,0,0,1243.2,1,4,183.9
524828200,02400625,1.3,54.7,0,1,512.0,0,0,1144.7,0,0,1144.7,2,5,207.3,0,1,512.0,0,1,512.0,0,3,512.0
534203420,02300417,4.0,26.9,0,0,inf,0,3,460.6,0,0,inf,1,9,98.1,0,0,inf,0,3,460.6,0,5,460.6
534305228,02500835,42.9,17.0,0,1,704.7,0,1,704.7,0,1,704.7,0,6,427.7,0,0,1532.1,0,1,704.7,0,1,704.7
534305229,02500835,27.1,15.7,0,1,678.2,0,1,678.2,0,1,678.2,0,6,403.9,0,0,1556.0,0,1,678.2,0,1,678.2
534305230,02500835,26.9,16.0,0,1,659.9,0,1,659.9,0,1,659.9,2,6,385.6,0,0,1574.8,0,1,659.9,0,1,659.9
534305231,02500835,38.5,18.1,0,1,599.5,0,1,599.5,0,1,599.5,2,6,325.2,0,0,1603.8,0,1,599.5,0,1,599.5
534307498,02500835,8.3,37.3,0,1,525.8,0,1,525.8,0,2,525.8,1,8,300.3,0,0,1703.1,0,1,525.8,0,3,525.8
534907941,02500836,52.8,41.0,0,0,910.9,0,0,inf,0,0,1744.0,2,5,231.6,0,0,1526.3,0,0,910.9,2,3,231.6
534907942,02500836,52.7,41.6,0,0,952.8,0,0,inf,0,0,1785.9,2,5,243.8,0,0,1568.3,0,0,952.8,2,3,243.8
534939282,02500836,0.6,7.4,0,0,1156.9,0,0,inf,0,0,1990.0,2,6,126.8,0,0,1772.3,0,0,1156.9,2,4,126.8
534992163,02500836,181.8,19.9,0,0,1154.4,0,0,inf,0,0,1943.0,3,6,124.3,0,0,1769.9,0,0,1154.4,2,4,124.3
537173077,02200213,4.6,34.1,0,0,inf,0,3,683.6,0,0,inf,1,9,306.6,0,0,inf,0,3,683.6,1,6,306.6
537173078,02200213,5.6,48.1,0,0,inf,0,2,663.3,0,0,inf,1,7,354.9,0,0,inf,0,2,663.3,1,5,354.9
537173079,02200213,6.9,21.0,0,0,inf,0,2,628.3,0,0,inf,0,8,511.9,0,0,inf,0,2,628.3,0,5,511.9
537173080,02200213,27.8,20.9,0,0,inf,0,2,652.5,0,0,inf,0,8,536.1,0,0,inf,0,2,652.5,0,5,536.1
537173081,02200213,30.2,23.0,0,0,inf,0,3,708.8,0,0,inf,1,10,246.1,0,0,inf,0,3,708.8,1,7,246.1
537173082,02200213,6.8,42.4,0,0,inf,0,1,753.7,0,0,inf,1,7,291.0,0,0,inf,0,1,753.7,1,4,291.0
537173083,02200213,15.9,54.3,0,0,inf,0,3,726.4,0,0,inf,1,8,304.1,0,0,inf,0,3,726.4,1,6,304.1
537173084,02200213,6.9,37.7,0,0,inf,0,3,718.1,0,0,inf,1,9,279.3,0,0,inf,0,3,718.1,1,6,279.3
537173085,02200213,12.9,21.4,0,0,inf,0,3,705.8,0,0,inf,1,9,259.0,0,0,inf,0,3,705.8,1,6,259.0
537173086,02200213,14.1,21.5,0,0,inf,0,3,675.1,0,0,inf,1,10,289.8,0,0,inf,0,3,675.1,1,6,289.8
537173087,02200213,22.3,21.0,0,0,inf,0,3,660.7,0,0,inf,1,9,303.2,0,0,inf,0,3,660.7,1,6,303.2
537173088,02200213,19.9,20.2,0,0,inf,0,3,640.2,0,0,inf,1,8,322.2,0,0,inf,0,3,640.2,1,6,322.2
537173089,02200213,13.9,25.8,0,0,inf,0,2,594.5,0,0,inf,0,6,408.8,0,0,inf,0,2,594.5,0,4,408.8
537173090,02200213,8.0,13.3,0,0,inf,0,2,582.0,0,0,inf,1,6,396.3,0,0,inf,0,2,582.0,1,4,396.3
537173091,02200213,23.0,8.1,0,0,inf,0,2,569.1,0,0,inf,1,7,398.9,0,0,inf,0,2,569.1,1,4,398.9
537228164,02200210,7.6,35.6,0,0,inf,0,1,523.9,0,0,inf,0,3,515.9,0,0,inf,0,1,523.9,0,3,515.9
539709720,02200207,27.1,47.1,0,0,1078.2,0,2,554.8,0,0,inf,0,3,590.8,0,0,1385.7,0,2,554.8,0,4,554.8
539709721,02200207,26.1,23.4,0,0,1038.2,0,2,514.9,0,0,inf,0,4,550.8,0,0,1345.8,0,2,514.9,0,5,514.9
539709722,02200207,29.0,23.6,0,0,1013.2,0,2,489.9,0,0,inf,0,4,525.8,0,0,1320.8,0,2,489.9,0,5,489.9
539709723,02200207,30.7,21.1,0,0,934.6,0,2,411.3,0,0,inf,0,4,492.6,0,0,1280.0,0,2,411.3,0,5,411.3
539709724,02200207,27.2,20.2,0,0,909.3,1,2,386.0,0,0,inf,0,4,516.0,0,0,1303.4,1,2,386.0,1,5,386.0
540224512,02200212,82.5,26.7,0,0,inf,0,2,649.7,0,0,inf,2,7,324.2,0,0,inf,0,2,649.7,0,5,571.3
540450964,02300315,10.0,21.3,0,0,1521.1,0,1,598.2,0,0,inf,4,13,126.9,0,0,1521.1,0,1,598.2,1,6,377.1
540859395,02100103,9.6,11.0,0,0,1619.8,0,0,1018.1,0,0,inf,0,6,461.6,0,0,inf,0,0,1018.1,0,6,461.6
542453944,02500834,60.2,19.8,0,1,471.3,0,0,1144.5,0,3,438.7,1,5,103.4,0,1,471.3,0,1,471.3,1,5,103.4
542453945,02500834,30.7,20.4,1,1,368.5,0,0,1178.0,0,2,472.1,2,4,136.9,1,1,368.5,1,1,368.5,2,4,136.9
542453946,02500834,38.2,21.0,0,1,512.2,0,0,1185.4,0,2,426.4,1,4,144.3,0,1,512.2,0,1,512.2,1,4,144.3
542453947,02500834,30.1,19.8,1,1,360.1,0,0,1185.2,0,2,479.4,2,4,144.2,1,1,360.1,1,1,360.1,2,4,144.2
542453948,02500834,11.9,37.0,1,1,303.5,0,0,1276.1,0,2,570.2,2,4,235.0,1,1,303.5,1,1,303.5,2,4,235.0
542453949,02500834,27.2,45.6,1,1,342.5,0,0,1254.5,0,2,548.6,2,4,213.4,1,1,342.5,1,1,342.5,2,4,213.4
542453950,02500834,30.3,20.8,1,1,332.1,0,0,1215.1,0,2,509.3,2,4,174.1,1,1,332.1,1,1,332.1,2,4,174.1
542453951,02500834,21.5,21.2,1,1,321.0,0,0,1227.1,0,2,521.2,2,4,186.0,1,1,321.0,1,1,321.0,2,4,186.0
542453952,02500834,21.1,20.4,1,1,299.3,0,0,1247.2,0,2,541.4,2,4,206.2,1,1,299.3,1,1,299.3,2,4,206.2
542453953,02500834,28.8,21.5,1,1,284.4,0,0,1264.4,0,2,558.5,2,4,223.3,1,1,284.4,1,1,284.4,2,4,223.3
542457297,02500832,21.3,41.8,0,1,503.2,0,0,1176.4,0,2,470.5,1,4,135.3,0,1,503.2,0,1,503.2,1,4,135.3
542457298,02500832,36.4,20.0,0,1,487.6,0,0,1160.8,0,2,449.0,1,4,119.7,0,1,487.6,0,1,487.6,1,4,119.7
542457299,02500832,32.8,36.6,0,1,487.5,0,0,1160.7,0,2,454.8,1,4,119.6,0,1,487.5,0,1,487.5,1,4,119.6
542457300,02500832,35.6,20.1,0,1,453.6,0,0,1092.2,0,4,421.0,1,5,85.8,0,1,453.6,0,1,453.6,1,6,85.8
542457301,02500832,25.1,48.7,0,1,507.3,0,0,1095.8,0,3,474.7,1,4,139.4,0,1,507.3,0,1,507.3,1,5,139.4
542457302,02500832,30.6,23.4,0,1,482.7,0,0,1069.9,0,3,450.0,1,4,114.8,0,1,482.7,0,1,482.7,1,5,114.8
542721625,02300315,14.0,51.6,0,0,1664.7,0,2,433.9,0,0,inf,3,14,270.4,0,0,1664.7,0,2,433.9,1,6,292.7
542947974,02300315,6.6,28.5,0,0,1840.6,1,2,189.1,0,0,inf,2,16,189.1,0,0,1840.6,1,2,189.1,1,9,189.1
542947975,02300315,3.2,33.1,0,0,1816.9,1,2,221.9,0,0,inf,2,14,203.7,0,0,1816.9,1,2,221.9,1,8,221.9
542947976,02300315,6.0,28.8,0,0,1803.0,1,2,227.0,0,0,inf,2,13,189.8,0,0,1803.0,1,2,227.0,1,8,227.0
542947977,02300315,7.2,33.9,0,0,1784.2,1,1,257.5,0,0,inf,2,12,169.6,0,0,1784.2,1,1,257.5,1,7,257.5
542947979,02300315,4.2,69.0,0,0,1898.2,1,1,181.3,0,0,1898.2,2,10,181.3,0,0,inf,1,1,181.3,1,7,181.3
542947982,02300315,5.9,69.4,0,0,1889.7,1,1,190.7,0,0,1889.7,2,10,190.7,0,0,inf,1,1,190.7,1,7,190.7
542947985,02300315,5.4,36.4,0,0,1865.2,1,2,180.2,0,0,inf,2,15,180.2,0,0,1865.2,1,2,180.2,1,8,180.2
542947986,02300315,12.7,44.4,0,0,1728.9,1,1,333.8,0,0,inf,4,12,114.3,0,0,1728.9,1,1,333.8,2,7,333.8
542947988,02300315,14.4,57.5,0,0,1756.9,0,1,445.4,0,0,inf,2,13,142.3,0,0,1756.9,0,1,445.4,0,8,426.2
542947989,02300315,8.9,39.3,0,0,1743.6,0,1,432.1,0,0,1982.2,2,13,129.0,0,0,1743.6,0,1,432.1,0,8,412.9
542947990,02300315,23.2,20.9,0,0,1756.1,1,1,396.3,0,0,1932.9,5,13,141.4,0,0,1756.1,1,1,396.3,2,8,396.3
542947991,02300315,13.2,49.6,0,0,1764.3,0,1,445.2,0,0,1981.9,2,13,149.7,0,0,1764.3,0,1,445.2,0,8,433.6
544164574,02400521,6.3,32.7,0,0,1351.7,0,2,603.6,0,2,598.8,0,4,421.6,0,0,1351.7,0,2,603.6,0,4,598.8
544164575,02400521,8.7,28.3,0,0,1355.1,0,2,607.0,0,2,586.6,0,4,409.4,0,0,1355.1,0,2,607.0,0,4,586.6
544164576,02400521,20.6,14.2,0,0,1344.4,0,2,596.3,0,2,569.1,1,4,391.9,0,0,1344.4,0,2,596.3,0,4,569.1
544164577,02400521,11.7,42.9,0,0,1412.5,0,2,574.0,0,1,749.7,0,4,572.5,0,0,1412.5,0,2,574.0,0,3,574.0
544164578,02400521,4.9,31.5,0,0,1401.5,0,2,562.2,0,1,738.7,0,4,561.5,0,0,1401.5,0,2,562.2,0,3,562.2
544164579,02400521,17.5,25.5,0,0,1480.6,0,1,518.6,0,2,653.5,0,4,476.3,0,0,1480.6,0,1,518.6,0,4,518.6
544164580,02400521,26.2,21.2,0,0,1415.3,0,2,453.3,0,0,810.8,0,4,453.3,0,0,1415.3,0,2,453.3,0,3,453.3
544164581,02400521,17.0,14.1,0,0,1427.0,0,2,465.0,0,0,801.1,0,4,465.0,0,0,1427.0,0,2,465.0,0,3,465.0
544164582,02400521,9.3,32.5,0,0,1418.9,0,2,546.7,0,1,756.1,0,5,546.7,0,0,1418.9,0,2,546.7,0,4,546.7
544164583,02400521,6.6,39.3,0,0,1533.8,0,1,571.8,0,2,627.7,0,3,450.5,0,0,1533.8,0,1,571.8,0,3,571.8
544164584,02400521,13.5,24.1,0,0,1529.8,0,2,567.8,0,2,604.1,0,4,426.9,0,0,1529.8,0,2,567.8,0,4,567.8
544166624,02100101,19.7,13.0,0,2,431.9,1,2,398.6,0,0,inf,2,7,372.6,0,1,573.9,1,3,398.6,2,7,372.6
544166625,02100101,21.1,18.3,0,2,433.9,0,2,415.3,0,0,inf,1,7,374.7,0,1,511.4,0,3,415.3,1,7,374.7
544166626,02100101,18.1,15.4,0,2,446.0,1,3,389.2,0,0,inf,2,7,386.8,0,1,588.1,1,4,389.2,2,8,386.8
544166627,02100101,22.2,7.1,0,2,472.8,1,3,345.9,0,0,inf,1,7,345.9,0,1,552.9,1,4,345.9,1,8,345.9
544218615,02100106,22.7,24.7,0,0,1616.1,0,2,451.9,0,0,inf,1,8,333.7,0,0,inf,0,2,451.9,1,6,333.7
544218616,02100106,14.6,19.4,0,0,1633.0,0,2,424.4,0,0,inf,1,8,350.6,0,0,inf,0,2,424.4,1,6,350.6
544218617,02100106,13.6,20.4,0,0,1654.6,0,2,404.7,0,0,inf,1,7,372.3,0,0,inf,0,2,404.7,1,6,372.3
544218618,02100106,24.1,20.3,0,0,1674.7,1,2,384.4,0,0,inf,2,7,384.4,0,0,inf,1,2,384.4,2,6,384.4
544226129,02100105,125.9,33.2,0,0,1974.0,1,1,194.0,0,0,inf,1,5,194.0,0,0,inf,1,1,194.0,1,3,194.0
544226132,02100105,47.2,22.6,0,0,1963.1,1,1,290.0,0,0,inf,1,4,290.0,0,0,inf,1,1,290.0,1,2,290.0
544226133,02100105,31.0,11.3,0,0,1958.3,1,1,272.2,0,0,inf,1,4,272.2,0,0,inf,1,1,272.2,1,2,272.2
544226134,02100105,38.3,11.0,0,0,1974.7,1,1,255.2,0,0,inf,1,4,255.2,0,0,inf,1,1,255.2,1,2,255.2
544226135,02100105,31.6,11.1,0,0,1993.4,1,1,236.7,0,0,inf,1,4,236.7,0,0,inf,1,1,236.7,1,2,236.7
544226136,02100105,31.6,10.1,0,0,1968.5,1,1,188.5,0,0,inf,1,5,188.5,0,0,inf,1,1,188.5,1,3,188.5
544226137,02100105,39.0,10.2,0,0,1949.6,1,1,169.6,0,0,inf,1,5,169.6,0,0,inf,1,1,169.6,1,3,169.6
544226138,02100105,31.7,12.4,0,0,1938.6,1,1,158.6,0,0,inf,1,5,158.6,0,0,inf,1,1,158.6,1,3,158.6
544226929,02100105,37.6,27.0,0,0,inf,1,2,268.8,0,0,inf,3,10,118.4,0,0,inf,1,2,268.8,1,5,268.8
544226932,02100105,21.0,40.1,0,0,inf,1,2,306.0,0,0,inf,3,10,107.4,0,0,inf,1,2,306.0,1,5,306.0
544234148,02100105,6.6,45.2,0,0,inf,1,3,362.1,0,0,inf,2,9,200.5,0,0,inf,1,3,362.1,1,5,362.1
544234149,02100105,7.6,28.2,0,0,inf,1,3,349.6,0,0,inf,2,9,179.3,0,0,inf,1,3,349.6,1,5,349.6
544317256,02300419,1.4,54.1,0,0,1089.6,1,1,245.7,0,0,1089.6,2,6,245.7,0,0,1999.9,1,1,245.7,2,4,245.7
544317257,02300419,2.0,36.2,0,0,1103.5,1,1,259.6,0,0,1103.5,1,6,259.6,0,0,inf,1,1,259.6,1,4,259.6
544317258,02300419,13.8,54.8,0,0,1235.9,1,1,392.0,0,0,1235.9,1,5,392.0,0,0,inf,1,1,392.0,1,4,392.0
544317259,02300419,25.8,36.3,0,0,1213.8,1,1,369.9,0,0,1213.8,1,5,369.9,0,0,inf,1,1,369.9,1,4,369.9
544319181,02300316,3.1,15.2,0,0,958.6,1,1,196.0,0,0,958.6,2,5,196.0,0,0,1868.8,1,1,196.0,2,4,196.0
544319184,02300316,2.8,22.6,0,0,925.7,1,1,105.0,0,0,925.7,2,10,105.0,0,0,1835.9,1,1,105.0,2,6,105.0
544319186,02300316,13.8,13.5,0,0,894.9,1,1,139.2,0,0,894.9,2,10,139.2,0,0,1805.2,1,1,139.2,2,6,139.2
544322352,02100103,178.5,18.2,0,0,1537.3,0,2,659.4,0,0,inf,0,7,424.4,0,0,inf,0,2,659.4,0,7,424.4
544322353,02100103,5.5,64.0,0,0,1530.4,0,2,757.9,0,0,inf,0,6,417.4,0,0,inf,0,2,757.9,0,6,417.4
544322354,02100103,7.6,53.3,0,0,1505.7,0,2,736.3,0,0,inf,1,6,392.8,0,0,inf,0,2,736.3,1,6,392.8
544322355,02100103,18.8,53.4,0,0,1520.0,0,2,747.0,0,0,inf,0,6,407.0,0,0,inf,0,2,747.0,0,6,407.0
544325926,02100105,34.8,66.3,0,0,1745.1,0,2,486.1,0,0,inf,0,6,462.7,0,0,inf,0,2,486.1,0,6,462.7
544325927,02100105,23.4,49.2,0,0,1728.0,0,2,469.0,0,0,inf,0,7,445.6,0,0,inf,0,2,469.0,0,6,445.6
544325928,02100105,15.3,36.7,0,0,1715.5,0,2,456.5,0,0,inf,0,7,433.1,0,0,inf,0,2,456.5,0,6,433.1
544325929,02100105,5.9,17.0,0,0,1695.8,0,2,436.9,0,0,inf,0,7,413.5,0,0,inf,0,2,436.9,0,6,413.5
544325931,02100105,14.3,80.0,0,0,1744.7,0,1,764.4,0,0,inf,0,4,592.3,0,0,inf,0,1,764.4,0,4,592.3
547628642,02200209,9.2,10.3,0,0,1565.6,0,2,613.4,0,0,inf,1,8,201.4,0,0,inf,0,2,613.4,0,5,558.7
547628644,02200209,11.7,16.3,0,0,1446.8,0,2,494.6,0,0,inf,2,10,82.6,0,0,inf,0,2,494.6,0,6,439.8
548762125,02500836,22.0,17.9,0,0,937.2,0,0,inf,0,0,1675.7,3,5,257.9,0,0,1552.7,0,0,937.2,2,3,257.9
548762126,02500836,23.2,17.2,0,0,897.0,0,0,inf,0,0,1714.7,3,5,217.6,0,0,1512.4,0,0,897.0,2,3,217.6
548762127,02500836,27.9,15.3,0,0,880.5,0,0,inf,0,0,1524.9,3,6,150.5,0,0,1495.9,0,0,880.5,1,4,201.1
548854044,02500728,3.5,29.4,0,0,940.9,1,1,145.4,0,5,620.3,1,3,145.4,0,0,1638.4,1,1,145.4,1,4,145.4
548854045,02500728,11.3,19.2,0,0,842.5,1,1,76.5,0,4,606.7,1,3,76.5,0,0,1624.9,1,1,76.5,1,4,76.5
550422505,02100103,5.5,73.2,0,0,1685.5,0,0,880.8,0,0,inf,1,5,291.1,0,0,inf,0,0,880.8,1,5,291.1
550471355,02400520,16.5,23.6,0,0,1496.5,0,0,1284.3,1,4,391.4,2,5,232.0,0,0,inf,0,0,1284.3,1,4,391.4
551162964,02200210,58.4,17.6,0,0,1907.6,0,1,631.8,0,0,inf,3,8,106.4,0,0,inf,0,1,631.8,3,6,106.4
551303744,02300417,18.2,27.6,0,0,inf,0,2,660.4,0,0,inf,1,6,264.9,0,0,inf,0,2,660.4,1,5,264.9
551303746,02300417,7.1,13.2,0,0,inf,0,2,649.1,0,0,inf,1,6,247.3,0,0,inf,0,2,649.1,1,5,247.3
551303748,02300417,7.4,13.7,0,0,inf,0,2,666.0,0,0,inf,1,6,231.4,0,0,inf,0,2,666.0,1,5,231.4
551303750,02300417,18.8,34.9,0,0,inf,0,2,691.1,0,0,inf,1,6,248.8,0,0,inf,0,2,691.1,1,5,248.8
551303753,02300417,22.2,41.8,0,0,inf,0,1,626.0,0,0,inf,1,4,353.5,0,0,inf,0,1,626.0,1,3,353.5
551303757,02300417,21.4,47.5,0,0,inf,0,1,650.7,0,0,inf,1,4,378.2,0,0,inf,0,1,650.7,1,3,378.2
551303759,02300417,37.1,23.4,0,0,inf,0,2,650.5,0,0,inf,1,5,378.0,0,0,inf,0,2,650.5,1,4,378.0
551303760,02300417,21.2,23.3,0,0,inf,0,2,628.4,0,0,inf,1,5,355.9,0,0,inf,0,2,628.4,1,4,355.9
551303761,02300417,21.7,22.1,0,0,inf,0,2,605.5,0,0,inf,1,6,333.0,0,0,inf,0,2,605.5,1,5,333.0
551303762,02300417,4.2,30.5,0,0,inf,0,1,514.8,0,0,inf,1,7,291.8,0,0,inf,0,1,514.8,1,4,291.8
551303765,02300417,10.6,42.4,0,0,inf,0,1,593.7,0,0,inf,1,5,370.7,0,0,inf,0,1,593.7,1,3,370.7
551303766,02300417,3.0,44.2,0,0,inf,0,2,662.2,0,0,inf,1,6,296.3,0,0,inf,0,2,662.2,1,5,296.3
551303767,02300417,18.4,48.1,0,0,inf,0,1,625.3,0,0,inf,0,5,402.3,0,0,inf,0,1,625.3,0,3,402.3
551303771,02300417,8.0,40.5,0,0,inf,0,2,704.0,0,0,inf,2,6,117.6,0,0,inf,0,2,704.0,2,5,117.6
551303772,02300417,22.1,45.9,0,0,inf,0,2,745.2,0,0,inf,1,5,269.6,0,0,inf,0,2,745.2,1,5,269.6
551303773,02300417,6.3,45.9,0,0,inf,0,2,745.2,0,0,inf,1,5,269.6,0,0,inf,0,2,745.2,1,5,269.6
551303774,02300417,20.8,24.7,0,0,inf,0,1,601.2,0,0,inf,2,5,112.9,0,0,inf,0,1,601.2,2,4,112.9
551308290,02300418,9.1,31.9,0,0,inf,0,2,609.5,0,0,inf,1,7,216.5,0,0,inf,0,2,609.5,1,5,216.5
551468695,02100101,6.2,46.4,1,1,347.7,0,1,627.1,0,0,inf,2,8,222.2,0,0,918.3,1,2,347.7,2,7,222.2
551473271,02100101,25.0,19.9,0,1,464.4,0,1,683.4,0,0,inf,2,8,309.8,0,0,1148.1,0,2,464.4,1,6,383.3
551473272,02100101,45.6,19.5,0,1,506.0,0,2,640.9,0,0,inf,3,10,267.4,0,0,1189.7,0,3,506.0,2,8,389.7
551473274,02100101,38.6,23.0,0,1,580.8,0,1,579.9,0,0,inf,2,8,293.1,0,0,1239.2,0,2,579.9,1,6,322.0
551473277,02100101,5.6,32.2,0,1,658.6,0,1,659.7,0,0,inf,1,5,312.1,0,0,1229.3,0,2,658.6,1,4,312.1
551473279,02100101,26.0,10.5,0,1,608.7,0,1,540.0,0,0,inf,2,8,262.1,0,0,1179.3,0,2,540.0,1,6,262.1
551601158,02100102,5.9,22.0,0,1,695.5,0,2,456.5,0,0,inf,0,10,401.6,0,0,1379.2,0,3,456.5,0,8,456.5
551606417,02100102,5.7,8.9,0,0,890.5,1,2,235.0,0,0,1749.8,2,5,235.0,0,0,1226.2,1,2,235.0,2,5,235.0
552963236,02400520,5.0,11.8,0,0,1387.5,0,0,1129.3,0,4,440.9,1,4,282.4,0,0,inf,0,0,1129.3,0,4,440.9
552963251,02400520,73.1,21.8,0,0,1342.2,0,0,825.1,1,4,177.9,0,4,431.0,0,0,inf,0,0,825.1,1,4,177.9
552963255,02400520,15.9,10.7,0,0,1622.8,0,0,1055.9,0,4,412.1,1,5,128.3,0,0,inf,0,0,1055.9,0,4,412.1
554658085,02300417,1.4,42.6,0,0,inf,1,2,258.7,0,0,inf,1,12,258.7,0,0,inf,1,2,258.7,1,7,258.7
554658087,02300417,6.6,42.4,0,0,inf,1,2,239.7,0,0,inf,1,12,239.7,0,0,inf,1,2,239.7,1,7,239.7
554658088,02300417,0.8,34.0,0,0,inf,0,2,413.5,0,0,inf,0,11,413.5,0,0,inf,0,2,413.5,0,6,413.5
554658089,02300417,4.5,41.0,0,0,inf,1,2,335.5,0,0,inf,1,10,335.5,0,0,inf,1,2,335.5,1,5,335.5
554658091,02300417,6.5,42.2,0,0,inf,0,3,506.8,0,0,inf,0,11,426.9,0,0,inf,0,3,506.8,0,6,477.8
554658092,02300417,18.2,9.5,0,0,inf,0,3,486.8,0,0,inf,0,11,407.0,0,0,inf,0,3,486.8,0,6,457.8
554658094,02300417,16.0,24.6,0,0,1972.5,1,2,258.8,0,0,inf,2,13,258.8,0,0,1972.5,1,2,258.8,2,6,258.8
554658101,02300417,13.0,39.9,0,0,inf,1,2,219.1,0,0,inf,1,12,219.1,0,0,inf,1,2,219.1,1,7,219.1
554658103,02300417,8.6,39.7,0,0,1917.8,1,2,387.3,0,0,inf,2,14,258.5,0,0,1917.8,1,2,387.3,2,6,258.5
554658107,02300417,3.2,36.4,0,0,1805.7,1,1,304.3,0,0,1805.7,3,9,242.7,0,0,inf,1,1,304.3,2,6,242.7
554658109,02300417,6.3,41.5,0,0,1804.5,1,1,220.1,0,0,1804.5,4,9,220.1,0,0,1972.7,1,1,220.1,2,6,220.1
554658111,02300417,17.1,25.5,0,0,1851.8,1,1,140.8,0,0,1851.8,2,10,140.8,0,0,inf,1,1,140.8,1,7,140.8
554754946,02300418,56.1,68.5,0,0,inf,0,0,1099.0,0,0,inf,1,4,256.8,0,0,inf,0,0,1099.0,1,4,256.8
554754948,02300418,50.2,53.4,0,0,inf,0,0,1076.3,0,0,inf,1,4,234.1,0,0,inf,0,0,1076.3,1,4,234.1
554754950,02300418,56.4,55.3,0,0,inf,0,0,1080.0,0,0,inf,1,4,269.4,0,0,inf,0,0,1080.0,1,4,269.4
554754951,02300418,51.8,53.8,0,0,inf,0,0,1038.8,0,0,inf,1,4,307.6,0,0,inf,0,0,1038.8,1,4,307.6
554754952,02300418,0.9,73.2,0,0,inf,0,0,1250.3,0,0,inf,1,4,238.3,0,0,inf,0,0,1250.3,1,4,238.3
554754953,02300418,44.4,77.5,0,0,inf,0,0,1064.4,0,0,inf,1,3,329.3,0,0,inf,0,0,1064.4,1,3,329.3
554754955,02300418,51.4,56.1,0,0,inf,0,0,1007.3,0,0,inf,1,4,343.5,0,0,inf,0,0,1007.3,1,4,343.5
554754960,02300418,23.4,51.5,0,0,inf,0,0,1056.7,0,0,inf,1,4,208.7,0,0,inf,0,0,1056.7,1,4,208.7
554754964,02300418,21.4,49.3,0,0,inf,0,0,1231.4,0,0,inf,1,3,294.0,0,0,inf,0,0,1231.4,1,3,294.0
554754983,02300418,3.7,38.0,0,0,inf,0,0,968.7,0,0,inf,1,4,346.0,0,0,inf,0,0,968.7,1,4,346.0
554754985,02300418,6.1,53.9,0,0,inf,0,0,864.0,0,0,inf,0,4,482.6,0,0,inf,0,0,864.0,0,4,482.6
554754987,02300418,20.5,47.0,0,0,inf,0,0,1030.0,0,0,inf,1,4,302.7,0,0,inf,0,0,1030.0,1,4,302.7
554754990,02300418,8.5,40.1,0,0,inf,0,0,1035.3,0,0,inf,1,4,283.6,0,0,inf,0,0,1035.3,1,4,283.6
554754992,02300418,26.3,44.6,0,0,inf,0,0,1067.7,0,0,inf,1,4,260.2,0,0,inf,0,0,1067.7,1,4,260.2
554754995,02300418,20.7,52.3,0,0,inf,0,0,1089.4,0,0,inf,1,4,253.9,0,0,inf,0,0,1089.4,1,4,253.9
554754997,02300418,7.3,38.2,0,0,inf,0,0,1069.3,0,0,inf,1,4,245.8,0,0,inf,0,0,1069.3,1,4,245.8
554754999,02300418,19.4,52.2,0,0,inf,0,0,927.8,0,0,inf,2,4,269.8,0,0,inf,0,0,927.8,2,4,269.8
554755000,02300418,7.9,38.9,0,0,inf,0,0,910.0,0,0,inf,2,4,261.0,0,0,inf,0,0,910.0,2,4,261.0
554755002,02300418,20.1,52.3,0,0,inf,0,0,896.5,0,0,inf,2,4,301.4,0,0,inf,0,0,896.5,2,4,301.4
554755004,02300418,6.8,35.7,0,0,inf,0,0,875.2,0,0,inf,2,4,289.5,0,0,inf,0,0,875.2,2,4,289.5
554755010,02300418,10.6,68.5,0,0,inf,0,0,873.6,0,0,inf,0,4,413.6,0,0,inf,0,0,873.6,0,4,413.6
554755013,02300418,30.5,68.3,0,0,inf,0,0,894.0,0,0,inf,1,4,392.8,0,0,inf,0,0,894.0,1,4,392.8
554755015,02300418,1.1,58.9,0,0,inf,0,0,909.8,0,0,inf,1,4,358.2,0,0,inf,0,0,909.8,1,4,358.2
554755018,02300418,9.3,68.1,0,0,inf,0,0,913.4,0,0,inf,1,4,373.1,0,0,inf,0,0,913.4,1,4,373.1
554755021,02300418,4.9,67.6,0,0,inf,0,0,954.7,0,0,inf,2,4,273.8,0,0,inf,0,0,954.7,2,4,273.8
554755026,02300418,13.7,73.8,0,0,inf,0,0,1037.2,0,0,inf,1,4,349.1,0,0,inf,0,0,1037.2,1,4,349.1
554755028,02300418,52.0,20.0,0,0,inf,0,1,755.6,0,0,inf,0,5,483.1,0,0,inf,0,1,755.6,0,5,483.1
554756290,02300418,8.8,18.4,0,0,inf,0,0,1349.3,0,0,inf,1,3,344.4,0,0,inf,0,0,1349.3,1,3,344.4
554756292,02300418,3.5,6.4,0,0,inf,0,0,1337.8,0,0,inf,1,3,270.8,0,0,inf,0,0,1337.8,1,3,270.8
554762175,02300418,12.2,54.2,0,0,1837.4,0,1,454.1,0,0,1837.4,3,7,178.0,0,0,inf,0,1,454.1,2,4,178.0
556291479,02100103,6.2,7.8,0,0,1612.8,0,0,808.2,0,0,1940.3,2,5,218.4,0,0,1948.5,0,0,808.2,2,5,218.4
556291480,02100103,8.2,17.0,0,0,1612.8,0,0,808.1,0,0,1940.2,2,5,218.4,0,0,1948.5,0,0,808.1,2,5,218.4
556291485,02100103,27.7,18.4,0,0,1623.5,0,0,818.8,0,0,1950.9,2,5,229.1,0,0,1959.2,0,0,818.8,2,5,229.1
556291486,02100103,12.6,30.4,0,0,1635.5,0,0,830.8,0,0,1963.0,2,5,241.1,0,0,1971.2,0,0,830.8,2,5,241.1
556291487,02100103,30.7,21.3,0,0,1508.1,0,2,455.1,0,0,1587.3,1,9,177.3,0,0,1704.5,0,2,455.1,1,8,177.3
557688316,02100101,213.4,5.5,1,1,381.5,0,1,709.1,0,0,inf,2,8,341.0,0,0,1065.2,1,2,381.5,2,6,341.0
557688317,02100101,22.8,10.8,1,1,372.2,0,1,714.0,0,0,inf,2,8,300.4,0,0,1055.9,1,2,372.2,2,6,300.4
558713344,02200211,11.8,18.9,0,0,inf,0,1,563.6,0,0,inf,2,7,149.9,0,0,inf,0,1,563.6,2,7,149.9
559196721,02300418,27.1,17.2,0,0,inf,0,0,1031.8,0,0,inf,1,4,164.9,0,0,inf,0,0,1031.8,1,4,164.9
564744343,02100104,2.8,28.5,0,0,1859.6,0,2,429.7,0,0,inf,0,7,412.1,0,0,inf,0,2,429.7,0,4,429.7
564744344,02100104,3.5,40.3,0,0,1864.4,0,2,434.5,0,0,inf,0,7,416.8,0,0,inf,0,2,434.5,0,4,434.5
564744445,02100104,7.4,33.2,0,0,1864.3,0,2,434.3,0,0,inf,0,7,416.7,0,0,inf,0,2,434.3,0,4,434.3
565368347,02400623,216.9,35.7,0,0,879.7,0,1,666.6,0,0,1246.6,2,4,230.5,0,0,879.7,0,1,666.6,0,2,552.0
565925561,02400522,19.7,51.5,0,0,1591.1,0,1,719.2,1,4,299.6,0,1,719.2,0,0,inf,0,1,719.2,1,3,299.6
565925563,02500726,34.9,17.1,0,0,1151.1,0,1,778.6,1,5,398.5,0,2,778.6,0,0,inf,0,1,778.6,0,2,517.8
566414837,02500834,32.2,17.3,0,1,791.5,0,0,1034.1,1,5,355.5,0,5,573.2,0,1,791.5,0,1,791.5,1,8,355.5
566414839,02500834,56.5,17.0,0,1,769.0,0,0,975.4,1,6,296.8,0,6,540.0,0,1,769.0,0,1,769.0,1,10,296.8
569273058,02500726,48.1,30.6,0,1,746.6,0,0,1339.0,1,6,372.8,1,2,372.8,0,0,inf,0,1,746.6,1,6,372.8
570662536,02300419,29.5,55.2,0,0,1245.5,0,1,677.0,0,0,1245.5,0,4,442.7,0,0,inf,0,1,677.0,0,4,442.7
570662537,02300419,29.0,54.2,0,0,1272.6,0,1,704.1,0,0,1272.6,0,4,469.8,0,0,inf,0,1,704.1,0,4,469.8
570662539,02300419,17.1,51.2,0,0,1315.7,0,1,747.2,0,0,1315.7,0,4,512.9,0,0,inf,0,1,747.2,0,4,512.9
570662540,02300419,7.6,35.2,0,0,1296.1,0,1,727.6,0,0,1296.1,0,4,493.3,0,0,inf,0,1,727.6,0,4,493.3
570662541,02300419,7.5,37.2,0,0,1292.3,0,1,723.8,0,0,1292.3,0,4,489.5,0,0,inf,0,1,723.8,0,4,489.5
570662543,02300419,3.3,69.4,0,0,1316.6,0,1,748.1,0,0,1316.6,0,4,513.8,0,0,inf,0,1,748.1,0,4,513.8
570662570,02300419,42.2,50.5,0,0,1090.2,0,1,533.7,0,0,1090.2,3,6,115.2,0,0,inf,0,1,533.7,3,5,115.2
570662574,02300419,1.9,57.1,0,0,1273.9,0,1,717.4,0,0,1273.9,2,5,169.5,0,0,inf,0,1,717.4,2,5,169.5
570662575,02300419,6.4,57.7,0,0,1250.6,0,1,682.0,0,0,1250.6,1,4,326.5,0,0,inf,0,1,682.0,1,4,326.5
570662576,02300419,11.9,69.1,0,0,1154.5,0,1,598.0,0,0,1154.5,2,5,343.5,0,0,inf,0,1,598.0,2,4,343.5
570662577,02300419,6.0,77.5,0,0,1279.7,0,1,723.3,0,0,1279.7,2,4,175.4,0,0,inf,0,1,723.3,2,4,175.4
570662578,02300419,3.9,68.1,0,0,1271.3,0,1,714.9,0,0,1271.3,2,5,167.0,0,0,inf,0,1,714.9,2,5,167.0
570662633,02300419,5.9,10.1,0,0,951.7,1,1,395.3,0,0,951.7,3,6,148.9,0,0,1862.0,1,1,395.3,3,4,148.9
570662635,02300419,9.6,8.4,0,0,971.2,0,1,414.8,0,0,971.2,2,5,168.4,0,0,1881.5,0,1,414.8,2,4,168.4
570662636,02300419,7.2,11.6,0,0,1042.1,0,1,485.6,0,0,1042.1,2,5,239.2,0,0,1952.3,0,1,485.6,2,4,239.2
570662638,02300419,19.1,16.6,0,0,965.0,0,1,408.6,0,0,965.0,1,5,162.2,0,0,1875.2,0,1,408.6,1,4,162.2
570662639,02300419,36.0,18.3,0,0,995.4,0,1,438.9,0,0,995.4,1,6,192.6,0,0,1905.6,0,1,438.9,1,4,192.6
570662640,02300419,37.8,16.5,0,0,1008.6,0,1,452.1,0,0,1008.6,1,7,205.7,0,0,1918.8,0,1,452.1,1,5,205.7
570662641,02300419,22.5,20.7,0,0,1068.2,0,1,471.1,0,0,1068.2,1,6,265.4,0,0,1978.4,0,1,471.1,1,4,265.4
570662642,02300419,16.4,16.9,0,0,1077.7,0,1,480.7,0,0,1077.7,1,6,274.9,0,0,1988.0,0,1,480.7,1,4,274.9
570662643,02300419,25.6,18.8,0,0,1090.9,0,1,493.8,0,0,1090.9,1,6,288.1,0,0,inf,0,1,493.8,1,4,288.1
570662644,02300419,24.5,18.0,0,0,1111.5,0,1,514.4,0,0,1111.5,1,5,308.6,0,0,inf,0,1,514.4,1,4,308.6
570662646,02300419,1.1,88.1,0,0,1444.4,0,0,876.3,0,0,1444.4,1,4,340.1,0,0,inf,0,0,876.3,1,4,340.1
570662649,02300419,6.4,31.5,0,0,1333.4,0,1,764.8,0,0,1333.4,0,5,530.5,0,0,inf,0,1,764.8,0,5,530.5
570662650,02300419,8.6,33.8,0,0,1329.8,0,1,761.3,0,0,1329.8,0,5,527.0,0,0,inf,0,1,761.3,0,5,527.0
570662653,02300419,26.4,16.9,0,0,1219.0,0,1,650.5,0,0,1219.0,0,4,416.2,0,0,inf,0,1,650.5,0,4,416.2
570662654,02300419,19.2,16.2,0,0,1201.2,0,1,632.6,0,0,1201.2,2,4,398.3,0,0,inf,0,1,632.6,2,4,398.3
570662655,02300419,14.2,16.2,0,0,1187.9,0,1,619.4,0,0,1187.9,2,4,306.0,0,0,inf,0,1,619.4,2,4,306.0
570662656,02300419,16.5,18.5,0,0,1205.6,0,1,637.0,0,0,1205.6,1,4,293.0,0,0,inf,0,1,637.0,1,4,293.0
570662657,02300419,42.9,36.1,0,0,1231.6,0,1,663.1,0,0,1231.6,1,4,302.1,0,0,inf,0,1,663.1,1,4,302.1
570662658,02300419,46.0,26.4,0,0,1250.1,0,1,681.5,0,0,1250.1,1,4,264.4,0,0,inf,0,1,681.5,1,4,264.4
570662659,02300419,45.5,34.7,0,0,1264.9,0,1,696.3,0,0,1264.9,1,4,266.1,0,0,inf,0,1,696.3,1,4,266.1
570662660,02300419,59.6,18.0,0,0,1284.3,0,1,715.7,0,0,1284.3,2,5,213.4,0,0,inf,0,1,715.7,2,5,213.4
570662661,02300419,18.8,18.9,0,0,1339.0,0,1,770.9,0,0,1339.0,1,5,234.6,0,0,inf,0,1,770.9,1,5,234.6
570662662,02300419,13.8,18.1,0,0,1351.4,0,1,783.3,0,0,1351.4,1,5,247.1,0,0,inf,0,1,783.3,1,5,247.1
570662663,02300419,14.4,17.8,0,0,1367.5,0,1,799.4,0,0,1367.5,1,5,263.2,0,0,inf,0,1,799.4,1,5,263.2
570662669,02300419,8.1,49.9,0,0,1336.0,0,1,767.4,0,0,1336.0,0,4,533.1,0,0,inf,0,1,767.4,0,4,533.1
570662670,02300419,1.5,67.5,0,0,1352.0,0,1,783.4,0,0,1352.0,0,4,549.1,0,0,inf,0,1,783.4,0,4,549.1
570662671,02300419,9.3,70.4,0,0,1518.4,0,0,949.8,0,0,1518.4,0,4,616.0,0,0,inf,0,0,949.8,0,4,616.0
570662674,02300419,23.9,16.7,0,0,1290.2,0,1,721.6,0,0,1290.2,0,5,487.3,0,0,inf,0,1,721.6,0,5,487.3
570662675,02300419,17.1,14.8,0,0,1136.7,0,1,539.6,0,0,1136.7,2,5,333.9,0,0,inf,0,1,539.6,2,4,333.9
570707682,02300419,19.5,53.8,0,0,1484.8,0,0,916.3,0,0,1484.8,0,4,616.4,0,0,inf,0,0,916.3,0,4,616.4
570707683,02300419,6.9,38.3,0,0,1463.8,0,0,895.3,0,0,1463.8,0,4,606.4,0,0,inf,0,0,895.3,0,4,606.4
570707689,02300419,4.2,31.6,0,0,1121.0,0,1,523.9,0,0,1121.0,1,5,318.2,0,0,inf,0,1,523.9,1,4,318.2
570707691,02300419,4.6,42.3,0,0,1139.4,0,1,542.4,0,0,1139.4,1,5,336.6,0,0,inf,0,1,542.4,1,4,336.6
570707695,02300419,6.2,32.0,0,0,1243.5,0,1,646.4,0,0,1243.5,0,4,440.6,0,0,inf,0,1,646.4,0,3,440.6
570707696,02300419,9.9,34.2,0,0,1233.3,0,1,636.2,0,0,1233.3,0,4,430.5,0,0,inf,0,1,636.2,0,3,430.5
570707697,02300419,22.2,43.4,0,0,1404.5,0,0,807.5,0,0,1404.5,0,4,601.7,0,0,inf,0,0,807.5,0,4,601.7
570707698,02300419,20.8,46.9,0,0,1145.8,0,1,548.8,0,0,1145.8,1,5,343.0,0,0,inf,0,1,548.8,1,4,343.0
570707699,02300419,48.8,65.1,0,0,1178.6,0,1,581.5,0,0,1178.6,1,3,375.8,0,0,inf,0,1,581.5,1,3,375.8
570707700,02300419,15.2,60.5,0,0,1143.5,0,1,546.4,0,0,1143.5,1,5,340.7,0,0,inf,0,1,546.4,1,4,340.7
570707701,02300419,16.3,50.5,0,0,1124.1,0,1,527.0,0,0,1124.1,1,5,321.2,0,0,inf,0,1,527.0,1,4,321.2
571095497,02300419,26.4,52.5,0,0,1280.5,0,1,436.6,0,0,1280.5,0,4,436.6,0,0,inf,0,1,436.6,0,3,436.6
571095498,02300419,25.4,47.7,0,0,1412.1,0,1,625.2,0,0,1412.1,0,3,609.3,0,0,inf,0,1,625.2,0,2,609.3
571095522,02300419,10.9,39.8,0,0,1249.8,0,1,693.3,0,0,1249.8,2,5,145.5,0,0,inf,0,1,693.3,2,5,145.5
571095523,02300419,15.5,18.1,0,0,1172.0,0,1,615.5,0,0,1172.0,3,5,67.6,0,0,inf,0,1,615.5,3,5,67.6
571095524,02300419,10.6,39.8,0,0,1234.3,0,1,677.8,0,0,1234.3,2,5,130.0,0,0,inf,0,1,677.8,2,5,130.0
571095530,02300419,25.7,43.6,0,0,1221.6,0,1,665.1,0,0,1221.6,2,5,117.2,0,0,inf,0,1,665.1,2,5,117.2
571095556,02300419,1.4,6.4,0,0,1108.9,0,1,552.4,0,0,1108.9,3,6,152.7,0,0,inf,0,1,552.4,3,5,152.7
571095573,02300419,51.1,55.7,0,0,1141.3,0,1,584.8,0,0,1141.3,2,5,330.3,0,0,inf,0,1,584.8,2,4,330.3
571095598,02300419,21.5,27.4,0,0,874.6,1,1,204.0,0,0,874.6,3,8,97.3,0,0,1784.8,1,1,204.0,3,5,97.3
571095603,02300419,3.2,29.2,0,0,1131.6,1,1,367.0,0,0,1131.6,2,7,328.7,0,0,inf,1,1,367.0,2,5,328.7
571095606,02300419,1.0,64.2,0,0,910.4,1,1,239.8,0,0,910.4,2,8,135.1,0,0,1820.6,1,1,239.8,2,5,135.1
571095607,02300419,2.1,50.7,0,0,898.7,1,1,228.1,0,0,898.7,2,8,119.7,0,0,1808.9,1,1,228.1,2,5,119.7
571095608,02300419,8.1,5.6,0,0,950.0,1,1,393.6,0,0,950.0,2,6,147.2,0,0,1860.3,1,1,393.6,2,4,147.2
571095609,02300419,7.2,24.1,0,0,968.1,0,1,411.7,0,0,968.1,1,5,165.3,0,0,1878.4,0,1,411.7,1,4,165.3
571095610,02300419,7.7,30.0,0,0,973.9,0,1,417.5,0,0,973.9,1,5,171.1,0,0,1884.1,0,1,417.5,1,4,171.1
571095611,02300419,17.8,11.8,0,0,1001.2,0,1,444.7,0,0,1001.2,1,7,198.4,0,0,1911.4,0,1,444.7,1,5,198.4
571095612,02300419,10.2,35.0,0,0,1112.8,1,1,397.2,0,0,1112.8,2,7,310.0,0,0,inf,1,1,397.2,2,5,310.0
571095613,02300419,24.8,18.7,0,0,1148.3,1,1,329.2,0,0,1148.3,2,7,329.2,0,0,inf,1,1,329.2,2,5,329.2
571095614,02300419,8.4,32.9,0,0,1166.2,1,1,339.6,0,0,1166.2,2,7,339.6,0,0,inf,1,1,339.6,2,5,339.6
571095615,02300419,24.1,49.8,0,0,1107.9,1,1,264.0,0,0,1107.9,1,6,264.0,0,0,inf,1,1,264.0,1,4,264.0
571095616,02300419,7.4,45.6,0,0,1090.3,1,1,246.4,0,0,1090.3,2,6,246.4,0,0,inf,1,1,246.4,2,4,246.4
571095617,02300419,21.8,48.5,0,0,1075.6,1,1,231.7,0,0,1075.6,2,6,231.7,0,0,1985.9,1,1,231.7,2,4,231.7
571095618,02300419,9.5,39.3,0,0,1070.6,1,1,226.7,0,0,1070.6,2,6,226.7,0,0,1980.9,1,1,226.7,2,4,226.7
571095620,02300419,8.5,39.4,0,0,1087.1,1,1,243.2,0,0,1087.1,2,6,243.2,0,0,1997.3,1,1,243.2,2,4,243.2
571095621,02300419,7.9,39.1,0,0,1103.8,1,1,259.9,0,0,1103.8,1,6,259.9,0,0,inf,1,1,259.9,1,4,259.9
571095623,02300419,16.7,17.5,0,0,1156.0,1,1,312.1,0,0,1156.0,2,7,312.1,0,0,inf,1,1,312.1,2,5,312.1
571095624,02300419,30.9,40.0,0,0,1043.7,1,1,199.8,0,0,1043.7,2,7,199.8,0,0,1954.0,1,1,199.8,2,5,199.8
571095625,02300419,15.2,19.5,0,0,1034.9,1,1,191.0,0,0,1034.9,2,7,191.0,0,0,1945.2,1,1,191.0,2,5,191.0
571095626,02300419,19.3,18.1,0,0,1049.9,1,1,206.0,0,0,1049.9,2,7,206.0,0,0,1960.1,1,1,206.0,2,5,206.0
571095627,02300419,19.2,19.0,0,0,1071.0,1,1,227.1,0,0,1071.0,2,6,227.1,0,0,1981.3,1,1,227.1,2,4,227.1
571095628,02300419,13.3,19.2,0,0,1084.5,1,1,240.7,0,0,1084.5,2,6,240.7,0,0,1994.8,1,1,240.7,2,4,240.7
571095629,02300419,11.2,18.4,0,0,1096.3,1,1,252.4,0,0,1096.3,2,6,252.4,0,0,inf,1,1,252.4,2,4,252.4
571095630,02300419,15.6,14.6,0,0,1138.9,1,1,295.0,0,0,1138.9,2,6,295.0,0,0,inf,1,1,295.0,2,4,295.0
571095644,02300419,3.8,54.2,0,0,1692.4,0,1,632.9,0,0,1692.4,1,6,306.3,0,0,inf,0,1,632.9,0,4,582.9
571095645,02300419,0.7,53.6,0,0,1702.9,0,1,621.1,0,0,1702.9,1,6,294.5,0,0,inf,0,1,621.1,0,4,571.1
571095646,02300419,33.0,20.9,0,0,1639.9,0,2,769.9,0,0,1639.9,0,4,443.3,0,0,inf,0,2,769.9,0,3,719.8
571095647,02300419,20.0,20.5,0,0,1620.5,0,2,750.5,0,0,1620.5,0,5,423.9,0,0,inf,0,2,750.5,0,4,700.4
571095648,02300419,18.2,19.1,0,0,1605.3,0,2,735.2,0,0,1605.3,0,5,408.6,0,0,inf,0,2,735.2,0,4,685.1
571095649,02300419,39.9,22.5,0,0,1588.9,0,2,718.8,0,0,1588.9,1,5,392.2,0,0,inf,0,2,718.8,0,4,668.8
571095650,02300419,20.7,21.0,0,0,1618.8,0,2,640.1,0,0,1618.8,1,6,313.5,0,0,inf,0,2,640.1,0,4,590.0
571095651,02300419,20.3,24.9,0,0,1638.5,0,2,628.2,0,0,1638.5,1,7,301.6,0,0,inf,0,2,628.2,0,5,578.1
571095652,02300419,36.2,32.8,0,0,1653.4,0,1,629.2,0,0,1653.4,1,6,302.6,0,0,inf,0,1,629.2,0,4,579.2
571095653,02300419,39.8,26.8,0,0,1671.1,0,1,599.4,0,0,1671.1,1,6,272.8,0,0,inf,0,1,599.4,0,4,549.3
571095654,02300419,13.1,41.7,0,0,1695.6,0,1,604.8,0,0,1695.6,1,6,278.2,0,0,inf,0,1,604.8,0,4,554.7
571095655,02300419,15.2,20.1,0,0,1673.8,0,2,583.2,0,0,1673.8,1,7,256.6,0,0,inf,0,2,583.2,0,5,533.2
571095656,02300419,34.8,30.6,0,0,1702.1,0,2,575.9,0,0,1702.1,1,7,249.3,0,0,inf,0,2,575.9,0,5,525.9
571095657,02300419,2.7,53.2,0,0,1728.4,0,1,590.0,0,0,1728.4,1,6,263.4,0,0,inf,0,1,590.0,0,4,539.9
571095658,02300419,5.5,33.4,0,0,1703.5,0,2,565.1,0,0,1703.5,1,7,238.5,0,0,inf,0,2,565.1,0,5,515.1
571095659,02300419,15.2,20.0,0,0,1693.3,0,2,554.9,0,0,1693.3,1,7,228.3,0,0,inf,0,2,554.9,0,5,504.8
571095660,02300419,24.2,21.6,0,0,1678.2,0,2,539.8,0,0,1678.2,1,8,213.2,0,0,inf,0,2,539.8,0,6,489.7
571095661,02300419,21.7,20.4,0,0,1657.2,0,2,518.8,0,0,1657.2,1,8,192.2,0,0,inf,0,2,518.8,0,6,468.7
571095662,02300419,11.0,39.0,0,0,1668.1,0,1,798.0,0,0,1668.1,0,3,471.4,0,0,inf,0,1,798.0,0,2,748.0
571095663,02300419,15.5,19.3,0,0,1648.0,0,1,777.9,0,0,1648.0,0,3,451.3,0,0,inf,0,1,777.9,0,2,727.9
571095664,02300419,10.9,38.8,0,0,1682.1,0,0,812.1,0,0,1682.1,0,2,485.5,0,0,inf,0,0,812.1,0,1,762.0
571095665,02300419,15.2,19.3,0,0,1662.9,0,1,792.9,0,0,1662.9,0,3,466.3,0,0,inf,0,1,792.9,0,2,742.8
571095667,02300419,10.8,39.4,0,0,1697.0,0,0,826.9,0,0,1697.0,0,2,500.3,0,0,inf,0,0,826.9,0,1,776.9
571095668,02300419,15.4,19.1,0,0,1677.4,0,0,807.3,0,0,1677.4,0,2,480.7,0,0,inf,0,0,807.3,0,1,757.3
571095669,02300419,48.9,44.7,0,0,1713.1,0,0,843.0,0,0,1713.1,0,2,516.4,0,0,inf,0,0,843.0,0,1,793.0
571095670,02300419,36.8,21.4,0,0,1734.7,0,0,864.6,0,0,1734.7,0,1,538.0,0,0,inf,0,0,864.6,0,0,814.6
571095671,02300419,29.1,19.9,0,0,1746.4,0,0,876.4,0,0,1746.4,0,1,549.8,0,0,inf,0,0,876.4,0,0,826.3
571095672,02300419,1.4,38.6,0,0,1770.4,0,0,900.3,0,0,1770.4,0,1,573.7,0,0,inf,0,0,900.3,0,0,850.3
571095674,02300419,18.6,22.4,0,0,1754.2,0,0,884.2,0,0,1754.2,0,1,557.6,0,0,inf,0,0,884.2,0,0,834.1
571095675,02300419,13.4,31.2,0,0,1763.0,0,0,892.9,0,0,1763.0,0,1,566.4,0,0,inf,0,0,892.9,0,0,842.9
571095676,02300419,14.2,33.3,0,0,1282.0,1,2,354.8,0,0,1282.0,2,8,336.5,0,0,inf,1,2,354.8,1,7,354.8
571095677,02300419,34.4,32.5,0,0,1299.4,1,2,372.2,0,0,1299.4,2,9,317.4,0,0,inf,1,2,372.2,1,7,372.2
571095678,02300419,19.6,32.1,0,0,1318.6,1,2,391.4,0,0,1318.6,2,9,297.5,0,0,inf,1,2,391.4,1,7,391.4
571095679,02300419,14.6,32.6,0,0,1332.2,0,2,405.0,0,0,1332.2,1,9,284.8,0,0,inf,0,2,405.0,0,7,405.0
571095680,02300419,14.6,32.6,0,0,1345.6,0,2,418.4,0,0,1345.6,1,9,271.4,0,0,inf,0,2,418.4,0,7,418.4
571095681,02300419,17.9,32.1,0,0,1358.3,0,2,431.1,0,0,1358.3,1,9,257.8,0,0,inf,0,2,431.1,0,7,431.1
571095682,02300419,8.7,37.8,0,0,1328.1,0,1,484.2,0,0,1328.1,0,4,484.2,0,0,inf,0,1,484.2,0,3,484.2
571095685,02300419,1.8,41.8,0,0,1420.4,0,1,576.5,0,0,1420.4,0,4,559.7,0,0,inf,0,1,576.5,0,3,576.5
571095687,02300419,9.4,37.9,0,0,1374.3,0,1,530.4,0,0,1374.3,0,4,530.4,0,0,inf,0,1,530.4,0,3,530.4
571095688,02300419,9.1,37.9,0,0,1360.2,0,1,516.3,0,0,1360.2,0,4,516.3,0,0,inf,0,1,516.3,0,3,516.3
571095690,02300419,1.4,39.3,0,0,1720.3,0,0,850.2,0,0,1720.3,0,1,523.6,0,0,inf,0,0,850.2,0,0,800.2
571095692,02300419,2.3,43.0,0,0,1737.3,0,0,867.2,0,0,1737.3,0,1,540.6,0,0,inf,0,0,867.2,0,0,817.2
571095695,02300419,3.8,38.8,0,0,1282.8,1,1,359.0,0,0,1282.8,1,5,359.0,0,0,inf,1,1,359.0,1,4,359.0
571095697,02300419,31.7,13.6,0,0,1243.3,1,1,316.1,0,0,1243.3,1,8,316.1,0,0,inf,1,1,316.1,1,7,316.1
571095699,02300419,13.8,15.4,0,0,1241.1,1,1,354.0,0,0,1241.1,1,7,354.0,0,0,inf,1,1,354.0,1,6,354.0
571095701,02300419,20.8,15.6,0,0,1383.9,0,1,540.0,0,0,1383.9,0,4,540.0,0,0,inf,0,1,540.0,0,3,540.0
571095703,02300419,10.4,32.3,0,0,1426.3,0,1,582.4,0,0,1426.3,0,4,534.8,0,0,inf,0,1,582.4,0,3,582.4
571095708,02300419,15.7,20.9,0,0,1520.7,0,2,676.8,0,0,1520.7,0,6,411.5,0,0,inf,0,2,676.8,0,5,676.8
571095711,02300419,17.2,24.9,0,0,1513.3,0,2,669.4,0,0,1513.3,0,6,426.7,0,0,inf,0,2,669.4,0,5,669.4
571095718,02300419,1.7,45.7,0,0,1084.2,1,1,240.3,0,0,1084.2,2,6,240.3,0,0,1994.4,1,1,240.3,2,4,240.3
571095723,02300419,20.8,39.0,0,0,1118.5,1,1,191.3,0,0,1118.5,1,7,191.3,0,0,inf,1,1,191.3,1,5,191.3
571095726,02300419,13.2,39.0,0,0,1086.4,1,1,242.5,0,0,1086.4,2,6,242.5,0,0,1996.7,1,1,242.5,2,4,242.5
571095733,02300419,1.8,44.6,0,0,1077.7,1,1,233.8,0,0,1077.7,2,6,233.8,0,0,1987.9,1,1,233.8,2,4,233.8
571095750,02300419,6.1,37.2,0,0,1181.6,1,1,337.7,0,0,1181.6,1,5,337.7,0,0,inf,1,1,337.7,1,4,337.7
571095752,02300419,3.6,33.1,0,0,1240.6,1,1,396.7,0,0,1240.6,1,5,396.7,0,0,inf,1,1,396.7,1,4,396.7
571095755,02300419,25.2,21.1,0,0,1234.9,1,1,391.0,0,0,1234.9,1,5,391.0,0,0,inf,1,1,391.0,1,4,391.0
571095757,02300419,5.2,32.9,0,0,1324.7,0,1,480.8,0,0,1324.7,0,3,480.8,0,0,inf,0,1,480.8,0,2,480.8
571095760,02300419,4.3,35.2,0,0,1211.8,1,1,367.9,0,0,1211.8,1,5,367.9,0,0,inf,1,1,367.9,1,4,367.9
571095762,02300419,16.9,18.6,0,0,1176.4,1,1,332.5,0,0,1176.4,1,5,332.5,0,0,inf,1,1,332.5,1,4,332.5
571095765,02300419,17.7,15.0,0,0,1261.7,0,1,417.8,0,0,1261.7,0,5,417.8,0,0,inf,0,1,417.8,0,4,417.8
571095771,02300419,5.0,27.5,0,0,1389.7,0,1,545.8,0,0,1389.7,0,4,545.8,0,0,inf,0,1,545.8,0,3,545.8
571095776,02300419,4.7,30.8,0,0,1432.0,0,1,588.1,0,0,1432.0,0,4,526.0,0,0,inf,0,1,588.1,0,3,588.1
571124251,02300419,40.1,45.0,0,0,1277.1,0,1,720.6,0,0,1277.1,2,5,172.8,0,0,inf,0,1,720.6,2,5,172.8
571128023,02300316,5.1,32.3,0,0,803.5,1,1,260.1,0,0,803.5,2,8,233.7,0,0,1713.7,1,1,260.1,2,5,233.7
571128024,02300316,3.8,25.9,0,0,883.8,1,1,187.5,0,0,883.8,2,9,187.5,0,0,1794.0,1,1,187.5,2,5,187.5
571128025,02300316,15.6,10.6,0,0,872.2,1,1,168.5,0,0,872.2,2,9,168.5,0,0,1782.4,1,1,168.5,2,5,168.5
571128026,02300316,5.0,35.1,0,0,905.8,1,1,184.0,0,0,905.8,2,9,184.0,0,0,1816.0,1,1,184.0,2,5,184.0
571263663,02400521,83.6,11.6,0,0,1663.0,0,1,492.1,1,2,351.3,1,3,351.3,0,0,1678.5,0,1,492.1,1,3,351.3
571993669,02100104,33.6,14.3,0,0,1471.9,1,2,366.5,0,0,inf,2,13,303.0,0,0,inf,1,2,366.5,2,6,303.0
572881542,02500836,20.1,16.7,0,1,786.8,0,0,inf,0,0,1619.9,3,7,107.4,0,0,1402.2,0,1,786.8,2,5,107.4
572881543,02500836,13.2,14.9,0,1,797.4,0,0,inf,0,0,1607.2,2,7,118.0,0,0,1412.8,0,1,797.4,1,5,118.0
573279954,02500836,12.1,15.0,0,0,1166.6,0,0,inf,0,0,1999.7,2,6,136.5,0,0,1782.1,0,0,1166.6,2,4,136.5
573279955,02500836,17.7,16.1,0,0,1147.6,0,0,inf,0,0,1980.7,2,6,117.5,0,0,1763.0,0,0,1147.6,2,4,117.5
573279957,02500836,11.1,15.9,0,0,855.5,0,0,inf,0,0,1688.6,3,6,176.1,0,0,1470.9,0,0,855.5,2,4,176.1
573279958,02500836,11.1,21.7,0,0,840.3,0,0,inf,0,0,1673.4,3,6,160.9,0,0,1455.7,0,0,840.3,2,4,160.9
573279959,02500836,12.7,16.5,0,0,957.1,0,0,inf,0,0,1450.6,3,4,76.2,0,0,1572.6,0,0,957.1,1,2,277.8
573279960,02500836,18.0,17.7,0,0,908.8,0,0,inf,0,0,1399.3,3,4,79.0,0,0,1524.2,0,0,908.8,1,2,305.2
573279961,02500836,20.8,17.6,0,0,889.0,0,0,inf,0,0,1379.5,3,4,98.7,0,0,1504.4,0,0,889.0,1,2,285.4
573279962,02500836,14.4,17.4,0,0,958.8,0,0,inf,0,0,1435.8,3,4,61.4,0,0,1574.2,0,0,958.8,1,2,294.4
573279963,02500836,35.4,16.5,0,0,935.2,0,0,inf,0,0,1472.6,3,4,98.2,0,0,1550.6,0,0,935.2,1,2,255.8
573279964,02500836,33.9,16.6,0,0,903.5,0,0,inf,0,0,1504.4,3,5,130.1,0,0,1518.9,0,0,903.5,1,3,224.1
574113411,02500836,1.2,9.9,0,1,491.3,0,0,1904.9,0,0,1378.9,1,9,207.9,0,0,1161.3,0,1,491.3,1,6,207.9
574496103,02500835,12.8,19.2,0,0,803.1,0,0,1597.9,0,0,1275.5,1,6,173.0,0,0,871.9,0,0,803.1,1,3,173.0
579892216,02400521,23.6,16.8,0,0,1611.2,0,1,582.1,1,4,259.6,2,5,53.2,0,0,1611.2,0,1,582.1,1,5,259.6
579892218,02400521,21.7,18.4,0,0,1594.6,0,1,565.5,1,3,279.2,2,5,36.6,0,0,1594.6,0,1,565.5,1,4,279.2
582245746,02500835,17.0,19.9,0,1,683.3,0,0,1719.1,0,0,1358.3,2,8,255.9,0,0,954.8,0,1,683.3,2,5,255.9
582803282,02500833,17.5,51.2,0,0,1094.5,0,1,754.5,3,10,221.8,2,5,187.5,0,0,1450.0,0,1,754.5,4,11,187.5
586090620,02300314,2.2,33.8,0,0,1857.8,1,2,228.4,0,0,inf,5,12,106.7,0,0,1857.8,1,2,228.4,3,5,136.5
586090621,02300314,1.3,32.6,0,0,1861.2,0,2,452.6,0,0,inf,3,13,137.3,0,0,1861.2,0,2,452.6,2,5,137.3
586090627,02300314,1.3,49.5,0,0,1816.6,0,2,449.5,0,0,inf,2,14,157.3,0,0,1816.6,0,2,449.5,2,6,157.3
586090628,02300314,1.8,36.9,0,0,1795.7,0,2,428.6,0,0,inf,2,14,136.4,0,0,1795.7,0,2,428.6,2,6,136.4
586090629,02300314,10.5,29.0,0,0,1765.4,0,2,436.7,0,0,inf,3,15,41.5,0,0,1765.4,0,2,436.7,2,6,41.5
586090630,02300314,18.4,52.7,0,0,1814.8,0,2,486.1,0,0,inf,2,14,90.9,0,0,1814.8,0,2,486.1,2,6,90.9
586090650,02300314,5.8,33.5,0,0,inf,1,3,176.6,0,0,inf,4,12,176.6,0,0,inf,1,3,176.6,2,6,176.6
589626499,02300418,7.6,36.0,0,0,1704.4,0,2,566.0,0,0,1704.4,1,7,239.4,0,0,inf,0,2,566.0,0,5,515.9
589847393,02300314,6.0,63.1,0,0,1988.7,1,2,338.7,0,0,inf,4,10,260.9,0,0,inf,1,2,338.7,3,5,338.7
589847395,02300314,5.2,33.3,0,0,1853.5,1,2,354.0,0,0,inf,5,11,224.7,0,0,inf,1,2,354.0,3,5,224.7
589847411,02300314,8.6,45.6,0,0,1866.6,0,2,471.8,0,0,inf,2,10,185.5,0,0,inf,0,2,471.8,1,5,247.7
589847412,02300314,8.8,41.4,0,0,1851.7,0,2,483.1,0,0,inf,3,10,196.6,0,0,inf,0,2,483.1,2,5,227.9
589847413,02300314,9.2,39.8,0,0,1965.5,1,2,315.4,0,0,inf,5,10,237.6,0,0,inf,1,2,315.4,3,5,315.4
589847414,02300314,13.4,33.3,0,0,1958.9,1,2,308.9,0,0,inf,5,10,231.1,0,0,inf,1,2,308.9,3,5,308.9
589847415,02300314,6.8,35.5,0,0,1868.4,1,2,343.4,0,0,inf,5,11,239.7,0,0,inf,1,2,343.4,3,5,239.7
589847416,02300314,0.7,52.5,0,0,1891.6,1,2,354.3,0,0,inf,4,11,262.8,0,0,inf,1,2,354.3,3,5,262.8
589847417,02300314,1.0,58.2,0,0,1983.9,1,2,333.9,0,0,inf,4,10,256.0,0,0,inf,1,2,333.9,3,5,333.9
589847418,02300314,2.5,41.8,0,0,1879.2,0,2,451.6,0,0,inf,2,11,165.3,0,0,inf,0,2,451.6,1,5,260.3
589847421,02300314,1.2,53.2,0,0,1908.0,0,2,445.5,0,0,inf,2,11,159.2,0,0,inf,0,2,445.5,1,5,289.1
589847422,02300314,1.2,39.6,0,0,1924.0,0,2,402.4,0,0,inf,2,10,116.1,0,0,inf,0,2,402.4,1,5,305.2
589847423,02300314,43.5,53.1,0,0,1927.7,0,2,425.6,0,0,inf,2,10,139.4,0,0,inf,0,2,425.6,1,5,308.8
589847424,02300314,21.7,59.2,0,0,1886.2,0,2,479.3,0,0,inf,2,10,193.0,0,0,inf,0,2,479.3,1,5,267.3
589847425,02300314,3.2,52.2,0,0,1894.0,0,2,457.5,0,0,inf,2,11,171.2,0,0,inf,0,2,457.5,1,5,275.1
589847426,02300314,1.2,8.8,0,0,1934.4,1,2,284.4,0,0,inf,5,11,206.6,0,0,inf,1,2,284.4,3,5,284.4
589847427,02300314,7.1,21.6,0,0,1947.2,1,2,297.2,0,0,inf,5,10,219.4,0,0,inf,1,2,297.2,3,5,297.2
589885094,02300314,2.1,46.3,0,0,1835.1,1,3,276.1,0,0,inf,5,12,113.8,0,0,1835.1,1,3,276.1,3,6,113.8
606036694,02500728,30.6,17.5,0,0,998.9,1,1,386.2,1,3,369.7,1,1,386.2,0,0,1879.2,1,1,386.2,1,1,386.2
606036696,02500728,10.6,18.6,0,0,943.2,1,1,395.4,0,3,427.8,1,1,395.4,0,0,1888.4,1,1,395.4,1,1,395.4
606036698,02500728,51.0,19.1,0,0,983.9,0,1,465.3,1,4,355.9,0,1,465.3,0,0,1958.3,0,1,465.3,0,1,465.3
606036699,02500728,33.2,24.4,0,0,941.0,0,1,409.1,0,2,441.5,0,1,409.1,0,0,1902.1,0,1,409.1,0,1,409.1
606036700,02500728,20.0,17.3,0,0,954.9,0,1,490.8,1,3,381.4,0,1,490.8,0,0,1983.8,0,1,490.8,0,1,490.8
606036701,02500728,17.9,16.9,0,0,941.3,0,1,503.4,1,3,394.1,0,1,503.4,0,0,1996.5,0,1,503.4,0,1,503.4
606036702,02500728,18.7,16.4,0,0,929.6,0,1,514.2,0,4,404.9,0,1,514.2,0,0,inf,0,1,514.2,0,1,514.2
606036703,02500728,16.8,14.4,0,0,897.8,0,1,541.9,0,3,409.1,0,1,541.9,0,0,1970.3,0,1,541.9,0,1,541.9
606036704,02500728,30.3,25.9,0,0,817.4,0,1,504.4,0,2,568.1,0,1,504.4,0,0,1833.3,0,1,504.4,0,1,504.4
606036705,02500728,35.8,21.2,0,0,876.2,0,1,577.1,0,3,444.3,0,1,577.1,0,0,1948.6,0,1,577.1,0,1,577.1
606036706,02500728,44.5,20.4,0,0,851.8,0,1,595.4,0,3,467.2,0,1,595.4,0,0,1924.2,0,1,595.4,0,1,595.4
606036707,02500728,29.7,24.9,0,0,850.3,0,1,593.9,0,3,477.7,0,1,593.9,0,0,1922.7,0,1,593.9,0,1,593.9
606036708,02500728,45.0,15.3,0,0,817.1,0,1,515.9,0,3,503.8,0,1,515.9,0,0,1844.7,0,1,515.9,0,1,515.9
606036709,02500728,31.4,25.2,0,0,1001.9,0,1,664.5,2,4,272.3,0,1,664.5,0,0,inf,0,1,664.5,0,1,664.5
606036710,02500728,31.7,30.1,0,0,1033.9,0,1,642.2,2,4,250.0,0,1,642.2,0,0,inf,0,1,642.2,0,1,642.2
606036711,02500728,36.1,25.4,0,0,1037.3,0,1,629.4,2,4,237.2,0,1,629.4,0,0,inf,0,1,629.4,0,1,629.4
606036712,02500728,48.9,18.5,0,0,1098.4,0,1,546.6,2,4,211.4,0,1,546.6,0,0,inf,0,1,546.6,0,1,546.6
606036713,02500728,22.3,18.1,0,0,1076.0,0,1,524.2,2,4,233.1,0,1,524.2,0,0,inf,0,1,524.2,0,1,524.2
606036714,02500728,48.4,18.4,0,0,1053.2,0,1,501.5,2,4,256.4,0,1,501.5,0,0,1994.5,0,1,501.5,0,1,501.5
606036715,02500728,32.0,32.6,0,0,991.6,0,1,536.4,1,4,346.5,0,1,536.4,0,0,inf,0,1,536.4,0,1,536.4
606036716,02500728,43.0,29.4,0,0,982.0,0,1,539.5,1,4,349.6,0,1,539.5,0,0,inf,0,1,539.5,0,1,539.5
606036717,02500728,40.1,33.4,0,0,963.9,0,1,565.6,1,3,375.7,0,1,565.6,0,0,inf,0,1,565.6,0,1,565.6
606036718,02500728,48.3,23.2,0,0,952.0,0,1,557.1,1,4,367.2,0,1,557.1,0,0,inf,0,1,557.1,0,1,557.1
606036719,02500728,42.8,31.1,0,0,917.4,0,1,584.4,0,3,417.6,0,1,584.4,0,0,1993.2,0,1,584.4,0,1,584.4
606036720,02500728,42.8,27.1,0,0,907.6,0,1,586.1,0,3,419.4,0,1,586.1,0,0,1983.4,0,1,586.1,0,1,586.1
606036721,02500728,42.9,31.2,0,0,884.8,0,1,617.2,0,3,450.4,0,1,617.2,0,0,1960.6,0,1,617.2,0,1,617.2
606036722,02500728,43.3,26.9,0,0,874.5,0,1,618.9,0,3,452.1,0,1,618.9,0,0,1950.3,0,1,618.9,0,1,618.9
606036723,02500728,57.8,14.8,0,0,836.2,0,1,583.1,0,3,435.7,0,1,583.1,0,0,1911.9,0,1,583.1,0,1,583.1
606036724,02500728,28.1,15.1,0,0,862.8,0,1,609.7,0,3,409.6,0,1,609.7,0,0,1938.5,0,1,609.7,0,1,609.7
606036725,02500728,10.9,15.0,0,0,879.3,0,1,626.2,1,3,393.0,0,1,626.2,0,0,1955.0,0,1,626.2,0,1,626.2
606036726,02500728,12.0,15.0,0,0,890.1,0,1,637.0,1,3,382.2,0,1,637.0,0,0,1965.8,0,1,637.0,0,1,637.0
606036727,02500728,26.3,18.5,0,0,900.3,0,1,657.5,1,3,368.6,0,1,657.5,0,0,1986.3,0,1,657.5,0,1,657.5
606036728,02500728,17.4,18.9,0,0,918.5,0,1,708.1,1,4,343.1,0,1,708.1,0,0,inf,0,1,708.1,0,1,708.1
606036731,02500729,36.6,25.4,0,1,667.0,0,2,667.0,0,5,629.3,0,2,667.0,0,0,1914.0,0,2,667.0,0,4,667.0
606036732,02500729,36.5,22.0,0,1,634.1,0,2,634.1,0,5,619.7,0,2,634.1,0,0,1881.2,0,2,634.1,0,4,634.1
606036733,02500729,32.0,14.2,0,1,611.9,0,2,611.9,0,6,597.4,0,2,611.9,0,0,1858.9,0,2,611.9,0,4,611.9
606036734,02500729,55.8,17.5,0,1,562.8,0,2,562.8,0,6,562.8,0,2,562.8,0,0,1809.9,0,2,562.8,0,4,562.8
606036735,02500729,19.5,16.9,0,1,542.7,0,2,542.7,0,5,542.7,0,2,542.7,0,0,1789.7,0,2,542.7,0,4,542.7
606036736,02500729,57.2,16.9,0,1,518.2,0,2,518.2,0,4,518.2,0,2,518.2,0,0,1765.2,0,2,518.2,0,4,518.2
606036737,02500729,32.6,18.7,0,1,554.3,0,2,554.3,0,4,554.3,0,2,554.3,0,0,1801.3,0,2,554.3,0,4,554.3
606036738,02500729,37.6,18.8,0,1,580.5,0,2,580.5,0,4,580.5,0,2,580.5,0,0,1827.5,0,2,580.5,0,4,580.5
606036739,02500729,71.1,28.8,0,1,621.7,0,2,614.4,0,4,621.7,0,2,614.4,0,0,1868.7,0,2,614.4,0,4,614.4
606036740,02500729,40.4,30.6,0,1,644.7,0,2,595.2,0,4,644.7,0,2,595.2,0,0,1891.7,0,2,595.2,0,4,595.2
606036741,02500729,20.8,16.6,0,0,944.7,0,1,734.3,1,3,288.0,0,2,734.3,0,0,inf,0,1,734.3,0,2,734.3
606036742,02500729,24.6,16.5,0,0,961.9,0,1,751.5,1,3,270.7,0,2,739.0,0,0,inf,0,1,751.5,0,2,739.0
606036744,02500729,34.1,17.0,0,0,827.6,0,0,827.6,1,3,316.5,0,1,784.8,0,0,inf,0,0,827.6,0,1,784.8
606036745,02500729,36.2,21.2,0,0,904.7,0,1,694.3,1,3,337.1,0,1,694.3,0,0,inf,0,1,694.3,0,1,694.3
606036746,02500729,29.7,17.2,0,0,846.7,0,0,846.7,1,3,297.7,0,1,766.0,0,0,inf,0,0,846.7,0,1,766.0
606036747,02500729,27.1,17.1,0,0,864.0,0,0,864.0,1,3,280.2,0,1,748.6,0,0,inf,0,0,864.0,0,1,748.6
606036748,02500728,11.5,28.9,0,0,960.2,0,1,749.8,1,3,297.0,0,2,749.8,0,0,inf,0,1,749.8,0,2,749.8
606055868,02500728,43.8,18.7,0,0,946.4,1,1,281.5,0,4,531.5,1,2,281.5,0,0,1774.5,1,1,281.5,1,2,281.5
606055869,02500728,26.4,17.1,0,0,958.6,1,1,293.7,0,3,461.7,1,2,293.7,0,0,1786.7,1,1,293.7,1,2,293.7
606055870,02500728,5.2,45.2,0,0,1066.8,0,1,454.2,0,3,486.6,0,1,454.2,0,0,1947.2,0,1,454.2,0,1,454.2
606055871,02500728,41.1,29.1,0,0,988.1,1,1,323.2,0,4,573.3,1,2,323.2,0,0,1816.2,1,1,323.2,1,2,323.2
606055872,02500728,46.9,33.2,0,0,998.4,1,1,333.5,0,3,583.6,1,1,333.5,0,0,1826.5,1,1,333.5,1,1,333.5
606055873,02500728,52.9,37.4,0,0,1031.3,1,1,366.4,0,3,601.1,1,1,366.4,0,0,1859.4,1,1,366.4,1,1,366.4
606055874,02500728,52.8,33.7,0,0,1033.7,1,1,368.8,0,4,591.2,1,1,368.8,0,0,1861.8,1,1,368.8,1,1,368.8
606055876,02500728,4.9,38.4,0,0,1234.6,0,1,622.0,1,5,346.8,0,1,622.0,0,0,inf,0,1,622.0,0,1,622.0
606055877,02500728,32.4,23.1,0,0,1262.4,0,2,597.5,1,6,341.2,0,2,597.5,0,0,inf,0,2,597.5,0,2,597.5
606055878,02500728,51.5,36.4,0,0,1169.5,0,2,504.6,0,6,460.9,0,2,504.6,0,0,1997.6,0,2,504.6,0,2,504.6
606055880,02500728,32.2,23.2,0,0,1245.0,0,2,580.1,1,6,358.9,0,2,580.1,0,0,inf,0,2,580.1,0,2,580.1
606055882,02500728,55.4,23.3,0,0,1286.3,0,2,621.4,1,6,317.8,0,2,621.4,0,0,inf,0,2,621.4,0,2,621.4
606055884,02500728,32.9,23.4,0,0,1199.9,0,1,587.2,1,5,351.5,0,1,587.2,0,0,inf,0,1,587.2,0,1,587.2
606055886,02500728,0.7,29.0,0,0,1153.2,0,1,540.5,0,5,409.3,0,1,540.5,0,0,inf,0,1,540.5,0,1,540.5
606055894,02500728,33.4,22.9,0,0,1130.3,0,1,517.6,0,4,420.2,0,1,517.6,0,0,inf,0,1,517.6,0,1,517.6
606055897,02500728,39.6,28.3,0,0,1130.1,0,1,517.5,0,4,431.1,0,1,517.5,0,0,inf,0,1,517.5,0,1,517.5
606055900,02500728,39.1,27.9,0,0,1107.1,0,1,494.4,0,3,453.4,0,1,494.4,0,0,1987.4,0,1,494.4,0,1,494.4
606055903,02500728,31.3,26.7,0,0,1083.0,0,1,470.3,0,3,475.0,0,1,470.3,0,0,1963.3,0,1,470.3,0,1,470.3
606055904,02500728,31.0,22.9,0,0,1052.1,0,1,439.5,0,3,471.9,0,1,439.5,0,0,1932.5,0,1,439.5,0,1,439.5
606055905,02500728,30.9,26.7,0,0,1050.2,0,1,437.5,0,3,470.0,0,1,437.5,0,0,1930.5,0,1,437.5,0,1,437.5
606055906,02500728,30.7,23.0,0,0,1019.2,0,1,406.5,0,3,439.0,0,1,406.5,0,0,1899.6,0,1,406.5,0,1,406.5
606055907,02500728,42.8,17.0,0,0,981.5,1,1,316.6,0,3,438.4,1,2,316.6,0,0,1809.6,1,1,316.6,1,2,316.6
606055908,02500728,11.0,17.0,0,0,990.6,1,1,325.7,0,3,429.4,1,1,325.7,0,0,1818.7,1,1,325.7,1,1,325.7
606055909,02500728,34.6,19.7,0,0,998.1,1,1,385.4,0,3,417.9,1,1,385.4,0,0,1878.4,1,1,385.4,1,1,385.4
606055910,02500728,28.5,29.5,0,0,1034.1,0,1,421.4,0,3,453.9,0,1,421.4,0,0,1914.4,0,1,421.4,0,1,421.4
606055911,02500728,31.2,28.8,0,0,1039.4,0,1,426.7,0,3,459.1,0,1,426.7,0,0,1919.7,0,1,426.7,0,1,426.7
606055912,02500728,31.0,25.9,0,0,1063.8,0,1,451.1,0,3,483.6,0,1,451.1,0,0,1944.1,0,1,451.1,0,1,451.1
606055913,02500728,31.2,29.4,0,0,1073.1,0,1,460.4,0,3,490.4,0,1,460.4,0,0,1953.4,0,1,460.4,0,1,460.4
606055914,02500728,27.9,25.9,0,0,1096.9,0,1,484.2,0,3,459.6,0,1,484.2,0,0,1977.2,0,1,484.2,0,1,484.2
606055915,02500728,30.9,29.6,0,0,1106.3,0,1,493.6,0,3,457.5,0,1,493.6,0,0,1986.6,0,1,493.6,0,1,493.6
606055916,02500728,31.1,26.0,0,0,1129.9,0,1,517.2,0,4,426.7,0,1,517.2,0,0,inf,0,1,517.2,0,1,517.2
606055917,02500728,30.6,29.2,0,0,1138.9,0,1,526.2,0,4,424.2,0,1,526.2,0,0,inf,0,1,526.2,0,1,526.2
606055919,02500728,31.1,25.2,0,0,1162.5,0,1,549.9,1,5,392.6,0,1,549.9,0,0,inf,0,1,549.9,0,1,549.9
606055920,02500728,30.9,29.2,0,0,1172.0,0,1,559.3,1,5,391.0,0,1,559.3,0,0,inf,0,1,559.3,0,1,559.3
606055921,02500728,30.8,25.0,0,0,1195.0,0,1,582.3,1,5,359.6,0,1,582.3,0,0,inf,0,1,582.3,0,1,582.3
606055923,02500728,9.3,32.3,0,0,1259.4,0,1,678.7,1,4,268.3,0,1,678.7,0,0,inf,0,1,678.7,0,1,678.7
606055924,02500728,9.0,36.7,0,0,1214.5,0,1,601.9,1,5,363.4,0,1,601.9,0,0,inf,0,1,601.9,0,1,601.9
606055925,02500728,3.4,26.7,0,0,1201.9,0,1,589.2,1,5,356.0,0,1,589.2,0,0,inf,0,1,589.2,0,1,589.2
606055926,02500728,18.2,17.3,0,0,1200.5,0,1,587.8,1,5,338.8,0,1,587.8,0,0,inf,0,1,587.8,0,1,587.8
606055927,02500728,43.1,22.5,0,0,1286.1,0,2,673.5,1,6,263.4,0,2,673.5,0,0,inf,0,2,673.5,0,2,673.5
606055928,02500728,47.0,22.9,0,0,1320.4,0,1,707.7,1,5,230.1,0,1,707.7,0,0,inf,0,1,707.7,0,1,707.7
606055929,02500728,19.3,14.6,0,0,1246.6,0,1,665.9,1,4,245.8,0,1,665.9,0,0,inf,0,1,665.9,0,1,665.9
606055930,02500728,31.5,25.3,0,0,1244.1,0,1,663.4,1,4,269.5,0,1,663.4,0,0,inf,0,1,663.4,0,1,663.4
606055931,02500728,30.9,21.4,0,0,1213.0,0,1,632.3,1,4,292.9,0,1,632.3,0,0,inf,0,1,632.3,0,1,632.3
606055932,02500728,31.4,25.1,0,0,1211.1,0,1,630.4,1,4,302.3,0,1,630.4,0,0,inf,0,1,630.4,0,1,630.4
606055933,02500728,30.5,21.5,0,0,1179.9,0,1,599.2,1,4,326.3,0,1,599.2,0,0,inf,0,1,599.2,0,1,599.2
606055934,02500728,31.2,24.2,0,0,1177.2,0,1,596.5,1,4,334.3,0,1,596.5,0,0,inf,0,1,596.5,0,1,596.5
606055935,02500728,30.4,22.4,0,0,1147.8,0,1,567.2,1,4,360.0,0,1,567.2,0,0,inf,0,1,567.2,0,1,567.2
606055936,02500728,26.4,20.1,0,0,1130.0,0,1,549.3,1,4,373.4,0,1,549.3,0,0,inf,0,1,549.3,0,1,549.3
606055937,02500728,27.0,22.4,0,0,1114.9,0,1,534.2,1,4,393.0,0,1,534.2,0,0,inf,0,1,534.2,0,1,534.2
606055938,02500728,31.2,23.9,0,0,1111.0,0,1,530.3,1,4,399.9,0,1,530.3,0,0,inf,0,1,530.3,0,1,530.3
606055939,02500728,30.5,22.1,0,0,1081.5,0,1,500.8,1,3,370.6,0,1,500.8,0,0,1993.8,0,1,500.8,0,1,500.8
606055940,02500728,61.8,17.4,0,0,1049.4,0,1,468.7,1,4,338.6,0,1,468.7,0,0,1961.7,0,1,468.7,0,1,468.7
606055941,02500728,17.4,17.3,0,0,1017.3,0,1,404.6,1,4,351.1,0,1,404.6,0,0,1897.6,0,1,404.6,0,1,404.6
606055942,02500728,20.5,16.7,0,0,997.1,1,1,384.4,1,3,370.1,1,1,384.4,0,0,1877.5,1,1,384.4,1,1,384.4
606066614,02500728,5.9,44.5,0,0,1175.3,0,2,508.3,0,4,597.8,0,3,508.3,0,0,1979.6,0,2,508.3,0,3,508.3
606066617,02500728,5.5,35.4,0,0,1141.0,0,2,476.1,0,4,604.9,0,3,476.1,0,0,1969.1,0,2,476.1,0,3,476.1
606066625,02500728,20.5,33.2,0,0,1138.8,0,2,473.9,0,4,602.8,0,3,473.9,0,0,1966.9,0,2,473.9,0,3,473.9
606066640,02500728,8.6,16.3,0,0,1121.8,0,2,456.9,0,5,585.8,0,3,456.9,0,0,1949.9,0,2,456.9,0,3,456.9
606066643,02500728,5.8,20.6,0,0,1116.7,0,2,451.8,0,5,580.7,0,3,451.8,0,0,1944.8,0,2,451.8,0,3,451.8
606066649,02500728,20.5,11.8,0,0,1110.1,0,2,445.2,0,5,574.0,0,3,445.2,0,0,1938.2,0,2,445.2,0,3,445.2
606066654,02500728,5.7,10.5,0,0,1090.1,0,2,425.2,0,6,554.1,0,3,425.2,0,0,1918.2,0,2,425.2,0,3,425.2
606066657,02500728,29.9,14.4,0,0,1073.0,0,2,408.1,0,6,537.0,0,2,408.1,0,0,1901.1,0,2,408.1,0,2,408.1
606066663,02500728,4.3,26.5,0,0,1057.6,1,2,373.6,0,4,627.4,1,3,373.6,0,0,1852.4,1,2,373.6,1,3,373.6
606066667,02500728,40.8,15.3,0,0,1036.4,1,2,371.5,0,4,606.2,1,3,371.5,0,0,1851.2,1,2,371.5,1,3,371.5
606066671,02500728,27.1,15.2,0,0,1057.5,1,2,351.1,0,4,627.3,1,3,351.1,0,0,1829.9,1,2,351.1,1,3,351.1
606066690,02500728,27.0,15.3,0,0,1071.9,1,2,336.8,0,5,641.7,1,4,336.8,0,0,1815.6,1,2,336.8,1,4,336.8
606066694,02500728,23.4,32.1,0,0,1117.5,1,2,324.9,0,5,641.3,1,4,324.9,0,0,1803.7,1,2,324.9,1,4,324.9
606066697,02500728,29.9,15.8,0,0,1091.8,1,2,296.3,0,5,612.7,1,4,296.3,0,0,1775.1,1,2,296.3,1,4,296.3
606066705,02500728,29.1,2.7,0,0,1134.7,0,2,465.3,0,4,554.8,0,4,465.3,0,0,1936.6,0,2,465.3,0,4,465.3
606066709,02500728,4.2,9.0,0,0,1151.1,0,2,461.6,0,4,551.1,0,4,461.6,0,0,1932.9,0,2,461.6,0,4,461.6
606066715,02500728,28.5,15.8,0,0,1083.9,0,2,419.0,0,6,505.3,0,2,419.0,0,0,1912.0,0,2,419.0,0,2,419.0
606066719,02500728,46.5,17.5,0,0,1111.4,0,2,446.5,0,6,481.2,0,2,446.5,0,0,1939.5,0,2,446.5,0,2,446.5
606066738,02500728,28.9,22.8,0,0,1132.6,0,2,467.7,0,6,470.6,0,2,467.7,0,0,1960.7,0,2,467.7,0,2,467.7
606066741,02500728,24.2,20.1,0,0,1149.0,0,2,484.1,0,6,448.8,0,2,484.1,0,0,1977.1,0,2,484.1,0,2,484.1
606066745,02500728,41.6,18.4,0,0,1172.2,0,2,507.3,0,6,422.2,0,2,507.3,0,0,inf,0,2,507.3,0,2,507.3
606066749,02500728,5.4,36.5,0,0,1180.6,0,2,515.7,0,6,450.0,0,2,515.7,0,0,inf,0,2,515.7,0,2,515.7
606066751,02500728,15.7,37.2,0,0,1206.8,0,2,462.3,0,4,551.8,0,4,462.3,0,0,1933.6,0,2,462.3,0,4,462.3
606066754,02500728,30.0,40.5,0,0,1183.1,0,2,518.2,0,6,455.4,0,2,518.2,0,0,inf,0,2,518.2,0,2,518.2
606066759,02500728,21.6,22.9,0,0,1270.3,0,2,540.7,0,6,460.8,0,3,540.7,0,0,inf,0,2,540.7,0,3,540.7
606066763,02500728,35.5,18.2,0,0,1167.4,0,2,463.7,0,4,553.2,0,4,463.7,0,0,1935.0,0,2,463.7,0,4,463.7
606066766,02500728,41.3,23.4,0,0,1291.8,0,2,520.2,0,6,481.4,0,4,520.2,0,0,1991.4,0,2,520.2,0,4,520.2
606066768,02500728,36.2,23.1,0,0,1299.7,0,2,504.2,0,6,465.4,0,4,504.2,0,0,1975.5,0,2,504.2,0,4,504.2
606066782,02500728,33.8,23.0,0,0,1281.3,0,2,485.8,0,5,447.1,0,4,485.8,0,0,1957.1,0,2,485.8,0,4,485.8
606066786,02500728,6.1,6.0,0,0,1159.9,1,2,364.4,0,3,453.9,1,4,364.4,0,0,1835.7,1,2,364.4,1,4,364.4
606066789,02500728,21.4,22.8,0,0,1269.6,0,2,474.1,0,6,435.4,0,4,474.1,0,0,1945.4,0,2,474.1,0,5,474.1
606066793,02500728,13.8,21.6,0,0,1176.0,1,2,380.5,0,3,470.0,1,4,380.5,0,0,1851.8,1,2,380.5,1,4,380.5
606066796,02500728,51.6,21.6,0,0,1223.5,0,2,428.0,1,5,389.2,0,4,428.0,0,0,1899.2,0,2,428.0,0,5,428.0
606066800,02500728,38.9,12.7,0,0,1133.5,1,2,338.0,0,5,427.4,1,5,338.0,0,0,1809.3,1,2,338.0,1,6,338.0
606066804,02500728,23.7,18.1,0,0,1129.7,1,2,334.2,0,5,423.6,1,5,334.2,0,0,1805.5,1,2,334.2,1,6,334.2
606066829,02500728,39.1,38.6,0,0,1037.0,1,2,241.5,0,4,501.0,1,5,241.5,0,0,1720.3,1,2,241.5,1,5,241.5
606066832,02500728,57.2,16.5,0,0,1034.2,1,2,238.8,0,5,555.1,1,5,238.8,0,0,1717.5,1,2,238.8,1,5,238.8
606066839,02500728,679.5,41.5,0,0,1220.4,0,2,457.3,0,3,546.8,0,4,457.3,0,0,1928.6,0,2,457.3,0,4,457.3
606066846,02500728,17.8,17.3,0,0,926.2,1,1,130.7,0,5,605.5,1,3,130.7,0,0,1623.7,1,1,130.7,1,4,130.7
606066849,02500728,43.3,17.3,0,0,905.5,1,2,110.1,0,6,584.9,1,4,110.1,0,0,1603.1,1,2,110.1,1,5,110.1
606066851,02500728,4.6,38.1,0,0,936.0,1,1,140.5,0,5,615.4,1,3,140.5,0,0,1633.5,1,1,140.5,1,4,140.5
606066852,02500728,8.5,42.2,0,0,925.6,1,1,130.1,0,5,604.9,1,3,130.1,0,0,1623.1,1,1,130.1,1,4,130.1
606066853,02500728,23.9,26.1,0,0,909.6,1,2,114.1,0,6,588.9,1,4,114.1,0,0,1607.1,1,2,114.1,1,6,114.1
606066872,02500728,3.3,32.0,0,0,1056.7,1,2,261.2,0,5,577.6,1,5,261.2,0,0,1740.0,1,2,261.2,1,5,261.2
606066877,02500728,64.4,45.2,0,0,933.4,1,2,137.9,0,6,612.8,1,4,137.9,0,0,1630.9,1,2,137.9,1,6,137.9
606066881,02500728,4.6,49.3,0,0,973.7,1,1,178.2,0,4,641.4,1,3,178.2,0,0,1671.2,1,1,178.2,1,3,178.2
606066891,02500728,35.0,17.3,0,0,948.0,1,1,152.5,0,5,603.2,1,3,152.5,0,0,1645.5,1,1,152.5,1,4,152.5
606066894,02500728,26.6,17.8,0,0,967.0,1,1,171.5,0,4,585.2,1,3,171.5,0,0,1664.5,1,1,171.5,1,3,171.5
606066901,02500728,25.9,16.9,0,0,977.5,1,1,182.0,0,4,572.7,1,3,182.0,0,0,1675.0,1,1,182.0,1,3,182.0
606066906,02500728,4.1,28.8,0,0,973.6,1,1,220.0,0,4,558.8,1,3,220.0,0,0,1713.0,1,1,220.0,1,3,220.0
606066908,02500728,23.5,17.2,0,0,973.8,1,1,196.4,0,4,559.0,1,3,196.4,0,0,1689.4,1,1,196.4,1,3,196.4
606066910,02500728,40.7,16.8,0,0,946.5,1,1,223.0,0,4,531.7,1,3,223.0,0,0,1716.0,1,1,223.0,1,3,223.0
606066913,02500728,33.0,25.4,0,0,966.0,1,1,301.1,0,4,551.1,1,2,301.1,0,0,1794.1,1,1,301.1,1,2,301.1
606066915,02500728,6.0,28.5,0,0,1057.4,1,1,377.9,0,3,627.2,1,2,377.9,0,0,1856.7,1,1,377.9,1,2,377.9
606066918,02500728,34.5,21.1,0,0,967.5,1,1,302.6,0,4,552.6,1,2,302.6,0,0,1795.6,1,1,302.6,1,2,302.6
606066920,02500728,40.7,16.4,0,0,1033.8,1,1,368.9,0,3,603.6,1,2,368.9,0,0,1856.0,1,1,368.9,1,2,368.9
606066923,02500728,29.4,16.9,0,0,1057.6,1,2,354.3,0,4,627.4,1,3,354.3,0,0,1833.1,1,2,354.3,1,3,354.3
606066930,02500728,44.7,16.7,0,0,1081.8,1,2,329.7,0,5,646.1,1,4,329.7,0,0,1808.5,1,2,329.7,1,4,329.7
606066932,02500728,43.2,16.3,0,0,1099.3,1,2,311.5,0,5,627.8,1,4,311.5,0,0,1790.2,1,2,311.5,1,4,311.5
606069989,02500728,36.1,7.5,0,0,876.7,1,1,385.8,0,2,635.9,1,1,385.8,0,0,1846.2,1,1,385.8,1,1,385.8
606069991,02500728,47.9,34.3,0,1,796.9,0,2,407.5,0,4,657.6,0,2,407.5,0,0,1766.4,0,2,407.5,0,3,407.5
606069993,02500728,86.0,15.4,0,1,727.2,1,2,321.4,0,4,617.2,1,3,321.4,0,0,1650.3,1,2,321.4,1,4,321.4
606069994,02500728,23.6,16.1,0,1,750.8,1,2,289.6,0,5,585.3,1,3,289.6,0,0,1618.4,1,2,289.6,1,5,289.6
606069995,02500728,19.0,48.0,0,1,770.2,1,2,309.0,0,4,604.7,1,3,309.0,0,0,1637.8,1,2,309.0,1,4,309.0
606069996,02500728,34.4,38.8,0,1,753.1,1,2,291.9,0,5,587.6,1,3,291.9,0,0,1620.7,1,2,291.9,1,5,291.9
606069997,02500728,29.7,47.1,0,1,727.8,1,2,266.6,0,4,562.3,1,3,266.6,0,0,1595.4,1,2,266.6,1,5,266.6
606069998,02500728,20.3,57.7,0,1,765.6,1,2,304.3,0,3,600.1,1,3,304.3,0,0,1633.2,1,2,304.3,1,4,304.3
606069999,02500728,35.6,16.0,0,1,721.1,1,2,259.8,0,5,555.6,1,3,259.8,0,0,1588.7,1,2,259.8,1,5,259.8
606070000,02500728,18.9,16.0,0,1,701.5,1,2,240.3,0,5,536.0,1,3,240.3,0,0,1569.1,1,2,240.3,1,5,240.3
606070001,02500728,41.9,15.9,0,1,679.6,1,2,218.3,0,5,514.1,1,4,218.3,0,0,1547.2,1,2,218.3,1,6,218.3
606070002,02500728,16.0,26.8,0,1,694.7,1,2,156.4,0,4,529.2,1,4,156.4,0,0,1562.2,1,2,156.4,1,6,156.4
606070004,02500728,20.2,26.9,0,1,711.5,1,2,139.7,0,4,546.0,1,4,139.7,0,0,1579.1,1,2,139.7,1,6,139.7
606070005,02500728,17.8,26.3,0,1,729.3,1,2,120.8,0,5,563.8,1,4,120.8,0,0,1560.9,1,2,120.8,1,6,120.8
606070006,02500728,11.0,34.7,0,0,895.0,1,1,310.2,0,3,560.3,1,2,310.2,0,0,1803.2,1,1,310.2,1,2,310.2
606070008,02500728,40.2,16.5,0,0,889.2,1,1,279.7,0,3,529.8,1,2,279.7,0,0,1772.8,1,1,279.7,1,2,279.7
606070009,02500728,18.2,18.7,0,0,955.8,1,1,217.4,0,4,541.0,1,3,217.4,0,0,1710.4,1,1,217.4,1,3,217.4
606070010,02500728,40.3,18.6,0,0,976.2,1,1,197.0,0,4,561.3,1,3,197.0,0,0,1690.0,1,1,197.0,1,3,197.0
606070011,02500728,37.8,18.4,0,0,973.2,1,1,177.7,0,4,580.3,1,3,177.7,0,0,1670.7,1,1,177.7,1,3,177.7
606070012,02500728,32.5,18.4,0,0,956.0,1,1,160.6,0,5,597.3,1,3,160.6,0,0,1653.6,1,1,160.6,1,4,160.6
606070013,02500728,19.5,18.3,0,0,941.1,1,1,145.6,0,5,612.1,1,3,145.6,0,0,1638.6,1,1,145.6,1,4,145.6
606070014,02500728,19.4,19.0,0,0,923.3,1,1,127.8,0,5,602.6,1,3,127.8,0,0,1620.8,1,1,127.8,1,4,127.8
606070015,02500728,16.5,10.1,0,0,818.5,1,1,52.5,0,4,582.7,1,3,52.5,0,0,1600.9,1,1,52.5,1,4,52.5
606070016,02500728,47.6,17.5,0,0,896.8,1,2,101.3,0,6,576.1,1,4,101.3,0,0,1594.3,1,2,101.3,1,5,101.3
606073955,02500830,26.1,16.1,0,0,1175.1,1,2,379.6,1,6,347.6,1,5,379.6,0,0,1653.4,1,2,379.6,1,8,379.6
606073957,02500830,5.8,39.3,0,0,1202.5,0,2,407.0,1,5,366.7,0,5,407.0,0,0,1672.5,0,2,407.0,0,7,407.0
606073958,02500830,24.5,49.4,0,0,1395.6,0,2,600.1,1,8,164.0,1,6,374.4,0,0,1698.1,0,2,600.1,1,10,374.4
606124492,02500728,5.9,32.7,0,0,1057.5,0,1,623.8,2,4,231.6,0,1,623.8,0,0,inf,0,1,623.8,0,1,623.8
606124493,02500728,30.9,25.4,0,0,1158.0,0,1,655.3,2,4,216.9,0,1,655.3,0,0,inf,0,1,655.3,0,1,655.3
606124494,02500728,33.0,31.7,0,0,1137.2,0,1,634.6,2,4,242.4,0,1,634.6,0,0,inf,0,1,634.6,0,1,634.6
606124495,02500728,31.4,25.2,0,0,1130.0,0,0,806.7,2,4,169.9,0,0,806.7,0,0,inf,0,0,806.7,0,0,806.7
606124496,02500728,33.7,33.1,0,0,1111.1,0,1,787.8,2,4,151.0,0,1,787.8,0,0,inf,0,1,787.8,0,1,787.8
606124498,02500727,21.6,22.7,0,0,1498.8,0,1,748.6,2,6,367.6,0,1,748.6,0,0,inf,0,1,748.6,0,2,715.6
606124499,02500727,22.6,17.4,0,0,1400.9,0,2,650.6,0,7,455.0,0,2,650.6,0,0,inf,0,2,650.6,0,3,650.6
606124503,02500727,6.0,59.1,0,0,1639.7,0,1,525.0,1,4,269.5,0,1,525.0,0,0,inf,0,1,525.0,0,2,425.9
606124504,02500727,3.7,49.9,0,0,1502.4,0,1,501.1,2,6,77.5,0,1,501.1,0,0,inf,0,1,501.1,1,3,317.4
606124505,02500727,4.3,53.7,0,0,1524.5,0,1,523.3,2,6,99.6,0,1,523.3,0,0,inf,0,1,523.3,1,3,339.6
606124514,02500727,16.3,60.2,0,0,1526.9,0,2,469.9,0,5,469.9,0,2,469.9,0,0,inf,0,2,469.9,0,3,469.9
606124515,02500727,31.6,14.4,0,0,1533.6,1,2,304.4,1,6,304.4,1,3,304.4,0,0,inf,1,2,304.4,1,4,304.4
606124516,02500727,43.2,15.0,0,0,1552.8,1,2,287.7,1,6,287.7,1,3,287.7,0,0,inf,1,2,287.7,1,4,287.7
606124517,02500727,33.3,19.2,0,0,1584.1,1,1,358.9,1,7,358.9,1,2,358.9,0,0,inf,1,1,358.9,1,3,358.9
606124518,02500727,34.1,19.2,0,0,1559.5,1,1,383.3,1,5,383.3,1,1,383.3,0,0,inf,1,1,383.3,1,2,383.3
606124519,02500727,43.1,16.9,0,0,1505.1,0,1,433.1,1,5,361.3,0,1,433.1,0,0,inf,0,1,433.1,0,2,433.1
606124520,02500727,31.2,24.1,0,0,1451.0,0,2,501.6,1,5,388.1,0,2,501.6,0,0,inf,0,2,501.6,0,3,501.6
606124521,02500727,18.6,14.5,0,0,1413.1,0,2,520.4,0,6,406.9,0,2,520.4,0,0,inf,0,2,520.4,0,3,520.4
606124522,02500727,18.2,14.3,0,0,1397.6,0,2,535.4,0,6,421.9,0,2,535.4,0,0,inf,0,2,535.4,0,3,535.4
606124524,02500727,9.5,38.7,0,0,1413.0,0,0,819.0,1,5,293.9,0,0,819.0,0,0,inf,0,0,819.0,0,1,750.6
606124525,02500727,3.6,49.1,0,0,1441.6,0,0,847.7,2,5,322.5,0,0,847.7,0,0,inf,0,0,847.7,0,1,742.7
606124526,02500727,7.3,41.1,0,0,1518.1,0,1,767.8,1,6,385.3,0,1,767.8,0,0,inf,0,1,767.8,0,2,733.2
606124527,02500727,7.7,38.6,0,0,1506.0,0,1,755.8,1,6,392.2,0,1,755.8,0,0,inf,0,1,755.8,0,2,740.2
606124528,02500727,126.8,24.4,0,0,1411.3,0,0,817.4,2,5,292.2,0,0,817.4,0,0,inf,0,0,817.4,0,1,723.7
606124529,02500727,17.8,19.4,0,0,1388.3,0,1,794.3,2,5,269.2,0,1,794.3,0,0,inf,0,1,794.3,0,2,736.6
606124530,02500727,4.8,35.9,0,0,1321.3,0,1,708.6,1,5,255.1,0,1,708.6,0,0,inf,0,1,708.6,0,1,708.6
606124531,02500727,38.7,33.8,0,0,1391.5,0,1,797.5,1,5,272.4,0,1,797.5,0,0,inf,0,1,797.5,0,2,762.3
606124532,02500727,38.0,22.5,0,0,1349.4,0,1,755.4,1,6,230.2,0,1,755.4,0,0,inf,0,1,755.4,0,2,755.4
606124533,02500727,17.0,22.7,0,0,1302.5,0,1,689.9,1,5,247.4,0,1,689.9,0,0,inf,0,1,689.9,0,1,689.9
606124534,02500727,38.1,23.9,0,0,1290.8,0,1,678.2,1,5,261.6,0,1,678.2,0,0,inf,0,1,678.2,0,1,678.2
606124535,02500727,36.7,23.2,0,0,1271.7,0,2,659.1,1,6,279.3,0,2,659.1,0,0,inf,0,2,659.1,0,2,659.1
606124536,02500727,36.4,23.2,0,0,1269.3,0,2,643.6,1,6,295.5,0,2,643.6,0,0,inf,0,2,643.6,0,2,643.6
606124537,02500727,34.6,23.4,0,0,1288.7,0,2,623.8,1,6,315.8,0,2,623.8,0,0,inf,0,2,623.8,0,2,623.8
606124539,02500727,16.6,23.3,0,0,1266.1,0,2,601.2,1,6,338.0,0,2,601.2,0,0,inf,0,2,601.2,0,2,601.2
606124540,02500727,26.2,23.3,0,0,1251.7,0,2,586.8,1,6,352.5,0,2,586.8,0,0,inf,0,2,586.8,0,2,586.8
606124541,02500727,41.8,17.8,0,0,1230.6,0,2,565.7,0,7,421.2,0,2,565.7,0,0,inf,0,2,565.7,0,3,565.7
606124542,02500727,17.5,17.1,0,0,1252.4,0,2,587.5,0,7,443.0,0,2,587.5,0,0,inf,0,2,587.5,0,3,587.5
606124543,02500727,122.5,21.5,0,0,1325.6,0,2,621.9,0,6,508.5,0,2,621.9,0,0,inf,0,2,621.9,0,3,621.9
606124546,02500727,9.2,17.5,0,0,1461.8,0,2,711.6,0,5,532.1,0,2,711.6,0,0,inf,0,2,711.6,0,3,711.6
606124551,02500727,8.8,16.6,0,0,1450.6,0,2,700.3,0,5,520.8,0,2,700.3,0,0,inf,0,2,700.3,0,3,700.3
606124554,02500727,36.2,16.2,0,0,1434.3,0,2,684.0,0,6,504.5,0,2,684.0,0,0,inf,0,2,684.0,0,3,684.0
606124555,02500727,22.4,14.1,0,0,1417.3,0,2,667.0,0,7,432.1,0,2,667.0,0,0,inf,0,2,667.0,0,3,667.0
606124556,02500727,15.9,29.1,0,0,1448.8,0,2,698.5,0,5,519.0,0,2,698.5,0,0,inf,0,2,698.5,0,3,698.5
606124557,02500727,33.0,14.4,0,0,1432.5,0,2,682.2,0,7,417.4,0,2,682.2,0,0,inf,0,2,682.2,0,3,682.2
606134304,02500835,40.0,17.0,0,1,576.3,0,1,576.3,0,2,576.3,2,6,302.0,0,0,1624.7,0,1,576.3,0,2,576.3
606134305,02500835,50.1,19.5,0,1,556.1,0,1,556.1,0,2,556.1,1,7,281.7,0,0,1650.1,0,1,556.1,0,2,556.1
606134306,02500835,39.9,16.6,0,1,572.8,0,1,572.8,0,2,572.8,1,6,216.5,0,0,1709.5,0,1,572.8,0,2,572.8
606134307,02500835,41.4,15.7,0,1,596.3,0,1,596.3,0,1,596.3,1,6,191.1,0,0,1732.9,0,1,596.3,0,1,596.3
606134308,02500835,40.2,16.4,0,1,617.9,0,1,617.9,0,1,617.9,1,7,170.9,0,0,1754.5,0,1,617.9,0,2,617.9
606134309,02500835,40.4,16.9,0,1,684.0,0,1,684.0,0,1,684.0,1,7,105.9,0,0,1719.9,0,1,684.0,0,2,684.0
606134310,02500835,41.4,17.1,0,1,665.5,0,1,665.5,0,1,665.5,1,7,124.8,0,0,1738.2,0,1,665.5,0,2,665.5
606134312,02500835,6.6,30.1,0,1,775.1,0,1,775.1,0,1,775.1,0,5,500.8,0,0,1735.8,0,1,775.1,0,1,775.1
606134313,02500835,57.6,19.9,0,1,648.6,0,1,648.6,0,1,648.6,1,7,147.3,0,0,1760.7,0,1,648.6,0,2,648.6
606134314,02500835,34.4,17.3,0,1,706.8,0,1,706.8,0,1,706.8,0,6,432.5,0,0,1667.5,0,1,706.8,0,1,706.8
606134315,02500835,35.4,17.2,0,1,679.9,0,1,679.9,0,1,679.9,0,6,405.6,0,0,1640.6,0,1,679.9,0,1,679.9
606134316,02500835,34.3,17.1,0,1,660.9,0,1,660.9,0,1,660.9,2,6,386.6,0,0,1621.6,0,1,660.9,0,1,660.9
606147442,02300417,14.0,15.3,0,0,inf,0,1,408.3,0,0,inf,0,6,408.3,0,0,inf,0,1,408.3,0,3,408.3
606482058,02400522,41.1,31.5,0,0,1704.9,0,1,670.0,0,4,413.4,0,1,670.0,0,0,inf,0,1,670.0,0,3,413.4
608095541,02300314,6.2,47.2,0,0,1825.6,1,3,393.2,0,0,inf,5,13,104.3,0,0,1825.6,1,3,393.2,3,6,104.3
608095544,02300314,3.3,37.3,0,0,1810.3,0,2,481.6,0,0,inf,3,14,86.4,0,0,1810.3,0,2,481.6,2,6,86.4
608095547,02300314,5.8,47.2,0,0,1837.8,0,2,505.1,0,0,inf,3,13,113.9,0,0,1837.8,0,2,505.1,2,5,113.9
608095560,02300314,6.4,30.9,0,0,1835.8,1,2,367.0,0,0,inf,5,12,207.0,0,0,inf,1,2,367.0,3,5,207.0
608095561,02300314,10.6,34.2,0,0,1856.3,1,2,353.0,0,0,inf,5,11,227.5,0,0,inf,1,2,353.0,3,5,227.5
608095562,02300314,7.7,33.2,0,0,1850.0,1,2,357.4,0,0,inf,5,11,221.2,0,0,inf,1,2,357.4,3,5,221.2
608095563,02300314,13.8,40.2,0,0,1845.2,0,3,458.7,0,0,inf,4,14,162.0,0,0,1891.1,0,3,458.7,3,6,162.0
608095564,02300314,15.7,40.0,0,0,1889.3,1,2,331.7,0,0,inf,4,11,253.8,0,0,inf,1,2,331.7,3,5,260.5
608095566,02300314,4.6,51.1,0,0,1926.5,1,2,316.7,0,0,inf,5,10,238.8,0,0,inf,1,2,316.7,3,5,297.8
608095567,02300314,6.2,32.9,0,0,1913.6,1,2,293.1,0,0,inf,5,12,215.2,0,0,inf,1,2,293.1,3,5,284.9
608095568,02300314,18.0,45.6,0,0,1944.8,1,2,287.3,0,0,inf,5,11,209.5,0,0,inf,1,2,287.3,3,5,287.3
608095570,02300314,10.2,33.2,0,0,1941.6,1,2,265.6,0,0,inf,5,11,187.8,0,0,inf,1,2,265.6,3,5,265.6
608095571,02300314,9.3,20.5,0,0,1910.6,1,2,210.2,0,0,inf,5,12,88.5,0,0,1910.6,1,2,210.2,3,5,189.3
608095572,02300314,5.5,13.8,0,0,1909.7,1,2,209.3,0,0,inf,5,12,87.6,0,0,1909.7,1,2,209.3,3,5,188.4
608095573,02300314,10.4,12.2,0,0,1898.5,1,3,198.1,0,0,inf,5,13,76.4,0,0,1898.5,1,3,198.1,3,6,177.2
608095574,02300314,2.9,28.0,0,0,1833.4,0,3,401.1,0,0,inf,5,13,104.4,0,0,1833.4,0,3,401.1,3,6,104.4
608095575,02300314,16.6,39.2,0,0,1855.3,0,3,422.9,0,0,inf,5,13,126.2,0,0,1855.3,0,3,422.9,3,6,126.2
608095577,02300314,9.4,37.4,0,0,1800.0,1,3,293.5,0,0,inf,6,12,78.7,0,0,1800.0,1,3,293.5,4,6,78.7
608095585,02300314,12.3,39.1,0,0,1842.6,0,3,459.2,0,0,inf,4,14,162.5,0,0,1891.5,0,3,459.2,3,6,162.5
608095588,02300314,7.2,41.6,0,0,1811.4,0,2,495.3,0,0,inf,4,12,181.6,0,0,1927.6,0,2,495.3,2,5,181.6
608095589,02300314,9.7,32.6,0,0,1803.2,1,3,370.8,0,0,inf,6,13,74.1,0,0,1803.2,1,3,370.8,4,6,74.1
608095590,02300314,5.7,30.2,0,0,1826.7,1,3,394.3,0,0,inf,6,13,97.6,0,0,1826.7,1,3,394.3,4,6,97.6
608095591,02300314,5.0,54.7,0,0,1860.5,0,3,428.1,0,0,inf,5,13,131.4,0,0,1860.5,0,3,428.1,3,6,131.4
608102209,02300314,2.8,32.3,0,0,1583.2,0,1,624.5,0,0,inf,3,13,121.5,0,0,1583.2,0,1,624.5,1,5,335.6
608102210,02300314,2.8,33.0,0,0,1579.9,0,1,621.2,0,0,inf,3,13,118.2,0,0,1579.9,0,1,621.2,1,5,332.3
608102211,02300314,2.8,28.9,0,0,1548.9,0,1,527.7,0,0,inf,3,13,87.1,0,0,1548.9,0,1,527.7,1,5,238.7
608102212,02300314,2.7,28.7,0,0,1605.0,0,2,471.1,0,0,inf,4,13,143.3,0,0,1605.0,0,2,471.1,1,5,182.1
608102214,02300314,5.7,17.8,0,0,1688.5,0,2,686.2,0,0,inf,1,12,299.3,0,0,1838.2,0,2,686.2,1,5,299.3
608102216,02300314,3.6,32.3,0,0,1715.4,0,2,713.0,0,0,inf,1,11,326.1,0,0,1865.1,0,2,713.0,1,5,326.1
608102221,02300314,25.9,22.4,0,0,1721.8,0,2,544.1,0,0,inf,3,12,207.0,0,0,1832.7,0,2,544.1,2,5,207.0
608102224,02300314,6.8,30.4,0,0,1715.4,0,2,713.0,0,0,inf,1,11,326.1,0,0,1865.1,0,2,713.0,1,5,326.1
608102226,02300314,5.5,7.4,0,0,1633.8,0,2,631.5,0,0,inf,2,12,244.6,0,0,1783.5,0,2,631.5,1,5,244.6
608102229,02300314,2.8,28.7,0,0,1609.7,0,2,670.2,0,0,inf,3,13,167.2,0,0,1609.7,0,2,670.2,1,5,381.2
608102230,02300314,3.8,48.1,0,0,1628.6,0,1,689.2,0,0,inf,2,12,186.1,0,0,1628.6,0,1,689.2,0,4,400.2
608102231,02300314,6.9,55.9,0,0,1726.6,0,2,724.3,0,0,inf,1,11,337.4,0,0,1876.3,0,2,724.3,1,5,337.4
608102233,02300314,4.3,47.0,0,0,1764.8,0,2,567.0,0,0,inf,3,12,278.1,0,0,1764.8,0,2,567.0,2,5,278.1
608112713,02300314,2.9,24.2,0,0,1404.8,0,1,662.2,0,0,inf,3,13,159.2,0,0,1404.8,0,1,662.2,1,6,373.2
608112714,02300314,3.2,23.3,0,0,1388.8,0,1,739.5,0,0,inf,2,13,151.4,0,0,1388.8,0,1,739.5,0,6,450.5
608112723,02300314,5.2,27.0,0,0,1459.2,0,1,613.4,0,0,inf,3,14,110.3,0,0,1459.2,0,1,613.4,1,6,324.4
608112724,02300314,3.3,32.9,0,0,1479.3,0,1,605.1,0,0,inf,3,14,102.1,0,0,1479.3,0,1,605.1,1,6,316.2
608112728,02300314,3.4,16.7,0,0,1551.2,0,1,698.1,0,0,inf,2,13,195.1,0,0,1551.2,0,1,698.1,0,5,409.2
608112729,02300314,4.3,30.5,0,0,1593.8,0,1,635.1,0,0,inf,3,12,132.1,0,0,1593.8,0,1,635.1,1,4,346.1
608112730,02300314,5.2,35.9,0,0,1612.3,0,1,738.1,0,0,inf,3,11,383.6,0,0,1650.0,0,1,738.1,1,4,393.1
608112733,02300314,10.6,51.2,0,0,1640.1,0,1,740.6,0,0,inf,2,11,386.1,0,0,1677.8,0,1,740.6,1,4,395.7
608112734,02300314,14.2,43.2,0,0,1641.2,0,2,721.0,0,0,inf,2,13,257.2,0,0,1699.7,0,2,721.0,1,5,376.0
608112736,02300314,8.2,34.6,0,0,1621.0,0,2,700.8,0,0,inf,2,13,260.2,0,0,1702.7,0,2,700.8,1,5,355.9
608990120,02400522,36.2,23.0,0,0,1704.7,0,1,509.5,2,5,317.0,0,1,509.5,0,0,inf,0,1,509.5,1,3,317.0
608990121,02400522,72.7,17.1,0,0,1704.5,0,1,537.1,2,4,344.7,0,1,537.1,0,0,inf,0,1,537.1,1,3,344.7
608991352,02400625,42.3,15.1,0,1,564.7,0,0,1003.8,0,0,1003.8,2,6,105.8,0,1,564.7,0,1,564.7,0,3,564.7
608991353,02400625,26.3,15.3,0,1,490.8,0,0,1078.0,0,0,1078.0,2,6,130.6,0,1,490.8,0,1,490.8,0,4,490.8
608991354,02400625,10.9,18.1,0,1,508.2,0,0,1056.1,0,0,1056.1,2,6,203.5,0,1,508.2,0,1,508.2,0,3,508.2
608991355,02400625,4.7,12.6,0,1,555.8,0,0,997.5,0,0,997.5,2,6,189.0,0,1,555.8,0,1,555.8,0,3,555.8
608991356,02400625,3.9,14.1,0,1,535.6,0,0,1020.6,0,0,1020.6,2,6,212.1,0,1,535.6,0,1,535.6,0,3,535.6
615985705,02400625,15.8,3.9,1,1,394.0,1,2,394.0,1,3,394.0,2,7,114.9,0,0,1537.1,1,2,394.0,1,5,394.0
615985706,02400625,14.0,15.8,1,1,393.0,1,2,393.0,1,3,393.0,2,7,113.9,0,0,1536.1,1,2,393.0,1,5,393.0
615985707,02400625,13.3,26.4,1,1,372.7,1,2,372.7,1,3,372.7,2,7,93.5,0,0,1515.7,1,2,372.7,1,5,372.7
616173061,02300417,3.7,43.9,0,0,1985.6,1,1,334.8,0,0,1985.6,2,7,273.2,0,0,inf,1,1,334.8,2,5,273.2
616173062,02300417,5.8,32.1,0,0,1974.2,1,1,323.4,0,0,1974.2,2,7,261.8,0,0,inf,1,1,323.4,2,5,261.8
616173066,02300417,15.0,74.2,0,0,inf,1,1,350.1,0,0,inf,2,7,288.5,0,0,inf,1,1,350.1,2,5,288.5
616173068,02300417,16.7,84.7,0,0,inf,1,1,383.8,0,0,inf,2,6,322.2,0,0,inf,1,1,383.8,2,4,322.2
616173075,02300417,6.9,51.9,0,0,inf,0,2,463.5,0,0,inf,0,9,438.8,0,0,inf,0,2,463.5,0,5,438.8
616173076,02300417,3.4,65.9,0,0,inf,1,2,332.1,0,0,inf,1,10,332.1,0,0,inf,1,2,332.1,1,5,332.1
616176315,02300417,3.5,62.7,0,0,inf,0,1,660.9,0,0,inf,2,5,191.4,0,0,inf,0,1,660.9,2,4,191.4
616176316,02300417,6.4,37.6,0,0,1923.6,1,1,272.8,0,0,1923.6,3,8,211.2,0,0,inf,1,1,272.8,2,5,211.2
616176317,02300417,3.4,64.7,0,0,1973.1,1,1,322.3,0,0,1973.1,2,7,260.7,0,0,inf,1,1,322.3,2,5,260.7
616176318,02300417,11.9,50.5,0,0,1902.9,1,1,307.8,0,0,1902.9,4,7,118.1,0,0,inf,1,1,307.8,3,5,118.1
616176319,02300417,8.5,48.5,0,0,1892.6,1,1,314.1,0,0,1892.6,4,7,107.7,0,0,inf,1,1,314.1,3,5,107.7
616176320,02300417,12.6,71.0,0,0,1992.4,1,1,341.6,0,0,1992.4,2,7,279.9,0,0,inf,1,1,341.6,2,5,279.9
616176321,02300417,4.2,76.1,0,0,1930.8,1,1,364.1,0,0,1930.8,4,7,113.0,0,0,inf,1,1,364.1,3,5,113.0
616176323,02300417,6.8,40.6,0,0,1928.2,1,1,361.5,0,0,1928.2,4,7,44.5,0,0,inf,1,1,361.5,3,5,44.5
616176325,02300417,5.1,57.2,0,0,inf,0,1,499.5,0,0,inf,2,7,178.6,0,0,inf,0,1,499.5,2,5,178.6
616176327,02300417,9.2,54.5,0,0,inf,0,1,405.3,0,0,inf,2,6,343.6,0,0,inf,0,1,405.3,2,4,343.6
616176328,02300417,5.7,54.2,0,0,inf,0,1,417.7,0,0,inf,2,6,355.3,0,0,inf,0,1,417.7,2,4,355.3
616517354,02300417,12.8,23.8,0,0,inf,0,2,463.1,0,0,inf,1,9,383.0,0,0,inf,0,2,463.1,1,5,383.0
616517356,02300417,16.2,78.7,0,0,inf,0,2,529.9,0,0,inf,0,7,514.8,0,0,inf,0,2,529.9,0,4,529.9
616517357,02300417,5.8,72.4,0,0,inf,0,2,523.6,0,0,inf,0,7,508.5,0,0,inf,0,2,523.6,0,4,523.6
616517359,02300417,3.5,81.9,0,0,inf,0,2,563.5,0,0,inf,1,8,398.8,0,0,inf,0,2,563.5,1,5,398.8
616517362,02300417,5.5,87.9,0,0,inf,0,1,652.5,0,0,inf,0,5,429.5,0,0,inf,0,1,652.5,0,3,429.5
616517363,02300417,7.8,76.4,0,0,inf,0,1,760.3,0,0,inf,0,4,496.9,0,0,inf,0,1,760.3,0,3,581.3
616517364,02300417,9.1,81.9,0,0,inf,0,1,755.5,0,0,inf,0,4,492.1,0,0,inf,0,1,755.5,0,3,597.2
616519638,02300417,16.5,56.1,0,0,inf,0,2,474.2,0,0,inf,0,11,457.6,0,0,inf,0,2,474.2,0,6,474.2
616768749,02300417,3.3,38.0,0,0,inf,0,3,417.8,0,0,inf,2,11,233.8,0,0,inf,0,3,417.8,1,6,388.7
616768755,02300417,4.9,66.0,0,0,inf,0,3,513.0,0,0,inf,1,9,194.7,0,0,inf,0,3,513.0,0,5,484.0
618289068,02500835,30.6,49.2,0,0,873.1,0,0,1570.1,0,0,1467.3,0,6,494.0,0,0,1213.3,0,0,873.1,0,3,569.6
618289069,02500835,28.0,42.4,0,1,688.8,0,0,1737.9,0,0,1496.4,2,8,385.3,0,0,1092.9,0,1,688.8,2,5,385.3
618456334,02200209,14.6,19.0,0,0,1775.3,0,1,562.5,0,0,inf,0,7,452.4,0,0,inf,0,1,562.5,0,5,562.5
620045899,02200212,4.1,78.9,0,0,inf,1,1,248.3,0,0,inf,4,8,292.6,0,0,inf,1,1,248.3,2,5,248.3
620045900,02200212,15.8,81.4,0,0,inf,1,1,311.4,0,0,inf,2,8,234.5,0,0,inf,1,1,311.4,1,5,311.4
620045902,02200212,33.2,57.3,0,0,inf,0,2,436.2,0,0,inf,5,10,176.6,0,0,inf,0,2,436.2,3,8,176.6
620045904,02200212,8.1,74.3,0,0,inf,1,1,289.3,0,0,inf,3,8,242.4,0,0,inf,1,1,289.3,1,5,289.3
620045906,02200212,42.7,32.6,0,0,inf,1,1,235.1,0,0,inf,4,9,213.3,0,0,inf,1,1,235.1,2,6,235.1
620045912,02200212,7.7,84.7,0,0,inf,0,2,496.1,0,0,inf,3,10,236.5,0,0,inf,0,2,496.1,3,8,236.5
620045913,02200212,22.5,101.4,0,0,inf,0,2,517.1,0,0,inf,2,10,257.5,0,0,inf,0,2,517.1,2,8,257.5
621898754,02500836,26.7,16.3,0,0,963.1,0,0,inf,0,0,1444.2,3,4,69.8,0,0,1578.5,0,0,963.1,1,2,283.7
621898833,02500835,140.4,16.5,0,0,873.5,0,0,1544.8,0,0,1442.0,0,6,468.8,0,0,1245.9,0,0,873.5,0,3,569.9
621898834,02500835,150.2,16.1,0,0,807.1,0,0,1644.5,0,0,1541.6,0,7,498.0,0,0,1179.5,0,0,807.1,0,3,503.5
623184766,02500727,41.6,10.4,0,0,1468.4,0,2,411.4,0,6,411.4,0,2,411.4,0,0,inf,0,2,411.4,0,3,411.4
623184767,02500727,32.2,19.0,0,0,1520.9,1,2,316.4,1,7,316.4,1,3,316.4,0,0,inf,1,2,316.4,1,4,316.4
625133203,02400623,100.0,18.3,0,1,718.8,0,1,575.0,0,0,1154.9,3,7,138.8,0,1,718.8,0,2,575.0,1,4,391.1
625133204,02400623,59.6,23.1,0,1,672.4,0,1,630.9,0,0,1210.8,3,8,173.3,0,1,672.4,0,2,630.9,1,5,344.7
625133205,02400623,12.1,17.2,0,1,648.6,0,1,642.9,0,0,1222.9,3,8,149.5,0,1,648.6,0,2,642.9,1,5,320.9
625133206,02400623,34.1,17.4,0,1,634.9,0,1,657.0,0,0,1237.0,3,9,135.8,0,1,634.9,0,2,634.9,1,6,307.3
625970920,02200207,100.5,8.1,0,2,683.9,0,1,585.2,0,0,inf,2,9,151.3,0,0,inf,0,3,585.2,1,6,151.3
628060932,02100105,75.0,12.2,0,0,1608.3,0,1,787.2,0,0,inf,0,6,582.6,0,0,inf,0,1,787.2,0,6,582.6
628060936,02100105,57.7,8.5,0,0,1652.4,0,0,826.7,0,0,inf,0,6,486.1,0,0,inf,0,0,826.7,0,5,486.1
628060937,02100105,28.9,8.8,0,0,1683.5,0,1,797.1,0,0,inf,0,7,455.7,0,0,inf,0,1,797.1,0,6,455.7
628060938,02100103,33.1,14.6,0,0,1724.5,0,1,781.6,0,0,inf,1,7,388.8,0,0,inf,0,1,781.6,1,6,388.8
628060939,02100103,33.6,10.5,0,0,1699.9,0,0,810.4,0,0,inf,0,6,430.7,0,0,inf,0,0,810.4,0,5,430.7
628060940,02100103,127.4,15.7,0,0,1744.5,0,1,789.5,0,0,inf,1,6,396.7,0,0,inf,0,1,789.5,1,5,396.7
628061864,02100105,75.8,24.5,0,0,1388.6,0,1,751.4,0,0,inf,1,9,362.8,0,0,inf,0,1,751.4,1,8,362.8
628061871,02100105,140.3,15.9,0,0,1461.2,0,1,741.5,0,0,inf,1,6,397.9,0,0,inf,0,1,741.5,1,5,397.9
628061872,02100105,44.0,14.1,0,0,1580.7,0,0,811.3,0,0,inf,0,4,467.7,0,0,inf,0,0,811.3,0,4,467.7
628061873,02100105,29.8,9.5,0,0,1492.0,0,1,722.6,0,0,inf,1,5,379.0,0,0,inf,0,1,722.6,1,5,379.0
628061874,02100105,56.2,9.6,0,0,1523.5,0,1,754.0,0,0,inf,0,5,410.5,0,0,inf,0,1,754.0,0,5,410.5
628117188,02100105,15.0,20.5,0,0,inf,1,2,280.1,0,0,inf,1,6,280.1,0,0,inf,1,2,280.1,1,4,280.1
628117189,02100105,15.0,20.4,0,0,inf,1,2,263.2,0,0,inf,1,6,263.2,0,0,inf,1,2,263.2,1,4,263.2
628117191,02100105,15.2,20.3,0,0,inf,1,2,246.3,0,0,inf,1,5,246.3,0,0,inf,1,2,246.3,1,3,246.3
628117192,02100105,14.9,20.1,0,0,inf,1,2,229.2,0,0,inf,1,5,229.2,0,0,inf,1,2,229.2,1,3,229.2
628117193,02100105,14.9,19.5,0,0,inf,1,2,211.7,0,0,inf,1,6,211.7,0,0,inf,1,2,211.7,1,3,211.7
628117194,02100105,13.5,19.8,0,0,inf,1,2,195.9,0,0,inf,1,6,195.9,0,0,inf,1,2,195.9,1,3,195.9
628120037,02100105,237.5,19.6,0,0,1989.0,0,1,494.4,0,0,inf,0,3,494.4,0,0,inf,0,1,494.4,0,2,494.4
631391676,02100102,101.2,20.3,0,0,1111.1,0,1,558.5,0,0,1862.7,1,8,243.3,0,0,1681.8,0,1,558.5,1,7,243.3
633886720,02500835,13.2,59.3,0,0,836.2,0,0,1544.5,0,0,1239.8,2,5,226.0,0,0,836.2,0,0,836.2,1,2,226.0
633886721,02500835,3.2,65.8,0,0,936.7,0,0,1557.5,0,0,1409.1,1,5,306.6,0,0,1005.5,0,0,936.7,1,2,306.6
633886722,02500835,2.7,53.2,0,0,947.2,0,0,1525.6,0,0,1350.8,2,5,265.7,0,0,947.2,0,0,947.2,1,2,356.5
633886724,02500835,61.5,17.9,0,0,811.8,0,0,1486.0,0,0,1215.4,2,5,201.6,0,0,811.8,0,0,811.8,1,2,201.6
634397553,02200212,40.9,17.9,0,0,inf,0,1,609.9,0,0,inf,2,8,344.2,0,0,inf,0,1,609.9,2,6,344.2
634397555,02200212,28.6,38.8,0,0,inf,0,1,642.3,0,0,inf,1,7,376.6,0,0,inf,0,1,642.3,1,5,376.6
639681950,02400522,39.6,15.4,0,0,1514.2,0,0,883.9,0,3,663.3,0,0,846.4,0,0,1845.9,0,0,883.9,0,3,663.3
639681952,02400522,22.7,19.2,0,0,1608.9,0,0,992.6,0,3,539.4,0,0,941.2,0,0,1985.8,0,0,992.6,0,2,539.4
649211666,02100104,13.6,18.7,0,0,1962.5,0,3,489.6,0,0,inf,2,8,206.5,0,0,inf,0,3,489.6,0,5,489.6
678497446,02300316,13.9,32.7,0,0,1076.6,1,1,149.4,0,0,1076.6,2,7,149.4,0,0,1986.8,1,1,149.4,2,5,149.4
683962106,02100104,6.4,35.2,0,0,1755.9,1,2,325.9,0,0,inf,3,9,314.6,0,0,inf,1,2,325.9,2,6,325.9
684979697,02300316,2.3,27.3,0,0,1269.1,0,0,842.6,0,0,1904.7,2,8,203.5,0,0,1269.1,0,0,842.6,2,5,203.5
684979719,02300316,6.0,42.1,0,0,1558.5,0,2,631.3,0,0,1558.5,2,10,107.5,0,0,1708.0,0,2,631.3,2,7,107.5
684979720,02300316,7.7,42.5,0,0,1572.9,0,2,645.7,0,0,1572.9,2,10,93.9,0,0,1694.4,0,2,645.7,2,7,93.9
684979721,02300316,0.9,19.7,0,0,1512.1,0,1,700.2,0,0,1565.8,1,6,185.5,0,0,1512.1,0,1,700.2,1,6,185.5
684979722,02300316,0.7,5.7,0,0,1426.9,0,1,615.0,0,0,1480.5,2,8,100.3,0,0,1426.9,0,1,615.0,2,7,100.3
684979729,02300315,16.5,41.6,0,0,1586.1,0,1,568.5,0,0,1930.9,3,12,255.4,0,0,1586.1,0,1,568.5,2,7,255.4
684979733,02300315,12.8,36.4,0,0,1639.4,0,1,407.4,0,0,inf,3,12,104.2,0,0,1639.4,0,1,407.4,1,7,308.7
684979735,02300315,2.8,27.6,0,0,1631.8,0,1,704.6,0,0,1631.8,1,9,144.7,0,0,1745.2,0,1,704.6,1,6,144.7
684979736,02300315,1.4,27.9,0,0,1603.9,0,2,676.7,0,0,1603.9,2,10,116.8,0,0,1717.3,0,2,676.7,2,7,116.8
684979737,02300315,69.0,18.0,0,0,1681.8,0,1,560.7,0,0,1787.8,4,11,228.3,0,0,1681.8,0,1,560.7,2,7,228.3
684979738,02300315,5.5,33.2,0,0,1537.7,0,1,622.8,0,0,1795.1,3,11,207.0,0,0,1537.7,0,1,622.8,2,7,207.0
684979739,02300315,15.9,17.3,0,0,1518.9,0,1,609.9,0,0,1776.3,3,11,188.2,0,0,1518.9,0,1,609.9,2,7,188.2
684979740,02300315,37.7,14.4,0,0,1496.6,0,2,665.9,0,0,1714.4,2,12,141.9,0,0,1496.6,0,2,665.9,2,8,141.9
684979741,02300315,34.2,16.1,0,0,1533.6,0,2,702.9,0,0,1680.9,3,12,108.4,0,0,1533.6,0,2,702.9,3,8,108.4
684979756,02300315,3.3,10.8,0,0,1597.1,0,2,669.9,0,0,1597.1,2,10,110.0,0,0,1710.5,0,2,669.9,2,7,110.0
684979757,02300315,5.9,11.8,0,0,1605.9,0,2,678.7,0,0,1605.9,2,10,118.8,0,0,1719.3,0,2,678.7,2,7,118.8
684979758,02300315,2.3,27.5,0,0,1631.7,0,1,704.5,0,0,1631.7,1,9,144.6,0,0,1745.1,0,1,704.5,1,6,144.6
684979760,02300315,8.5,33.9,0,0,1638.0,0,1,710.9,0,0,1638.0,1,8,150.9,0,0,1751.4,0,1,710.9,1,5,150.9
684979764,02300315,16.2,36.2,0,0,1681.0,0,2,599.5,0,0,1724.7,3,12,152.2,0,0,1681.0,0,2,599.5,2,8,152.2
684979765,02300315,2.0,32.6,0,0,1601.1,0,2,673.9,0,0,1601.1,3,11,45.9,0,0,1646.4,0,2,673.9,3,7,45.9
684979766,02300315,1.5,36.1,0,0,1609.4,0,2,682.2,0,0,1609.4,3,11,44.7,0,0,1645.2,0,2,682.2,3,7,44.7
684979767,02300315,4.7,37.8,0,0,1648.8,0,2,635.0,0,0,1692.6,4,11,120.0,0,0,1648.8,0,2,635.0,3,7,120.0
684979768,02300315,1.9,32.3,0,0,1674.3,0,2,629.2,0,0,1674.3,2,11,293.4,0,0,1823.8,0,2,629.2,1,7,296.8
684979769,02300315,17.8,17.6,0,0,1655.3,0,2,618.7,0,0,1655.3,2,11,274.4,0,0,1813.3,0,2,618.7,1,7,286.3
684979770,02300315,23.9,21.9,0,0,1633.4,0,2,642.4,0,0,1633.4,2,11,252.6,0,0,1843.8,0,2,642.4,1,7,316.8
684979771,02300315,28.5,30.1,0,0,1616.4,0,2,625.3,0,0,1616.4,2,11,235.5,0,0,1877.3,0,2,625.3,1,7,350.3
684979772,02300315,3.8,33.1,0,0,1531.5,0,2,604.3,0,0,1531.5,2,9,237.5,0,0,1886.2,0,2,604.3,1,7,285.7
684979773,02300315,28.6,28.9,0,0,1609.5,0,2,618.5,0,0,1609.5,2,11,228.7,0,0,1881.8,0,2,618.5,1,7,354.8
684979777,02300316,5.5,27.9,0,0,1381.3,0,1,710.0,0,0,1575.6,3,9,121.5,0,0,1381.3,0,1,710.0,3,6,121.5
684979779,02300316,0.6,20.4,0,0,1485.3,0,1,673.4,0,0,1539.0,1,6,158.8,0,0,1485.3,0,1,673.4,1,6,158.8
684979780,02300316,1.5,32.6,0,0,1436.9,0,1,765.7,0,0,1631.3,3,9,177.2,0,0,1436.9,0,1,765.7,3,6,177.2
684979809,02300316,3.5,30.7,0,0,1483.5,0,1,795.3,0,0,1677.8,3,10,196.9,0,0,1483.5,0,1,795.3,3,7,196.9
684979810,02300316,6.3,34.3,0,0,1474.6,0,0,803.3,0,0,1668.9,2,9,212.9,0,0,1474.6,0,0,803.3,2,6,212.9
684979811,02300316,5.6,52.1,0,0,1544.5,0,1,732.5,0,0,1598.1,1,5,217.9,0,0,1544.5,0,1,732.5,1,5,217.9
684979816,02300316,1.1,33.3,0,0,1556.7,0,2,727.2,0,0,1701.3,3,11,128.8,0,0,1556.7,0,2,727.2,3,7,128.8
684979817,02300316,2.1,34.7,0,0,1569.3,0,2,717.3,0,0,1691.4,3,11,118.9,0,0,1569.3,0,2,717.3,3,7,118.9
684979822,02300315,8.6,33.5,0,0,1436.4,0,1,700.3,0,0,1812.9,5,10,105.7,0,0,1436.4,0,1,700.3,3,6,105.7
684979824,02300315,7.4,32.1,0,0,1444.2,0,1,594.0,0,0,1916.4,5,12,113.5,0,0,1444.2,0,1,594.0,3,7,113.5
684979825,02300315,13.7,35.8,0,0,1534.3,0,1,631.4,0,0,1791.7,3,11,203.6,0,0,1534.3,0,1,631.4,2,7,203.6
684979826,02300315,10.0,33.9,0,0,1449.0,0,1,713.0,0,0,1801.1,4,10,118.3,0,0,1449.0,0,1,713.0,3,6,118.3
684979827,02300315,22.5,40.7,0,0,1574.8,0,1,600.8,0,0,1832.2,3,10,244.1,0,0,1574.8,0,1,600.8,2,6,244.1
684979829,02300315,6.4,39.7,0,0,1587.1,0,1,586.5,0,0,1844.5,3,10,256.4,0,0,1587.1,0,1,586.5,2,6,256.4
684979830,02300315,6.2,35.0,0,0,1574.7,0,1,589.4,0,0,1832.1,3,10,244.0,0,0,1574.7,0,1,589.4,2,6,244.0
684979831,02300315,6.6,35.9,0,0,1595.1,0,1,571.1,0,0,1910.4,3,12,264.4,0,0,1595.1,0,1,571.1,2,7,264.4
684979832,02300316,15.8,10.0,0,0,1456.7,0,1,761.9,0,0,1753.6,4,11,181.1,0,0,1456.7,0,1,761.9,4,7,181.1
684979849,02300316,11.4,21.8,0,0,1247.8,0,1,722.6,0,0,1588.2,2,9,134.2,0,0,1247.8,0,1,722.6,2,6,134.2
684979851,02300316,11.9,22.6,0,0,1299.7,0,0,843.3,0,0,1708.9,3,8,234.1,0,0,1299.7,0,0,843.3,3,5,234.1
684979853,02300316,16.3,9.3,0,0,1298.5,0,0,827.1,0,0,1692.6,3,8,232.9,0,0,1298.5,0,0,827.1,3,5,232.9
684979855,02300316,16.4,9.3,0,0,1320.9,0,0,822.4,0,0,1688.0,4,8,233.9,0,0,1320.9,0,0,822.4,4,5,233.9
684979856,02300316,16.5,9.0,0,0,1381.4,0,0,828.3,0,0,1706.8,4,8,252.7,0,0,1381.4,0,0,828.3,4,5,252.7
684979857,02300316,16.4,9.2,0,0,1402.8,0,0,807.3,0,0,1728.2,4,8,251.6,0,0,1402.8,0,0,807.3,4,5,251.6
684979859,02300316,16.8,17.8,0,0,1445.6,0,1,757.2,0,0,1832.4,4,10,257.3,0,0,1445.6,0,1,757.2,4,6,257.3
684979860,02300316,16.8,21.2,0,0,1472.4,0,1,736.3,0,0,1855.8,2,10,141.7,0,0,1472.4,0,1,736.3,2,6,141.7
684979890,02300316,1.0,19.2,0,0,942.5,0,0,1148.3,0,0,inf,2,10,216.0,0,0,942.5,0,0,942.5,2,7,216.0
684979893,02300315,5.1,37.8,0,0,1251.3,0,1,797.0,0,0,inf,3,13,131.1,0,0,1251.3,0,1,797.0,1,8,396.4
684979895,02300315,16.6,42.9,0,0,1212.9,0,0,859.3,0,0,inf,2,12,135.2,0,0,1212.9,0,0,859.3,1,7,223.8
684979896,02300315,11.4,44.4,0,0,1225.5,0,0,849.7,0,0,inf,2,12,147.9,0,0,1225.5,0,0,849.7,1,7,214.2
684979897,02300315,21.3,57.3,0,0,1239.1,0,0,861.9,0,0,inf,2,12,161.4,0,0,1239.1,0,0,861.9,1,7,226.4
684979899,02300315,1.6,65.6,0,0,1254.5,0,0,849.2,0,0,inf,3,10,134.3,0,0,1254.5,0,0,849.2,1,5,399.6
684979901,02300315,1.3,33.1,0,0,1480.9,0,1,583.1,0,0,inf,4,13,270.0,0,0,1480.9,0,1,583.1,1,8,270.0
684979902,02300315,17.3,39.3,0,0,1464.3,0,1,612.2,0,0,inf,4,12,299.1,0,0,1464.3,0,1,612.2,1,7,299.1
684979904,02300315,29.3,16.7,0,0,1388.7,0,1,618.7,0,0,1860.9,5,11,58.0,0,0,1388.7,0,1,618.7,3,6,58.0
684979905,02300316,14.5,17.7,0,0,1280.6,0,1,741.2,0,0,1949.4,3,12,105.7,0,0,1280.6,0,1,741.2,2,7,105.7
684979906,02300316,14.5,19.6,0,0,1241.1,0,1,784.5,0,0,1992.8,2,14,149.1,0,0,1241.1,0,1,784.5,1,8,149.1
684979908,02300316,14.1,82.0,0,0,1334.3,0,0,907.8,0,0,1969.9,2,7,268.7,0,0,1334.3,0,0,907.8,2,5,268.7
684979909,02300316,5.4,62.1,0,0,1097.8,0,0,1052.3,0,0,1917.9,2,8,198.6,0,0,1097.8,0,0,1052.3,2,6,198.6
684979910,02300316,7.8,9.9,0,0,1208.4,0,0,862.9,0,0,1844.0,3,9,142.8,0,0,1208.4,0,0,862.9,3,6,142.8
684979911,02300316,7.5,10.1,0,0,1224.8,0,0,846.9,0,0,1860.4,2,9,159.2,0,0,1224.8,0,0,846.9,2,6,159.2
684979912,02300316,21.9,12.5,0,0,1174.3,0,0,876.1,0,0,1758.5,3,8,108.7,0,0,1174.3,0,0,876.1,3,6,108.7
684979913,02300316,22.0,11.9,0,0,1194.8,0,0,871.1,0,0,1736.7,3,8,129.2,0,0,1194.8,0,0,871.1,3,6,129.2
684979914,02300316,21.1,11.3,0,0,1215.7,0,0,849.1,0,0,1714.6,3,9,150.1,0,0,1215.7,0,0,849.1,3,6,150.1
684985774,02300316,1.2,22.5,0,0,1423.1,0,1,611.2,0,0,1476.7,2,8,96.5,0,0,1423.1,0,1,611.2,2,7,96.5
684985779,02300316,19.3,18.6,0,0,1340.8,0,1,669.5,0,0,1535.1,3,9,81.0,0,0,1340.8,0,1,669.5,3,6,81.0
691052730,02100101,8.7,11.5,1,2,237.1,0,2,583.3,0,0,inf,2,9,163.3,0,1,583.3,1,3,237.1,2,9,163.3
691769832,02100106,6.9,37.0,0,0,inf,1,2,393.5,0,0,inf,2,8,375.7,0,0,inf,1,2,393.5,1,4,393.5
693039006,02500832,17.7,19.4,0,2,746.2,0,1,746.2,0,4,449.8,0,4,430.5,0,1,798.3,0,2,746.2,0,6,430.5
693039007,02500832,17.7,40.2,0,1,766.0,0,1,766.0,0,4,469.6,0,3,452.3,0,0,820.1,0,1,766.0,0,5,452.3
693041734,02500833,56.0,27.8,0,0,883.0,0,1,794.5,4,9,144.4,0,7,466.2,0,0,1500.5,0,1,794.5,4,11,144.4
693577450,02500835,136.5,23.1,0,0,956.5,0,0,956.5,0,0,956.5,2,5,236.9,0,0,1739.9,0,0,956.5,0,0,879.6
694050405,02300418,34.1,60.0,0,0,inf,0,0,950.3,0,0,inf,1,4,254.7,0,0,inf,0,0,950.3,1,4,254.7
694050408,02300418,14.9,27.2,0,0,inf,0,0,1010.7,0,0,inf,1,4,206.1,0,0,inf,0,0,1010.7,1,4,206.1
694050409,02300418,5.8,32.5,0,0,inf,0,0,1114.2,0,0,inf,1,4,185.0,0,0,inf,0,0,1114.2,1,4,185.0
694050410,02300418,24.2,12.1,0,0,inf,0,0,1082.4,0,0,inf,1,4,153.2,0,0,inf,0,0,1082.4,1,4,153.2
694050411,02300418,30.9,25.7,0,0,inf,0,0,1095.3,0,0,inf,1,4,118.5,0,0,inf,0,0,1095.3,1,4,118.5
694050412,02300418,23.3,25.3,0,0,inf,0,0,1129.5,0,0,inf,1,4,44.7,0,0,inf,0,0,1129.5,1,4,44.7
694352535,02500833,3.3,37.9,0,0,1113.3,0,1,754.6,2,7,134.6,2,5,242.6,0,0,1113.3,0,1,754.6,3,9,134.6
695900992,02500832,56.1,19.9,0,1,588.5,0,0,1047.4,1,5,251.2,2,6,124.5,0,1,588.5,0,1,588.5,2,8,124.5
695900993,02500832,3.0,34.7,0,1,523.0,0,0,1142.6,1,5,346.4,2,5,59.0,0,1,523.0,0,1,523.0,2,7,59.0
695900994,02500832,44.9,19.3,0,1,616.2,0,0,928.1,0,5,555.8,1,5,248.3,0,1,616.2,0,1,616.2,1,7,248.3
695900995,02500832,17.8,14.8,0,1,784.2,0,0,1072.7,1,4,276.5,2,4,276.5,0,1,784.2,0,1,784.2,2,6,276.5
695900996,02500832,46.2,23.7,0,1,533.4,0,0,1019.8,0,3,500.7,1,4,165.5,0,1,533.4,0,1,533.4,1,5,165.5
695900997,02500832,25.6,21.9,0,1,504.7,0,0,1044.8,0,3,472.0,1,4,136.8,0,1,504.7,0,1,504.7,1,5,136.8
695900998,02500832,13.7,19.6,0,1,474.2,0,0,1070.6,0,4,441.5,1,5,106.3,0,1,474.2,0,1,474.2,1,6,106.3
695900999,02500832,54.8,41.5,0,1,556.7,0,0,1032.0,0,3,524.0,1,4,188.8,0,1,556.7,0,1,556.7,1,5,188.8
695901000,02500832,48.2,37.0,0,1,734.4,0,0,994.8,0,5,473.2,1,5,366.5,0,1,734.4,0,1,734.4,1,7,366.5
696251160,02100101,32.0,7.4,1,1,308.1,0,1,770.1,0,0,inf,2,8,308.1,0,0,991.8,1,2,308.1,2,6,308.1
696251161,02100101,33.3,12.9,1,1,328.5,0,1,748.4,0,0,inf,2,8,328.5,0,0,1012.2,1,2,328.5,2,6,328.5
699015278,02200211,9.2,37.7,0,0,1768.0,0,2,570.7,0,0,inf,2,7,354.3,0,0,inf,0,2,570.7,1,5,364.2
700538151,02400522,4.4,66.4,0,0,1685.5,0,0,876.2,0,3,549.8,0,0,876.2,0,0,inf,0,0,876.2,0,2,549.8
700538152,02400522,8.1,71.0,0,0,1698.6,0,0,872.3,0,3,545.9,0,0,872.3,0,0,inf,0,0,872.3,0,2,545.9
712047544,02100103,9.4,55.0,0,0,1737.1,0,0,1135.3,0,0,inf,0,4,578.8,0,0,inf,0,0,1135.3,0,4,578.8
712047545,02100103,77.4,18.2,0,0,1290.5,0,1,737.9,0,0,1981.2,2,7,183.2,0,0,1861.2,0,1,737.9,2,7,183.2
712047546,02100103,19.6,25.6,0,0,1737.1,0,0,1135.3,0,0,inf,0,4,578.8,0,0,inf,0,0,1135.3,0,4,578.8
712047547,02100103,89.3,31.5,0,0,1742.9,0,0,1141.2,0,0,inf,0,4,584.7,0,0,inf,0,0,1141.2,0,4,584.7
719031420,02200212,22.0,19.0,0,0,inf,0,2,515.2,0,0,inf,3,11,91.7,0,0,inf,0,2,515.2,2,8,91.7
720452530,02300419,1.6,17.5,0,1,784.7,1,2,304.1,0,1,784.7,3,8,57.7,0,0,1694.9,1,2,304.1,3,5,57.7
720561803,02400623,4.4,7.1,0,0,871.5,0,0,880.0,0,0,1390.2,0,5,439.3,0,0,871.5,0,0,871.5,0,3,439.3
720890897,02200209,16.8,7.2,0,0,1671.3,0,1,458.5,0,0,inf,0,9,458.5,0,0,inf,0,1,458.5,0,6,458.5
720891288,02200209,28.7,13.8,0,0,1772.2,0,1,559.4,0,0,inf,0,6,559.4,0,0,inf,0,1,559.4,0,5,559.4
720891289,02200209,6.9,3.9,0,0,1750.4,0,1,537.6,0,0,inf,0,6,537.6,0,0,inf,0,1,537.6,0,5,537.6
720892175,02200209,8.9,8.0,0,0,1629.5,0,1,416.8,0,0,inf,0,9,416.8,0,0,inf,0,1,416.8,0,7,416.8
720892176,02200209,12.4,14.8,0,0,1806.9,0,1,594.2,0,0,inf,0,6,594.2,0,0,inf,0,1,594.2,0,5,594.2
720892177,02200209,24.8,14.2,0,0,1824.9,0,1,612.1,0,0,inf,0,5,612.1,0,0,inf,0,1,612.1,0,4,612.1
720892178,02200209,14.4,13.3,0,0,1843.3,0,1,630.6,0,0,inf,0,5,630.6,0,0,inf,0,1,630.6,0,4,630.6
720892625,02200209,23.0,8.2,0,0,1795.9,0,1,583.1,0,0,inf,0,5,583.1,0,0,inf,0,1,583.1,0,5,583.1
720892626,02200209,34.5,17.3,0,0,1821.5,0,1,608.7,0,0,inf,0,5,608.7,0,0,inf,0,1,608.7,0,5,608.7
720892627,02200209,48.6,18.2,0,0,1844.7,0,1,631.9,0,0,inf,0,4,631.9,0,0,inf,0,1,631.9,0,4,631.9
720892868,02200209,18.3,20.5,0,0,1900.2,0,1,687.4,0,0,inf,0,4,687.4,0,0,inf,0,1,687.4,0,4,687.4
720892869,02200209,26.0,24.2,0,0,1901.7,0,1,688.9,0,0,inf,0,4,688.9,0,0,inf,0,1,688.9,0,4,688.9
720893158,02200209,27.4,26.6,0,0,1894.9,0,1,682.1,0,0,inf,0,5,682.1,0,0,inf,0,1,682.1,0,4,682.1
720893159,02200209,19.4,23.3,0,0,1898.2,0,1,685.4,0,0,inf,0,5,685.4,0,0,inf,0,1,685.4,0,4,685.4
720893702,02200209,19.8,15.8,0,0,1743.5,1,2,363.8,0,0,inf,2,8,292.0,0,0,inf,1,2,363.8,1,6,363.8
720894182,02200209,3.7,70.0,0,0,1321.6,0,1,727.4,0,0,inf,2,8,162.3,0,0,inf,0,1,727.4,0,4,524.4
721954014,02200213,1.0,56.5,0,0,inf,1,1,290.6,0,0,inf,1,5,290.6,0,0,inf,1,1,290.6,1,4,290.6
721971654,02500834,61.5,17.1,0,1,682.5,0,0,1035.7,1,5,383.5,0,5,483.1,0,1,682.5,0,1,682.5,1,8,383.5
727511384,02400521,3.4,42.4,0,0,1732.3,0,1,703.2,1,3,189.5,2,4,174.3,0,0,1732.3,0,1,703.2,1,4,189.5
727511385,02400521,64.6,26.0,0,0,1695.1,0,1,666.0,1,3,193.9,2,4,137.1,0,0,1695.1,0,1,666.0,1,4,193.9
727512572,02400521,10.0,32.4,0,0,1635.1,0,1,774.8,1,3,353.4,1,3,245.9,0,0,1803.9,0,1,774.8,1,4,353.4
727512573,02400521,10.0,34.9,0,0,1648.8,0,1,766.2,1,3,367.2,1,3,237.3,0,0,1795.3,0,1,766.2,1,4,367.2
727514645,02400521,4.6,37.5,0,0,1681.7,0,0,840.9,1,4,181.6,2,3,181.6,0,0,1937.3,0,0,840.9,1,4,181.6
730775628,02400624,38.8,22.1,0,0,850.6,0,1,717.2,0,6,471.9,2,6,118.9,0,0,1273.6,0,1,717.2,1,9,266.2
735243007,02500832,19.7,46.4,0,1,521.4,0,1,521.4,1,4,235.5,0,2,521.4,0,0,1077.0,0,1,521.4,1,5,235.5
735243008,02500832,22.4,19.7,0,1,494.1,0,1,494.1,1,4,209.4,0,2,494.1,0,0,1051.0,0,1,494.1,1,5,209.4
735243849,02500832,73.6,39.2,0,1,600.1,0,1,600.1,2,4,133.3,0,2,600.1,0,0,1154.3,0,1,600.1,2,5,133.3
735247849,02500833,25.2,19.1,0,1,707.4,0,0,920.6,1,5,124.4,2,6,124.4,0,1,707.4,0,1,707.4,2,8,124.4
735247851,02500833,32.6,20.4,0,1,726.1,0,0,904.4,1,5,108.2,2,6,108.2,0,1,726.1,0,1,726.1,2,8,108.2
735247852,02500833,33.6,24.3,0,1,660.5,0,0,1004.3,1,5,211.2,2,5,211.2,0,1,660.5,0,1,660.5,2,8,211.2
735247853,02500833,25.4,18.9,0,1,667.6,0,0,986.3,1,5,193.2,2,5,193.2,0,1,667.6,0,1,667.6,2,8,193.2
737708738,02300418,4.9,14.5,0,0,inf,0,0,1277.1,0,0,inf,0,3,404.1,0,0,inf,0,0,1277.1,0,3,404.1
738096076,02400522,4.0,32.3,0,0,1544.8,0,1,536.8,2,5,83.5,0,1,536.8,0,0,inf,0,1,536.8,1,3,83.5
741055416,02300418,42.4,76.8,0,0,inf,0,1,736.4,0,0,inf,0,5,415.4,0,0,inf,0,1,736.4,0,4,415.4
741210013,02200210,71.0,33.6,0,0,inf,0,1,627.1,0,0,inf,1,7,218.8,0,0,inf,0,1,627.1,1,5,218.8
741247149,02400521,221.8,2.0,0,0,1638.5,0,1,662.2,1,4,310.5,2,4,133.3,0,0,1638.5,0,1,662.2,1,5,310.5
749001735,02300316,19.1,24.3,0,0,1226.5,1,1,360.9,0,0,1226.5,2,6,287.9,0,0,1614.5,1,1,360.9,2,5,287.9
749001738,02300316,3.7,32.3,0,0,1233.6,1,1,368.0,0,0,1233.6,2,6,296.9,0,0,1623.5,1,1,368.0,2,5,296.9
749001739,02300316,14.8,19.1,0,0,1189.0,1,1,323.4,0,0,1189.0,2,7,315.1,0,0,1641.7,1,1,323.4,2,6,315.1
749004642,02300316,41.9,36.3,0,0,1067.0,1,1,344.0,0,0,1067.0,1,6,344.0,0,0,1850.3,1,1,344.0,1,5,344.0
749004645,02300316,9.9,51.2,0,0,1131.1,1,1,317.0,0,0,1131.1,1,7,317.0,0,0,1816.1,1,1,317.0,1,6,317.0
749004646,02300316,20.6,42.2,0,0,1098.0,1,1,332.1,0,0,1098.0,1,6,332.1,0,0,1831.2,1,1,332.1,1,5,332.1
749008414,02300316,11.8,44.5,0,0,1251.9,1,1,386.3,0,0,1251.9,2,6,302.9,0,0,1629.5,1,1,386.3,2,5,302.9
749008415,02300316,15.6,45.5,0,0,1233.4,1,1,367.8,0,0,1233.4,2,6,323.4,0,0,1650.0,1,1,367.8,2,5,323.4
749008416,02300316,15.9,19.5,0,0,1204.8,1,1,339.2,0,0,1204.8,2,6,300.2,0,0,1626.8,1,1,339.2,2,5,300.2
749008417,02300316,15.8,21.6,0,0,1229.3,1,1,363.7,0,0,1229.3,2,6,279.8,0,0,1606.4,1,1,363.7,2,5,279.8
749008418,02300316,15.6,70.9,0,0,1292.1,0,1,426.5,0,0,1292.1,1,6,315.6,0,0,1642.1,0,1,426.5,1,5,315.6
750404866,02100105,17.0,14.7,0,0,inf,0,3,469.0,0,0,inf,2,7,339.0,0,0,inf,0,3,469.0,0,4,469.0
750407560,02100105,11.1,18.1,0,0,1969.3,0,3,432.1,0,0,inf,3,9,103.6,0,0,inf,0,3,432.1,1,5,398.1
750407562,02100105,6.5,43.2,0,0,inf,0,3,483.5,0,0,inf,1,9,190.9,0,0,inf,0,3,483.5,0,5,483.5
750407563,02100105,8.3,42.0,0,0,1988.7,0,3,451.6,0,0,inf,1,9,123.1,0,0,inf,0,3,451.6,0,5,417.5
758752060,02500729,25.7,44.8,0,1,527.8,0,1,527.8,1,3,287.7,0,1,527.8,0,0,1710.4,0,1,527.8,1,3,287.7
758752061,02500729,9.2,25.1,0,1,452.2,0,1,452.2,1,3,341.6,0,1,452.2,0,0,1634.8,0,1,452.2,1,3,341.6
760142662,02400522,71.2,17.6,0,0,1838.2,0,2,619.6,0,4,580.4,0,2,619.6,0,0,1867.5,0,2,619.6,0,4,580.4
760142663,02400522,14.8,15.9,0,0,1754.3,0,2,733.8,0,4,462.7,0,2,733.8,0,0,1887.1,0,2,733.8,0,4,462.7
760174797,02400522,25.1,16.6,0,0,1843.9,0,2,593.5,0,4,464.0,0,2,593.5,0,0,1843.9,0,2,593.5,0,4,464.0
760174798,02400522,37.4,21.7,0,0,1806.5,0,2,558.5,0,3,603.6,0,2,558.5,0,0,1806.5,0,2,558.5,0,3,558.5
760174799,02400522,19.0,39.5,0,0,1861.7,0,2,613.7,0,4,630.1,0,2,613.7,0,0,1861.7,0,2,613.7,0,4,613.7
760174800,02400522,18.9,39.4,0,0,1843.5,0,2,595.6,0,4,640.7,0,2,595.6,0,0,1843.5,0,2,595.6,0,4,595.6
760174801,02400522,11.2,46.8,0,0,1837.0,0,2,589.1,0,3,531.2,0,2,589.1,0,0,1837.0,0,2,589.1,0,3,531.2
760184008,02400623,22.5,9.1,0,0,853.1,0,0,822.1,0,0,1302.9,2,4,364.1,0,0,863.2,0,0,822.1,0,1,535.5
760188537,02400623,34.6,12.9,0,0,1225.2,1,1,340.2,0,0,920.1,1,4,340.2,0,0,1225.2,1,1,340.2,1,1,340.2
760188538,02400623,34.0,13.7,0,0,1170.2,1,2,377.8,0,0,945.7,1,5,377.8,0,0,1262.8,1,2,377.8,1,2,377.8
760188539,02400623,17.1,14.2,0,0,1157.1,1,2,391.9,0,0,932.5,1,6,391.9,0,0,1276.9,1,2,391.9,1,2,391.9
760188540,02400623,53.5,14.0,0,0,1104.0,0,2,445.9,0,0,939.7,0,6,426.6,0,0,1242.9,0,2,445.9,0,2,445.9
760188541,02400623,49.0,14.0,0,0,1077.2,0,2,495.3,0,0,974.3,1,6,377.2,0,0,1193.5,0,2,495.3,0,2,495.3
760188542,02400623,33.9,13.4,0,0,1188.2,1,2,359.2,0,0,939.1,1,5,359.2,0,0,1244.2,1,2,359.2,1,2,359.2
772466417,02500832,203.6,20.7,0,1,714.4,0,0,1003.0,1,5,206.8,2,6,206.8,0,1,714.4,0,1,714.4,2,8,206.8
778337837,02500836,54.0,27.2,0,0,967.9,0,0,inf,0,0,1177.2,1,3,306.5,0,0,1392.9,0,0,967.9,0,1,418.9
809554364,02200207,28.2,23.2,0,1,690.3,0,3,408.2,0,0,inf,1,4,332.5,0,0,1176.0,0,4,408.2,1,5,332.5
821799688,02200211,147.3,97.4,0,0,inf,0,0,1104.9,0,0,inf,0,2,557.6,0,0,inf,0,0,1104.9,0,2,557.6
821799695,02200211,4.2,104.2,0,0,inf,0,0,1022.8,0,0,inf,1,4,241.3,0,0,inf,0,0,1022.8,1,4,241.3
824866816,02400625,62.0,34.2,0,1,732.4,0,1,732.4,0,1,732.4,1,5,268.4,0,0,935.7,0,1,732.4,0,1,732.4
838233251,02100101,51.8,67.4,0,1,661.8,0,3,486.3,0,0,inf,1,4,304.0,0,0,1188.0,0,4,486.3,1,5,304.0
838233252,02100101,2.2,24.0,0,1,449.3,1,3,380.6,0,0,inf,2,5,91.5,0,0,1033.5,1,4,380.6,2,6,91.5
838233253,02100101,1.6,27.9,0,1,453.1,1,3,384.5,0,0,inf,2,5,95.3,0,0,1037.3,1,4,384.5,2,6,95.3
838482615,02100102,5.0,85.4,0,1,563.6,0,1,595.3,0,0,inf,1,8,190.3,0,0,1122.2,0,2,563.6,1,7,190.3
838482627,02100102,45.8,18.1,0,1,497.6,0,2,458.9,0,0,1968.7,1,9,54.0,0,0,985.9,0,3,458.9,1,8,54.0
838482629,02100102,10.3,7.2,0,0,822.1,1,4,377.2,0,0,1673.0,2,7,346.5,0,0,918.2,1,4,377.2,2,8,346.5
838482630,02100102,10.3,7.2,0,1,797.7,0,3,401.6,0,0,1697.4,1,8,322.0,0,0,893.8,0,4,401.6,1,8,322.0
838482631,02100102,10.3,7.2,0,1,773.3,0,3,426.0,0,0,1721.8,1,8,297.6,0,0,869.4,0,4,426.0,1,8,297.6
840869747,02100101,21.7,14.1,0,1,716.5,0,1,647.8,0,0,inf,1,5,369.9,0,0,1287.2,0,2,647.8,1,4,369.9
840869748,02100101,20.8,14.2,0,1,677.1,0,1,608.4,0,0,inf,1,7,330.6,0,0,1247.8,0,2,608.4,1,5,330.6
840869749,02100101,2.5,15.6,0,1,655.8,0,1,587.1,0,0,inf,1,7,309.3,0,0,1226.5,0,2,587.1,1,5,309.3
840869750,02100101,19.9,14.4,0,1,637.6,0,1,568.9,0,0,inf,2,8,291.0,0,0,1208.3,0,2,568.9,1,6,291.0
840869761,02100101,146.0,12.8,1,1,237.4,0,0,885.4,0,0,inf,1,6,237.4,0,0,885.4,1,1,237.4,1,5,237.4
857763805,02300418,11.5,15.1,0,0,inf,0,0,1159.3,0,0,inf,1,4,84.1,0,0,inf,0,0,1159.3,1,4,84.1
857918115,02300418,1.0,36.6,0,0,inf,0,0,923.9,0,0,inf,2,4,242.6,0,0,inf,0,0,923.9,2,4,242.6
857918117,02300418,17.8,66.1,0,0,inf,0,1,776.5,0,0,inf,1,5,378.7,0,0,inf,0,1,776.5,1,4,378.7
857918119,02300418,0.6,70.3,0,0,inf,0,0,936.9,0,0,inf,1,4,288.8,0,0,inf,0,0,936.9,1,4,288.8
857918120,02300418,5.0,52.5,0,0,inf,0,1,683.0,0,0,inf,1,5,362.1,0,0,inf,0,1,683.0,1,4,362.1
857918125,02300418,0.8,78.7,0,0,inf,0,0,946.8,0,0,inf,1,4,295.6,0,0,inf,0,0,946.8,1,4,295.6
860602388,02500832,183.0,42.2,0,0,878.6,0,0,1029.6,0,4,460.2,0,3,460.2,0,0,878.6,0,0,878.6,0,5,460.2
867018808,02100106,1.7,30.8,0,0,inf,0,2,668.0,0,0,inf,0,6,591.5,0,0,inf,0,2,668.0,0,3,668.0
867508502,02200213,13.7,13.8,0,0,inf,1,2,290.0,0,0,inf,2,10,290.0,0,0,inf,1,2,290.0,2,7,290.0
867508510,02200213,4.8,36.2,0,0,inf,1,2,286.0,0,0,inf,2,9,286.0,0,0,inf,1,2,286.0,2,6,286.0
867508511,02200213,2.4,24.8,0,0,inf,1,2,275.3,0,0,inf,2,9,275.3,0,0,inf,1,2,275.3,2,6,275.3
867544761,02200213,29.1,58.7,0,0,inf,0,2,470.5,0,0,inf,1,9,381.8,0,0,inf,0,2,470.5,1,7,381.8
867544762,02200213,0.6,70.5,0,0,inf,0,2,428.3,0,0,inf,1,8,339.7,0,0,inf,0,2,428.3,1,6,339.7
867544763,02200213,18.7,79.4,0,0,inf,0,2,590.5,0,0,inf,2,10,162.6,0,0,inf,0,2,590.5,2,8,162.6
867544764,02200213,17.5,22.8,0,0,inf,0,2,517.4,0,0,inf,2,11,122.6,0,0,inf,0,2,517.4,2,9,122.6
867544765,02200213,1.5,32.1,0,0,inf,0,2,468.8,0,0,inf,5,11,189.9,0,0,inf,0,2,468.8,3,9,189.9
867544766,02200213,18.3,24.7,0,0,inf,0,2,437.7,0,0,inf,5,10,178.1,0,0,inf,0,2,437.7,3,8,178.1
867544769,02200213,19.1,23.3,0,0,inf,1,2,396.0,0,0,inf,5,10,136.4,0,0,inf,1,2,396.0,4,8,136.4
867544770,02200213,7.6,55.2,0,0,inf,0,2,407.1,0,0,inf,5,10,147.5,0,0,inf,0,2,407.1,3,8,147.5
867544771,02200213,10.5,40.0,0,0,inf,1,2,379.6,0,0,inf,5,10,120.0,0,0,inf,1,2,379.6,4,8,120.0
867544772,02200213,14.4,44.4,0,0,inf,0,2,404.9,0,0,inf,5,10,145.3,0,0,inf,0,2,404.9,3,8,145.3
867544773,02200213,7.2,40.1,0,0,inf,1,2,374.2,0,0,inf,5,10,114.6,0,0,inf,1,2,374.2,4,8,114.6
867544774,02200213,4.0,39.6,0,0,inf,1,2,351.9,0,0,inf,5,10,92.3,0,0,inf,1,2,351.9,4,8,92.3
867544779,02200213,4.9,38.5,0,0,inf,1,2,359.0,0,0,inf,4,9,231.5,0,0,inf,1,2,359.0,3,7,231.5
867544780,02200213,8.9,41.1,0,0,inf,1,2,379.4,0,0,inf,4,9,251.9,0,0,inf,1,2,379.4,3,7,251.9
867544782,02200213,4.3,38.5,0,0,inf,1,2,383.3,0,0,inf,4,9,255.8,0,0,inf,1,2,383.3,3,7,255.8
867544783,02200213,6.6,48.3,0,0,inf,1,2,394.4,0,0,inf,4,9,266.9,0,0,inf,1,2,394.4,3,7,266.9
867544785,02200213,28.2,54.7,0,0,inf,0,2,422.5,0,0,inf,4,9,295.0,0,0,inf,0,2,422.5,2,7,295.0
867544786,02200213,20.7,23.7,0,0,inf,0,2,411.5,0,0,inf,4,9,284.0,0,0,inf,0,2,411.5,2,7,284.0
867544787,02200213,1.7,39.7,0,0,inf,0,2,441.8,0,0,inf,4,8,314.4,0,0,inf,0,2,441.8,2,7,314.4
867544788,02200213,42.1,26.4,0,0,inf,0,2,437.5,0,0,inf,4,8,312.6,0,0,inf,0,2,437.5,2,7,312.6
867544789,02200213,10.8,40.8,0,0,inf,0,2,425.0,0,0,inf,3,10,354.0,0,0,inf,0,2,425.0,2,7,354.0
867544790,02200213,17.7,59.8,0,0,inf,0,2,451.7,0,0,inf,2,8,365.2,0,0,inf,0,2,451.7,2,7,365.2
867544791,02200213,9.3,44.0,0,0,inf,0,2,422.4,0,0,inf,3,10,363.0,0,0,inf,0,2,422.4,2,7,363.0
867544792,02200213,10.4,44.1,0,0,inf,0,2,401.6,0,0,inf,1,11,383.9,0,0,inf,0,2,401.6,1,8,383.9
867544793,02200213,1.8,23.9,0,0,inf,1,2,375.5,0,0,inf,1,11,375.5,0,0,inf,1,2,375.5,1,8,375.5
867544795,02200213,1.2,30.3,0,0,inf,1,2,379.1,0,0,inf,1,11,379.1,0,0,inf,1,2,379.1,1,8,379.1
867544796,02200213,21.1,43.1,0,0,inf,0,2,403.3,0,0,inf,0,10,403.3,0,0,inf,0,2,403.3,0,7,403.3
867544797,02200213,7.9,33.3,0,0,inf,1,2,399.0,0,0,inf,1,10,399.0,0,0,inf,1,2,399.0,1,7,399.0
867544798,02200213,6.6,30.2,0,0,inf,0,2,416.3,0,0,inf,1,10,327.7,0,0,inf,0,2,416.3,1,7,327.7
867544799,02200213,10.0,59.8,0,0,inf,0,2,435.8,0,0,inf,1,8,347.1,0,0,inf,0,2,435.8,1,6,347.1
867544800,02200213,2.8,73.3,0,0,inf,0,2,452.6,0,0,inf,1,8,363.9,0,0,inf,0,2,452.6,1,6,363.9
867544801,02200213,0.7,50.8,0,0,inf,0,2,430.7,0,0,inf,1,9,342.0,0,0,inf,0,2,430.7,1,7,342.0
867544803,02200213,4.9,39.2,0,0,inf,0,2,415.2,0,0,inf,1,10,326.6,0,0,inf,0,2,415.2,1,7,326.6
867544805,02200213,0.6,28.8,0,0,inf,1,2,386.3,0,0,inf,2,10,297.6,0,0,inf,1,2,386.3,2,7,297.6
867544806,02200213,12.6,39.6,0,0,inf,0,2,402.1,0,0,inf,1,9,313.4,0,0,inf,0,2,402.1,1,6,313.4
867544807,02200213,12.3,39.6,0,0,inf,1,2,388.1,0,0,inf,2,9,299.5,0,0,inf,1,2,388.1,2,6,299.5
867544810,02200213,10.4,39.5,0,0,inf,1,2,377.8,0,0,inf,2,9,289.1,0,0,inf,1,2,377.8,2,6,289.1
867544811,02200213,18.2,15.9,0,0,inf,1,2,349.5,0,0,inf,2,9,260.8,0,0,inf,1,2,349.5,2,6,260.8
867544812,02200213,10.1,32.9,0,0,inf,1,2,347.4,0,0,inf,2,9,258.8,0,0,inf,1,2,347.4,2,6,258.8
867544813,02200213,16.1,20.0,0,0,inf,1,2,364.5,0,0,inf,2,10,151.8,0,0,inf,1,2,364.5,2,7,151.8
867544814,02200213,16.0,19.2,0,0,inf,1,2,378.1,0,0,inf,2,10,136.6,0,0,inf,1,2,378.1,2,7,136.6
867544816,02200213,1.5,76.7,0,0,inf,0,2,492.9,0,0,inf,0,9,409.6,0,0,inf,0,2,492.9,0,7,409.6
867544817,02200213,4.3,68.6,0,0,inf,0,2,481.8,0,0,inf,1,9,393.2,0,0,inf,0,2,481.8,1,7,393.2
867544818,02200213,1.9,72.1,0,0,inf,0,2,602.1,0,0,inf,2,10,130.8,0,0,inf,0,2,602.1,2,8,130.8
867544819,02200213,16.1,69.1,0,0,inf,0,2,578.3,0,0,inf,2,10,106.9,0,0,inf,0,2,578.3,2,8,106.9
867544820,02200213,3.2,79.1,0,0,inf,0,2,576.3,0,0,inf,2,10,105.0,0,0,inf,0,2,576.3,2,8,105.0
867544821,02200213,9.6,60.7,0,0,inf,0,2,578.4,0,0,inf,2,10,107.1,0,0,inf,0,2,578.4,2,8,107.1
867544824,02200213,6.6,43.4,0,0,inf,0,2,425.1,0,0,inf,1,10,137.9,0,0,inf,0,2,425.1,1,7,137.9
867544825,02200213,3.4,32.7,0,0,inf,0,2,414.3,0,0,inf,1,10,127.4,0,0,inf,0,2,414.3,1,7,127.4
867544827,02200213,16.0,19.3,0,0,inf,1,2,352.1,0,0,inf,2,10,162.6,0,0,inf,1,2,352.1,2,7,162.6
867799828,02200212,43.8,61.9,0,0,inf,0,2,547.1,0,0,inf,2,11,215.8,0,0,inf,0,2,547.1,1,8,238.5
868839011,02200212,1.0,95.4,0,0,inf,0,2,559.3,0,0,inf,2,10,225.9,0,0,inf,0,2,559.3,2,8,225.9
868839012,02200212,11.0,63.2,0,0,inf,0,2,474.4,0,0,inf,5,10,214.8,0,0,inf,0,2,474.4,3,8,214.8
868839013,02200212,28.7,82.0,0,0,inf,0,2,441.3,0,0,inf,5,10,181.7,0,0,inf,0,2,441.3,3,8,181.7
868839015,02200212,38.5,85.4,0,0,inf,0,2,474.0,0,0,inf,5,10,214.4,0,0,inf,0,2,474.0,3,8,214.4
868839016,02200212,1.9,99.0,0,0,inf,1,1,321.1,0,0,inf,2,8,259.9,0,0,inf,1,1,321.1,1,5,321.1
868839021,02200212,13.4,72.9,0,0,inf,0,2,532.3,0,0,inf,2,10,200.9,0,0,inf,0,2,532.3,1,7,275.3
868839022,02200212,18.6,17.9,0,0,inf,0,2,489.2,0,0,inf,2,11,157.9,0,0,inf,0,2,489.2,1,8,208.4
868839023,02200212,18.0,17.9,0,0,inf,0,2,528.8,0,0,inf,2,11,168.8,0,0,inf,0,2,528.8,1,8,168.8
868839024,02200212,21.7,17.6,0,0,inf,0,2,545.4,0,0,inf,2,11,151.5,0,0,inf,0,2,545.4,1,8,151.5
868839027,02200212,24.8,44.3,0,0,inf,1,1,360.8,0,0,inf,2,9,110.9,0,0,inf,1,1,360.8,2,6,360.8
868839028,02200212,12.7,49.1,0,0,inf,0,2,472.8,0,0,inf,2,10,141.5,0,0,inf,0,2,472.8,1,7,287.3
868839029,02200212,8.2,59.0,0,0,inf,0,2,480.2,0,0,inf,2,10,148.9,0,0,inf,0,2,480.2,1,7,299.5
868839030,02200212,0.9,67.0,0,0,inf,1,1,356.4,0,0,inf,1,9,160.8,0,0,inf,1,1,356.4,1,6,356.4
868839031,02200212,29.0,44.5,0,0,inf,1,1,342.7,0,0,inf,1,9,129.4,0,0,inf,1,1,342.7,1,6,342.7
868839032,02200212,29.4,17.5,0,0,inf,0,2,445.6,0,0,inf,2,10,114.2,0,0,inf,0,2,445.6,1,7,251.2
868858792,02200212,1.2,42.7,0,0,inf,0,2,493.4,0,0,inf,3,11,186.3,0,0,inf,0,2,493.4,3,9,186.3
870816840,02500834,28.9,15.5,0,1,774.3,0,1,774.3,3,10,127.8,0,7,436.2,0,0,1399.7,0,1,774.3,3,11,127.8
870854137,02500834,13.5,42.8,0,0,892.4,0,0,892.4,2,8,189.3,0,4,454.0,0,0,1325.2,0,0,892.4,2,9,189.3
877635923,02100102,95.4,13.1,0,1,632.7,0,2,639.3,0,0,inf,2,9,205.6,0,0,1316.4,0,3,632.7,1,7,335.0
878929778,02200211,5.4,112.9,0,0,inf,0,0,987.3,0,0,inf,0,4,440.1,0,0,inf,0,0,987.3,0,4,440.1
882383618,02400520,308.8,23.8,0,0,1081.1,0,0,1026.2,1,4,246.0,1,4,246.0,0,0,inf,0,0,1026.2,1,4,246.0
890990903,02500726,58.4,24.9,0,0,1168.5,0,0,884.0,0,4,504.0,0,0,884.0,0,0,inf,0,0,884.0,0,1,623.3
891031143,02400521,82.6,25.4,0,0,1206.8,0,0,1178.4,3,5,127.8,0,3,539.0,0,0,inf,0,0,1178.4,3,5,127.8
908066608,02500835,94.8,26.7,0,0,1044.6,0,0,1350.7,0,0,1247.9,1,5,274.7,0,0,1069.1,0,0,1044.6,0,2,435.2
908066609,02500835,106.4,16.7,0,0,1111.4,0,0,1266.9,0,0,1164.1,2,4,190.8,0,0,1147.5,0,0,1111.4,0,1,565.2
909116171,02400521,39.4,14.8,0,0,1380.6,0,0,1073.7,2,5,99.0,0,3,527.7,0,0,1948.5,0,0,1073.7,2,5,99.0
951429515,02500728,185.3,3.9,0,0,819.0,0,1,406.0,0,3,656.0,0,1,406.0,0,0,1788.5,0,1,406.0,0,2,406.0
951429516,02500728,23.7,28.8,0,0,894.7,0,1,402.2,0,2,652.3,0,1,402.2,0,0,1864.2,0,1,402.2,0,1,402.2
958957743,02100103,5.4,28.2,0,0,1485.3,0,0,883.6,0,0,inf,1,6,327.1,0,0,inf,0,0,883.6,1,6,327.1
958957744,02100103,8.6,29.0,0,0,1518.4,0,0,881.2,0,0,inf,0,4,473.4,0,0,inf,0,0,881.2,0,4,473.4
958957745,02100103,10.1,9.5,0,0,1484.5,0,0,847.2,0,0,inf,0,4,439.5,0,0,inf,0,0,847.2,0,4,439.5
958957746,02100103,10.4,9.4,0,0,1466.3,0,0,829.1,0,0,inf,0,5,421.3,0,0,inf,0,0,829.1,0,4,421.3
958957747,02100103,14.1,8.9,0,0,1524.4,0,0,887.1,0,0,inf,0,4,479.4,0,0,inf,0,0,887.1,0,4,479.4
960596265,02200207,36.7,23.7,0,0,1093.8,0,3,570.5,0,0,inf,0,5,606.5,0,0,1401.4,0,3,570.5,0,6,570.5
960596266,02200207,40.5,24.2,0,0,1119.3,0,3,595.9,0,0,inf,0,5,631.9,0,0,1426.8,0,3,595.9,0,6,595.9
960596267,02200207,41.8,19.2,0,0,1142.6,0,3,619.2,0,0,inf,0,5,655.2,0,0,1450.1,0,3,619.2,0,6,619.2
960596268,02200207,39.8,22.3,0,0,1215.3,0,2,691.9,0,0,inf,0,3,727.9,0,0,1522.8,0,2,691.9,0,4,691.9
961865619,02100106,6.6,37.5,0,0,inf,1,1,381.8,0,0,inf,2,6,328.5,0,0,inf,1,1,381.8,1,4,381.8
961865628,02100106,9.6,19.9,0,0,1874.5,1,1,183.9,0,0,inf,1,5,183.9,0,0,inf,1,1,183.9,1,3,183.9
963497410,02400623,13.8,4.9,0,1,544.5,0,0,1028.9,0,0,1717.0,3,11,280.2,0,1,544.5,0,1,544.5,2,6,280.2
968152445,02500835,82.7,15.1,0,0,1078.4,0,0,1256.3,0,0,1153.4,2,4,121.7,0,0,1078.4,0,0,1078.4,0,1,496.1
968170066,02500834,20.8,21.3,1,1,248.2,0,0,1300.2,0,2,594.3,2,5,248.2,1,1,248.2,1,1,248.2,2,5,248.2
968170067,02500834,72.5,23.0,1,1,275.2,0,0,1276.4,0,2,570.5,2,4,235.3,1,1,275.2,1,1,275.2,2,4,235.3
968170068,02500834,20.8,17.5,1,1,252.6,0,0,1332.8,0,2,554.3,2,4,252.6,1,1,252.6,1,1,252.6,2,5,252.6
968170069,02500834,39.9,26.4,1,1,288.6,0,0,1314.5,0,2,536.0,1,3,288.6,1,1,288.6,1,1,288.6,1,4,288.6
968170070,02500834,27.0,47.2,1,1,285.5,0,0,1359.3,0,2,580.8,1,3,285.5,1,1,285.5,1,1,285.5,1,4,285.5
968170071,02500834,26.4,17.9,1,1,387.3,0,0,1154.1,0,2,448.3,2,4,113.1,1,1,387.3,1,1,387.3,2,4,113.1
968170072,02500834,26.2,19.0,0,1,481.1,0,0,1152.9,1,4,356.7,2,5,21.4,0,1,481.1,0,1,481.1,2,6,21.4
968170073,02500834,31.0,19.3,1,1,343.4,0,0,1200.9,0,2,495.0,2,4,159.8,1,1,343.4,1,1,343.4,2,4,159.8
968170074,02500834,35.6,15.3,1,1,374.2,0,0,1235.1,0,3,450.0,2,4,334.6,1,1,374.2,1,1,374.2,2,5,334.6
968170079,02500834,21.1,14.8,0,1,416.2,0,0,1203.2,0,3,406.9,1,4,291.6,0,1,416.2,0,1,416.2,1,5,291.6
968170080,02500834,20.2,45.7,0,1,447.1,0,0,1234.2,0,3,438.0,1,4,322.6,0,1,447.1,0,1,447.1,1,5,322.6
968170081,02500834,18.4,55.0,0,1,583.5,0,0,1245.4,0,1,449.2,1,3,333.8,0,1,583.5,0,1,583.5,1,3,333.8
968170082,02500834,8.8,68.1,1,1,336.4,0,0,1350.1,0,2,571.6,1,3,336.4,1,1,336.4,1,1,336.4,1,4,336.4
968170086,02500834,36.1,16.4,0,1,519.1,0,0,1103.5,1,5,307.3,2,5,191.9,0,1,519.1,0,1,519.1,2,7,191.9
968170087,02500834,48.0,21.4,0,1,558.1,0,0,1074.5,1,5,278.3,2,5,162.9,0,1,558.1,0,1,558.1,2,7,162.9
968170088,02500834,43.7,36.5,0,1,537.5,0,0,1131.6,1,5,335.4,2,5,73.5,0,1,537.5,0,1,537.5,2,7,73.5
968170094,02500834,33.2,17.7,1,1,216.4,0,0,1324.7,0,2,618.8,2,5,216.4,1,1,216.4,1,1,216.4,2,5,216.4
968170095,02500831,45.7,18.5,0,0,864.9,0,0,835.7,2,5,97.3,1,4,97.3,0,0,864.9,0,0,835.7,2,7,97.3
973547510,02300417,29.9,19.0,0,0,inf,1,3,372.7,0,0,inf,3,12,240.9,0,0,inf,1,3,372.7,2,6,343.7
975369638,02500836,97.3,18.3,0,1,710.1,0,0,inf,0,0,1543.2,1,7,216.7,0,0,1325.6,0,1,710.1,1,5,216.7
983632623,02300418,3.1,18.2,0,0,inf,0,1,596.7,0,0,inf,2,5,275.7,0,0,inf,0,1,596.7,2,4,275.7
1004144658,02100102,25.8,19.6,0,0,1018.8,0,2,533.5,0,0,inf,2,9,210.6,0,0,1702.5,0,2,533.5,1,7,210.6
1004144706,02100102,43.0,22.6,0,0,1054.5,0,2,456.6,0,0,inf,2,9,198.8,0,0,1738.2,0,2,456.6,1,7,198.8
1008967383,02500835,17.4,18.4,0,1,668.6,0,0,1710.1,0,0,1476.2,2,10,365.1,0,0,1072.7,0,1,668.6,2,6,365.1
1009562080,02500832,3.2,50.7,0,1,562.3,0,0,1135.2,1,5,339.0,2,5,98.3,0,1,562.3,0,1,562.3,2,7,98.3
1009890791,02500729,3.3,41.0,1,1,347.3,1,2,347.3,3,4,347.3,1,2,347.3,0,0,1550.7,1,2,347.3,3,5,347.3
1009890792,02500729,19.4,29.9,1,1,336.9,1,2,336.9,3,4,336.9,1,2,336.9,0,0,1540.3,1,2,336.9,3,5,336.9
1009890793,02500729,98.2,28.0,1,1,302.2,1,2,302.2,2,4,302.2,1,2,302.2,0,0,1505.6,1,2,302.2,2,5,302.2
1009890794,02500729,1.2,44.9,1,1,355.1,1,2,355.1,3,4,355.1,1,2,355.1,0,0,1558.6,1,2,355.1,3,5,355.1
1009890795,02500729,82.5,50.9,1,1,359.0,1,2,359.0,3,4,359.0,1,2,359.0,0,0,1562.5,1,2,359.0,3,5,359.0
1009890796,02500729,96.7,12.2,0,1,459.2,0,2,448.9,1,5,304.0,0,3,448.9,0,0,1520.0,0,2,448.9,1,6,304.0
1009890797,02500729,15.9,12.1,0,1,487.7,0,2,477.4,1,4,332.4,0,3,477.4,0,0,1548.5,0,2,477.4,1,5,332.4
1009890798,02500729,40.0,16.1,0,1,498.0,0,2,487.7,1,4,342.7,0,3,487.7,0,0,1558.8,0,2,487.7,1,5,342.7
1009902936,02500727,44.2,31.1,0,0,1499.8,0,1,718.2,2,6,244.4,0,1,718.2,0,0,inf,0,1,718.2,0,2,592.3
1013565637,02400520,19.8,121.4,0,0,1221.3,0,0,1492.3,1,4,174.1,0,1,553.5,0,0,inf,0,0,1221.3,1,4,174.1
1013565639,02400520,9.5,100.4,0,0,960.3,0,0,1540.3,3,7,189.1,1,2,189.1,0,0,inf,0,0,960.3,3,7,189.1
1013565640,02400520,10.3,129.2,0,0,998.2,0,0,1590.9,3,6,239.7,1,2,239.7,0,0,inf,0,0,998.2,3,6,239.7
1013565642,02400520,15.9,109.2,0,0,970.3,0,0,1578.9,3,6,227.7,1,2,227.7,0,0,inf,0,0,970.3,3,6,227.7
1014612184,02400522,6.3,19.8,0,0,1575.5,1,1,307.2,1,4,307.2,1,2,307.2,0,0,inf,1,1,307.2,1,3,307.2
1015024881,02400521,133.8,21.8,0,0,1577.8,0,0,897.3,1,4,296.1,0,2,425.5,0,0,1765.4,0,0,897.3,1,4,296.1
1018369445,02200207,191.4,41.6,0,0,1122.3,0,2,619.0,0,0,inf,0,3,619.0,0,0,1742.3,0,2,619.0,0,3,619.0
1022361414,02100106,64.5,60.3,0,0,1798.8,1,2,340.4,0,0,inf,1,6,340.4,0,0,inf,1,2,340.4,1,5,340.4
1023946622,02500835,52.1,18.9,0,1,663.4,0,0,1541.4,0,0,1067.0,0,4,465.7,0,1,663.4,0,1,663.4,0,2,465.7
1026064789,02500729,0.8,25.6,1,1,319.7,1,2,319.7,1,4,319.7,1,2,319.7,0,0,1683.9,1,2,319.7,1,5,319.7
1051019458,02200213,3.4,8.5,0,0,inf,0,0,886.8,0,0,inf,0,5,424.2,0,0,inf,0,0,886.8,0,4,424.2
1057698329,02400522,22.5,33.5,0,0,1512.8,1,1,244.5,3,7,244.5,1,2,244.5,0,0,inf,1,1,244.5,2,4,244.5
1059174557,02400625,104.3,16.5,0,1,752.5,0,0,1011.9,0,0,1011.9,2,5,213.6,0,1,752.5,0,1,752.5,0,2,752.5
1061983000,02200207,101.6,34.4,0,0,1152.8,0,3,649.6,0,0,inf,0,4,649.6,0,0,1537.0,0,3,649.6,0,5,649.6
1062576514,02500726,44.3,22.0,0,0,877.5,0,0,1204.4,3,6,331.3,1,1,331.3,0,0,inf,0,0,877.5,3,6,331.3
1063629740,02500832,135.7,44.5,0,1,674.8,0,0,919.9,0,4,563.0,1,4,306.9,0,1,674.8,0,1,674.8,1,6,306.9
1063629741,02500832,21.7,35.1,0,1,757.1,0,0,904.4,0,3,607.9,1,3,389.3,0,1,757.1,0,1,757.1,1,5,389.3
1063629742,02500832,49.2,20.7,0,1,673.8,0,0,873.3,0,4,562.0,1,4,305.9,0,1,673.8,0,1,673.8,1,6,305.9
1063629743,02500832,22.1,15.6,0,1,768.6,0,0,821.4,0,3,525.0,0,3,400.7,0,1,768.6,0,1,768.6,0,5,400.7
1063629744,02500832,28.7,16.1,0,0,800.1,0,0,852.9,0,3,556.4,0,2,432.2,0,0,800.1,0,0,800.1,0,4,432.2
1063629745,02500834,27.4,17.3,0,1,552.9,0,0,1032.1,1,5,253.6,1,5,253.6,0,1,552.9,0,1,552.9,1,8,253.6
1065996436,02400522,22.9,18.9,0,0,1451.3,0,0,953.7,0,5,649.2,0,1,783.6,0,0,1915.7,0,0,953.7,0,5,649.2
1076984783,02500727,9.2,14.8,0,0,1507.6,0,1,477.3,1,5,313.0,0,1,477.3,0,0,inf,0,1,477.3,0,2,469.4
1076985984,02500728,23.8,20.9,0,0,1181.7,0,2,516.8,0,6,417.8,0,3,516.8,0,0,inf,0,2,516.8,0,3,516.8
1077963263,02100105,9.6,25.2,0,0,inf,1,3,321.3,0,0,inf,2,9,201.5,0,0,inf,1,3,321.3,1,5,321.3
1078121136,02300314,25.8,44.0,0,0,1620.9,0,1,693.9,0,0,inf,4,10,226.7,0,0,1620.9,0,1,693.9,1,4,398.6
1078542049,02500835,59.1,26.9,0,0,1019.2,0,0,1019.2,0,0,1019.2,1,4,369.9,0,0,1773.2,0,0,1019.2,0,0,1019.2
1081415907,02500835,24.4,19.0,0,1,767.0,0,0,1654.4,0,0,1170.5,2,6,68.1,0,1,767.0,0,1,767.0,1,4,68.1
1081415918,02500835,40.7,21.2,0,1,753.3,0,0,1651.6,0,0,1290.9,1,7,188.5,0,0,887.3,0,1,753.3,1,4,188.5
1081415956,02500835,9.4,57.2,0,0,880.8,0,0,1575.5,0,0,1472.7,0,6,429.0,0,0,1110.6,0,0,880.8,0,3,476.6
1081415957,02500835,10.7,70.8,0,1,773.6,0,0,1709.8,0,0,1581.2,0,8,470.1,0,0,1177.7,0,1,773.6,0,4,470.1
1081630231,02500835,44.2,15.3,0,1,720.8,0,1,720.8,0,1,720.8,0,6,446.4,0,0,1681.5,0,1,720.8,0,1,720.8
1081630232,02500835,23.7,38.1,0,0,809.9,0,0,809.9,0,0,809.9,0,4,535.5,0,0,1770.5,0,0,809.9,0,0,809.9
1081630233,02500835,22.4,38.2,0,1,793.7,0,1,793.7,0,1,793.7,0,5,519.4,0,0,1754.4,0,1,793.7,0,1,793.7
1081630234,02500835,43.3,15.8,0,1,740.0,0,1,740.0,0,1,740.0,0,5,465.6,0,0,1700.7,0,1,740.0,0,1,740.0
1081630235,02500835,44.2,18.8,0,0,888.2,0,0,888.2,0,0,888.2,2,5,265.0,0,0,1642.2,0,0,888.2,0,0,888.2
1081630236,02500835,48.3,17.2,0,0,849.7,0,0,849.7,0,0,849.7,3,5,300.4,0,0,1603.7,0,0,849.7,0,0,849.7
1081630237,02500835,43.6,17.7,0,0,815.2,0,0,815.2,0,0,815.2,3,5,334.9,0,0,1569.2,0,0,815.2,0,0,815.2
1081630238,02500835,42.8,17.2,0,1,778.6,0,1,778.6,0,1,778.6,2,6,298.3,0,0,1532.6,0,1,778.6,0,1,778.6
1081630239,02500835,22.0,16.6,0,1,767.3,0,1,767.3,0,1,767.3,2,6,287.0,0,0,1521.3,0,1,767.3,0,1,767.3
1081630240,02500835,21.0,15.0,0,1,659.3,0,1,659.3,0,1,659.3,2,6,384.9,0,0,1620.0,0,1,659.3,0,1,659.3
1081630241,02500835,43.3,22.5,0,1,674.4,0,1,674.4,0,1,674.4,1,6,303.3,0,0,1537.6,0,1,674.4,0,1,674.4
1081630242,02500835,48.7,15.8,0,1,742.2,0,1,742.2,0,1,742.2,2,6,261.9,0,0,1496.1,0,1,742.2,0,1,742.2
1082326597,02500834,139.8,18.3,0,0,897.9,0,0,897.9,0,7,404.8,0,4,643.8,0,0,1033.3,0,0,897.9,0,8,404.8
1082327473,02400623,301.3,14.0,0,2,772.1,0,1,794.3,0,0,1432.6,0,6,414.9,0,1,772.1,0,2,772.1,0,3,444.4
1083599617,02200210,2.9,55.2,0,0,1896.9,0,1,487.9,0,0,inf,2,8,365.2,0,0,inf,0,1,487.9,2,6,365.2
1084094021,02200211,4.5,113.8,0,0,inf,0,0,1061.2,0,0,inf,0,2,422.5,0,0,inf,0,0,1061.2,0,2,422.5
1084094026,02200211,4.4,124.4,0,0,inf,0,0,1071.8,0,0,inf,0,2,433.1,0,0,inf,0,0,1071.8,0,2,433.1
1084094027,02200211,3.9,172.3,0,0,inf,0,0,1119.7,0,0,inf,0,2,481.0,0,0,inf,0,0,1119.7,0,2,481.0
1084094029,02200211,3.0,111.8,0,0,inf,1,1,267.8,0,0,inf,1,3,267.8,0,0,inf,1,1,267.8,1,2,267.8
1084099271,02200211,3.0,106.3,0,0,inf,0,0,1088.2,0,0,inf,0,2,496.1,0,0,inf,0,0,1088.2,0,2,496.1
1091202101,02500836,29.4,18.0,0,0,1012.9,0,0,inf,0,0,1727.6,2,5,333.5,0,0,1628.3,0,0,1012.9,1,3,333.5
1092845475,02100104,24.0,70.1,0,0,1692.8,1,2,262.9,0,0,inf,2,8,262.9,0,0,inf,1,2,262.9,2,5,262.9
1093772460,02500830,63.0,17.1,0,0,1341.7,0,2,546.2,1,9,183.2,2,7,279.4,0,0,1489.0,0,2,546.2,2,11,279.4
1094068463,02500835,7.6,49.1,0,0,1228.7,0,0,1228.7,0,0,1125.9,2,5,297.1,0,0,1299.9,0,0,1228.7,0,1,717.6
1094667967,02400522,19.1,14.0,0,0,1672.3,0,1,723.0,0,1,687.5,0,1,723.0,0,0,1685.0,0,1,723.0,0,2,687.5
1094667968,02400522,17.7,14.8,0,0,1653.3,0,1,743.7,0,1,706.4,0,1,743.7,0,0,1705.7,0,1,743.7,0,2,706.4
1094667969,02400522,17.1,14.7,0,0,1638.2,0,1,758.7,0,1,701.5,0,1,758.7,0,0,1720.7,0,1,758.7,0,2,701.5
1094667970,02400522,20.9,14.8,0,0,1617.3,0,1,779.6,0,1,690.3,0,1,779.6,0,0,1741.7,0,1,779.6,0,2,690.3
1094667971,02400522,28.4,16.5,0,0,1599.9,0,0,800.5,0,2,711.2,0,0,800.5,0,0,1762.5,0,0,800.5,0,2,711.2
1094667972,02400522,26.8,16.5,0,0,1578.8,0,0,821.5,0,2,728.0,0,0,821.5,0,0,1783.5,0,0,821.5,0,2,728.0
1094667973,02400522,23.7,15.3,0,0,1557.2,0,0,840.6,0,2,706.4,0,0,840.6,0,0,1802.6,0,0,840.6,0,2,706.4
1094667974,02400522,21.2,17.3,0,0,1533.5,0,0,868.5,0,2,682.7,0,0,865.8,0,0,1830.5,0,0,868.5,0,2,682.7
1094667975,02400522,25.3,39.7,0,0,1515.3,0,0,932.5,0,3,686.8,0,0,847.6,0,0,1894.5,0,0,932.5,0,3,686.8
1095119771,02300314,3.9,26.3,0,0,1641.8,0,2,541.3,0,0,inf,1,13,191.2,0,0,1877.3,0,2,541.3,1,5,191.2
1095119772,02100104,3.4,32.0,0,0,1658.3,1,2,314.4,0,0,inf,2,12,156.3,0,0,inf,1,2,314.4,2,6,156.3
1099850173,02100101,229.6,73.5,0,1,424.7,0,2,533.3,0,0,inf,1,4,216.9,0,0,1009.0,0,3,424.7,1,5,216.9
1105132602,02100103,31.2,16.1,0,0,1296.4,0,1,620.4,0,0,inf,2,7,183.4,0,0,1980.0,0,1,620.4,2,5,183.4
1108005590,02100101,8.0,36.3,1,2,311.0,1,2,311.0,0,0,inf,2,9,250.6,1,1,311.0,1,3,311.0,2,9,250.6
1110602669,02400623,43.6,39.3,0,1,765.3,0,0,907.2,0,0,1699.0,0,5,501.0,0,1,765.3,0,1,765.3,0,3,501.0
1111880602,02500836,98.3,54.1,0,0,1054.2,0,0,inf,0,0,1769.0,2,5,374.9,0,0,1669.7,0,0,1054.2,1,3,374.9
1111880603,02500836,51.0,24.7,0,0,1121.3,0,0,inf,0,0,1598.3,2,5,52.3,0,0,1736.8,0,0,1121.3,0,3,477.9
1118591483,02200213,1.1,19.7,0,0,inf,0,1,624.0,0,0,inf,3,9,100.9,0,0,inf,0,1,624.0,3,7,100.9
1132425894,02500835,7.0,14.4,0,0,1004.6,0,0,1409.5,0,0,1306.7,1,6,333.5,0,0,1290.1,0,0,1004.6,0,2,701.0
1133623166,02400522,39.5,41.4,0,0,1396.1,0,0,1054.0,0,5,594.0,0,1,728.3,0,0,inf,0,0,1054.0,0,5,594.0
1136272468,02100104,13.1,38.9,0,0,1870.0,0,2,440.1,0,0,inf,0,7,422.4,0,0,inf,0,2,440.1,0,4,440.1
1145129012,02400521,17.6,17.7,0,0,1286.8,1,2,307.5,0,2,565.1,1,5,307.5,0,0,1525.0,1,2,307.5,1,4,307.5
1145129013,02400521,25.5,18.4,0,0,1277.8,1,2,363.9,0,2,506.9,1,5,363.9,0,0,1581.4,1,2,363.9,1,4,363.9
1146021637,02400624,22.9,14.9,0,1,748.5,0,1,748.5,0,4,497.7,2,4,268.9,0,0,1224.8,0,1,748.5,0,5,497.7
1146825568,02300316,0.8,14.7,0,0,1446.3,0,1,774.8,0,0,1757.4,4,11,219.1,0,0,1446.3,0,1,774.8,4,7,219.1
1147413308,02100104,24.0,10.2,0,0,1702.6,1,1,229.7,0,0,inf,2,8,224.2,0,0,inf,1,1,229.7,2,5,224.2
1147413309,02100104,32.5,10.5,0,0,1730.7,1,1,257.8,0,0,inf,2,7,224.9,0,0,inf,1,1,257.8,2,5,224.9
1147413310,02100104,72.5,11.2,0,0,1751.4,1,1,289.7,0,0,inf,2,7,194.5,0,0,inf,1,1,289.7,2,5,194.5
1147413311,02100104,4.4,8.7,0,0,1661.3,1,1,355.2,0,0,inf,2,6,324.3,0,0,inf,1,1,355.2,2,4,324.3
1148157267,02100101,39.4,18.0,0,1,598.3,0,1,529.9,0,0,inf,1,6,351.1,0,0,1282.0,0,2,529.9,1,4,351.1
1148157268,02100101,49.8,16.8,0,1,691.5,0,2,527.8,0,0,inf,1,6,321.5,0,0,1375.2,0,3,527.8,1,4,321.5
1148157269,02100101,44.1,13.4,0,1,667.0,0,2,545.5,0,0,inf,1,6,297.0,0,0,1350.7,0,3,545.5,1,4,297.0
1148323157,02500835,5.1,7.9,0,1,612.8,0,0,1694.0,0,0,1016.4,1,4,282.2,0,1,612.8,0,1,612.8,1,2,282.2
1157218822,02200211,1.8,59.6,0,0,1836.0,0,2,546.6,0,0,inf,0,7,422.2,0,0,inf,0,2,546.6,0,5,432.2
1159409081,02400521,57.7,15.7,0,0,1554.7,0,0,975.8,1,4,273.1,0,2,446.9,0,0,1865.4,0,0,975.8,1,4,273.1
1163929574,02200211,3.8,29.7,0,0,inf,0,0,1092.5,0,0,inf,1,4,156.8,0,0,inf,0,0,1092.5,1,4,156.8
1164808857,02400624,8.1,49.6,0,0,1071.8,0,1,615.5,0,3,595.5,2,6,164.5,0,0,1255.1,0,1,615.5,1,6,164.5
1164811721,02400623,4.1,30.5,0,0,828.0,0,0,810.8,0,0,1279.8,0,5,437.1,0,0,828.0,0,0,810.8,0,3,649.9
1164811722,02400623,4.3,37.6,0,0,837.7,0,0,820.6,0,0,1289.5,0,5,446.9,0,0,837.7,0,0,820.6,0,3,659.6
1164823460,02400623,382.6,17.2,0,0,1020.4,0,1,477.5,0,0,1057.5,1,6,200.9,0,0,1020.4,0,1,477.5,0,3,477.5
1164823477,02400623,190.0,16.3,0,0,970.7,0,1,482.7,0,0,1062.7,1,6,151.2,0,0,970.7,0,1,482.7,0,3,482.7
1164883940,02500832,25.1,70.6,0,1,564.9,0,0,1082.0,0,3,532.2,1,4,197.0,0,1,564.9,0,1,564.9,1,5,197.0
1172752116,02200211,5.8,43.0,0,0,1633.9,0,3,632.2,0,0,inf,1,8,220.2,0,0,inf,0,3,632.2,0,6,424.9
1175617728,02200207,8.7,33.4,0,0,811.1,1,3,59.6,0,0,inf,0,3,453.3,0,0,1259.3,1,3,59.6,1,4,59.6
1175617734,02200207,9.2,9.4,0,1,785.0,1,3,188.2,0,0,inf,0,4,427.2,0,0,1233.1,1,4,188.2,1,5,188.2
1184569666,02500836,2.7,20.0,0,0,1810.0,0,0,inf,0,0,inf,1,3,136.1,0,0,inf,0,0,1810.0,1,3,136.1
1185270471,02200209,3.0,3.5,0,0,1858.7,1,1,188.5,0,0,inf,2,7,188.5,0,0,inf,1,1,188.5,2,5,188.5
1195866027,02400521,37.9,8.2,0,0,1738.2,0,0,951.7,0,3,456.6,0,2,466.3,0,0,1819.8,0,0,951.7,0,3,456.6
1195872309,02400521,120.2,11.5,0,0,1542.4,0,0,814.8,1,4,260.8,1,2,285.9,0,0,1843.9,0,0,814.8,1,4,260.8
1195872310,02400521,50.4,12.1,0,0,1490.0,0,0,868.4,1,4,208.4,1,2,339.5,0,0,1897.5,0,0,868.4,1,4,208.4
1196632114,02200210,26.9,20.9,0,0,1429.4,1,3,183.3,0,0,inf,3,9,183.3,0,0,inf,1,3,183.3,2,6,183.3
1198925264,02200211,12.6,16.2,0,0,1970.0,1,2,268.8,0,0,inf,2,7,175.5,0,0,inf,1,2,268.8,2,5,175.5
1200615751,02500835,44.9,41.9,0,1,745.0,0,0,1701.6,0,0,1340.8,1,7,238.4,0,0,937.3,0,1,745.0,1,4,238.4
1202223009,02500727,5.6,42.5,0,0,1528.8,0,1,527.6,2,6,103.9,0,1,527.6,0,0,inf,0,1,527.6,1,3,343.9
1202223010,02500727,2.0,39.5,0,0,1528.4,0,1,533.8,3,6,110.2,0,1,533.8,0,0,inf,0,1,533.8,1,3,350.1
1202223011,02500727,12.3,30.6,0,0,1437.6,0,1,699.1,2,5,275.5,0,1,699.1,0,0,inf,0,1,699.1,0,2,515.4
1204761603,02400522,47.0,21.7,0,0,1013.6,0,0,1390.1,2,6,345.9,1,1,345.9,0,0,inf,0,0,1013.6,2,6,345.9
1204824800,02300316,5.6,40.4,0,0,964.9,0,0,1170.7,0,0,inf,2,10,238.4,0,0,964.9,0,0,964.9,2,7,238.4
1209939797,02400522,31.4,32.9,0,0,1023.6,0,0,1495.9,3,6,194.7,1,1,355.9,0,0,inf,0,0,1023.6,3,6,194.7
1222993686,02500832,106.3,55.9,0,1,578.6,0,1,578.6,1,4,291.4,0,2,578.6,0,0,1039.0,0,1,578.6,1,5,291.4
1223682188,02200209,24.4,22.0,0,0,1111.1,0,0,910.1,0,0,inf,2,8,257.7,0,0,1739.7,0,0,910.1,2,5,257.7
1223709616,02200211,1.0,4.3,0,0,inf,0,1,519.6,0,0,inf,1,6,380.2,0,0,inf,0,1,519.6,1,5,380.2
1223744200,02400521,30.4,17.1,0,0,1313.2,0,2,565.0,0,2,606.1,0,5,428.9,0,0,1313.2,0,2,565.0,0,4,565.0
1223744201,02400521,23.7,25.1,0,0,1368.8,0,2,530.3,0,1,659.2,0,5,418.9,0,0,1368.8,0,2,530.3,0,3,530.3
1223809826,02400522,41.3,20.6,0,0,1485.7,0,0,1127.2,0,4,673.9,0,0,818.0,0,0,inf,0,0,1127.2,0,4,673.9
1225258734,02400623,50.2,27.2,0,0,1012.1,0,2,658.3,0,0,1168.5,1,7,291.6,0,0,1012.1,0,2,658.3,1,5,291.6
1225258735,02400623,66.0,19.9,0,0,938.1,0,1,623.2,0,0,1133.5,1,6,256.5,0,0,938.1,0,1,623.2,1,4,256.5
1225258736,02400623,101.6,19.5,0,0,899.3,0,1,661.1,0,0,1171.3,1,6,294.4,0,0,899.3,0,1,661.1,1,4,294.4
1225258737,02400623,51.8,17.7,0,0,911.5,0,2,743.0,0,0,1253.2,1,7,376.2,0,0,911.5,0,2,743.0,1,5,376.2
1225258738,02400623,64.0,18.0,0,0,878.8,0,2,762.7,0,0,1231.6,1,7,389.0,0,0,878.8,0,2,762.7,0,5,409.5
1225377699,02400624,3.6,8.2,0,0,1300.1,0,2,613.5,1,4,395.0,1,6,395.0,0,0,1801.7,0,2,613.5,1,7,395.0
1228251348,02300314,15.9,15.2,0,0,1818.5,1,3,230.6,0,0,inf,6,13,97.2,0,0,1818.5,1,3,230.6,4,6,97.2
1228549670,02100101,108.9,23.3,0,1,581.8,0,2,497.9,0,0,inf,2,7,169.1,0,0,1265.5,0,3,497.9,1,5,169.1
1228549671,02100101,79.6,20.9,0,1,664.3,0,2,484.8,0,0,inf,2,6,251.6,0,0,1348.0,0,3,484.8,1,4,251.6
1228549672,02100101,61.9,18.7,0,1,669.4,0,2,475.3,0,0,inf,2,6,256.7,0,0,1353.1,0,3,475.3,1,4,256.7
1228549673,02100101,43.2,21.8,0,0,909.6,0,3,408.2,0,0,inf,3,9,245.2,0,0,1593.3,0,3,408.2,1,6,375.5
1229840380,02400520,59.6,19.4,0,0,1420.7,0,0,868.1,1,4,94.8,0,5,463.0,0,0,inf,0,0,868.1,1,4,94.8
1230206349,02500835,17.7,41.2,0,1,405.4,0,0,1689.8,0,0,813.7,0,4,405.4,0,1,405.4,0,1,405.4,0,3,405.4
1230305621,02500834,17.2,42.8,0,1,535.7,0,0,1100.3,1,5,321.8,1,4,321.8,0,1,535.7,0,1,535.7,1,7,321.8
1230305622,02500834,15.7,44.7,0,1,641.9,0,0,1136.8,1,4,358.3,1,4,358.3,0,1,641.9,0,1,641.9,1,6,358.3
1231341983,02400623,103.0,15.4,0,0,1222.9,1,1,337.9,0,0,917.9,1,4,337.9,0,0,1222.9,1,1,337.9,1,1,337.9
1231341984,02400623,138.3,18.4,0,0,1169.3,0,2,407.2,0,0,944.7,0,5,407.2,0,0,1292.2,0,2,407.2,0,2,407.2
1238413166,02300314,106.7,40.3,0,0,1937.3,1,2,342.0,0,0,inf,3,12,278.0,0,0,1937.3,1,2,342.0,2,6,278.0
1238414588,02100105,48.5,8.1,0,0,inf,1,2,394.9,0,0,inf,1,6,394.9,0,0,inf,1,2,394.9,1,4,394.9
1239108964,02400623,5.7,33.7,0,1,576.7,0,1,576.7,0,0,1265.0,1,7,197.3,0,0,1024.3,0,1,576.7,0,3,576.7
1239108965,02400623,5.7,35.5,0,0,805.0,0,0,805.0,0,0,1357.0,0,4,425.6,0,0,934.8,0,0,805.0,0,1,607.1
1248850853,02500728,31.3,36.3,0,0,877.0,1,1,331.5,0,2,581.6,1,1,331.5,0,0,1824.5,1,1,331.5,1,1,331.5
1252047279,02300419,7.0,45.5,0,0,1060.9,1,1,217.0,0,0,1060.9,2,6,217.0,0,0,1971.1,1,1,217.0,2,4,217.0
1261989973,02500727,24.0,17.5,0,0,1470.0,0,2,413.0,0,6,413.0,0,2,413.0,0,0,inf,0,2,413.0,0,3,413.0
1261989974,02500727,24.1,20.4,0,0,1464.1,0,2,407.1,0,6,407.1,0,2,407.1,0,0,inf,0,2,407.1,0,3,407.1
1263435492,02400624,23.6,64.2,0,0,1228.7,1,1,380.5,0,1,733.4,2,5,321.4,0,0,1273.7,1,1,380.5,2,4,321.4
1264994226,02400624,3.7,53.6,0,0,1179.5,0,1,468.5,0,1,684.2,1,6,272.3,0,0,1361.7,0,1,468.5,1,4,272.3
1264994227,02400624,3.7,50.4,0,0,1176.3,0,1,465.2,0,2,681.0,1,6,269.0,0,0,1358.5,0,1,465.2,1,5,269.0
1264994228,02400624,3.5,46.0,0,0,1171.9,0,1,460.8,0,2,676.6,1,6,264.6,0,0,1354.1,0,1,460.8,1,5,264.6
1264994229,02400624,15.6,36.7,0,1,772.5,0,1,772.5,0,4,521.7,2,4,292.9,0,0,1248.8,0,1,772.5,0,5,521.7
1265098641,02300417,12.9,30.6,0,0,inf,0,2,481.8,0,0,inf,0,8,466.7,0,0,inf,0,2,481.8,0,5,481.8
1265098643,02300418,2.9,49.1,0,0,inf,0,0,1177.7,0,0,inf,1,3,347.3,0,0,inf,0,0,1177.7,1,3,347.3
1265098644,02300418,2.9,49.0,0,0,inf,0,0,1166.4,0,0,inf,1,3,358.4,0,0,inf,0,0,1166.4,1,3,358.4
1265098645,02300418,2.9,49.1,0,0,inf,0,0,1172.1,0,0,inf,1,3,352.8,0,0,inf,0,0,1172.1,1,3,352.8
1265783006,02200211,1.0,43.4,0,0,1844.9,0,2,510.5,0,0,inf,1,8,214.7,0,0,inf,0,2,510.5,1,5,214.7
1265861472,02200211,6.2,24.9,0,0,1770.1,1,2,369.9,0,0,inf,2,9,356.4,0,0,inf,1,2,369.9,1,7,369.9
1265861474,02100104,31.6,25.4,0,0,1856.5,0,2,426.6,0,0,inf,0,8,409.0,0,0,inf,0,2,426.6,0,5,426.6
1266042555,02200212,17.1,23.9,0,0,inf,1,1,231.9,0,0,inf,2,6,231.9,0,0,inf,1,1,231.9,1,4,231.9
1266255592,02500727,1.4,26.8,0,0,1624.9,1,1,356.6,1,5,356.6,1,2,356.6,0,0,inf,1,1,356.6,1,3,356.6
1272984239,02200211,18.2,36.7,0,0,inf,1,1,309.6,0,0,inf,2,7,67.6,0,0,inf,1,1,309.6,2,5,67.6
1273883848,02200210,4.8,79.3,0,0,inf,0,2,475.6,0,0,inf,1,5,204.8,0,0,inf,0,2,475.6,0,4,475.6
1282965885,02500835,4.6,10.1,0,0,923.1,0,0,923.1,0,0,923.1,2,5,263.8,0,0,1677.1,0,0,923.1,0,0,923.1
1298707464,02400521,38.1,11.3,0,0,1580.8,0,1,776.1,1,4,299.2,1,3,247.2,0,0,1805.2,0,1,776.1,1,5,299.2
1301325147,02400521,38.2,17.0,0,0,1653.7,0,0,811.8,1,3,372.1,1,2,340.0,0,0,1679.9,0,0,811.8,1,3,372.1
1301448166,02200211,7.3,67.9,0,0,1388.4,1,3,386.7,0,0,inf,3,10,199.5,0,0,inf,1,3,386.7,2,7,332.0
1302077765,02500836,10.5,13.7,0,0,1516.4,0,0,inf,0,0,inf,1,3,382.4,0,0,inf,0,0,1516.4,1,2,382.4
1312237093,02500836,3.4,18.4,0,0,1313.7,0,0,inf,0,0,1790.7,2,5,190.6,0,0,1929.2,0,0,1313.7,0,3,493.6
1323375143,02400623,24.6,7.2,0,2,757.7,0,1,779.9,0,0,1433.6,0,7,400.5,0,1,757.7,0,2,757.7,0,4,430.0
1330275618,02300314,3.5,39.8,0,0,1445.9,0,1,796.6,0,0,inf,2,12,208.5,0,0,1445.9,0,1,796.6,0,6,507.6
1330277725,02300314,3.4,45.7,0,0,1921.9,1,2,368.3,0,0,inf,3,13,262.6,0,0,1921.9,1,2,368.3,2,6,262.6
1330277727,02300314,3.8,70.1,0,0,inf,1,2,318.9,0,0,inf,3,11,318.9,0,0,inf,1,2,318.9,2,5,318.9
1330277728,02300314,4.4,88.7,0,0,inf,1,2,340.6,0,0,inf,3,11,340.6,0,0,inf,1,2,340.6,2,5,340.6
1330277730,02300314,11.7,31.6,0,0,1980.8,1,2,281.2,0,0,inf,3,11,281.2,0,0,1980.8,1,2,281.2,2,5,281.2
1331919747,02300417,123.9,20.9,0,0,inf,0,1,513.9,0,0,inf,2,7,129.2,0,0,inf,0,1,513.9,2,5,129.2
1344867345,02200210,0.7,32.7,0,0,1665.3,0,3,585.6,0,0,inf,1,8,263.5,0,0,inf,0,3,585.6,1,7,263.5
1352180457,02200211,12.6,53.3,0,0,1888.8,0,1,774.7,0,0,inf,0,6,472.1,0,0,inf,0,1,774.7,0,4,472.1
1353945908,02200209,13.8,38.1,0,0,1013.9,0,0,988.9,0,0,inf,3,7,308.9,0,0,1818.5,0,0,988.9,2,4,336.5
1356787937,02400521,1.2,118.8,0,0,1703.2,0,0,1221.1,0,2,421.6,0,1,749.3,0,0,inf,0,0,1221.1,0,2,421.6
1358089497,02400623,39.0,44.3,0,0,933.9,0,1,773.9,0,0,1284.1,0,6,407.1,0,0,933.9,0,1,773.9,0,4,407.1
1359800678,02200211,38.1,28.6,0,0,inf,0,1,712.8,0,0,inf,2,7,117.9,0,0,inf,0,1,712.8,2,7,117.9
1367375880,02200207,3.8,29.0,0,2,637.5,0,1,507.3,0,0,inf,0,5,583.7,0,0,inf,0,3,507.3,0,4,507.3
1367375881,02200207,11.4,54.8,0,2,663.4,0,1,533.1,0,0,inf,0,4,609.5,0,0,inf,0,3,533.1,0,4,533.1
1375693466,02200211,2.8,21.3,0,0,1610.2,1,2,346.8,0,0,inf,2,8,202.1,0,0,inf,1,2,346.8,2,5,202.1
1383716029,02200207,12.2,29.9,0,2,622.6,0,1,492.3,0,0,inf,0,5,568.7,0,0,inf,0,3,492.3,0,4,492.3
1385656658,02500835,6.2,52.4,0,1,612.8,0,0,1751.2,0,0,1016.4,1,4,256.4,0,1,612.8,0,1,612.8,1,3,256.4
1391241386,02400522,4.3,17.7,0,0,929.9,0,0,1226.5,3,7,262.1,1,1,262.1,0,0,inf,0,0,929.9,3,7,262.1
1395169846,02200209,43.6,58.5,0,0,1255.2,0,1,463.7,0,0,inf,1,7,274.0,0,0,inf,0,1,463.7,1,4,274.0
1413452550,02100106,45.8,17.6,0,0,inf,1,2,261.1,0,0,inf,3,9,257.1,0,0,inf,1,2,261.1,1,6,261.1
1413481019,02100105,6.1,7.9,0,0,inf,0,3,411.3,0,0,inf,0,8,411.3,0,0,inf,0,3,411.3,0,4,411.3
1420801839,02300315,9.2,0.0,0,0,1841.5,1,2,100.1,0,0,1841.5,4,12,100.1,0,0,1994.1,1,2,100.1,2,8,100.1
1424803717,02500835,10.2,72.9,0,0,971.5,0,0,1913.6,0,0,1024.7,0,3,550.4,0,0,1240.4,0,0,971.5,0,1,633.6
1424803718,02500835,14.1,59.1,0,1,679.7,0,0,1697.6,0,0,1083.3,1,5,202.9,0,1,679.7,0,1,679.7,1,3,202.9
1442555834,02200213,25.2,79.6,0,0,inf,0,2,536.7,0,0,inf,2,10,217.0,0,0,inf,0,2,536.7,2,8,217.0
1448435729,02300417,24.1,59.8,0,0,inf,0,1,581.9,0,0,inf,0,7,432.8,0,0,inf,0,1,581.9,0,4,432.8
1461640254,02300418,1.4,13.2,0,0,inf,0,1,641.5,0,0,inf,1,5,320.5,0,0,inf,0,1,641.5,1,4,320.5
1464885646,02500835,38.3,69.3,0,0,904.8,0,0,1596.4,0,0,1377.1,1,5,274.7,0,0,973.5,0,0,904.8,1,3,274.7
1465795204,02400522,7.4,19.2,0,0,1676.9,0,1,642.0,1,4,385.4,0,1,642.0,0,0,inf,0,1,642.0,1,3,385.4
1465795205,02400522,17.3,16.5,0,0,1655.4,0,1,584.9,1,4,363.9,0,1,584.9,0,0,inf,0,1,584.9,1,3,363.9
1482931036,02500836,4.2,23.9,0,0,1282.3,0,0,inf,0,0,inf,2,6,214.1,0,0,1897.7,0,0,1282.3,2,4,214.1
1512275500,02100103,28.4,22.8,0,0,1601.3,0,0,999.5,0,0,inf,1,6,386.8,0,0,inf,0,0,999.5,1,6,386.8
1544869402,02200208,0.6,5.7,0,0,1273.4,1,3,339.5,0,0,inf,2,11,211.1,0,0,1957.1,1,3,339.5,1,7,339.5
1544869404,02200208,0.8,6.5,0,0,1294.5,1,3,360.6,0,0,inf,2,11,232.2,0,0,1978.1,1,3,360.6,1,7,360.6
1546771720,02400625,10.2,27.5,0,0,996.8,0,0,996.8,0,1,746.0,0,3,517.2,0,0,1028.7,0,0,996.8,0,2,668.4
1551545647,02400521,48.0,11.8,0,0,1654.4,0,0,891.3,1,3,372.8,1,2,362.8,0,0,1759.5,0,0,891.3,1,3,372.8
1551545648,02400521,47.6,11.8,0,0,1627.4,0,0,864.8,1,3,345.8,1,2,335.9,0,0,1786.4,0,0,864.8,1,3,345.8
1551545649,02400521,48.4,11.9,0,0,1600.5,0,0,837.9,1,4,318.9,1,2,309.0,0,0,1813.5,0,0,837.9,1,4,318.9
1551549097,02400521,70.0,17.2,0,0,1517.0,0,0,938.0,1,4,235.3,0,2,409.1,0,0,1906.3,0,0,938.0,1,4,235.3
1553606724,02200207,18.0,37.2,0,2,512.4,1,1,382.1,0,0,inf,0,6,458.5,0,0,inf,1,3,382.1,1,4,382.1
29177,02200207,67.0,21.6,0,0,924.5,0,3,509.7,0,0,inf,0,3,509.7,0,0,1410.2,0,3,509.7,0,4,509.7
29711,02500834,462.1,24.1,0,1,645.0,0,0,953.6,2,6,291.3,1,5,291.3,0,1,645.0,0,1,645.0,2,9,291.3
29712,02500834,382.2,17.2,0,1,670.5,0,0,1047.8,1,5,395.6,0,5,471.1,0,1,670.5,0,1,670.5,1,8,395.6
29737,02500833,80.9,18.2,0,1,659.8,0,0,966.5,1,5,170.2,2,6,170.2,0,1,659.8,0,1,659.8,2,8,170.2
29739,02500830,64.0,39.9,0,0,1194.9,1,2,399.4,0,3,457.0,1,5,399.4,0,0,1792.6,1,2,399.4,1,5,399.4
29984,02500835,79.5,16.5,0,0,1126.7,0,0,1215.1,0,0,1112.3,2,4,170.0,0,0,1126.7,0,0,1126.7,0,1,544.4
104225,02500833,72.4,17.9,0,1,773.0,0,0,827.8,2,6,34.7,3,5,34.7,0,1,773.0,0,1,773.0,3,9,34.7
108784,02500728,46.8,23.3,0,0,1175.4,0,1,562.8,1,5,375.8,0,1,562.8,0,0,inf,0,1,562.8,0,1,562.8
172088,02300316,78.1,36.6,0,0,1072.4,0,0,1026.9,0,0,1892.4,2,8,173.1,0,0,1072.4,0,0,1026.9,2,6,173.1
173555,02300314,53.5,52.5,0,0,1882.9,0,2,470.7,0,0,inf,3,13,159.0,0,0,1882.9,0,2,470.7,2,5,159.0
176792,02100104,68.1,78.4,0,0,1673.9,1,2,201.1,0,0,inf,2,9,201.1,0,0,inf,1,2,201.1,1,6,201.1
176794,02100104,194.5,27.8,0,0,1959.7,0,3,486.8,0,0,inf,2,7,213.1,0,0,inf,0,3,486.8,0,4,486.8
177231,02300418,62.4,15.9,0,0,inf,0,0,1119.2,0,0,inf,2,6,254.7,0,0,inf,0,0,1119.2,2,6,254.7
177852,02300418,204.8,37.5,0,0,inf,0,1,708.4,0,0,inf,0,5,435.9,0,0,inf,0,1,708.4,0,5,435.9
360940,02100102,57.9,13.4,0,0,1008.7,1,3,210.6,0,0,1424.4,2,8,72.2,0,0,1309.0,1,3,210.6,2,8,72.2
375253,02100101,70.6,28.6,0,2,408.0,0,2,408.0,0,0,inf,0,8,408.0,0,1,408.0,0,3,408.0,0,8,408.0
375254,02100101,111.7,14.3,0,2,444.4,0,2,427.4,0,0,inf,0,9,427.4,0,1,444.4,0,3,427.4,0,8,427.4
452884,02100104,93.6,22.7,0,0,1665.7,0,2,405.8,0,0,inf,3,12,94.5,0,0,inf,0,2,405.8,2,6,94.5
721980,02100102,32.5,20.6,0,1,590.0,0,1,559.3,0,0,inf,1,9,296.1,0,0,1273.7,0,2,559.3,0,7,417.0
915437,02200208,39.8,19.9,0,0,869.9,1,3,294.8,0,0,inf,1,8,294.8,0,0,1553.6,1,3,294.8,1,5,294.8
1183499,02100102,27.7,17.1,0,0,944.8,2,4,146.7,0,0,1486.2,3,8,146.7,0,0,1118.7,2,4,146.7,3,8,146.7
1311866,02200210,102.5,15.9,0,0,inf,0,1,466.4,0,0,inf,3,6,247.9,0,0,inf,0,1,466.4,2,5,281.5
1385776,02200212,61.8,28.6,0,0,inf,0,2,509.3,0,0,inf,2,11,142.3,0,0,inf,0,2,509.3,2,9,142.3
1413747,02300417,62.9,40.3,0,0,inf,0,2,491.4,0,0,inf,0,8,476.4,0,0,inf,0,2,491.4,0,5,491.4
1490786,02100104,210.0,66.3,0,0,1878.7,0,2,448.7,0,0,inf,0,7,431.1,0,0,inf,0,2,448.7,0,4,448.7
1521546,02100106,87.5,20.3,0,0,inf,0,2,510.6,0,0,inf,0,8,492.8,0,0,inf,0,2,510.6,0,4,510.6
1522349,02200210,17.8,18.3,0,0,1767.3,0,1,543.7,0,0,inf,2,10,235.6,0,0,inf,0,1,543.7,2,7,235.6
1540857,02300419,50.0,13.7,0,0,904.9,1,1,348.4,0,0,904.9,3,7,102.1,0,0,1815.1,1,1,348.4,3,4,102.1
1540858,02300419,57.4,18.0,0,0,946.7,1,1,390.3,0,0,946.7,3,6,143.9,0,0,1857.0,1,1,390.3,3,4,143.9
1542117,02300419,96.4,16.2,0,0,1344.1,0,1,787.6,0,0,1344.1,2,6,235.0,0,0,inf,0,1,787.6,2,6,235.0
1542537,02300417,85.7,56.3,0,0,inf,0,3,574.7,0,0,inf,1,6,212.2,0,0,inf,0,3,574.7,0,4,574.7
1542538,02300417,59.4,41.6,0,0,inf,0,3,518.9,0,0,inf,1,8,156.4,0,0,inf,0,3,518.9,0,5,518.9
1575897,02100102,65.6,12.9,0,0,884.7,1,3,31.6,0,0,1601.4,2,7,31.6,0,0,1220.4,1,3,31.6,2,7,31.6
1600075,02100101,156.0,13.5,1,2,357.0,0,2,494.4,0,0,inf,2,8,162.0,0,1,494.4,1,3,357.0,2,8,162.0
1610954,02500729,64.1,17.3,1,1,378.8,1,2,378.8,1,5,378.8,1,2,378.8,0,0,1625.8,1,2,378.8,1,5,378.8
1610955,02500729,103.4,43.5,0,1,427.9,0,2,427.9,0,5,427.9,0,2,427.9,0,0,1674.9,0,2,427.9,0,5,427.9
1735361,02500728,63.0,32.1,0,0,974.6,0,1,770.7,2,4,49.9,0,2,736.4,0,0,inf,0,1,770.7,0,2,736.4
1741110,02500728,65.6,23.1,0,0,1362.6,0,0,823.5,2,4,105.3,0,0,823.5,0,0,inf,0,0,823.5,0,0,823.5
1741111,02500728,49.0,22.9,0,0,1265.0,0,1,694.7,1,4,251.1,0,1,694.7,0,0,inf,0,1,694.7,0,1,694.7
1741112,02500728,50.9,40.7,0,0,1297.0,0,1,795.0,2,4,107.6,0,1,795.0,0,0,inf,0,1,795.0,0,1,795.0
1741113,02500728,68.3,19.8,0,0,1293.2,0,1,723.0,1,5,216.5,0,1,723.0,0,0,inf,0,1,723.0,0,1,723.0
1761824,02500834,58.6,20.3,0,0,910.2,0,0,910.2,4,9,126.4,1,5,391.1,0,0,1343.0,0,0,910.2,5,10,126.4
1789598,02500729,60.7,16.4,0,1,759.0,1,2,399.6,0,4,622.2,1,2,399.6,0,0,1728.5,1,2,399.6,1,3,399.6
1967348,02200209,67.8,60.5,0,0,1025.6,0,1,560.9,0,0,inf,2,7,203.9,0,0,inf,0,1,560.9,2,4,203.9
1967349,02200209,63.8,47.3,0,0,931.6,0,1,632.7,0,0,inf,2,8,275.7,0,0,inf,0,1,632.7,2,4,275.7
1967350,02200209,51.9,50.4,0,0,1022.4,0,1,543.8,0,0,inf,2,8,186.8,0,0,inf,0,1,543.8,2,4,186.8
1967351,02200209,42.0,42.8,0,0,1035.7,0,1,515.5,0,0,inf,2,8,158.5,0,0,inf,0,1,515.5,2,4,158.5
1967396,02200209,98.6,48.2,0,0,1231.0,0,1,431.5,0,0,inf,3,7,317.5,0,0,inf,0,1,431.5,1,4,376.7
1967397,02200209,54.6,55.8,0,0,1440.3,0,2,438.6,0,0,inf,2,9,123.4,0,0,inf,0,2,438.6,1,6,383.8
2549327,02500835,95.1,47.7,0,0,888.4,0,0,1552.0,0,0,1449.2,0,6,476.0,0,0,1228.5,0,0,888.4,0,3,584.8
2549374,02500835,77.7,17.5,0,0,999.8,0,0,999.8,0,0,897.0,2,4,94.5,0,0,1427.4,0,0,999.8,0,0,884.3
2549375,02500835,75.8,17.2,0,0,972.7,0,0,972.7,0,0,869.9,2,4,120.9,0,0,1400.4,0,0,972.7,0,0,857.3
2549377,02500835,66.2,24.8,0,0,852.7,0,0,852.7,0,0,833.6,2,5,129.8,0,0,1364.1,0,0,852.7,0,0,833.6
2856186,02200211,23.1,29.1,0,0,1823.0,1,2,177.6,0,0,inf,2,11,177.6,0,0,inf,1,2,177.6,2,8,177.6
2912131,02100105,76.3,15.2,0,0,1621.0,0,2,510.8,0,0,inf,1,8,338.6,0,0,inf,0,2,510.8,1,6,338.6
3271459,02200211,50.2,40.3,0,0,1585.0,0,3,583.3,0,0,inf,1,9,171.3,0,0,inf,0,3,583.3,0,6,468.5
3271808,02500835,58.0,16.3,0,0,1107.6,0,0,1269.8,0,0,1167.0,2,4,193.8,0,0,1150.4,0,0,1107.6,0,1,568.1
3354978,02500728,60.8,14.8,0,1,780.2,0,2,428.0,0,5,590.7,0,2,428.0,0,0,1756.8,0,2,428.0,0,3,428.0
3371982,02300314,27.1,14.1,0,0,1418.0,0,1,628.9,0,0,inf,3,13,125.9,0,0,1418.0,0,1,628.9,1,6,339.9
3378410,02500833,20.1,20.3,0,0,940.8,0,0,846.2,5,9,68.1,1,6,279.2,0,0,1296.3,0,0,846.2,5,10,68.1
4035325,02200211,69.1,21.0,0,0,inf,1,1,222.5,0,0,inf,1,5,222.5,0,0,inf,1,1,222.5,1,3,222.5
4155103,02200209,26.3,18.0,0,0,1422.8,0,1,417.8,0,0,inf,1,10,291.3,0,0,inf,0,1,417.8,1,7,291.3
4155105,02200209,53.3,17.6,0,0,1171.8,0,1,737.6,0,0,inf,4,11,102.0,0,0,1800.4,0,1,737.6,2,7,102.0
4155921,02200209,55.1,57.7,0,0,1012.7,0,0,914.1,0,0,inf,3,6,335.3,0,0,inf,0,0,914.1,1,2,367.3
4159337,02200210,44.0,32.1,0,0,1971.6,1,2,76.6,0,0,inf,3,8,76.6,0,0,inf,1,2,76.6,2,7,76.6
4161185,02200208,31.1,41.5,0,0,998.1,0,1,550.4,0,0,inf,2,9,193.4,0,0,inf,0,1,550.4,2,4,193.4
4161187,02200208,31.5,25.3,0,0,1108.5,0,1,524.9,0,0,inf,1,7,172.3,0,0,inf,0,1,524.9,1,4,172.3
4244149,02100105,45.1,12.0,0,0,inf,1,3,306.5,0,0,inf,1,7,306.5,0,0,inf,1,3,306.5,1,4,306.5
4245631,02400623,97.5,21.4,0,0,1041.6,1,1,301.7,0,0,1073.8,2,4,301.7,0,0,1041.6,1,1,301.7,2,4,301.7
4269496,02500833,77.2,37.1,0,0,1146.6,0,1,640.5,3,10,268.7,3,6,55.9,0,0,1589.8,0,1,640.5,4,12,55.9
4840040,02200210,53.5,17.4,0,0,inf,0,1,567.2,0,0,inf,3,6,183.8,0,0,inf,0,1,567.2,2,5,183.8
4840041,02200210,78.3,15.6,0,0,inf,0,1,407.9,0,0,inf,3,7,218.3,0,0,inf,0,1,407.9,2,5,339.5
4840042,02200210,152.3,48.2,0,0,inf,0,1,579.4,0,0,inf,4,7,133.0,0,0,inf,0,1,579.4,3,6,133.0
4867430,02200213,41.9,50.5,0,0,inf,1,2,196.8,0,0,inf,2,5,196.8,0,0,inf,1,2,196.8,1,3,196.8
4867431,02200213,65.0,12.3,0,0,inf,0,2,661.0,0,0,inf,2,8,202.4,0,0,inf,0,2,661.0,2,6,202.4
4867432,02200213,59.8,48.3,0,0,inf,1,2,155.1,0,0,inf,2,5,155.1,0,0,inf,1,2,155.1,1,3,155.1
4867433,02200213,63.0,50.4,0,0,inf,1,2,176.7,0,0,inf,2,5,176.7,0,0,inf,1,2,176.7,1,3,176.7
4867434,02200212,53.5,47.6,0,0,inf,1,1,275.5,0,0,inf,2,6,275.5,0,0,inf,1,1,275.5,1,4,275.5
4867435,02200213,89.4,81.3,0,0,inf,1,1,225.0,0,0,inf,1,8,225.0,0,0,inf,1,1,225.0,1,5,225.0
5391837,02500833,68.5,39.3,0,0,1228.7,1,1,303.5,3,9,293.1,2,4,303.5,0,0,1820.9,1,1,303.5,2,9,303.5
5391838,02500833,91.9,26.9,0,0,1342.1,0,1,416.9,1,8,154.9,1,5,358.9,0,0,1682.6,0,1,416.9,1,9,358.9
5680599,02200208,23.7,44.1,0,0,939.4,1,3,364.3,0,0,inf,2,9,284.7,0,0,1623.1,1,3,364.3,1,6,364.3
5680600,02200208,73.1,49.7,0,0,1237.1,0,3,572.7,0,0,inf,0,9,409.7,0,0,1920.7,0,3,572.7,0,6,572.7
5680601,02200208,51.1,15.3,0,0,1261.8,0,3,597.5,0,0,inf,0,9,434.5,0,0,1945.5,0,3,597.5,0,6,597.5
5680602,02200208,36.9,41.0,0,0,1195.5,0,3,531.2,0,0,inf,2,11,368.2,0,0,1879.2,0,3,531.2,0,8,531.2
5824369,02500831,75.2,14.9,0,0,838.8,0,1,415.4,1,6,315.4,0,4,415.4,0,0,1279.6,0,1,415.4,1,7,315.4
5825983,02500833,85.6,13.7,0,1,781.2,0,1,796.5,3,7,284.7,2,6,316.8,0,1,781.2,0,2,781.2,3,10,284.7
5826352,02500833,71.6,14.7,0,0,1125.4,0,0,863.1,3,10,222.8,2,5,236.1,0,0,1240.8,0,0,863.1,5,11,222.8
5826355,02500833,67.2,14.9,0,0,960.8,0,1,699.8,3,7,264.4,3,6,264.4,0,0,960.8,0,1,699.8,4,10,264.4
5826356,02500833,78.3,19.9,0,0,868.5,0,0,868.5,4,9,86.2,1,6,350.8,0,0,1314.4,0,0,868.5,5,10,86.2
5826357,02500833,66.5,15.0,0,0,850.4,0,0,810.3,3,7,208.7,2,5,374.9,0,0,850.4,0,0,810.3,3,9,208.7
5826358,02500833,83.2,15.0,0,0,887.7,0,1,692.6,3,7,250.4,2,6,250.4,0,0,887.7,0,1,692.6,3,10,250.4
5826768,02500834,66.4,30.7,0,1,643.4,0,1,643.4,2,9,269.9,1,5,388.5,0,0,1313.3,0,1,643.4,2,9,269.9
5826947,02500834,56.4,20.2,0,1,671.4,0,1,671.4,5,9,240.0,0,6,416.6,0,0,1453.5,0,1,671.4,5,10,240.0
5826948,02500834,64.8,26.0,0,0,886.5,0,1,798.0,4,9,50.1,0,7,442.7,0,0,1406.2,0,1,798.0,4,11,50.1
5826949,02500834,58.0,20.2,0,1,623.1,0,1,623.1,4,9,249.6,1,6,368.3,0,0,1405.2,0,1,623.1,4,10,249.6
5828186,02500834,82.6,15.5,0,0,1081.9,0,0,1022.4,3,10,179.3,1,5,395.4,0,0,1092.2,0,0,1022.4,4,11,179.3
5828217,02500834,63.0,25.9,0,1,648.2,0,0,1033.3,1,5,237.1,2,6,190.5,0,1,648.2,0,1,648.2,2,8,190.5
5828218,02500834,59.2,15.5,0,0,803.0,0,0,938.4,1,6,259.8,0,5,503.0,0,0,803.0,0,0,803.0,1,9,259.8
5828219,02500833,68.1,13.8,0,0,854.6,0,0,803.7,3,8,212.8,2,5,368.3,0,0,854.6,0,0,803.7,3,10,212.8
5828220,02500834,83.5,44.9,0,1,527.8,0,0,1112.4,1,4,333.9,1,4,333.9,0,1,527.8,0,1,527.8,1,6,333.9
5837056,02500830,45.0,18.8,0,0,1249.5,0,2,454.0,1,7,249.0,0,6,454.0,0,0,1783.1,0,2,454.0,0,8,454.0
6145687,02500832,347.9,24.6,0,1,718.6,0,0,920.3,1,5,124.1,2,6,124.1,0,1,718.6,0,1,718.6,2,8,124.1
6145688,02500832,320.6,18.6,0,0,812.4,0,0,837.9,2,5,44.8,3,4,44.8,0,0,812.4,0,0,812.4,3,7,44.8
6232773,02100103,19.9,22.2,0,0,1550.4,0,0,904.9,0,0,inf,2,6,267.9,0,0,inf,0,0,904.9,2,6,267.9
6490217,02500729,112.3,21.4,1,1,322.2,1,2,322.2,1,4,322.2,1,2,322.2,0,0,1599.0,1,2,322.2,1,5,322.2
7426825,02500728,97.3,25.8,0,0,1259.5,0,1,756.8,2,4,116.0,0,1,756.8,0,0,inf,0,1,756.8,0,1,756.8
7433697,02400623,344.6,93.5,1,1,394.6,0,0,1315.1,0,0,1402.0,2,8,390.8,1,1,394.6,1,1,394.6,1,5,394.6
7764379,02100101,91.4,39.5,0,1,768.1,0,2,500.6,0,0,inf,3,11,93.5,0,0,1451.7,0,3,500.6,1,8,312.9
7776044,02100101,77.2,27.4,1,2,344.1,0,2,515.0,0,0,inf,2,8,284.9,0,1,617.3,1,3,344.1,2,8,284.9
7881051,02300417,65.3,19.6,0,0,inf,0,1,580.4,0,0,inf,1,7,220.9,0,0,inf,0,1,580.4,1,5,220.9
7884220,02100101,94.7,19.5,0,1,600.0,0,1,573.7,0,0,inf,2,9,295.9,0,0,1213.1,0,2,573.7,1,7,295.9
7885487,02100102,19.8,17.3,0,1,638.9,0,3,642.3,0,0,inf,2,11,130.2,0,0,1322.6,0,4,638.9,1,8,259.5
7921394,02300417,48.0,26.4,0,0,1999.8,1,1,90.3,0,0,1999.8,2,10,90.3,0,0,inf,1,1,90.3,2,7,90.3
8046322,02100104,40.5,18.7,0,0,1659.1,1,2,356.1,0,0,inf,4,12,87.9,0,0,inf,1,2,356.1,3,6,87.9
8128850,02300419,55.9,16.1,0,1,762.7,1,2,323.3,0,1,762.7,4,8,76.9,0,0,1673.0,1,2,323.3,3,5,76.9
8435564,02500728,54.7,17.6,0,0,1251.4,0,1,748.7,2,4,107.8,0,1,748.7,0,0,inf,0,1,748.7,0,1,748.7
8551394,02300417,85.4,64.7,0,0,inf,0,3,551.0,0,0,inf,1,7,188.6,0,0,inf,0,3,551.0,0,5,551.0
9061190,02500835,415.3,32.6,1,1,387.0,1,1,387.0,1,3,387.0,2,8,283.9,0,0,1704.4,1,1,387.0,1,4,387.0
9503841,02300315,42.7,63.0,0,0,1392.5,0,1,731.3,0,0,inf,2,12,272.4,0,0,1392.5,0,1,731.3,0,6,418.2
11733012,02500836,93.8,13.8,0,0,1017.8,0,0,inf,0,0,1227.0,0,3,441.1,0,0,1442.7,0,0,1017.8,0,1,553.6
11841772,02200213,81.7,21.6,0,0,inf,1,2,300.9,0,0,inf,5,10,41.3,0,0,inf,1,2,300.9,4,8,41.3
11946049,02100102,74.5,31.4,0,1,779.9,0,1,551.5,0,0,inf,3,10,105.3,0,0,1463.6,0,2,551.5,1,7,324.7
12623179,02400625,73.3,16.4,0,1,795.9,0,1,795.9,0,1,795.9,2,5,169.3,0,0,850.6,0,1,795.9,0,1,795.9
13502286,02200210,31.8,15.9,0,0,1826.5,1,2,302.9,0,0,inf,1,9,302.9,0,0,inf,1,2,302.9,1,7,302.9
14143366,02500832,181.4,8.3,0,1,754.6,0,0,1043.2,1,4,247.0,2,5,247.0,0,1,754.6,0,1,754.6,2,7,247.0
14376902,02100102,111.2,16.2,0,0,812.0,1,2,259.4,0,0,1829.1,1,9,259.4,0,0,1382.7,1,2,259.4,1,8,259.4
14390995,02100102,85.5,32.8,0,0,924.4,1,3,126.3,0,0,1547.6,2,7,126.3,0,0,1260.1,1,3,126.3,2,7,126.3
14587479,02100104,106.4,18.3,0,0,1428.5,1,2,97.0,0,0,inf,1,10,97.0,0,0,inf,1,2,97.0,1,6,97.0
15990179,02100105,100.4,23.4,0,0,1959.5,1,2,366.2,0,0,inf,2,6,240.5,0,0,inf,1,2,366.2,1,3,366.2
21032163,02500835,59.4,17.1,0,1,760.0,0,0,1536.3,0,0,1163.5,2,6,149.7,0,1,760.0,0,1,760.0,1,3,149.7
